path,text
../raw_data/wavs/voice-0001.wav,"Khi bệnh nhân gặp các triệu chứng như buồn nôn, nôn, tiêu chảy và táo bón trong quá trình sử dụng L-Cystine, cơ chế sinh lý nào khiến các tác dụng phụ này xảy ra?"
../raw_data/wavs/voice-0002.wav,"Trong điều trị bệnh vẩy nến, methotrexate nhắm vào cơ chế tăng sinh tế bào biểu mô khác biệt như thế nào so với các mô bình thường để tạo ra tác dụng điều trị bền vững?"
../raw_data/wavs/voice-0003.wav,Talniflumate được cảnh báo nguy cơ chảy máu dạ dày khi kết hợp với rượu bia; hãy giải thích cơ chế sinh bệnh học của tương tác này dựa trên hoạt tính ức chế prostaglandin.
../raw_data/wavs/voice-0004.wav,Tương tác dược lý giữa Flunarizine và các thuốc ức chế enzym CYP2D6 có thể gây ra hậu quả gì?
../raw_data/wavs/voice-0005.wav,"Cơ chế sinh học nào giải thích cho việc sử dụng guanabenz có thể làm giảm chuyển hóa của acenocoumarol, và liên kết protein huyết tương của guanabenz có vai trò gì trong tương tác dược động học này?"
../raw_data/wavs/voice-0006.wav,"Về cơ chế phân tử, Sofosbuvir triphosphat (GS-461203) ức chế sự nhân lên của virus HCV bằn g cách can thiệp trực tiếp vào yếu tố nào của enzyme RNA polymerase?"
../raw_data/wavs/voice-0007.wav,"Mặc dù Acid boric là một chất sát khuẩn tại chỗ weak acid, tại sao nó vẫn được sử dụng làm chất đệm (buffer) trong các chế phẩm thuốc nhỏ mắt?"
../raw_data/wavs/voice-0008.wav,"Trong bối cảnh dược lý, sự khác biệt giữa liều lượng RDA (nhu cầu hàng ngày) cho nam và nữ trưởng thành quy định trong văn bản có liên quan trực tiếp đến yếu tố chuyển hóa nào?"
../raw_data/wavs/voice-0009.wav,Tại sao Sumatriptan được chỉ định đặc biệt cho bệnh nhân buồn nôn và nôn trong cơn đau nửa đầu khi sử dụng dạng phun mũi so với dạng viên uống?
../raw_data/wavs/voice-0010.wav,Vì sao cần phải điều trị bù nước và điện giải cũng như ngừng thuốc lợi tiểu 2-3 ngày trước khi bắt đầu dùng Imidapril cho bệnh nhân có nguy cơ tụt huyết áp liều đầu?
../raw_data/wavs/voice-0011.wav,"Việc điều trị kéo dài bằng Dexamethasone gây teo cơ và loãng xương, đây là những dấu hiệu của tác dụng phụ thuộc glucocorticoid nào?"
../raw_data/wavs/voice-0012.wav,"Benzydamine được chỉ định trong các tình trạng viêm loét niêm mạc miệng do xạ trị, nhưng thuốc lại có khả năng ức chế sản xuất cytokine tiền viêm TNF-α và IL-1β một cách chọn lọc. Vậy tại sao thuốc lại ít ảnh hưởng đến các cytokine chống viêm như IL-10?"
../raw_data/wavs/voice-0013.wav,"Trong bối cảnh chuyển hóa thuốc, các nghiên cứu in vitro chỉ ra rằng Sofosbuvir là chất nền hiệu quả cho những loại enzyme nội bào nào cụ thể?"
../raw_data/wavs/voice-0014.wav,"Khi sử dụng Cevimeline cho phụ nữ đang cho con bú, cần phải xử lý thế nào dựa trên dữ liệu dược động học hiện có?"
../raw_data/wavs/voice-0015.wav,Tại sao việc phối hợp methadone với các thuốc ức chế CYP3A4 như ketoconazol lại đòi hỏi phải điều chỉnh liều cẩn thận?
../raw_data/wavs/voice-0016.wav,Tại sao diphenhydramine có thể gây ra các tác dụng phụ giống như Parkinson (ví dụ: run rigidity) ở một số bệnh nhân?
../raw_data/wavs/voice-0017.wav,So sánh hiệu quả hạ sốt của Ibuprofen và Aspirin dựa trên dữ kiện được cung cấp?
../raw_data/wavs/voice-0018.wav,Diethylstilbestrol có bản chất là estrogen tổng hợp không steroid. Cơ chế gây quái thai và ung thư (carcinogen) của hoạt chất này trong giai đoạn phát triển phôi thai được diễn giải như thế nào?
../raw_data/wavs/voice-0019.wav,Tiền sử sốc phản vệ sau khi dùng Antithymocyte immunoglobulin (Rabbit) từ trước là yếu tố gì?
../raw_data/wavs/voice-0020.wav,"So với dạng natri fusidat, tại sao acid fusidic trong hỗn dịch uống lại yêu cầu liều lượng tương đối cao hơn trên lâm sàng để đạt được hiệu quả điều trị tương đương?"
../raw_data/wavs/voice-0021.wav,Tại sao Benzyl alcohol trong tá dược của Heparin có nguy cơ gây hại cho trẻ sơ sinh?
../raw_data/wavs/voice-0022.wav,Tại sao Proparacaine chỉ định gây tê tại chỗ nhưng lại chống chỉ định hoặc cần thận trọng cao độ ở những bệnh nhân có nồng độ acetylcholinesterase trong huyết tương thấp?
../raw_data/wavs/voice-0023.wav,"Trong chỉ định điều trị đau mạn tính do ung thư, cơ chế nào cho phép sử dụng methadone làm thuốc giảm đau thay thế khi bệnh nhân không dung nạp hoặc không hiệu quả với morphin?"
../raw_data/wavs/voice-0024.wav,Biểu hiện lâm sàng của việc lắng đọng phức hợp protein-bạc hoặc bạc sulfide trong các mô liên kết dưới da khi quá liều bạc là gì?
../raw_data/wavs/voice-0025.wav,"Sau khi uống Bumetanide, thời gian khởi phát tác dụng lợi tiểu và thời gian tác dụng hiệu quả cao nhất là bao lâu?"
../raw_data/wavs/voice-0026.wav,"Lưu ý nào về tác dụng phụ trên mắt của Pioglitazone liên quan đến ứ dịch sau mắt, và bệnh nhân cần được kiểm tra gì?"
../raw_data/wavs/voice-0027.wav,"Dựa trên bản chất chuyển hóa thuốc, Tamoxifen được khử methyl và hydroxyl hóa bởi các isoenzym CYP450 nào cụ thể để tạo ra các chất chuyển hóa hoạt động?"
../raw_data/wavs/voice-0028.wav,"Đối với bệnh nhân đang thẩm tách máu, việc điều chỉnh liều ornidazole như thế nào để bù đắp cho sự loại bỏ thuốc qua màng lọc?"
../raw_data/wavs/voice-0029.wav,Liều lượng của thuốc mỡ Acid boric thay đổi ra sao giữa việc điều trị nhiễm nấm bề mặt và các kích ứng da thông thường?
../raw_data/wavs/voice-0030.wav,"Đối với bệnh nhân đang mang kính áp tròng, cần đợi bao lâu sau khi nhỏ Tetryzoline mới được đeo lại kính?"
../raw_data/wavs/voice-0031.wav,"Nếu một bệnh nhân sử dụng Eucalyptol dạng xịt mũi và gặp phải tình trạng táo bón hay rối loạn tiêu hóa, đây được xếp vào nhóm tác dụng phụ nào (thường gặp, ít gặp, hay hiếm gặp) theo phân loại trong văn bản?"
../raw_data/wavs/voice-0032.wav,Phân loại dược lực học của Griseofulvin?
../raw_data/wavs/voice-0033.wav,Cơ chế tác dụng miễn dịch của Antithymocyte immunoglobulin (Rabbit) liên quan đến việc thanh thải các tế bào lympho T như thế nào?
../raw_data/wavs/voice-0034.wav,"Ngoài các triệu chứng thần kinh khi quá liều, các tác dụng không mong muốn thường gặp về chuyển hóa lipid và điện giải được ghi nhận như thế nào?"
../raw_data/wavs/voice-0035.wav,"Về cơ chế sinh hóa, tại sao Atomoxetine có độ chọn lọc cao đối với chất vận chuyển noradrenaline (NET) nhưng lại có 'ái lực tối thiểu' đối với các thụ thể noradrenergic khác?"
../raw_data/wavs/voice-0036.wav,"So sánh các đặc điểm sinh khả dụng giữa viên nang phóng thích tức thì và phóng thích kéo dài của cysteamine bitartrate, và giải thích tại sao sự khác biệt về AUC và Cmax giữa hai dạng bào chế này lại có ý nghĩa quan trọng trong việc thiết lập phác đồ liều lượng (số lần dùng thuốc hàng ngày) để duy trì nồng độ cystine bạch cầu dưới ngưỡng mục tiêu?"
../raw_data/wavs/voice-0037.wav,"Tetryzoline có khả dụng sinh học toàn thân như thế nào khi dùng ở liều điều trị nhỏ mắt, và cần bao lâu để thuốc đạt nồng độ tối đa trong huyết thanh?"
../raw_data/wavs/voice-0038.wav,Tại sao bệnh nhân bị suy giảm chức năng thận hoặc rối loạn nhịp tim cần được theo dõi đặc biệt khi dùng Prussian blue?
../raw_data/wavs/voice-0039.wav,"Tại sao khi xử lý quá liều Sumatriptan, bác sĩ cần lưu ý đến khả năng không xác định được độc tính do quá liều mãn tính và việc phải tránh sử dụng thuốc này để dự phòng?"
../raw_data/wavs/voice-0040.wav,"Ngoài việc ngăn chặn sự hình thành Angiotensin II, Imidaprilat còn làm tăng nồng độ Bradykinin. Bradykinin kích hoạt thụ thể Beta-2 trên tế bào nội mạc gây tân tạo phân tử thông tin nào để gây giãn mạch?"
../raw_data/wavs/voice-0041.wav,Menotropins được chỉ định cụ thể trong phác đồ hỗ trợ sinh sản (ART) như IVF nhằm giải quyết vấn đề sinh lý học nào ở người bệnh vô sinh?
../raw_data/wavs/voice-0042.wav,"Thận trọng khi chỉ định metoclopramide ở bệnh nhân suy giảm NADH cytochrom-b5 reductase dựa trên nguy cơ sinh lý bệnh nào, và tại sao metoclopramide lại chống chỉ định dùng xanh methylen trên đối tượng thiếu G6PD?"
../raw_data/wavs/voice-0043.wav,"Nồng độ của desethylamodiaquine (chuyển hóa hoạt động chính) trong máu toàn phần cao gấp 4-6 lần so với trong huyết tương, và điều này có ý nghĩa gì đối với việc giải thích tính dài lâu của hiệu quả điều trị?"
../raw_data/wavs/voice-0044.wav,"Trong bối cảnh Acid boric chỉ được sử dụng khi cần thiết và không theo lịch trình cố định, việc xử lý 'quên liều' được các tài liệu dược lý mô tả như thế nào?"
../raw_data/wavs/voice-0045.wav,"Enzym nào do Streptococcus mutans tiết ra mà Cetylpyridinium chloride có khả năng ức chế, từ đó làm giảm sự hình thành mảng bám?"
../raw_data/wavs/voice-0046.wav,So sánh về đặc điểm chỉ định điều trị giữa thuốc Eucalyptol ở dạng uống và dạng xoa bóp (dầu xoa) để làm rõ sự khác biệt trong phạm vi tác dụng toàn thân so với tác dụng tại chỗ.
../raw_data/wavs/voice-0047.wav,Cơ chế sinh học nào giải thích cho việc Ibuprofen có thể làm giảm tác dụng lợi tiểu của Furosemid?
../raw_data/wavs/voice-0048.wav,Phụ nữ đang cho con bú có được phép sử dụng Griseofulvin không?
../raw_data/wavs/voice-0049.wav,Enzyme cytochrome P4A4 và CYP2C19 tham  gia vào quá trình chuyển hóa Citalopram cho ra sản phẩm chuyển hóa nào?
../raw_data/wavs/voice-0050.wav,"Norfenfluramine, chất chuyển hóa của Fenfluramine, có thời gian bán thải dài hơn (~30 giờ) so với thuốc mẹ (~20 giờ). Điều này có ý nghĩa gì trong dược lâm sàng liên quan đến tích lũy thuốc và nguy cơ gây ra các tác dụng phụ như hội chứng serotonin?"
../raw_data/wavs/voice-0051.wav,Tại sao không được phép dùng đồng thời tenofovir với adefovir dipivoxil?
../raw_data/wavs/voice-0052.wav,"Tại sao Methenamine Hippurate bị chống chỉ định tuyệt đối ở bệnh nhân suy gan nặng hoặc mất nước nghiêm trọng, liên quan đến quá trình chuyển hóa tạo ra các chất chuyển hóa nào?"
../raw_data/wavs/voice-0053.wav,"Nếu bệnh nhân quên dùng một liều methadone và thời điểm nhớ ra đã gần kề với liều kế tiếp theo quy định, thao tác xử trí đúng theo nguyên tắc dược lý là gì?"
../raw_data/wavs/voice-0054.wav,"Trong cơ chế chuyển hóa của Irinotecan tại gan, enzym carboxylesterase đóng vai trò gì trong việc tạo ra chất chuyển hóa có hoạt tính ức chế topoisomerase I?"
../raw_data/wavs/voice-0055.wav,"Tại sao việc sử dụng đồng thời Flurazepam với các thuốc cảm ứng cytochrom P450 như carbamazepin lại làm giảm tác dụng gây ngủ, và cơ chế chuyển hóa nào chi phối tương tác này?"
../raw_data/wavs/voice-0056.wav,"Trong cơ chế dược động học, Citalopram có tỷ lệ gắn kết với protein huyết tương bao nhiêu?"
../raw_data/wavs/voice-0057.wav,Đâu là các chủng vi khuẩn Gram âm có khả năng nhạy cảm đáng kể với acid fusidic theo thông tin dược lý học?
../raw_data/wavs/voice-0058.wav,"Trong trường hợp bệnh nhân bị nôn trong vòng 30 phút sau khi uống liều Amodiaquine/Artesunate, cơ chế sinh học nào của Amodiaquine khiến việc cần phải bổ sung liều lặp lại?"
../raw_data/wavs/voice-0059.wav,"Dựa trên các triệu chứng kích thích hệ thần kinh trung ương như lo âu, run và co giật trong trường hợp quá liều Proparacaine, cơ chế sinh độc tính cấp tính này liên quan đến sự thay đổi điện thế hoạt động ở mức nào?"
../raw_data/wavs/voice-0060.wav,"Độ lưu lại của Cetylpyridinium chloride trong khoang miệng sau khi súc miệng bằng 10 ml dung dịch 2,2 mmol trong 1 phút là bao nhiêu?"
../raw_data/wavs/voice-0061.wav,"Dựa trên thang phân loại thai kỳ của FDA, Prussian blue được xếp vào loại nào và yếu tố nào được cân nhắc khi so sánh rủi ro phơi nhiễm chất phóng xạ chưa được điều trị so với rủi ro sinh sản của Prussian blue?"
../raw_data/wavs/voice-0062.wav,"Xét phản ứng điều chế công nghiệp: CaHPO4 + NaHSO4 → NaH2PO4 + CaSO4, tủa Canxi Sulfat (CaSO4) được sinh ra ở bước phản ứng đầu tiên hay ở bước trung hòa NaOH sau đó, và làm thế nào để tách chiết nó ra khỏi dung dịch muối photphat?"
../raw_data/wavs/voice-0063.wav,Đối tượng bệnh nhân nhi nào bị giới hạn chỉ định kê đơn Bimatoprost và tại sao cần phải tuân thủ nghiêm ngặt độ tuổi này trong phác đồ điều trị?
../raw_data/wavs/voice-0064.wav,"Dựa trên phác đồ điều trị cho đối tượng trẻ em, chế phẩm Acid Folinic đường uống nào được chỉ định cụ thể cho nhóm trẻ sơ sinh trong dự phòng thiếu máu hồng cầu lớn do điều trị Toxoplasma bẩm sinh, và tần suất sử dụng là bao nhiêu lần mỗi tuần?"
../raw_data/wavs/voice-0065.wav,Liều duy nhất Ospemifene tối đa nào đã được ghi nhận là không gây triệu chứng ngộ độc rõ rệt?
../raw_data/wavs/voice-0066.wav,Tại sao việc vô tình dùng quá một giọt Bromfenac trong một lần không làm tăng tiếp xúc tại chỗ?
../raw_data/wavs/voice-0067.wav,Vì sao bệnh nhân có genotype đồng hợp tử UGT1A1*28 cần phải giảm liều Irinotecan so với thông thường?
../raw_data/wavs/voice-0068.wav,"Theo chỉ định điều trị, exenatide được phối hợp với những loại thuốc hạ đường huyết uống nào cụ thể (ví dụ: metformin, sulphonylurea, thiazolidinedione) hoặc insulin nền?"
../raw_data/wavs/voice-0069.wav,"Việc sử dụng Quinethazone kết hợp với Cholestyramine có thể ảnh hưởng đến sinh khả dụng của thuốc như thế nào, và cần tuân thủ khoảng thời gian tối thiểu nào giữa hai lần dùng thuốc?"
../raw_data/wavs/voice-0070.wav,Flunarizine khác biệt với các thuốc chẹn kênh canxi tim mạch (như verapamil) ở điểm nào?
../raw_data/wavs/voice-0071.wav,"Đối với bệnh nhân bị suy gan, Zafirlukast được xếp vào nhóm chống chỉ định nào?"
../raw_data/wavs/voice-0072.wav,"Tại sao Atomoxetine không phải là một chất kích thích tâm thần (psychostimulant) và không phải là dẫn xuất amphetamine, bất chấp việc nó giúp cải thiện triệu chứng ADHD?"
../raw_data/wavs/voice-0073.wav,Enzym deoxycytidin kinase đóng vai trò quan trọng trong quá trình hoạt hóa sinh học của fludarabine. Phân tử chuyển hóa cuối cùng có hoạt tính cytotoxic là gì?
../raw_data/wavs/voice-0074.wav,Tương tác nguy hiểm nào có thể xảy ra khi dùng Bromfenac cho bệnh nhân có tiền sử nhạy cảm với acid acetylsalicylic?
../raw_data/wavs/voice-0075.wav,"Dựa trên các báo cáo lâm sàng, các triệu chứng lâm sàng điển hình của hội chứng xám (Gray Syndrome) ở trẻ sơ sinh do chloramphenicol gây ra thường xuất hiện trong khoảng thời gian bao lâu sau khi bắt đầu điều trị?"
../raw_data/wavs/voice-0076.wav,"Liên quan đến Dược lực học, cơ chế phân tử nào giúp Itopride hydroclorid đối kháng thụ thể dopamin D2 trong hệ tiêu hóa để tạo raฤทธิ kích thích nhu động?"
../raw_data/wavs/voice-0077.wav,Đâu là cơ chế hóa học khi Sodium Fluoride tương tác với sữa và các sản phẩm từ sữa dẫn đến giảm hấp thu?
../raw_data/wavs/voice-0078.wav,"Dựa trên đặc điểm dược động học không qua hàng rào máu - não nhưng có liên kết protein cao (60-70%), cơ chế nào giải thích việc Fexofenadine chọn lọc đối kháng thụ thể H1 ở ngoại vi mà ít gây an thần trung ương?"
../raw_data/wavs/voice-0079.wav,"Trong bối cảnh điều trị bệnh nhân không dung nạp penicilin với nguy cơ hoại thư sinh hơi, cơ chế diệt khuẩn của Clindamycin tại vị trí nhiễm khuẩn kị khí sâu có khác biệt gì so với các kháng sinh beta-lactam?"
../raw_data/wavs/voice-0080.wav,Mechanism chấm dứt kéo dài chuỗi ADN của tenofovir diphosphate xảy ra dựa trên cơ chế nào?
../raw_data/wavs/voice-0081.wav,"Triệu chứng chính của tình trạng quá liều Methenamine là gì, và các biện pháp xử trí nào can thiệp vào quá trình chuyển hóa acid-base của thuốc?"
../raw_data/wavs/voice-0082.wav,"Methadone là một chất chuyển hóa qua các enzyme CYP3A4, CYP2B6, CYP1A2 và CYP2D6; điều này có ý nghĩa gì trong tương tác thuốc, đặc biệt khi dùng đồng thời với các thuốc cảm ứng enzym (như phenytoin)?"
../raw_data/wavs/voice-0083.wav,Thời gian bán thải của vigabatrin kéo dài bao lâu ở bệnh nhân người lớn?
../raw_data/wavs/voice-0084.wav,"Tại sao việc phối hợp fluticasone furoate với ritonavir lại chống chỉ định, và enzyme CYP3A4 đóng vai trò thế nào trong cơ chế tương tác chuyển hóa này?"
../raw_data/wavs/voice-0085.wav,"Ngoài các tác dụng phụ thường gặp như mất cân bằng điện giải, Quinethazone có thể gây ra các bất thường gì khác về chuyển hóa lipid?"
../raw_data/wavs/voice-0086.wav,Mô tả cơ chế gây độc trực tiếp lên hệ thần kinh trung ương (co giật) của Cefoperazone ở bệnh nhân suy thận và vai trò của việc thẩm tách máu trong kiểm soát các triệu chứng này.
../raw_data/wavs/voice-0087.wav,Việc nhận biết lactulose chứa lượng nhỏ lactose và galactose tự do có ý nghĩa quan trọng như thế nào trong việc quản lý an toàn đường huyết cho những bệnh nhân đái tháo đường?
../raw_data/wavs/voice-0088.wav,Tại sao Amodiaquine được xếp vào danh sách chống chỉ định tuyệt đối đối với những bệnh nhân có tiền sử bị bệnh võng mạc?
../raw_data/wavs/voice-0089.wav,"Theo thông tin dược lý, succinylcholine sau khi vào cơ thể sẽ bị thủy phân bởi enzym nào cụ thể trong huyết tương để tạo ra succinylmonocholine?"
../raw_data/wavs/voice-0090.wav,"Trong bối cảnh quá liều Testosterone cypionate dẫn đến các biến chứng thần kinh cấp tính như động kinh hoặc mất khả năng nói, cơ chế sinh bệnh học nào được cho là nguyên nhân sâu xa gây ra các triệu chứng này?"
../raw_data/wavs/voice-0091.wav,"Mặc dù diphenhydramine được liệt kê là thuốc chống nôn, nhưng triệu chứng nào trong tình trạng quá liều nó lại mâu thuẫn với tác dụng này?"
../raw_data/wavs/voice-0092.wav,"Dựa trên các đặc tính lý hóa của Oxytetracycline Hydroclorid, tại sao việc tuân thủ thời gian uống thuốc '1 giờ trước hoặc 2 giờ sau bữa ăn' lại có ý nghĩa quan trọng trong dược động học, và điều này khác biệt thế nào so với hướng dẫn dùng thuốc tiêm bắp?"
../raw_data/wavs/voice-0093.wav,"Nếu người dùng nuốt phải kem đánh răng Sodium Fluoride, phương pháp xử lý ngộ độc cấp tính bao gồm những bước nào bên cạnh việc rửa dạ dày?"
../raw_data/wavs/voice-0094.wav,Việc sử dụng GnRH agonist (chất chủ vận hormone giải phóng gonadotropin) trước khi tiêm Menotropins có tác dụng gì đến liều khởi đầu của Menotropins và tại sao?
../raw_data/wavs/voice-0095.wav,"Nếu corticosteroid toàn thân được dùng trước khi Durvalumab được khởi trị, chúng sẽ ảnh hưởng đến dược động học hay dược lực học của thuốc?"
../raw_data/wavs/voice-0096.wav,"Theo chỉ định, Framycetin có hiệu quả trong điều trị các loại nhiễm trùng do vi khuẩn hiếu khí nào cụ thể?"
../raw_data/wavs/voice-0097.wav,Việc dùng bicarbonate soda (natri bicarbonat) để điều trị triệu chứng bàng quang trong trường hợp quá liều Methenamine có xung đột với điều kiện pH nước tiểu cần thiết để thuốc hoạt động không?
../raw_data/wavs/voice-0098.wav,Việc DHA được tìm thấy ở nồng độ cao trong các cấu trúc não bộ nào cụ thể?
../raw_data/wavs/voice-0099.wav,Thận trọng khi dùng cho bệnh nhân hen suyễn là một yêu cầu quan trọng. Cơ chế gây co thắt phế quản nào của Eucalyptol có thể dẫn đến việc cần cân nhắc kỹ lưỡng trước khi kê đơn?
../raw_data/wavs/voice-0100.wav,"Dựa trên đặc điểm dược lực học, cơ chế nào giải thích cho việc Acetylcholine có thể làm giảm nhãn áp ngoài tác dụng gây co đồng tử, liên quan đến sự thay đổi dòng chảy của thủy dịch?"
../raw_data/wavs/voice-0101.wav,Tại sao việc sử dụng Bumetanide đồng thời với Lithi lại bị chống chỉ định?
../raw_data/wavs/voice-0102.wav,"Về mặt cơ chế receptor, Fexofenadine có đặc tính đối kháng alpha1-adrenergic hay anticholinergic không?"
../raw_data/wavs/voice-0103.wav,Tại sao cần thận trọng khi chỉ định ammonium chloride cho bệnh nhân đang điều trị bằng amiodaron?
../raw_data/wavs/voice-0104.wav,Tác dụng phụ tăng men ALT do Zileuton có nguy cơ cao hơn ở nhóm bệnh nhân nào khi sử dụng dạng viên phóng thích tức thời?
../raw_data/wavs/voice-0105.wav,Tại sao người bệnh không nên dùng liều lớn Vitamin C trong vòng một giờ trước hoặc sau khi dùng các sản phẩm chứa Cyanocobalamin?
../raw_data/wavs/voice-0106.wav,"Tại sao dạng thuốc đạn trực tràng hấp thu chậm được chỉ định là 'không thích hợp' trong điều trị trạng thái động kinh hoặc co giật cấp tính, trong khi dung dịch trực tràng vẫn được sử dụng?"
../raw_data/wavs/voice-0107.wav,Việc phối hợp Irinotecan với thuốc kháng nấm dẫn chất azole tác dụng toàn thân có nguy cơ gây ra tình trạng gì?
../raw_data/wavs/voice-0108.wav,"Đặc điểm dược động học nào của exenatide (thể tích phân bố, độ thanh thải, hay thời gian bán thải) không phụ thuộc vào liều lượng?"
../raw_data/wavs/voice-0109.wav,"Darunavir được chỉ định sử dụng với ritonavir hoặc cobicistat với vai trò là 'chất tăng cường'. Tuy nhiên, Darunavir cũng có thể ức chế các enzym CYP3A4 và CYP2D6. Giải thích mâu thuẫn dược lý này?"
../raw_data/wavs/voice-0110.wav,"Khi kê đơn cho bệnh nhân suy thận mức độ ClCr 11-40 ml/phút, những thay đổi cụ thể nào về thông số dược động học (nồng độ đỉnh và bán thải) cần được cân nhắc so với người khỏe mạnh?"
../raw_data/wavs/voice-0111.wav,"Khi so sánh hoạt tính đối kháng thụ thể LTD4 của các chất chuyển hóa hydroxyl hóa của Zafirlukast tìm thấy trong huyết tương so với thuốc mẹ, chênh lệch về hiệu lực ít nhất là bao nhiêu lần?"
../raw_data/wavs/voice-0112.wav,"Azatadine được FDA xếp vào loại thai kỳ nào, và dựa trên cơ sở dữ liệu nào về tính an toàn đối với phụ nữ mang thai?"
../raw_data/wavs/voice-0113.wav,"Mức độ hấp thu Magnesi vào máu lưu hành ở người có chức năng thận bình thường được báo cáo là bao nhiêu phần trăm, và cơ chế nào hạn chế nguy cơ nhiễm kiềm dịch vị?"
../raw_data/wavs/voice-0114.wav,Cơ chế ức chế enzym nào của Bromfenac giúp giảm đau?
../raw_data/wavs/voice-0115.wav,"Trong cơ chế chuyển hóa sinh học của Sulfasalazine, enzym N-acetyltransferase nào tham gia vào quá trình chuyển hóa sulfapyridin ở gan, và sự biến đổi này có ý nghĩa gì đối với nồng độ đỉnh và độc tính của thuốc ở người?"
../raw_data/wavs/voice-0116.wav,Tình trạng 'thủng vách ngăn mũi' là tác dụng phụ hiếm gặp nhưng nghiêm trọng; cơ chế corticosteroid tại chỗ nào có thể ngăn cản quá trình lành vết thương ở niêm mạc mũi?
../raw_data/wavs/voice-0117.wav,So sánh về thời gian bán thải plasma và nguy cơ tích lũy thuốc giữa hoạt chất Flurazepam và chất chuyển hóa có hoạt tính của nó là N-desalkylflurazepam trong quá trình dùng thuốc kéo dài.
../raw_data/wavs/voice-0118.wav,Citalopram được chỉ định điều trị duy trì cho bệnh nhân đã vượt qua giai đoạn nào của trầm cảm?
../raw_data/wavs/voice-0119.wav,"Trên lý thuyết dược động học, tại sao Clindamycin có hiệu quả lâm sàng cao trong điều trị các bệnh lý tại khoang màng phế quản-màng phổi?"
../raw_data/wavs/voice-0120.wav,"Loại thuốc đối kháng acid folic nào (tên cụ thể) được đề cập trong văn bản có khả năng làm giảm nồng độ trong huyết tương của các thuốc chống co giật Phenobarbital, Primidon, Phenytoin khi dùng đồng thời với Canxi Folinate?"
../raw_data/wavs/voice-0121.wav,Ivabradine gây chậm nhịp tim bằng cách đặc hiệu ức chế dòng ion If. Dòng ion này nằm ở vị trí nào trên tế bào cơ tim và nó ảnh hưởng trực tiếp đến giai đoạn nào của điện thế?
../raw_data/wavs/voice-0122.wav,"Dựa trên công thức dược động học thám tích (kinetic exploration): Carboplatin có độ thanh thải (Cl) phụ thuộc vào độ thanh thải creatinin (Ccr), trong khi Cisplatin lại không. Khi so sánh cơ chế loại bỏ (elimination) này, Carboplatin có ưu điểm và nhược điểm thế nào so với Cisplatin về mặt quản lý liều lượng ở bệnh nhân suy thận, và tại sao công thức tính liều Chatelut đặc hiệu cho Carboplatin?"
../raw_data/wavs/voice-0123.wav,Vì sao bệnh nhân suy thận (CrCl 10 đến 40 mL/phút) cần điều chỉnh liều lomefloxacin xuống còn 200 mg mỗi ngày một lần sau liều nạp 400 mg?
../raw_data/wavs/voice-0124.wav,"Tỷ lệ sinh khả dụng toàn thân của olsalazine là bao nhiêu phần trăm, và cơ chế dược động học nào giải thích cho nồng độ thuốc cao tại ruột kết?"
../raw_data/wavs/voice-0125.wav,"Ngoài việc chống chỉ định ở bệnh nhân không dung nạp fructose bẩm sinh, Irinotecan còn bị chống chỉ định sử dụng chung với loại thảo dược nào làm giảm hiệu quả điều trị?"
../raw_data/wavs/voice-0126.wav,"Tại sao Valganciclovir bị chống chỉ định tuyệt đối ở những phụ nữ đang trong giai đoạn cho con bú, ngay cả khi chưa có dữ liệu lâm sàng rộng rãi xác nhận tính bài tiết qua sữa mẹ?"
../raw_data/wavs/voice-0127.wav,"Trong điều trị viêm da, sự khác biệt về chỉ định giữa kem Fluticasone (thích hợp cho bề mặt ẩm hoặc rỉ nước) và thuốc mỡ Fluticasone (thích hợp cho da khô, vết thương có vảy) dựa trên đặc tính nào?"
../raw_data/wavs/voice-0128.wav,"So với đường tiêm bắp, những bất lợi nào của đường tiêm bắp Oxytetracycline so với đường uống?"
../raw_data/wavs/voice-0129.wav,Tại sao Clotrimazole có phổ tác dụng kháng khuẩn đối với một số vi khuẩn Gram dương và Gram âm nhưng lại có giá trị lâm sàng hạn chế trong điều trị nhiễm khuẩn so với kháng nấm?
../raw_data/wavs/voice-0130.wav,"Ngoài việc quá mẫn với protein heo, bệnh nhân có tiền sử loét dạ dày tá tràng khi điều trị bằng corticotropin cần lưu ý gì?"
../raw_data/wavs/voice-0131.wav,"Trong bối cảnh sử dụng Tolvaptan cho bệnh nhân ADPKD trên 55 tuổi, dữ liệu lâm sàng về độ an toàn và hiệu quả bị hạn chế. Tuy nhiên, về mặt dược động học, tại sao bệnh nhân cao tuổi không cần điều chỉnh liều so với người lớn tuổi trung bình?"
../raw_data/wavs/voice-0132.wav,Liều lượng cyclobenzaprine cho bệnh nhân suy gan nhẹ khi sử dụng dạng viên phóng thích tức thời cần phải tuân thủ nguyên tắc nào để đảm bảo an toàn?
../raw_data/wavs/voice-0133.wav,Khi nào thì việc chỉ định niacin liều cao trở thành chống chỉ định tuyệt đối ở bệnh nhân có tiền sử men gan tăng?
../raw_data/wavs/voice-0134.wav,Điều gì xảy ra với chất chuyển hóa trung gian N-acetyl-p-benzoquinoneimine trong cơ thể khi một bệnh nhân bình thường sử dụng Paracetamol ở liều điều trị?
../raw_data/wavs/voice-0135.wav,"Đối với bệnh nhân bị nhiễm độc thai nghén đang sử dụng magnesium sulfate, tại sao cần phải giảm liều pancuronium và cơ chế tương tác thuốc nào dẫn đến hiện tượng này?"
../raw_data/wavs/voice-0136.wav,"Trên phụ nữ mang thai, Ammonium chloride được xếp vào nhóm nào về độ an toàn thai kỳ dựa trên dữ liệu nghiên cứu động vật?"
../raw_data/wavs/voice-0137.wav,Biện pháp nào là cần thiết để xử lý tình trạng kiềm hóa máu thường gặp trong trường hợp quá liều Hydrochlorothiazide?
../raw_data/wavs/voice-0138.wav,"Theo phân loại thai kỳ, Risperidone chống chỉ định tuyệt đối trong giai đoạn nào?"
../raw_data/wavs/voice-0139.wav,Sự khác biệt về mãn đồng hồ tác dụng và khả năng giữ ổn định hoạt động của tế bào mast giữa Epinastine và các kháng histamin không ổn định tế bào mast khác là gì?
../raw_data/wavs/voice-0140.wav,"Chưa có dữ liệu lâm sàng đầy đủ, nhưng dựa trên đặc điểm động lực học, Pralidoxime có khả năng vượt qua hàng rào nhau thai và phân bố vào thai nhi hay không?"
../raw_data/wavs/voice-0141.wav,Liên kết protein huyết tương (>99%) của Des-ciclesonide chủ yếu phụ thuộc vào hai loại protein nào?
../raw_data/wavs/voice-0142.wav,"Tại sao Salmeterol được chỉ định dùng phối hợp bắt buộc với corticosteroid hít trong điều trị hen mạn tính, trong khi thuốc kích thích β2 giao cảm tác dụng ngắn (SABA) có thể được dùng đơn lẻ?"
../raw_data/wavs/voice-0143.wav,Azithromycin được chỉ định điều trị dự phòng tiên phát nhiễm complex Mycobacterium avium (MAC) ở đối tượng nào?
../raw_data/wavs/voice-0144.wav,Tác dụng bất lợi nào trên hệ tiêu hóa thường gặp ở bệnh nhân sử dụng Dexibuprofen bắt nguồn từ cơ chế ức chế tổng hợp prostaglandin?
../raw_data/wavs/voice-0145.wav,"So sánh sự ảnh hưởng của dịch vị acid dạ dày lên khả năng hấp thu Levothyroxine giữa việc dùng thuốc khi bụng đói và khi ăn no. Dựa trên đặc điểm này, bệnh nhân nên tuân thủ hướng dẫn dùng thuốc như thế nào để đảm bảo sinh khả dụng?"
../raw_data/wavs/voice-0146.wav,"Trong quá trình chuyển hóa dược điển, perindopril được khử ester chủ yếu tại cơ quan nào để tạo thành chất chuyển hóa có hoạt tính dược lý là perindoprilat?"
../raw_data/wavs/voice-0147.wav,So sánh tỷ lệ bài tiết của lomefloxacin dưới dạng thuốc không chuyển hóa (thuần túy) so với chất chuyển hóa glucuronid qua nước tiểu trong vòng 72 giờ sau khi dùng thuốc.
../raw_data/wavs/voice-0148.wav,"Nếu bệnh nhân dùng quá liều olsalazine gây nên tình trạng acid-base imbalance và tổn thương thận cấp, các chỉ số huyết học và điện giải nào cần được ưu tiên kiểm tra?"
../raw_data/wavs/voice-0149.wav,"Dựa trên đặc tính dược lực học là một dẫn xuất piperidine, cơ chế nào giải thích cho tác dụng an thần kéo dài và đồng thời là kháng muscarinic của Azatadine?"
../raw_data/wavs/voice-0150.wav,"Ngoài việc kích thích tế bào oxyntic, Pentagastrin còn gây ra hiệu ứng sinh lý gì đối với cơ trơn đường tiêu hóa?"
../raw_data/wavs/voice-0151.wav,"Nếu nhận thấy dấu hiệu methemoglobin huyết sau khi dùng thuốc quá liều Glyceryl trinitrate, dược chất nào là giải pháp điều trị đặc hiệu được chỉ định tiêm?"
../raw_data/wavs/voice-0152.wav,Oxytetracycline có thể làm tăng tác dụng của warfarin bằng cơ chế nào?
../raw_data/wavs/voice-0153.wav,"Cơ chế sinh học nào của Rasburicase giải thích cho nguy cơ gây tán huyết ở bệnh nhân thiếu hụt G6PD, liên quan trực tiếp đến sản phẩm phụ của quá trình oxy hóa acid uric?"
../raw_data/wavs/voice-0154.wav,"Ngoài việc chống chỉ định ở bệnh nhân quá mẫn, Cyclosporine còn bị chống chỉ định tuyệt đối ở những bệnh nhân mắc bệnh vảy nến có kèm theo biến chứng gì?"
../raw_data/wavs/voice-0155.wav,"Nếu một bệnh nhân lỡ bỏ qua một liều tobramycin và thời điểm nhớ ra đã gần kề với liều kế tiếp theo quy trình điều trị, bệnh nhân nên tuân theo hướng dẫn xử trí nào?"
../raw_data/wavs/voice-0156.wav,"Quá trình chuyển hóa N-demethyl hóa của cyclobenzaprine phụ thuộc chủ yếu vào nhóm enzym CYP nào, và điều này có ý nghĩa gì đối với khả năng gây tương tác thuốc?"
../raw_data/wavs/voice-0157.wav,Loại thuốc gắn acid mật nào khi dùng đồng thời với niacin liều lượng bao nhiêu thì cần phải cách nhau ít nhất 4 giờ?
../raw_data/wavs/voice-0158.wav,Cơ chế sinh độc tính gan của Paracetamol được kích hoạt như thế nào khi liều dùng vượt quá khả năng bão hòa của các con đường chuyển hóa chính?
../raw_data/wavs/voice-0159.wav,"Phản ứng dị ứng nghiêm trọng như sốc phản vệ (ngất, hạ huyết áp) và phù mạch là các tác dụng phụ không xác định tần suất của Clotrimazole; cơ chế nào có thể giải thích sự xuất hiện của các phản ứng này?"
../raw_data/wavs/voice-0160.wav,"Liều duy trì tối đa của Salmeterol được khuyến cáo trong điều trị COPD là bao nhiêu, và việc vượt quá liều này có liên quan đến nguy cơ lâm sàng cụ thể nào về khoảng QT?"
../raw_data/wavs/voice-0161.wav,"Mặc dù Miglitol được phân phối vào sữa mẹ, cơ sở nào để các hướng dẫn lâm sàng kết luận rằng nó không nên được sử dụng cho phụ nữ đang cho con bú?"
../raw_data/wavs/voice-0162.wav,"Vì sao Nicardipine được khuyến cáo không nên dùng cho phụ nữ đang cho con bú, dựa trên dữ liệu phân bố thuốc vào sữa mẹ?"
../raw_data/wavs/voice-0163.wav,"Đối với bệnh nhân suy tim mãn tính, tại sao cần phải kiểm tra nhịp tim nghỉ ngơi trước khi quyết định điều chỉnh liều Ivabradine (tăng lên 7,5 mg hay giảm xuống 2,5 mg), và giá trị nhịp tim cụ thể nào được dùng làm ngưỡng?"
../raw_data/wavs/voice-0164.wav,Triệu chứng quá liều Oxytetracycline?
../raw_data/wavs/voice-0165.wav,"Cơ chế sinh bệnh học nào của Sodium iodide gây ra tình trạng phù mạch, xuất huyết da niêm mạc và sốc phản vệ tử vong ở những bệnh nhân có cơ địa nhạy cảm?"
../raw_data/wavs/voice-0166.wav,"Dựa trên đặc điểm lâm sàng về dược động học của Nefazodone ở bệnh nhân cao tuổi so với người lớn trẻ tuổi, cơ sở khoa học nào biện minh cho chiến lược liều lượng 'khởi điểm thấp và tăng chậm'? Yếu tố nào trong quá trình chuyển hóa thuốc ở đối tượng này là then chốt?"
../raw_data/wavs/voice-0167.wav,"Ngoài các phản ứng phụ thường gặp trên da như phát ban mụn mủ, Gefitinib có thể gây ra những biến chứng nghiêm trọng nào về mắt và cần phẫu thuật can thiệp?"
../raw_data/wavs/voice-0168.wav,Tại sao việc sử dụng Dextran 1 trước khi truyền Dextran 40 hoặc 70 lại là bắt buộc đối với phụ nữ mang thai để phòng ngừa phản ứng phản vệ?
../raw_data/wavs/voice-0169.wav,"Trong tình huống quá liều Liothyronine cấp tính gây loạn nhịp tim và nhịp nhanh, thuốc kháng adrenergic nào được đề cập là có thể sử dụng để điều trị tăng hoạt tính thần kinh giao cảm?"
../raw_data/wavs/voice-0170.wav,"Ngoài ung thư buồng trứng, Carboplatin có chỉ định điều trị cho những loại ung thư nào khác liên quan đến cơ chế sinh học đặc hiệu?"
../raw_data/wavs/voice-0171.wav,"So với hình thức tiêm truyền tĩnh mạch, hình thức tiêm dưới da của Natalizumab có sinh khả dụng bao nhiêu phần trăm, và cơ chế nào giải thích cho sự chênh lệch giữa nồng độ đỉnh (Cmax) giữa hai đường dùng này?"
../raw_data/wavs/voice-0172.wav,"Vì sao chỉ định điều trị cho bệnh nhân dưới 18 tuổi bị loại trừ, và dữ liệu dược động học nào (liên quan đến sinh khả dụng tuyệt đối) cho thấy sự cần thiết của việc điều chỉnh liều cụ thể cho bệnh nhân lão khoa?"
../raw_data/wavs/voice-0173.wav,Thức ăn ảnh hưởng như thế nào đến sinh khả dụng hấp thu của Hydrochlorothiazide?
../raw_data/wavs/voice-0174.wav,"Trong điều trị bệnh nhân xơ nang tuyến tụy, việc chỉ định dl-alpha tocopheryl acetat với liều lượng 100-200 mg/ngày đòi hỏi phải theo dõi những chỉ số sinh hóa nào để đảm bảo hiệu quả dug và phòng ngừa độc tính?"
../raw_data/wavs/voice-0175.wav,"Ngoài các tác dụng phụ thường gặp như nóng bừng và giảm thị lực ban đêm, Nilutamide còn có thể gây ra những bất thường gì ở hệ thống miễn dịch và thành phần máu?"
../raw_data/wavs/voice-0176.wav,Pemetrexed formasolate là thuốc kháng folate đa enzym. Hãy chỉ ra ba enzym mục tiêu cụ thể mà hoạt chất này ức chế để ngăn chặn quá trình sinh tổng hợp nucleotide.
../raw_data/wavs/voice-0177.wav,"Liều Ticarcillin base (tính theo gram) quy đổi từ các dạng thuốc tiêm có hàm lượng Ticarcillin natri khác nhau (1,1 g Ticarcillin natri tương ứng với 1 g Ticarcillin base) có ý nghĩa gì trong việc đánh giá chính xác nồng độ hoạt chất trong điều trị?"
../raw_data/wavs/voice-0178.wav,"Đối với bệnh nhân suy thận có độ thanh thải creatinine (ClCr) nhỏ hơn hoặc bằng 30 ml/phút, cần điều chỉnh liều Ertapenem như thế nào so với liều thông thường?"
../raw_data/wavs/voice-0179.wav,"Đối với bệnh nhân suy gan nặng do xơ gan (Child-Pugh B hoặc C), nồng độ Gefitinib thay đổi như thế nào so với bệnh nhân suy gan do di căn?"
../raw_data/wavs/voice-0180.wav,"Mechanism of action của Oxcarbazepine liên quan đến việc điều biến các kênh calci điện thế cao (HVA-calcium channel) đóng vai trò gì trong việc ổn định màng tế bào thần kinh đang bị kích thích, và làm thế nào sự kích hoạt kênh kali bổ sung có thể tương tác với quá trình ức chế phóng điện lặp lại để ngăn chặn sự lan truyền cơn động kinh?"
../raw_data/wavs/voice-0181.wav,"Dựa trên cơ chế dược lý học, niacin có khả năng tác động thế nào đến chỉ số Apolipoprotein B (apo B) và Lipoprotein (a) ở bệnh nhân tăng lipid máu nguyên phát?"
../raw_data/wavs/voice-0182.wav,N-acetylcystein được coi là liệu pháp giải độc ưu tiên trong điều trị quá liều Paracetamol. Cơ chế nào quyết định hiệu quả cao nhất của thuốc này?
../raw_data/wavs/voice-0183.wav,"Trong tình huống quá liều Ciclesonide, tài liệu hướng dẫn hành động cụ thể nào nếu bệnh nhân tự nghi ngờ?"
../raw_data/wavs/voice-0184.wav,So sánh hiệu lực chống viêm giữa Prednisone và Methylprednisolone dựa trên thông tin dược lực học?
../raw_data/wavs/voice-0185.wav,Tại sao Fluocinonide có thể gây ra các tác dụng toàn thân nghiêm trọng như ức chế trục HPA hoặc hội chứng Cushing?
../raw_data/wavs/voice-0186.wav,"Trong bối cảnh lâm sàng của quá liều terbinafine, liều lượng cụ thể nào trên 5 gam đã được ghi nhận là gây ra các tác dụng có hại như buồn nôn, nôn và đau bụng?"
../raw_data/wavs/voice-0187.wav,"Nếu một bệnh nhân báo cáo tình trạng vôi hóa giác mạc sau khi sử dụng thuốc nhỏ mắt Epinastine, thành phần tá dược nào trong công thức là nguyên nhân tiềm ẩn?"
../raw_data/wavs/voice-0188.wav,Pralidoxime chỉ được chỉ định cho phụ nữ mang thai khi nào?
../raw_data/wavs/voice-0189.wav,"Nếu liều Cefmetazole bị bỏ lỡ và bệnh nhân chỉ phát hiện ra khi thời gian trôi đi bằng một nửa khoảng cách liều (ví dụ: sau 6 giờ với liều 12 giờ), phân tích dược động học nào ủng hộ việc bỏ qua liều đã quên và tiếp tục liều tiếp theo theo lịch trình?"
../raw_data/wavs/voice-0190.wav,Cơ chế tác dụng của phenylephrine trên thụ thể α1-adrenergic liên quan như thế nào đến quá trình ức chế enzym adenyl cyclase và nồng độ AMP vòng (cAMP)?
../raw_data/wavs/voice-0191.wav,Các dữ liệu nghiên cứu được trích dẫn trong văn bản suger ý gì về nguy cơ sảy thai và thai dị dạng khi sử dụng venlafaxine trong ba tháng đầu thai kỳ?
../raw_data/wavs/voice-0192.wav,"Để đảm bảo an toàn cho trẻ sơ sinh sinh ra từ mẹ nhiễm HIV dương tính, cần tuân thủ biện pháp kiểm soát nào trước khi tiêm vắc xin BCG?"
../raw_data/wavs/voice-0193.wav,Cơ chế hoạt động của Dapoxetine trong việc điều trị xuất tinh sớm liên quan đến quá trình nào sau đây tại các nút thần kinh?
../raw_data/wavs/voice-0194.wav,"Ngoài việc ức chế enzym ACE để giảm angiotensin II, perindopril còn ảnh hưởng đến hệ nào để gây giãn mạch, và cơ chế này có liên quan thế nào đến tác dụng phụ thường gặp là ho khan?"
../raw_data/wavs/voice-0195.wav,"Tại sao Natalizumab lại mang tính chất chống chỉ định tuyệt đối đối với những bệnh nhân đang mang thai ở ba tháng cuối thai kỳ, và cơ chế sinh bệnh học nào của thuốc gây ra tình trạng giảm tiểu cầu và thiếu máu thoáng qua ở trẻ sơ sinh?"
../raw_data/wavs/voice-0196.wav,Corticotropin có được chỉ định tiêm tĩnh mạch không?
../raw_data/wavs/voice-0197.wav,"Khi cần thiết phải chỉ định azithromycin đường uống cho bệnh nhân có tốc độ lọc cầu thận dưới 10 ml/phút, bác sĩ cần cân nhắc những rủi ro nào liên quan đến cơ chế thải trừ của thuốc?"
../raw_data/wavs/voice-0198.wav,"So với các hợp chất phenolic hay axit béo, vì sao saponin triterpene (như Ginsenosides) lại được coi là những thành phần hoạt dược mạnh nhất trong Nhân Sâm?"
../raw_data/wavs/voice-0199.wav,"Dapoxetine là chất ức chế tái hấp thu chọn lọc serotonin (SSRI), vậy nó ảnh hưởng trực tiếp đến hoạt động của chất dẫn truyền thần kinh nào tại synap?"
../raw_data/wavs/voice-0200.wav,"So với các thuốc nhuận tràng, Activated charcoal mang lại lợi ích đặc biệt nào trong quản lý ngộ độc cấp tính?"
../raw_data/wavs/voice-0201.wav,"Tại sao Natalizumab lại có nguy cơ cao gây ra bệnh não chất trắng đa ổ tiến triển (PML) ở những bệnh nhân có kháng thể kháng virus JC dương tính, và tại sao điều này lại khác biệt so với cơ chế gây suy giảm miễn dịch toàn thân?"
../raw_data/wavs/voice-0202.wav,"Nếu một bệnh nhân đang dùng Ertapenem không thể đến cơ sở y tế để truyền thuốc đúng giờ do sự cố giao thông, việc Citomegamirus có trong bài viết đề cập đến 'Quên liều và xử trí' như thế nào?"
../raw_data/wavs/voice-0203.wav,"Điều gì quyết định sự lựa chọn nồng độ 0,05% thay vì 0,1% khi chỉ định Fluocinonide cho trẻ em dưới 12 tuổi?"
../raw_data/wavs/voice-0204.wav,Thành phần saponin trong Ginseng có đặc tính dược lý học nào liên quan đến canxi?
../raw_data/wavs/voice-0205.wav,"Ngoài chỉ định suy tim mãn tính, Ivabradine được chỉ định điều trị triệu chứng cơn đau thắt ngực ổn định mãn tính ở người lớn trong những trường hợp nào?"
../raw_data/wavs/voice-0206.wav,"Đối với bệnh nhân suy tim sung huyết nặng (độ IV) hoặc có nguy cơ cao, tại sao cần phải bắt đầu điều trị với liều perindopril erbumin rất thấp là 1 mg, và cần lưu ý đặc biệt nào về huyết áp áp của bệnh nhân trong giai đoạn này?"
../raw_data/wavs/voice-0207.wav,"Tại sao Doxazosin có thể gây ra biến chứng 'Hội chứng mống mắt nhẽo' (Intraoperative Floppy Iris Syndrome) trong phẫu thuật đục thủy tinh thể, và thuốc nào có cơ chế tương tự?"
../raw_data/wavs/voice-0208.wav,Cơ chế sinh bệnh học nào biện minh cho việc Benzatropine có hiệu quả lâm sàng trong điều trị loạn trương lực cơ?
../raw_data/wavs/voice-0209.wav,"Do interferon alfa thường có tính chất đặc hiệu đối với loài, các nghiên cứu trên động vật không thể dự đoán được đáp ứng quá liều ở người. Vậy nguyên tắc điều trị cụ thể nào được khuyến cáo khi quản lý một ca quá liều cấp tính?"
../raw_data/wavs/voice-0210.wav,Biểu hiện lâm sàng điển hình của tình trạng quá tải tuần hoàn do quá liều Dextran 40 là gì?
../raw_data/wavs/voice-0211.wav,"Dựa trên đặc điểm dược động học, tại sao Glyceryl trinitrate lại ít có hiệu quả khi dùng theo đường uống so với đường ngậm dưới lưỡi?"
../raw_data/wavs/voice-0212.wav,Tại sao Paracetamol được chỉ định thận trọng cho bệnh nhân bị phenylceton niệu?
../raw_data/wavs/voice-0213.wav,"Vì sao Natalizumab được chỉ định tiêm truyền tĩnh mạch với liều 300 mg mỗi 4 tuần cho bệnh đa xơ cứng, trong khi chỉ định liều dưới da cũng là 300 mg mỗi 4 tuần, bất chấp việc sinh khả dụng dưới da chỉ đạt 82%?"
../raw_data/wavs/voice-0214.wav,"Một bệnh nhân đang trong giai đoạn tối cấp của bệnh Crohn, không đáp ứng với liệu pháp uống, có thể được chỉ định corticotropin không?"
../raw_data/wavs/voice-0215.wav,Hậu quả sinh lý bệnh học nào có thể xảy ra khi Fluocinonide được băng kín vùng da đã bôi và tại sao?
../raw_data/wavs/voice-0216.wav,Nồng độ đỉnh moclobemide trong huyết tương thường đạt được sau khoảng thời gian bao lâu sau khi dùng thuốc?
../raw_data/wavs/voice-0217.wav,"Nếu bệnh nhân quên một liều corticotropin do điều trị tại nhà, cơ quan nào cần được thông báo?"
../raw_data/wavs/voice-0218.wav,Thời gian bán hủy cuối cùng của Dapoxetine xấp xỉ bao nhiêu giờ sau khi uống?
../raw_data/wavs/voice-0219.wav,Tác dụng không mong muốn nào của Oxytetracycline trên hệ tiêu hóa?
../raw_data/wavs/voice-0220.wav,"Một bệnh nhân sau khi dùng Sodium iodide liều cao xuất hiện triệu chứng phù phổi và đau tuyến nước bọt. Dựa trên cơ chế thải trừ iodide chính qua thận, biện pháp xử trí tối ưu nào được chỉ định để tăng tốc độ đào thải?"
../raw_data/wavs/voice-0221.wav,"Nếu bệnh nhân quên một liều magnesium oxide và chỉ nhớ ra khi đã gần đến giờ liều tiếp theo, tại sao lại chống chỉ định tuyệt đối việc dùng liều gấp đôi để bù?"
../raw_data/wavs/voice-0222.wav,"Trong nhóm các phản ứng phụ rất hiếm gặp khi dùng BCG nhỏ giọt vào bàng quang, những tổn thương nào có thể xảy ra ở cơ quan thị giác?"
../raw_data/wavs/voice-0223.wav,Nồng độ đỉnh của Nefopam trong huyết tương sau khi uống liều đơn được ghi nhận trong khoảng thời gian nào?
../raw_data/wavs/voice-0224.wav,Quá trình chuyển hóa của Liothyronine tại gan bao gồm những bước chính nào?
../raw_data/wavs/voice-0225.wav,"Nếu bệnh nhân ngộ độc phosphat hữu cơ có biểu hiện quá liều Pralidoxime (giảm thị lực, tăng huyết áp), và cần phải dùng thuốc đối kháng để kiểm soát huyết áp, cơ chế tác dụng của Phentolamin được đề cập sẽ là gì?"
../raw_data/wavs/voice-0226.wav,Tại sao WHO khuyến cáo sử dụng Amodiaquine kết hợp với Artesunate thay vì đơn độc để điều trị sốt rét do Plasmodium falciparum?
../raw_data/wavs/voice-0227.wav,"Đối với chế phẩm azithromycin uống giải phóng kéo dài chứa 2 g hoạt chất, quy định về thời điểm uống thuốc liên quan đến bữa ăn là gì?"
../raw_data/wavs/voice-0228.wav,"Khi bệnh nhân lỡ liều Risperidone, cần tuân thủ nguyên tắc nào về thời gian bù liều?"
../raw_data/wavs/voice-0229.wav,"Nếu một liều olsalazine bị quên dùng và bệnh nhân không nhớ lại cho đến gần giờ của liều tiếp theo, cơ chế dược lý nào biện minh cho việc bỏ qua liều đã quên thay vì dùng liều bù?"
../raw_data/wavs/voice-0230.wav,"Tại sao Liothyronine được ưa chuộng hơn Levothyroxine trong các tình huống cấp cứu như hôn mê do thiểu năng giáp, và tại sao nó lại ít được dùng cho liệu pháp duy trì lâu dài?"
../raw_data/wavs/voice-0231.wav,"Trong bối cảnh thiếu vắng thuốc giải độc đặc hiệu tại hiện trường (bên ngoài bệnh viện), Pralidoxime Clorid được chỉ định tiêm bắp cho trẻ em với liều lượng bao nhiêu là tối ưu cho thể trọng bệnh nhi?"
../raw_data/wavs/voice-0232.wav,"Trong trường hợp trẻ em từ 2 – 14 tuổi, tại sao cần phải điều chỉnh liều lượng probenecid dựa trên cân nặng (mg/kg/ngày) thay vì sử dụng liều cố định như người lớn?"
../raw_data/wavs/voice-0233.wav,"Ngoài các cơ chế gây ức chế tủy xương trực tiếp, cobalamin và folate đóng vai trò gì trong sự hình thành các tế bào máu, và tại sao suy tủy (thiếu máu bất sản) lại được phân loại là phản ứng ít gặp nhưng đe dọa tính mạng?"
../raw_data/wavs/voice-0234.wav,"Trong bối cảnh estrogen làm tăng đông máu và tăng nguy cơ huyết khối, tại sao bác sĩ vẫn có thể chỉ định thuốc này cho bệnh nhân ung thư tuyến tiền liệt, và cần theo dõi yếu tố lâm sàng nào đặc biệt ở nhóm bệnh nhân có tiền sử nhồi máu cơ tim?"
../raw_data/wavs/voice-0235.wav,Sự khác biệt về cơ chế dược lý học và nguy cơ gây hại trên gan giữa hai dạng bào chế 'viên nén phóng thích tức thì' và 'viên nén phóng thích kéo dài' của niacin là gì?
../raw_data/wavs/voice-0236.wav,"Pralidoxime có phổ biến gây ra tổn thương gan (tăng men gan AST/ALT) hay không, và nếu có thì tần suất xuất hiện của tác dụng phụ này được xếp vào nhóm nào?"
../raw_data/wavs/voice-0237.wav,"So với liều indinavir đơn thuần là 800 mg mỗi 8 giờ, việc phối hợp indinavir với ritonavir có sự điều chỉnh nào về tần suất liều dùng và tổng liều lượng hàng ngày dựa trên cơ chế inhibitory saturation?"
../raw_data/wavs/voice-0238.wav,Allopurinol được chuyển hóa chủ yếu ở gan thành chất chuyển hóa có hoạt tính gì?
../raw_data/wavs/voice-0239.wav,"Hãy phân tích cơ chế hóa học và lý sinh của việc magnesium oxide hấp phụ các thuốc khác (như tetracyclin, digoxin) trong ống tiêu hóa, dẫn đến hình thành phức hợp không hòa tan và làm giảm sinh khả dụng của chúng."
../raw_data/wavs/voice-0240.wav,"Khi chuyển bệnh nhân từ đường uống sang đường tiêm bắp Risperidone sau hơn 2 tuần, cần điều chỉnh liều dựa trên ngưỡng liều uống nào?"
../raw_data/wavs/voice-0241.wav,"Nếu enoxacin bị quá liều dẫn đến co giật (một triệu chứng thần kinh trung ương), thì các thuốc ức chế beta-adrenergic có chống chỉ định sử dụng trong phác đồ giải độc ban đầu hay không?"
../raw_data/wavs/voice-0242.wav,"Mô tả chi tiết quá trình sinh chuyển hóa (biotransformation) hai bước của Clopidogrel: Bước đầu tiên ở gan tạo ra intermediates không hoạt tính qua các isoenzyme CYP nào, và bước thứ hai tạo ra chất chuyển hóa có hoạt tính gắn kết với thụ thể nào?"
../raw_data/wavs/voice-0243.wav,"Nếu một bệnh nhân lỡ uống quá liều probenecid và xuất hiện triệu chứng kích thích thần kinh (run, động kinh cơn lớn), cơ chế điều trị viên pháp nào được đề xuất sử dụng?"
../raw_data/wavs/voice-0244.wav,"Nếu một công thức mỹ phẩm chứa Ammonium Polyacryloyldimethyl Taurate không đạt được độ ổn định lý tưởng, thành phần nào khác trong hệ thống nhũ tương (theo cơ chế hoạt động) có thể được xem xét để tối ưu hóa tương thích?"
../raw_data/wavs/voice-0245.wav,"Tỷ lệ sinh khả dụng tuyệt đối của azithromycin khi uống liều đơn từ 500 mg đến 1,2 g dao động trong phạm vi bao nhiêu phần trăm?"
../raw_data/wavs/voice-0246.wav,Dạng thuốc moclobemide được sản xuất dưới những hàm lượng nào?
../raw_data/wavs/voice-0247.wav,Enoxacin ngăn chặn sự sao chép DNA của vi khuẩn bằng cách ức chế enzyme DNA gyrase. Enzyme này có tên khoa học đầy đủ là gì?
../raw_data/wavs/voice-0248.wav,Tại sao đối tượng trẻ sơ sinh từ 28 - 32 tuần tuổi phải sử dụng liều Paracetamol thấp hơn đáng kể (chỉ 10 - 15 mg/kg/lần) so với người lớn nếu cần liều lặp lại?
../raw_data/wavs/voice-0249.wav,"Cơ chế nào gây ra phản ứng giống_disulfiram khi sử dụng Cefmetazole đồng thời với rượu, và vì sao điều này đặc biệt nguy hiểm ở bệnh nhân có tiền sử rối loạn chuyển hóa porphyrin?"
../raw_data/wavs/voice-0250.wav,"Theo quy trình xử trí khi quá liều Cyclosporine, tại sao phương pháp thẩm phân máu lại không được áp dụng để tăng cường thải trừ thuốc?"
../raw_data/wavs/voice-0251.wav,"Tại sao các nhà nghiên cứu lại khó khăn trong việc thiết lập một liều ngộ độc cấp tính cụ thể (LD50) cho Interferon alfa-n1, và nếu xảy ra quá liều, các can thiệp điều trị cụ thể nào là cần thiết?"
../raw_data/wavs/voice-0252.wav,Tại sao việc sử dụng đồng thời theophylline với vắc xin BCG lại làm tăng nguy cơ nhiễm độc?
../raw_data/wavs/voice-0253.wav,Quá trình xuất tinh ở người chủ yếu qua trung gian của hệ thần kinh nào?
../raw_data/wavs/voice-0254.wav,Quá trình chuyển hóa sinh học của triclabendazole tạo ra các chất chuyển hóa sulfoxide và sulfone; cơ chế chuyển hóa chính nào của enzyme cytochrome P450 tham gia vào bước chuyển hóa triclabendazole sơ cấp và chất chuyển hóa sulfoxide?
../raw_data/wavs/voice-0255.wav,Tại sao Rasburicase không được khuyến cáo sử dụng ở phụ nữ mang thai nếu không thực sự cần thiết?
../raw_data/wavs/voice-0256.wav,Tại sao natri olsalazine lại được đánh giá là tương đối trơ trong các thử nghiệm in vitro nhưng lại có hiệu quả lâm sàng cao trong điều trị viêm loét đại tràng?
../raw_data/wavs/voice-0257.wav,"Biểu hiện lâm sàng nào của quá liều venlafaxine cho thấy sự ảnh hưởng đến hệ thần kinh trung ương, và cơ chế nào có thể giải thích cho các triệu chứng này?"
../raw_data/wavs/voice-0258.wav,"Vigabatrin là một chất ức chế không thể đảo ngược của enzym GABA-transaminase, vậy cơ chế ức chế này ảnh hưởng như thế nào đến nồng độ chất dẫn truyền thần kinh ức chế GABA trong não?"
../raw_data/wavs/voice-0259.wav,Nilutamide thuộc nhóm thuốc đối kháng androgen. Cấu trúc phân tử thuốc này can thiệp vào cascade tín hiệu androgen tại tế bào đích bằng cơ chế nào?
../raw_data/wavs/voice-0260.wav,"Trong bối cảnh Carteolol được chỉ định cho bệnh nhân tăng nhãn áp góc mở, tại sao bệnh nhân bị tăng nhãn áp góc đóng cần phải được quản lý bằng sự phối hợp với thuốc gây co đồng tử thay vì chỉ dùng đơn độc Carteolol?"
../raw_data/wavs/voice-0261.wav,Tại sao bệnh nhân có kế hoạch phẫu thuật đục thủy tinh thể cần thông báo cho bác sĩ phẫu thuật nếu đang điều trị bằng Prazosin?
../raw_data/wavs/voice-0262.wav,"Nếu quan sát thấy tình trạng tăng bạch cầu ái toan kết hợp với thiếu máu tan máu ở bệnh nhân đang dùng olsalazine, cơ chế bệnh sinh nào có thể giải thích cho các tác dụng phụ này?"
../raw_data/wavs/voice-0263.wav,"Dựa trên các dữ liệu dược động học in vitro, Tenofovir Disoproxil Fumarate có phải là cơ chất của enzym CYP450 không?"
../raw_data/wavs/voice-0264.wav,"Trong cơ chế tắc tĩnh mạch thân dương vật, alprostadil tạo ra tác dụng giãn mạch trên các tiểu động mạch hang vật thông qua hoạt động agonist trên nhóm receptor sinh lý học nào?"
../raw_data/wavs/voice-0265.wav,"Khi xảy ra quá liều Dapoxetine, triệu chứng loạn nhịp tim nhanh có thể được kiểm soát bằng thuốc giải độc đặc hiệu nào?"
../raw_data/wavs/voice-0266.wav,"Căn cứ vào cơ chế chuyển hóa của Benzoyl Peroxide tại da, tại sao thuốc này được coi là có nguy cơ thấp đối với phụ nữ mang thai so với các thuốc toàn thân, và dữ liệu nào trong văn bản ủng hộ kết luận này?"
../raw_data/wavs/voice-0267.wav,Điều kiện cần thiết để kích hoạt lại bơm phun sau khi không sử dụng thuốc quá 4 ngày là gì?
../raw_data/wavs/voice-0268.wav,Cơ chế bảo vệ biểu mô lông phổi được kích hoạt bởi Salmeterol thông qua việc tăng AMP vòng nội bào có vai trò gì trong việc dự phòng các phản ứng quá mẫn tức thời?
../raw_data/wavs/voice-0269.wav,"Ngoài vai trò là đồng yếu tố (cofactor) kích thích tổng hợp cholesterol và axit béo trong gan, Mangan gluconate còn tham gia ảnh hưởng đến quá trình tổng hợp hợp chất nào khác?"
../raw_data/wavs/voice-0270.wav,"Khi bắt đầu phác đồ liều tăng dần đối với Interferon beta-1b, tại sao nồng độ ban đầu (2 triệu đv, 0.0625 mg) lại được chọn làm điểm xuất phát liều trị liệu thay vì liều mục tiêu tối đa?"
../raw_data/wavs/voice-0271.wav,"Nếu một bệnh nhân đang dùng Tiagabine liều duy trì 45 mg/ngày đột ngột xuất hiện các vết bầm tím không rõ nguyên nhân, bác sĩ cần phải chỉ định làm xét nghiệm công thức máu nào?"
../raw_data/wavs/voice-0272.wav,"Dựa trên cơ chế dược lý học, tại sao liều lượng điều trị nhiễm sán lá phổi (Paragonimus) lại yêu cầu liều cao hơn (20 mg/kg) và chia làm 2 lần so với nhiễm sán lá gan?"
../raw_data/wavs/voice-0273.wav,"Nếu một bệnh nhân đang điều trị Rasburicase xuất hiện tình trạng methemoglobin huyết, cơ chế sinh bệnh học nào của thuốc đứng sau hiện tượng này?"
../raw_data/wavs/voice-0274.wav,"Lý do khoa học nào khiến phụ nữ mang thai chỉ được sử dụng Ertapenem khi lợi ích cho mẹ vượt trội hơn nguy cơ cho thai nhi, dựa trên dữ liệu dược lý được cung cấp?"
../raw_data/wavs/voice-0275.wav,So sánh sự khác biệt về cơ chế điều trị giữa Miglustat (liệu pháp giảm cơ chất) và liệu pháp thay thế enzym (ERT) trong quản lý bệnh Gaucher type 1?
../raw_data/wavs/voice-0276.wav,"Với liều lượng thông thường trong viêm màng não do vi khuẩn ở người lớn, tại sao oxacillin cần được tiêm tĩnh mạch liều cao (1.5 - 2g mỗi 4 giờ) và đặc điểm dược động học nào của thuốc (đặc biệt là khả năng thấm qua hàng rào máu não) quyết định liều lượng này?"
../raw_data/wavs/voice-0277.wav,Ẳn nhiều chất béo có ảnh hưởng đến sinh khả dụng tuyệt đối của Dapoxetine không?
../raw_data/wavs/voice-0278.wav,"Vì sao Pentoxifylline được coi là một chất ức chế Phosphodiesterase (PDE), và vai trò của việc tăng AMP vòng (cAMP) nội bào trong hồng cầu có liên quan gì đến khả năng biến đổi hình thái hồng cầu và giảm độ nhớt máu?"
../raw_data/wavs/voice-0279.wav,"Phân tích đặc tính dược lý: So với các thuốc NSAID (Non-steroidal anti-inflammatory drugs) trong điều trị viêm khớp, Calcium ascorbate thể hiện cơ chế giảm đau khác biệt nào về hiệu lực và cách thức tác động?"
../raw_data/wavs/voice-0280.wav,"Trong trường hợp bệnh nhân quên uống một liều sunitinib, tại sao hướng dẫn y khoa lại cấm uống bổ sung liều đã quên mà chỉ cho phép tiếp tục dùng liều thường vào ngày hôm sau?"
../raw_data/wavs/voice-0281.wav,"Khi nào Ciclesonide có thể được chỉ định cho phụ nữ đang cho con bú, và cơ sở để đưa ra quyết định này dựa trên dữ liệu phân bố sữa ở loài nào?"
../raw_data/wavs/voice-0282.wav,"Ngoài các tác dụng phụ thường gặp như buồn ngủ và chóng mặt, triệu chứng thần kinh trung ương nào báo hiệu tình trạng quá mẫn cảm nghiêm trọng cần ngưng thuốc ngay lập tức?"
../raw_data/wavs/voice-0283.wav,"Khi sử dụng magnesium oxide cho bệnh nhân loét dạ dày tá tràng không có biến chứng, phác đồ dùng thuốc chuẩn khuyến nghị là gì về thời điểm uống thuốc so với bữa ăn?"
../raw_data/wavs/voice-0284.wav,"Dựa trên cơ chế estrogen trải qua tuần hoàn gan-ruột thông qua liên hợp glucuronid và sulfat, thuốc Rifampicin cảm ứng enzym microsom gan sẽ ảnh hưởng thế nào đến nồng độ estrogen hoạt động lưu hành trong huyết tương?"
../raw_data/wavs/voice-0285.wav,Broxuridine được chỉ định để tăng nhạy cảm với bức xạ trong điều trị khối u não; cơ chế dược lý nào của hợp chất pyrimidine này cho phép nó bắt chước thymidine để can thiệp vào DNA tế bào ung thư?
../raw_data/wavs/voice-0286.wav,Tại sao Oxytetracycline được chỉ định điều trị vi khuẩn nhạy cảm ở bệnh nhân suy gan?
../raw_data/wavs/voice-0287.wav,Việc điều chỉnh liều Rasburicase ở bệnh nhân suy gan hoặc suy thận không cần thiết dựa trên đặc điểm nào về dược động học và chuyển hóa của thuốc?
../raw_data/wavs/voice-0288.wav,"Đối với bệnh nhi từ 6 đến 18 tuổi bị xơ nang, liều lượng acid ursodeoxycholic nào được khuyến cáo để điều trị các bệnh lý gan mật, và làm thế nào để điều chỉnh liều nếu cần thiết?"
../raw_data/wavs/voice-0289.wav,"Nếu bệnh nhân không thể nuốt được viên nén Gefitinib nguyên vẹn, quy trình bào chế tại giường để đảm bảo liều lượng và khả năng hấp thu cần tuân thủ những bước nào?"
../raw_data/wavs/voice-0290.wav,Các yếu tố nguy cơ tiềm ẩn nào của bệnh phổi kẽ (ILD) được xác định trong văn bản có thể làm tăng tần suất xuất hiện ILD khi sử dụng topotecan?
../raw_data/wavs/voice-0291.wav,"Theo thông tin dược lý, Tiagabine hydrochloride có cơ chế hoạt động đặc hiệu nào khác biệt so với các thuốc chống co giật thuốc đối kháng thụ thể?"
../raw_data/wavs/voice-0292.wav,"Tình trạng giảm bạch cầu trung tính và ban xuất huyết giảm tiểu cầu được ghi nhận là một trong những tác dụng phụ khi sử dụng Paracetamol, thường xảy ra trong trường hợp nào?"
../raw_data/wavs/voice-0293.wav,Tại sao Inositol được chỉ định thận trọng đối với các bệnh nhân có vấn đề về gan hoặc đang sử dụng rượu quá mức?
../raw_data/wavs/voice-0294.wav,Cơ chế hoạt động của corticotropin khi dùng làm chất hỗ trợ chẩn đoán chức năng vỏ thượng thận?
../raw_data/wavs/voice-0295.wav,"Nếu bệnh nhân uống quên một liều Gefitinib và thời gian nhớ ra cách liều tiếp theo khoảng 10 giờ, bệnh nhân nên làm gì?"
../raw_data/wavs/voice-0296.wav,Phân tích sự khác biệt về cơ chế thải trừ qua thận giữa các phân tử Dextran 40 có phân tử lượng dưới 15.000 Dalton và phân tử lượng từ 50.000 Dalton trở lên?
../raw_data/wavs/voice-0297.wav,Tình trạng tăng men gan (nồng độ ALT aumentado) đe dọa các biến chứng gì nếu không được phát hiện sớm và xử trí kịp thời khi quá liều Nilutamide?
../raw_data/wavs/voice-0298.wav,"Pralidoxime có khả năng 'phosphoryl hóa' cholinesterase để khôi phục hoạt tính enzym, vậy cơ chế hóa học nào tạo điều kiện cho quá trình loại bỏ nhóm phosphoryl ra khỏi enzym bị ức chế?"
../raw_data/wavs/voice-0299.wav,"Về mặt cơ chế phân tử, Rasburicase xúc tác quá trình chuyển hóa acid uric thành allantoin qua trung gian intermediates nào?"
../raw_data/wavs/voice-0300.wav,"Đối với bệnh nhân có đột biến gen virus HIV-1 K65R, tại sao việc sử dụng Tenofovir Disoproxil lại được xem là chống chỉ định trong một số trường hợp?"
../raw_data/wavs/voice-0301.wav,"Với bệnh nhân bị ung thư tuyến tiền liệt tiến triển không phẫu thuật được, tại sao liều lượng Conjugated estrogens được chỉ định cao hơn (1.25 mg đến 2.5 mg mỗi ngày 3 lần) so với liều dùng để điều trị triệu chứng mãn kinh?"
../raw_data/wavs/voice-0302.wav,"Nếu một bệnh nhân có tiền sử bệnh lý về gân liên quan đến việc sử dụng quinolon, enoxacin có được phép chỉ định để điều trị viêm tuyến tiền liệt hay không?"
../raw_data/wavs/voice-0303.wav,Tại sao cần lưu ý đến lượng natri trong Ticarcillin khi chỉ định thuốc cho bệnh nhân suy tim sung huyết hoặc tăng huyết áp?
../raw_data/wavs/voice-0304.wav,"Khi đề cập đến quá trình chuyển hóa Ofloxacin, desmethyl-ofloxacin mang lại ý nghĩa dược lý học cụ thể nào?"
../raw_data/wavs/voice-0305.wav,"Ngoài các tác dụng phụ về thần kinh và tiêu hóa, venlafaxine còn có nguy cơ gây ra những bất thường điện tâm đồ nào trong trường hợp quá liều?"
../raw_data/wavs/voice-0306.wav,Moclobemide là chất ức chế men MAO loại A có tính chất thuận nghịch (RIMA). Cơ chế này gây ra sự gia tăng nồng độ ngoại bào của những chất dẫn truyền thần kinh monoaminergic nào?
../raw_data/wavs/voice-0307.wav,Lidocaine có ái lực gắn kết với protein huyết tương ở mức độ nào và tỷ lệ phần trăm này thay đổi ra sao trong tình trạng nhồi máu cơ tim cấp?
../raw_data/wavs/voice-0308.wav,Thời gian bán thải trong huyết tương (t1/2) của triclabendazole và các chất chuyển hóa sulfone của nó là bao nhiêu?
../raw_data/wavs/voice-0309.wav,"Trong điều trị ung thư biểu mô tế bào thận tiến triển, Cabozantinib được chỉ định làm đơn trị liệu ban đầu cho những đối tượng bệnh nhân nào cụ thể?"
../raw_data/wavs/voice-0310.wav,Loại thuốc nào được liệt kê trong chỉ định điều trị nhiễm nấm Candida ở miệng và đường tiêu hóa?
../raw_data/wavs/voice-0311.wav,"Để tối thiểu hóa các tác dụng không mong muốn trên tiêu hóa, bệnh nhân nên tuân thủ thời điểm uống Miglitol như thế nào so với bữa ăn?"
../raw_data/wavs/voice-0312.wav,Chỉ định cụ thể của Risperidone đối với trẻ em từ 5 tuổi trở lên trong điều trị rối loạn hành vi?
../raw_data/wavs/voice-0313.wav,"Tính toán thời gian bán thải (T1/2) trung bình của glyburide (dựa trên dải 1.4 - 1.8 giờ) cần bao nhiêu giờ để đạt nồng độ bằng 12.5% so với nồng độ ban đầu, và cơ chế thải trừ chính của thuốc (qua nước tiểu hay phân) thay đổi ra sao ở bệnh nhân suy gan?"
../raw_data/wavs/voice-0314.wav,Vì sao amiodaron có khả năng làm tăng nồng độ plasma của dabigatran etexilat?
../raw_data/wavs/voice-0315.wav,Các loại thuốc sát khuẩn niệu đạo sulfonamide (như Acetazolamide) làm thay đổi nồng độ huyết thanh Inositol thông qua cơ chế chuyển hóa nào?
../raw_data/wavs/voice-0316.wav,"Dựa trên phân loại mức độ an toàn thai kỳ (thai kỳ categories), Omalizumab được xếp vào mức nào và các dữ liệu lâm sàng nào từ nghiên cứu EXPECT dùng để biện minh cho việc phân loại này?"
../raw_data/wavs/voice-0317.wav,"Tại sao cimetidin gây ức chế CYP450 nhưng lại không ảnh hưởng đến nồng độ huyết tương của O-desmethylvenlafaxine (ODV), và cơ chế chuyển hóa nào giải thích cho hiện tượng này?"
../raw_data/wavs/voice-0318.wav,"Trong bối cảnh chỉ định phòng ngừa và điều trị huyết khối ở bệnh nhân giảm tiểu cầu do Heparin, Argatroban được ưu tiên lựa chọn cơ chế ức chế thrombin trực tiếp thay vì sử dụng heparin dựa trên cơ sở đặc điểm sinh học phân tử nào?"
../raw_data/wavs/voice-0319.wav,Thời gian cần thiết để ngưng Dapoxetine trước khi bắt đầu điều trị bằng các thuốc có tác dụng serotonergic (như SSRI) là bao lâu?
../raw_data/wavs/voice-0320.wav,Pralidoxime được chỉ định để điều trị quá liều các thuốc kháng cholinesterase nào thường được dùng trong bệnh nhược cơ?
../raw_data/wavs/voice-0321.wav,Vì sao bệnh nhân tiểu đường cần theo dõi đường huyết chặt chẽ khi bắt đầu bổ sung Inositol?
../raw_data/wavs/voice-0322.wav,"Khi bệnh nhân bị tiêu chảy trong quá trình sử dụng acid ursodeoxycholic, cần phải điều chỉnh liều lượng hoặc ngưng thuốc như thế nào, và cần lưu ý thêm về thành phần dinh dưỡng nào để tối ưu hiệu quả điều trị?"
../raw_data/wavs/voice-0323.wav,"Trong bối cảnh bệnh nhân Niemann-Pick type C dưới 12 tuổi bị quên liều, việc điều chỉnh liều bù (dùng bù) có khác biệt gì so với bệnh nhân Gaucher type 1 liên quan đến diện tích bề mặt cơ thể?"
../raw_data/wavs/voice-0324.wav,Tại sao bệnh nhân được yêu cầu tránh tiêu thụ một lượng lớn thực phẩm giàu tyramine trong quá trình điều trị bằng moclobemide?
../raw_data/wavs/voice-0325.wav,"Đối với bệnh nhân COPD điều trị Clenbuterol liều 20 mcg/lần, 3 lần/ngày bằng đường hít, việc quên liều Clenbuterol có thể làm tăng co thắt phế quản. Khi người bệnh không có sẵn thuốc dạng hít, việc nhận thấy Clenbuterol có sẵn ở dạng siro 1 mcg/ml trong tủ thuốc, so sánh với liều 20 mcg/lần bằng đường hít, liều siro nào (ml) cần dùng để thay thế gần đúng nhất?"
../raw_data/wavs/voice-0326.wav,"Khi chỉ định tiêm truyền amiodaron để điều trị loạn nhịp thất đe dọa tính mạng, liều lượng và tốc độ truyền cụ thể nào được yêu cầu cho giai đoạn 'pha tấn công nhanh ban đầu'?"
../raw_data/wavs/voice-0327.wav,"Trong tình huống quá liều Cefmetazole gây xuất huyết bất thường và bầm tím, cơ chế bệnh sinh nào (mức độ nặng của nó) khác biệt với tác dụng phụ giảm prothrombin huyết nhẹ, không đáng kể?"
../raw_data/wavs/voice-0328.wav,"Khi chỉ định Teicoplanin cho bệnh nhân đang điều trị bằng Furosemid, cơ chế nào làm tăng nguy cơ độc tính trên ốc tai so với khi dùng đơn lẻ?"
../raw_data/wavs/voice-0329.wav,"Cơ chế nào khiến Topotecan gây độc tế bào đối với tế bào ung thư, và enzyme sinh học cụ thể nào mà hoạt chất này nhắm vào để tạo ra hiệu quả điều trị?"
../raw_data/wavs/voice-0330.wav,Vì sao alprostadil được chống chỉ định tuyệt đối ở những bệnh nhân có tiền sử thiếu máu hồng cầu hình liềm?
../raw_data/wavs/voice-0331.wav,"Nếu một bệnh nhân bị quên dùng 1 liều Glyceryl trinitrate nhưng thời điểm phát hiện ra quá gần với liều kế tiếp theo kế hoạch, bệnh nhân nên xử lý như thế nào?"
../raw_data/wavs/voice-0332.wav,"Ngoài nhiễm sán lá gan, chỉ định điều trị cụ thể nào khác của triclabendazole được ghi nhận?"
../raw_data/wavs/voice-0333.wav,Tại sao cần theo dõi huyết học (đặc biệt là công thức máu) trong thời gian điều trị liều cao và kéo dài đối với Cefmetazole liên quan đến cơ chế ức chế tổng hợp thành tế bào?
../raw_data/wavs/voice-0334.wav,"Điều kiện tiên quyết nào về đáp ứng dị ứng in vitro (sử dụng test RAST) và nồng độ IgE ban đầu phải được đáp ứng đối với bệnh nhân hen suyễn người lớn (>12 tuổi) trước khi chỉ định Omalizumab, và các ngưỡng IgE cụ thể nào được áp dụng cho nhóm tuổi này?"
../raw_data/wavs/voice-0335.wav,"Nếu nghi ngờ quá liều Tenofovir Disoproxil và bệnh nhân có ý định tự sát, liệu pháp điều trị và quản lý ban đầu được khuyến khích là gì?"
../raw_data/wavs/voice-0336.wav,Phân tích cơ chế dược động học nào giải thích cho việc tại sao L-asparaginase phải được dùng sau vincristine 12-14 giờ để giảm độc tính?
../raw_data/wavs/voice-0337.wav,"Trong tương tác thuốc, enoxacin làm tăng nồng độ ropinirole trong huyết tương và giảm nồng độ mycophenolate mofetil. Vậy, enoxacin làm thay đổi dược động học của ropinirole và mycophenolate mofetil theo cơ chế nào?"
../raw_data/wavs/voice-0338.wav,"Căn cứ vào cơ chế dược lý học, việc chỉ định Kinetin để cải thiện các triệu chứng của bệnh rosacea dựa trên những tác dụng nào đối với tế bào da và DNA?"
../raw_data/wavs/voice-0339.wav,"Trên phương diện lý luận dược lý, cơ chế nào giải thích cho việc Guaifenesin có thể gây cơn ho dữ dội ở bệnh nhân đang bị thuyên tắc phổi?"
../raw_data/wavs/voice-0340.wav,"Dựa trên đáp ứng điều trị và kết quả xét nghiệm men gan, tiêu chí nào được sử dụng để quyết định việc tăng liều acid ursodeoxycholic từ 20 mg/kg/ngày lên 30 mg/kg/ngày ở bệnh nhi bị xơ nang?"
../raw_data/wavs/voice-0341.wav,"Dựa trên các báo cáo an toàn hậu mãi, biến chứng lồng ruột có tần suất và thời gian biểu xuất hiện như thế nào sau khi tiêm chủng Rotavirus chủng RIX4414?"
../raw_data/wavs/voice-0342.wav,Tại sao vincristine lại có độ đặc hiệu cao đối với giai đoạn metaphase của chu kỳ tế bào?
../raw_data/wavs/voice-0343.wav,"Đường dùng tiêm bắp của Pentamidine có đặc điểm hấp thu và thải trừ khác biệt gì so với đường truyền tĩnh mạch, thể hiện qua các giá trị thời gian bán thải (t½) được ghi nhận?"
../raw_data/wavs/voice-0344.wav,"Vì sao bệnh nhân cần thận trọng khi lái xe hoặc vận hành máy móc ngay cả khi thuốc không có nghiên cứu chính thức về ảnh hưởng này, và các rối loạn thần kinh trung ương nào cụ thể cần được lưu ý?"
../raw_data/wavs/voice-0345.wav,"Thể tích phân bố (Vd) của Mercaptopurine có liên quan gì đến tổng lượng nước toàn thân của cơ thể, và đặc điểm này giải thích như thế nào về khả năng thâm nhập vào hàng rào máu-não?"
../raw_data/wavs/voice-0346.wav,"Tại sao Atracurium Besylate (với pH acid) có thể gây kết tủa khi trộn lẫn với các dung dịch bazic như barbiturate trong cùng một bơm tiêm, và cơ chế hóa học nào đứng sau sự không tương thích dung dịch này?"
../raw_data/wavs/voice-0347.wav,Tại sao viêm dạ dày-ruột do virus trong vắc-xin (vaccine-induced viral gastroenteritis) lại là một tác dụng phụ hiếm gặp chỉ xảy ra ở trẻ em bị SCID (bệnh suy giảm miễn dịch kết hợp nghiêm trọng)?
../raw_data/wavs/voice-0348.wav,"Cụm triệu chứng lâm sàng 'Hội chứng giảm tiểu cầu, gan to, lách to, cổ chướng và độc tính trên gan, thận, phổi' được ghi nhận xuất hiện ở đối tượng nào khi tiêm tĩnh mạch dl-alpha tocopheryl acetat trong dung dịch polysorbat, và điều này hé lộ vấn đề an toàn nào?"
../raw_data/wavs/voice-0349.wav,Tại sao Dapoxetine chống chỉ định tuyệt đối ở những bệnh nhân đang điều trị đồng thời với các chất ức chế CYP3A4 mạnh như ketoconazole?
../raw_data/wavs/voice-0350.wav,"Liên quan đến quá liều triclabendazole, thông tin trong văn bản cho thấy có những đặc hiệu hay thuốc giải độc cụ thể nào không?"
../raw_data/wavs/voice-0351.wav,"Tại sao Guaifenesin lại được chỉ định để điều trị ho có đờm quánh đặc trong viêm phế quản mãn tính, nhưng lại chống chỉ định trong các trường hợp ho kẽ do bệnh nhân hút thuốc lá?"
../raw_data/wavs/voice-0352.wav,Tại sao quá trình Hofmann chiếm ưu thế (45%) trong chuyển hóa của Atracurium lại khiến thuốc này trở nên đặc biệt phù hợp cho những bệnh nhân có rối loạn chức năng thận hoặc gan nặng?
../raw_data/wavs/voice-0353.wav,"Xét về mặt sinh hóa, vì sao Interferon alfa-n1 lại được coi là không có nguy cơ quá liều cấp tính điển hình, và cần tuân thủ nguyên tắc nào trong quy trình cấp cứu nếu nghi ngờ bệnh nhân dùng thuốc quá liều?"
../raw_data/wavs/voice-0354.wav,"So với các dẫn xuất alkaloid khác từ Catharanthus roseus như vinblastin, vincristine có đặc điểm kháng chéo thuốc như thế nào và tại sao nó vẫn được ưa chuộng trong phác đồ hóa trị?"
../raw_data/wavs/voice-0355.wav,Tại sao bệnh nhân thỉnh thoảng bị tê quanh môi và đầu lưỡi cần được hướng dẫn uống từng ngụm nhỏ nước sau khi gây tê?
../raw_data/wavs/voice-0356.wav,"Về tương tác dược lý, cơ chế nào giải thích việc corticosteroid tại chỗ Diflorasone giảm tác dụng chống ung thư của aldesleukin?"
../raw_data/wavs/voice-0357.wav,"Mercaptopurine ngăn cản sinh tổng hợp acid nucleic bằng cách cạnh tranh với các purin nội sinh; cụ thể, enzym nào đóng vai trò là locus cạnh tranh này?"
../raw_data/wavs/voice-0358.wav,Cơ chế đối kháng cạnh tranh của Atracurium tại synap thần kinh cơ cụ thể là gì và làm thế nào quá trình này có thể bị đảo ngược bằng các chất ức chế acetylcholinesterase như neostigmine?
../raw_data/wavs/voice-0359.wav,"Trong bối cảnh chỉ định 'làm chậm sự hình thành màng môi hoại tử', cơ chế hoạt động nào của miếng giấy tẩm iốt cadexomer cho phép đạt được hiệu quả này so với các dung dịch iốt sát khuẩn thông thường?"
../raw_data/wavs/voice-0360.wav,"Cơ chế chuyển hóa alprostadil chủ yếu diễn ra ở cơ quan nào và dùng enzym oxidase beta và omega, cho thấy đặc điểm sinh học gì?"
../raw_data/wavs/voice-0361.wav,"So với bệnh nhân không dùng thuốc cảm ứng enzym, bệnh nhân đang dùng carbamazepine có sự thay đổi nào về nồng độ Tiagabine trong huyết tương?"
../raw_data/wavs/voice-0362.wav,"Theo chỉ định, liều điều trị nhiễm sán lá gan (Fasciola hepatica/gigantica) cho người lớn và trẻ em trên 4 tuổi là bao nhiêu? Yêu cầu trả lời dưới dạng liều lượng cụ thể tính theo mg/kg thể trọng."
../raw_data/wavs/voice-0363.wav,"Nếu một bệnh nhân quên uống một liều Metronidazole và thời gian trôi đi rất lâu cho đến liều tiếp theo, người đó có nên tự động 'bù' liều bằng cách uống gấp đôi liều tiếp theo không?"
../raw_data/wavs/voice-0364.wav,"Đối với điều trị lang ben bằng Miconazole, bệnh nhân cần bôi kem với tần suất như thế nào?"
../raw_data/wavs/voice-0365.wav,"Theo cơ chế chuyển hóa bước một ở gan, venlafaxine cần bao nhiêu enzyme CYP450 đồng thời để tạo ra chất chuyển hóa có hoạt tính O-desmethylvenlafaxine?"
../raw_data/wavs/voice-0366.wav,"Hãy giải thích cơ chế dược lý học dẫn đến nguy cơ hạ huyết áp nặng khi dùng đồng thời sildenafil với các thuốc nitrat hữu cơ (như nitroglycerin), dựa trên vai trò tương phản của các enzym phosphodiesterase trong hệ thống tuần hoàn."
../raw_data/wavs/voice-0367.wav,"Trong bối cảnh Pentamidine có khả năng phân bố vào hệ thần kinh trung ương kém, cơ chế dược lý nào giải thích cho hoạt tính chống ký sinh trùng hiệu quả của thuốc này?"
../raw_data/wavs/voice-0368.wav,"Dựa trên đặc điểm dược lực học, tại sao nồng độ penciclovir triphosphate trong tế bào nhiễm HSV-2 lại có thời gian bán thải kéo dài (~20 giờ) so với HSV-1 (~10 giờ), và cơ chế phân tử nào giúp thuốc duy trì hiệu quả kháng virus kéo dài bất chấp việc ức chế DNA polymerase yếu hơn 100 lần so với aciclovir triphosphate?"
../raw_data/wavs/voice-0369.wav,Tình trạng ứ mật trong gan và hoại tử ổ trung tâm tiểu thùy khi dùng Mercaptopurine được chẩn đoán xác định dựa trên sự thay đổi cụ thể nào của các chỉ số sinh học?
../raw_data/wavs/voice-0370.wav,Việc điều chỉnh phác đồ primaquine thành 45 mg (tương đương 79 mg primaquine phosphate) mỗi tuần một lần trong 8 tuần dựa trên cơ sở sinh học dược lý nào liên quan đến bệnh nhân thiếu men G6PD?
../raw_data/wavs/voice-0371.wav,Liều lượng bổ sung Mangan gluconate cho người lớn thông qua chế độ ăn uống thông thường được khuyến cáo trong khoảng bao nhiêu mg/ngày?
../raw_data/wavs/voice-0372.wav,"Tại sao có sự khác biệt trong tỷ lệ liên kết protein huyết tương của pancuronium giữa các nguồn tài liệu (khoảng 80% so với 13 - 30%), và cơ chế hóa học nào giải thích cho việc thuốc ít bị hấp thụ vào bình chứa nhựa PVC?"
../raw_data/wavs/voice-0373.wav,So sánh sự khác biệt về thời gian đạt nồng độ đỉnh trong huyết tương (Tmax) và thời gian tác dụng kéo dài giữa glyburide viên nén thông thường và glyburide dạng vi hạt.
../raw_data/wavs/voice-0374.wav,Thể tích phân bố (Vd) trung bình của Cefadroxil được ghi nhận là bao nhiêu?
../raw_data/wavs/voice-0375.wav,Nguy cơ sinh loạn nhịp tim (kéo dài khoảng QT) nghiêm trọng khi sử dụng Metronidazole đồng thời với Terfenadin xuất phát từ sự tương tác chuyển hóa nào cụ thể?
../raw_data/wavs/voice-0376.wav,Việc Ammonium Polyacryloyldimethyl Taurate được xác nhận an toàn bởi Hội đồng Đánh giá Thành phần Mỹ phẩm có mâu thuẫn với báo cáo của Trung tâm Kiểm soát và Phòng ngừa Dịch bệnh về các phản ứng dị ứng không?
../raw_data/wavs/voice-0377.wav,"Terbinafine hydrochloride có tương đương hàm lượng terbinafine base với tỷ lệ bao nhiêu? Cụ thể, 1,13 g terbinafine hydrochloride tương đương với bao nhiêu gam terbinafine base?"
../raw_data/wavs/voice-0378.wav,"Trong chỉ định điều trị tăng huyết áp động mạch phổi (PAH), nếu bệnh nhân lỡ quên một liều sildenafil 20mg (dạng uống) và thời gian cách liều kế tiếp dưới 4 giờ, bệnh nhân nên xử lý thế nào để tránh việc điều chỉnh liều quá mức?"
../raw_data/wavs/voice-0379.wav,Tương tác dược động học giữa Aliskiren và Itraconazole làm tăng nồng độ Aliskiren trong máu là do enzyme chuyển hóa nào bị ức chế?
../raw_data/wavs/voice-0380.wav,Định lượng hemoderivative (dạng muối diacetate) của Diflorasone có nồng độ bao nhiêu trong thuốc mỡ/kem 0.05%?
../raw_data/wavs/voice-0381.wav,"Về mặt dược động học, quá trình chuyển hóa của Guaifenesin ở gan tạo ra chất chuyển hóa không hoạt tính nào là kết quả của phản ứng khử methyl bởi enzyme O-demethylase?"
../raw_data/wavs/voice-0382.wav,"Phân tích mối quan hệ giữa cân nặng cơ thể và độ thanh thải biểu kiến (apparent clearance) của Omalizumab cho thấy sự thay đổi theo cấp số nhân; nếu trọng lượng cơ thể tăng gấp đôi, độ thanh thải biểu kiến sẽ thay đổi như thế nào?"
../raw_data/wavs/voice-0383.wav,"Khi chỉ định Pefloxacin cho bệnh nhân đang điều trị bằng Theophylline, cơ chế tương tác dược động học nào dẫn đến nguy cơ quá liều Theophylline và bác sĩ cần theo dõi chỉ số lâm sàng nào?"
../raw_data/wavs/voice-0384.wav,"Đối với bệnh nhân điều trị PAH bằng sildenafil tiêm tĩnh mạch nhưng không thể uống được, nếu lỡ quên một liều và không nhớ ra cho đến khi gần đến giờ tiêm liều tiếp theo, bệnh nhân có nên tiêm bù liều đã quên không?"
../raw_data/wavs/voice-0385.wav,Loại thuốc broxuridine là một chất kháng chuyển hóa (antimetabolite); cơ chế phân tử nào cho phép nó ức chế enzym DNA polymerase của virus đồng thời gây độc tế bào ung thư?
../raw_data/wavs/voice-0386.wav,"Tại sao bệnh nhân có tiền sử loét dạ dày tá tràng lại được liệt vào nhóm chống chỉ định khi sử dụng Amantadine, trong khi loại thuốc này không phải là thuốc kháng viêm không steroid (NSAID)?"
../raw_data/wavs/voice-0387.wav,"Nếu người bệnh lỡ uống quên một liều Inositol và thời gian nhớ ra cách quá nửa quãng thời gian cần thiết trước liều tiếp theo, họ nên làm gì?"
../raw_data/wavs/voice-0388.wav,Phloroglucinol có bị ảnh hưởng bởi thức ăn hay không khi bệnh nhân sử dụng đường uống?
../raw_data/wavs/voice-0389.wav,"Cơ chế phân tử cụ thể nào của Sorafenib cho phép nó ức chế cả sự tăng sinh tế bào khối u và hình thành mạch máu (angiogenesis), và các kinase mục tiêu cụ thể nào trên cả hai con đường này?"
../raw_data/wavs/voice-0390.wav,Hàm lượng moclobemide nào được khuyến cáo cho bệnh nhân suy giảm chức năng gan?
../raw_data/wavs/voice-0391.wav,"Tại sao Mycophenolate mofetil lại làm tăng nguy cơ nhiễm cytomegalovirus và ung thư da không melanoma, liên quan trực tiếp đến loại thuốc nào?"
../raw_data/wavs/voice-0392.wav,Cơ chế dược lực học nào khiến amiodaron được chỉ định ưu tiên để điều trị rung nhĩ hoặc cuồng động nhĩ ở bệnh nhân hội chứng Wolff-Parkinson-White kết hợp suy tim?
../raw_data/wavs/voice-0393.wav,Lý do hóa-dược lý nào khiến nồng độ prilocaine trong dung dịch tiêm phải được điều chỉnh thấp nhất có thể (40-80mg) khi sử dụng tại vùng cạnh nhãn cầu (periocular) so với các vùng khác trên cơ thể?
../raw_data/wavs/voice-0394.wav,"Ngoài các tổn thương gan và rối loạn chuyển hóa porphyrin, Miconazole được chống chỉ định tuyệt đối ở những bệnh nhân nào?"
../raw_data/wavs/voice-0395.wav,"Biểu hiện lâm sàng của nhiễm toan lactic, một tác dụng phụ hiếm gặp nhưng nghiêm trọng của Tenofovir, bao gồm những triệu chứng nào?"
../raw_data/wavs/voice-0396.wav,"Trong cơ chế chuyển hóa, moclobemide được chuyển hóa chủ yếu ở cơ quan nào và qua loại phản ứng hóa học nào?"
../raw_data/wavs/voice-0397.wav,"Tại sao isosorbide được chống chỉ định tuyệt đối ở những bệnh nhân bị suy tim sung huyết mất bù nghiêm trọng, liên quan đến cơ chế tăng thể tích plasma ngoại bào do tác dụng lợi tiểu thẩm thấu của thuốc?"
../raw_data/wavs/voice-0398.wav,"Clorazepat là thuốc tiền chất (prodrug) không có hoạt tính. Cơ chế chuyển hóa sinh học nào biến đổi nó thành desmethyldiazepam (nordiazepam) có hoạt tính, và yếu tố nào ảnh hưởng đến tốc độ phản ứng này?"
../raw_data/wavs/voice-0399.wav,"Khi Inositol đi vào mô não, nó điều hòa hoạt động của các monoamine và chất dẫn truyền thần kinh khác thông qua cơ chế bắt chước tín kích hoạt nào?"
../raw_data/wavs/voice-0400.wav,"Vì Alemtuzumab không có thuốc giải độc đặc hiệu, cơ chế xử lý chính trong trường hợp quá liều (ví dụ nhận 60 mg trong một lần truyền) là gì và cần phải làm gì nếu các phản ứng nghiêm trọng như hạ huyết áp hoặc nhịp tim nhanh xảy ra?"
../raw_data/wavs/voice-0401.wav,Tình trạng 'đần độn' (cretinism) ở trẻ sơ sinh do thiếu iốt trong thai kỳ được đặc trưng bởi những bất thường thần kinh cụ thể nào?
../raw_data/wavs/voice-0402.wav,"Ngoài các tác dụng không mong muốn trên hệ thần kinh trung ương như nhức đầu hay mất ngủ, hãy liệt kê một cách chính xác các bất thường về máu (hematologic) và hệ cơ-xương-kếch (musculoskeletal) hiếm gặp nhưng nghiêm trọng có thể xảy ra khi sử dụng sildenafil."
../raw_data/wavs/voice-0403.wav,"Nếu quan sát thấy một đỉnh hấp thu thứ hai xuất hiện trên đường cong nồng độ theo thời gian của Cabozantinib vào khoảng 24 giờ sau khi dùng, cơ chế sinh lý nào của cơ thể có thể giải thích cho hiện tượng này?"
../raw_data/wavs/voice-0404.wav,"Nếu một bệnh nhân lỡ uống quá liều Misoprostol và xuất hiện các triệu chứng như run, co giật và hạ huyết áp, các dấu hiệu này có thể ám chỉ những bất thường sinh lý nào khác?"
../raw_data/wavs/voice-0405.wav,"Nếu một bệnh nhân suy thận có độ thanh thải Creatinin (ClCr) trong khoảng 10-25 ml/phút, tần suất dùng liều duy trì của Cefadroxil là bao nhiêu?"
../raw_data/wavs/voice-0406.wav,"Về mặt hóa dược, Acid Folinic là dẫn xuất của hợp chất nào, và chất chuyển hóa hóa học nào (tên cụ thể) được tạo ra khi Acid Folinic được chuyển hóa chủ yếu ở gan và niêm mạc ruột?"
../raw_data/wavs/voice-0407.wav,"Đối với bệnh nhân đang điều trị bằng Phloroglucinol, cơ chế nào gây ra tình trạng giảmฤทธิ์ chống co thắt nếu họ đồng thời sử dụng các dược liệu chứa morphin?"
../raw_data/wavs/voice-0408.wav,"Dựa trên dược lực học, cơ chế nhuận tràng kép của docusate được đặc trưng bởi hai vai trò chính nào?"
../raw_data/wavs/voice-0409.wav,"So sánh về cơ chế tác động dược lý lên các thành phần dịch ống thận, điểm khác biệt cơ bản giữa isosorbide (thuốc lợi tiểu thẩm thấu) và các thuốc lợi tiểu quai (như furosemid) trong việc ảnh hưởng đến áp lực thẩm thấu huyết thanh và thể tích lòng mạch là gì?"
../raw_data/wavs/voice-0410.wav,"Trong bối cảnh lâm sàng, việc olsalazine-O-sulfate có thời gian bán thải lên đến 7 ngày ảnh hưởng thế nào đến nguy cơ tích lũy thuốc và diễn biến tiêu chảy nếu bệnh nhân quên nhiều liều?"
../raw_data/wavs/voice-0411.wav,So sánh hiệu quả bảo vệ lâm sàng giữa việc tiêm chủng Rotavirus đơn thuần so với việc tiêm chủng kết hợp với vắc-xin bại liệt uống (OPV) về nguy cơ bệnh viêm dạ dày-ruột nặng?
../raw_data/wavs/voice-0412.wav,Các can thiệp dược lý học nào được mô tả trong văn bản cho Loteprednol etabonate để ngăn chặn sự sinh tổng hợp các chất trung gian gây viêm prostaglandin và leukotrienes?
../raw_data/wavs/voice-0413.wav,"Khi so sánh Canxi Cacbonat với Canxi Citrat, dựa trên đặc điểm hấp thu tại hệ tiêu hóa, cơ chế nào khiến Canxi Citrat được ưu tiên cho bệnh nhân lớn tuổi có mức axit dạ dày thấp so với Canxi Cacbonat?"
../raw_data/wavs/voice-0414.wav,Tương tác dược lý giữa alprostadil và các thuốc giao cảm thể hiện qua cơ chế nào làm suy giảm hiệu quả điều trị?
../raw_data/wavs/voice-0415.wav,"Ngoài các phản ứng quá mẫn rõ ràng, tần suất các biến cố bất lợi ở hệ tiêu hóa nào được liệt kê là 'thường gặp' khi sử dụng Mycophenolate mofetil?"
../raw_data/wavs/voice-0416.wav,"Ngoài tình trạng mẫn cảm với diflorasone, nhóm bệnh nhân nào khác được chỉ định là chống chỉ định tuyệt đối đối với việc sử dụng kem bôi da Diflorasone?"
../raw_data/wavs/voice-0417.wav,Topotecan bị chống chỉ định tuyệt đối ở những đối tượng nào liên quan đến tình trạng sinh lý của phụ nữ? (Cụ thể là giai đoạn mang thai/cho con bú)
../raw_data/wavs/voice-0418.wav,"Cơ chế chuyển hóa prilocaine thành orthotoluidine (chất chuyển hóa có thời gian bán hủy dài) là nguyên nhân chính gây ra tác dụng phụ methemoglobin huyết. Trong bối cảnh lâm sàng, điều này đặc biệt nguy hiểm khi kết hợp với thuốc nào?"
../raw_data/wavs/voice-0419.wav,"Mặc dù không có báo cáo cụ thể trong văn bản, dựa trên đặc điểm dược động học của diiodohydroxyquinoline (liên hợp glucuronid/thải trừ qua nước tiểu), việc xử trí quá liều cấp tính có nên tập trung vào các biện pháp tăng cường thải trừ thuốc qua nước tiểu hay không?"
../raw_data/wavs/voice-0420.wav,Tại sao tình trạng xuất hiện các nốt phỏng da (blistering) kèm theo tăng men Gamma-Glutamyl Transferase (GGT) lại được cảnh báo là một dấu hiệu cần phải loại trừ ngay Gemcitabine?
../raw_data/wavs/voice-0421.wav,"Phân tích cơ chế sinh bệnh học tại sao glyburide lại gây nguy cơ tan hồng cầu (thiếu máu huyết tán) ở những bệnh nhân có sự thiếu hụt men G6PD, và những phản ứng dị ứng nào trên da có thể xảy ra như một bằng chứng cho mẫn cảm chéo?"
../raw_data/wavs/voice-0422.wav,"Dựa trên định nghĩa hóa dược, Kinetin được phân loại cụ thể vào nhóm nào trong hệ thống phân loại cytokinin?"
../raw_data/wavs/voice-0423.wav,Trong hướng dẫn 'quên liều và xử trí' cung cấp thông tin gì?
../raw_data/wavs/voice-0424.wav,Vì sao bệnh nhân bị bệnh nhược cơ (myasthenia gravis) hoặc mê sảng bị chống chỉ định sử dụng buprenorphine?
../raw_data/wavs/voice-0425.wav,Dạng gel bôi miệng của Miconazole được chống chỉ định ở những đối tượng nào?
../raw_data/wavs/voice-0426.wav,Tại sao men gạo đỏ được cảnh báo là cần tránh khi điều trị bằng Pitavastatin?
../raw_data/wavs/voice-0427.wav,"Dựa trên chỉ định điều trị suy tim cấp mất bù, tại sao Milrinone được chỉ định truyền tĩnh mạch liên tục với liều duy trì 0,375-0,75 microgam/kg/phút sau liều ban đầu 50 microgam/kg, và tổng liều tối đa không được vượt quá 1,13 mg/kg/ngày?"
../raw_data/wavs/voice-0428.wav,"Trong tình huống quá liều glyburide dẫn đến hạ glucose huyết nặng và co giật, ngoài việc tiêm tĩnh mạch dung dịch dextrose 50%, những thuốc nào khác có thể được tiêm tĩnh mạch bổ sung cách 3 giờ/lần và cần lưu ý điều gì về theo dõi glucose huyết?"
../raw_data/wavs/voice-0429.wav,"Theo cơ chế dược lý, Naloxone là chất đối kháng cạnh tranh tại các thụ thể opiat, vậy thuốc này có ái lực cụ thể cao nhất đối với loại thụ thể nào trong hệ thần kinh trung ương?"
../raw_data/wavs/voice-0430.wav,"Nếu bệnh nhân có polyp đại tràng adenomatous và đang dùng aspirin liều thấp để phòng ngừa tim mạch, nguy cơ tương tác nào tồn tại khi chỉ định đồng thời olsalazine?"
../raw_data/wavs/voice-0431.wav,"Ngoài các phản ứng tại chỗ tiêm, những bất thường nào về huyết áp (hạ huyết áp tư thế) hoặc niêm mạc (viêm họng hạt) được ghi nhận là các phản ứng phụ ít gặp của Omalizumab?"
../raw_data/wavs/voice-0432.wav,"Tương tác dược lý giữa Pentoxifylline và Cimetidin dẫn đến sự biến đổi động học nào, và cơ chế hóa học hay enzym học nào ở mức độ ty thể hay hệ thống Cytochrome P450 giải thích cho sự tăng nồng độ huyết thanh của Pentoxifylline trong tương tác này?"
../raw_data/wavs/voice-0433.wav,"Dựa trên cơ chế quang học, hoạt chất Fluorescein phát huỳnh quang màu xanh lục khi nào?"
../raw_data/wavs/voice-0434.wav,Tenofovir Disoproxil Fumarate chống chỉ định tuyệt đối đối với những đối tượng bệnh nhân nào?
../raw_data/wavs/voice-0435.wav,"Nếu broxuridine có sẵn dưới dạng viên nén phủ agar, tại sao chỉ số nồng độ đỉnh trong máu lại không được ghi nhận và giảm một nửa so với dạng viên nén thường?"
../raw_data/wavs/voice-0436.wav,Nguyên nhân cơ sinh lý nào giải thích tại sao bệnh nhân nhi lại có nguy cơ cao hơn người lớn trong tình trạng nhiễm độc toàn thân khi dùng Diflorasone quá liều?
../raw_data/wavs/voice-0437.wav,"Tại sao liều lượng prilocaine tiêm tủy sống (spinal anesthesia) quy chuẩn cho người lớn (40-60mg) lại không thể áp dụng cho bệnh nhân suy gan/suy thận nặng, và cần điều chỉnh theo hướng nào?"
../raw_data/wavs/voice-0438.wav,Phloroglucinol ức chế sự cảm thụ đau ở nội tạng thông qua cơ chế nào trên tế bào cơ trơn?
../raw_data/wavs/voice-0439.wav,Tại sao cần giám sát nồng độ Transaminase (ALAT/ASAT) thường xuyên hơn ở bệnh nhân nữ có số lượng tế bào CD4 > 250 tế bào/mm³ khi bắt đầu điều trị?
../raw_data/wavs/voice-0440.wav,Hãy liệt kê các chỉ định lâm sàng chính của protease trong bối cảnh bệnh lý suy tụy ngoại tiết.
../raw_data/wavs/voice-0441.wav,"Tại sao sulfonylurê như glyburide được cảnh báo là có thể qua nhau thai gây hạ glucose huyết ở trẻ sơ sinh, và cơ chế nào khiến insulin trở thành lựa chọn thay thế bắt buộc trong thai kỳ thay vì tiếp tục dùng glyburide?"
../raw_data/wavs/voice-0442.wav,Liều triclabendazole cho một bệnh nhân 40kg trong điều trị sán lá gan (10 mg/kg) nếu không thể chia chính xác viên thuốc?
../raw_data/wavs/voice-0443.wav,"Tại sao các nghiên cứu trên động vật về Cabozantinib được trích dẫn như một cơ sở để cảnh báo chống chỉ định sử dụng thuốc ở phụ nữ mang thai, bất chấp việc thiếu dữ liệu lâm sàng trực tiếp trên người?"
../raw_data/wavs/voice-0444.wav,"Về mặt lâm sàng, tại sao suy gan hoặc suy thận tiền sử không được coi là yếu tố bắt buộc phải điều chỉnh liều Omalizumab, và cơ chế dược động học nào (liên quan đến hệ thống nội mô dạng lưới) biện minh cho kết luận này?"
../raw_data/wavs/voice-0445.wav,Altretamine được chỉ định điều trị giảm nhẹ cho loại ung thư buồng trứng nào cụ thể? Đâu là phác đồ hóa trị đầu tay được đề cập để xác định tiêu chuẩn chăm sóc trước khi sử dụng Altretamine?
../raw_data/wavs/voice-0446.wav,Mangan gluconate có tương tác nghiêm trọng hay trung bình với các loại thuốc nào khác ngoài các chế phẩm chứa Canxi và Sắt?
../raw_data/wavs/voice-0447.wav,"Trong trường hợp bệnh nhân quên không uống một liều isosorbide và thời điểm nhớ ra đã gần với liều kế tiếp, cơ chế xử trí theo quy trình dược điển nhằm tránh nguy cơ tích lũy thuốc quá mức là gì?"
../raw_data/wavs/voice-0448.wav,"Giải thích cơ chế phân tử tại sao Probenecid, một thuốc được đào thải qua ống thận tích cực, làm tăng nồng độ Penciclovir trong huyết tương khi dùng đồng thời với Famciclovir?"
../raw_data/wavs/voice-0449.wav,Tại sao Ofloxacin lại không được khuyến cáo cho trẻ em dưới 18 tuổi?
../raw_data/wavs/voice-0450.wav,"Ngoài các bệnh lý tim mạch, Hydroxychloroquine còn gây độc tính nghiêm trọng nào đối với hệ cơ xương khi sử dụng dài hạn?"
../raw_data/wavs/voice-0451.wav,"Dựa trên khả năng đi qua nhau thai và phát hiện trong máu dây rốn, cơ chế nào biện minh cho việc chỉ định 'thận trọng nếu lợi ích nhiều hơn nguy cơ' thay vì chống chỉ định hoàn toàn?"
../raw_data/wavs/voice-0452.wav,Sự khác biệt về sinh khả dụng và thời gian đạt nồng độ tối đa (Tmax) của Tiagabine giữa việc dùng lúc đói và dùng cùng thức ăn là gì?
../raw_data/wavs/voice-0453.wav,Tại sao Cefadroxil không được chuyển hóa trong gan mà vẫn cần điều chỉnh liều ở bệnh nhân suy thận?
../raw_data/wavs/voice-0454.wav,"Guaifenesin bị thủy phân trong máu, nhưng tại sao xét nghiệm acid vanilylmandelic trong nước tiểu lại cho kết quả dương tính giả?"
../raw_data/wavs/voice-0455.wav,"Với liều lượng Omalizumab quy định không phụ thuộc vào nồng độ IgE trong huyết thanh cho bệnh nhân mề đay tự phát mãn tính, liều khuyến cáo là bao nhiêu mg và tần suất tiêm dưới da?"
../raw_data/wavs/voice-0456.wav,"Trong vòng bao lâu tính từ thời điểm uống liều Thiamazol 60 mg, nồng độ đỉnh trong huyết tương của người khỏe mạnh đạt được, và giá trị nồng độ đỉnh này là bao nhiêu microgam/ml?"
../raw_data/wavs/voice-0457.wav,"Để tối ưu hóa sinh khả dụng và giảm tác dụng không mong muốn ở đường tiêu hóa, bệnh nhân nên uống Pefloxacin vào thời điểm nào so với bữa ăn và liều tấn công ban đầu (nếu cần) là bao nhiêu?"
../raw_data/wavs/voice-0458.wav,"Theo các báo cáo quá liều, Tiagabine có ngưỡng an toàn cao như thế nào nếu không có trường hợp tử vong nào được ghi nhận ngay cả khi liều dùng lên đến 720 mg?"
../raw_data/wavs/voice-0459.wav,"Trong bối cảnh không có dữ liệu dược động học đầy đủ (hấp thu, phân bố, chuyển hóa, thải trừ), những bằng chứng nào từ các thử nghiệm lâm sàng hạn chế cho thấy sự an toàn của Kinetin khi dùng qua đường uống?"
../raw_data/wavs/voice-0460.wav,"Dựa trên cơ chế dược lý, telbivudine-5'-triphosphate ức chế HBV DNA polymerase thông qua tương tác gì với thymidine 5'-triphosphate, và cơ chế chấm dứt chuỗi DNA xảy ra như thế nào?"
../raw_data/wavs/voice-0461.wav,Bệnh nhân có tiền sử phẫu thuật nội soi tiết niệu tại sao bị chống chỉ định sử dụng Acetic acid dưới bất kỳ hình thức nào?
../raw_data/wavs/voice-0462.wav,"Nếu xảy ra quá liều docusate dẫn đến hội chứng mất nước nghiêm trọng, cơ chế sinh lý bệnh nào gây ra tình trạng tiêu chảy và cần được điều trị bằng biện pháp nào?"
../raw_data/wavs/voice-0463.wav,"Theo cơ chế dược lực học, tại sao Pefloxacin lại có hiệu quả điều trị cao đối với các nhiễm khuẩn do vi khuẩn Gram âm và tụ cầu nhạy cảm, nhưng lại chống chỉ định khi nghi ngờ nhiễm liên cầu khuẩn hoặc phế cầu khuẩn?"
../raw_data/wavs/voice-0464.wav,"Trong phẫu thuật Lidocaine, người ta có quan sát thấy những tác dụng có hại nào đối với người mẹ?"
../raw_data/wavs/voice-0465.wav,So sánh về đặc điểm chuyển hóa và sinh khả dụng giữa hai dạng Morphine sulfate giải phóng tức thời và giải phóng chậm?
../raw_data/wavs/voice-0466.wav,"Tại sao prilocaine lại chống chỉ định tiêm vào tĩnh mạch (IV) ngay cả khi thuốc có liên kết protein huyết tương thấp (55%), khác biệt với các thuốc mê nhóm barbiturate?"
../raw_data/wavs/voice-0467.wav,"Trong quá trình xử lý Ammonium Polyacryloyldimethyl Taurate ở nồng độ cao, tại sao việc sử dụng xà phòng và nước nóng được khuyến nghị nếu không có nước sạch?"
../raw_data/wavs/voice-0468.wav,"Thông tin về dược động học và liều lượng alprostadil ở nhóm đối tượng trẻ em chưa có thông tin, điều này dẫn đến hệ lụy nào cần lưu ý?"
../raw_data/wavs/voice-0469.wav,"Trong trường hợp quá liều Pefloxacin cấp tính, phương pháp loại bỏ thuốc nào được đề cập là không hiệu quả và bệnh nhân cần được điều trị theo hướng nào?"
../raw_data/wavs/voice-0470.wav,Điều gì quyết định việc Mycophenolate mofetil là chất ức chế enzym inosine monophosphate dehydrogenase (IMPDH) không cạnh tranh?
../raw_data/wavs/voice-0471.wav,"Nếu bệnh nhân quên dùng một liều Clorazepat nhưng thời điểm nhớ ra đã rất gần với liều kế tiếp, tại sao không được uống gấp đôi liều và cơ chế nguy hiểm tiềm ẩn của việc này là gì?"
../raw_data/wavs/voice-0472.wav,"Việc sử dụng Cabozantinib ở phụ nữ đang cho con bú có được phép không, và nếu không, thời gian cai sữa (bắt buộc) sau khi ngừng liệu trình được khuyến cáo là bao lâu?"
../raw_data/wavs/voice-0473.wav,Chế phẩm Miconazole dạng kem bôi âm đạo hoặc viên đặt âm đạo có khả năng làm hỏng các sản phẩm nào?
../raw_data/wavs/voice-0474.wav,"Thời gian bán thải của Pivampicillin trong huyết tương là bao lâu, và cơ quan chính nào chịu trách nhiệm cho quá trình thải trừ dược chất này?"
../raw_data/wavs/voice-0475.wav,Cần có biện pháp xử trí thay thế như thế nào đối với trẻ sinh non (thai < 27 tuần) nếu trẻ nhổ hoặc trớ ra hầu hết lượng vắc-xin Rotavirus đã uống vào?
../raw_data/wavs/voice-0476.wav,"Trong mô hình dược động học, hệ số thể tích phân bố (Vd) của Pemetrexed ở trạng thái ổn định là bao nhiêu và t tỷ lệ liên kết với protein huyết tương của thuốc này là bao nhiêu phần trăm?"
../raw_data/wavs/voice-0477.wav,"Trong bối cảnh dài hạn, việc sử dụng Diflorasone trên diện tích da lớn hoặc dưới lớp băng kín làm tăng nguy cơ bệnh lý gì ở mắt?"
../raw_data/wavs/voice-0478.wav,"Ngoài việc nuốt nguyên viên Cabozantinib không được nghiền nát, bệnh nhân còn cần tuân thủ chế độ ăn uống như thế nào để tối ưu hóa hiệu quả điều trị?"
../raw_data/wavs/voice-0479.wav,"Trong bảng so sánh các dạng muối Canxi, sự chênh lệch hàm lượng canxi nguyên tố giữa Canxi Cacbonat và các dạng Canxi Gluconat hay Canxi Lactat có ảnh hưởng như thế nào đến hiệu quả bổ sung?"
../raw_data/wavs/voice-0480.wav,"Nếu bệnh nhân không thể dung nạp việc truyền Gemcitabine truyền thống 1 lần/tuần do hạ huyết áp và triệu chứng giống cúm, chiến lược thay thế nào về liều lượng và tần suất có thể được cân nhắc?"
../raw_data/wavs/voice-0481.wav,"Tại sao Milrinone bị chống chỉ định tuyệt đối ở bệnh nhân đang điều trị bằng Inamrinon, và sự tương đồng về cấu trúc hóa học nào giữa hai hoạt chất này dẫn đến nguy cơ tương tác này?"
../raw_data/wavs/voice-0482.wav,Carbamazepine có thể gây ra một số bất thường về huyết học. Hãy nêu tên các loại rối loạn tạo máu (từ giảm tế bào máu đến các bệnh lý hệ bạch huyết) được liệt kê là hiếm gặp trong văn bản.
../raw_data/wavs/voice-0483.wav,Triclabendazole là một hợp chất benzimidazole; cơ chế hoạt động của nó chống lại giun sán Fasciola bao gồm những sự gián đoạn chuyển hóa nào cụ thể?
../raw_data/wavs/voice-0484.wav,"Nếu một bệnh nhân bỏ lỡ liều telbivudine và nhận ra điều đó sau 3 giờ 30 phút, họ có thể dùng liều đã quên hay không?"
../raw_data/wavs/voice-0485.wav,"Diiodohydroxyquinoline được chuyển hóa ở gan, nhưng tại sao thuốc lại chống chỉ định tuyệt đối ở bệnh nhân có tiền sử bệnh gan, ngay cả khi chỉ định điều trị là nhiễm amip đường ruột?"
../raw_data/wavs/voice-0486.wav,"Tại sao cần phải điều chỉnh liều bổ sung cho bệnh nhân đang thẩm tách máu đang dùng Nevirapine, và cơ chế loại bỏ thuốc của quá trình này là gì?"
../raw_data/wavs/voice-0487.wav,"Một trong những tác dụng phụ thường gặp nhất của Nilutamide được đề cập là gì, đặc biệt liên quan đến khả năng thích nghi của hệ thống thị giác trong điều kiện ánh sáng thay đổi?"
../raw_data/wavs/voice-0488.wav,"Hành động cụ thể nào nên được thực hiện nếu một bệnh nhân bỏ lỡ một liều glyburide, và ranh giới nào quyết định việc uống bù liều hay bỏ qua liều đó?"
../raw_data/wavs/voice-0489.wav,"Khi acid ursodeoxycholic được chỉ định để làm tan sỏi mật cholesterol, bệnh nhân cần tuân thủ những biện pháp chẩn đoán hình ảnh nào và trong khoảng thời gian nào để đánh giá hiệu quả điều trị cũng như phát hiện sớm tình trạng vôi hóa sỏi?"
../raw_data/wavs/voice-0490.wav,Việc điều chỉnh liều(Ofloxacin) cho bệnh nhân suy thận không chỉ dựa vào khoảng cách giữa các liều dùng mà còn liên quan đến chỉ số sinh hóa nào?
../raw_data/wavs/voice-0491.wav,"Nếu một bệnh nhân lỡ uống một liều propantheline bị quên và gần tới liều kế tiếp, tại sao tài liệu hướng dẫn lại cấm tuyệt đối việc uống gấp đôi liều đã quy định, liên quan đến khoảng cách thời gian bán thải 1.6 giờ của thuốc?"
../raw_data/wavs/voice-0492.wav,Tại sao Hydroxychloroquine không có hiệu quả đối với các chủng P. falciparum đã kháng Chloroquine?
../raw_data/wavs/voice-0493.wav,"Tại sao miếng giấy iốt cadexomer hoặc gel iốt cadexomer được chỉ định là 'không khuyến cáo' cho phụ nữ có thai và cho con bú, nhưng các dung dịch iốt cồn 2% hoặc 7% tại chỗ vẫn được sử dụng dưới sự thận trọng?"
../raw_data/wavs/voice-0494.wav,"Phân loại tần suất xuất hiện của các phản ứng dị ứng da như hồng ban đa dạng, phù lưỡi và phù mặt đối với Racecadotril được ghi nhận như thế nào trong văn bản?"
../raw_data/wavs/voice-0495.wav,"Mặc dù thông tin cụ thể về cách xử lý khi quá liều Kinetin ở người chưa có, những dữ liệu nào từ nghiên cứu trên động vật gặm nhấm có thể giúp đánh giá nguy cơ độc tính cấp tính?"
../raw_data/wavs/voice-0496.wav,"Trong bối cảnh dược động học, tại sao việc bỏ qua liều Guaifenesin đã quên và tiếp tục lịch trình bình thường lại là chiến lược tối ưu thay vì uống bù?"
../raw_data/wavs/voice-0497.wav,"Văn bản chỉ ra rằng nên tránh sử dụng đồng thời Adapalene với các thuốc có phương thức hoạt động tương tự, nhưng lại cho phép sử dụng Benzoyl Peroxide (lên đến 10%) vào buổi sáng khi dùng Adapalene vào ban đêm. Hãy phân tích cơ chế hóa học và sinh học tại sao sự kết hợp này lại được dung nạp và hiệu quả, trong khi sự kết hợp với các retinoid khác lại bị cấm?"
../raw_data/wavs/voice-0498.wav,"Khi chỉ định Thiamazol cho phụ nữ mang thai ở 3 tháng cuối thai kỳ, thông điệp nào từ văn bản cho thấy nguy cơ giảm năng giáp ở thai nhi?"
../raw_data/wavs/voice-0499.wav,"Cơ chế nào gây giảm sinh khả dụng của Pefloxacin khi dùng đồng thời với các muối sắt, kẽm hoặc các thuốc chứa nhôm, magnesi, và thời gian cách liều tối thiểu được khuyến cáo là bao lâu?"
../raw_data/wavs/voice-0500.wav,"Trong 3 tháng đầu thai kỳ, biến chứng cụ thể nào đã được báo cáo liên quan đến việc sử dụng Pentamidine?"
../raw_data/wavs/voice-0501.wav,"Nếu bệnh nhân sử dụng Kinetin tại chỗ để chống lão hóa da nhưng gặp phải tình trạng bong tróc và châm chích, cơ chế nào đượccho là nguyên nhân của các tác dụng phụ này?"
../raw_data/wavs/voice-0502.wav,Thời điểm tối đa để bệnh nhân dùng lại một liều telbivudine đã quên sau khi lịch trình bình thường đã trôi qua là bao lâu?
../raw_data/wavs/voice-0503.wav,"Trong bối cảnh bệnh Pompe là một rối loạn dự trữ lysosome, cơ chế hoạt động thay thế enzyme (ERT) của Alglucosidase alfa cụ thể là gì và điều gì ngăn cản enzym này thâm nhập vào hệ thần kinh trung ương?"
../raw_data/wavs/voice-0504.wav,"Tại sao phụ nữ cho con bú cần ngừng cho trẻ bú trong 7 ngày sau khi sử dụng Fluorescein toàn thân, và chất chuyển hóa nào được tìm thấy trong sữa mẹ?"
../raw_data/wavs/voice-0505.wav,"Căn cứ vào phân loại thai kỳ Loại C được đề cập, tại sao Antihemophilic Factor, Human Recombinant vẫn được sử dụng cho phụ nữ mang thai bất chấp việc không có dữ liệu độc tính phát triển ở động vật và không có dữ liệu ở phụ nữ mang thai?"
../raw_data/wavs/voice-0506.wav,"Cơ chế sinh bệnh học nào giải thích tại sao việc sử dụng Racecadotril lại chống chỉ định tuyệt đối ở những bệnh nhân đang điều trị bằng các thuốc ức chế men chuyển angiotensin (captopril, enalapril, lisinopril...), bất chấp thực tế là Loperamide không làm thay đổi hoạt động của các thuốc này?"
../raw_data/wavs/voice-0507.wav,"Ngoại trừ vô niệu và hôn mê gan, metolazone chống chỉ định tuyệt đối đối với những bệnh nhân nào khác?"
../raw_data/wavs/voice-0508.wav,Phân loại thai kỳ của Ciclesonide theo FDA là gì?
../raw_data/wavs/voice-0509.wav,"Tại sao việc tiêm Atracurium quá nhanh có thể làm tăng nguy cơ giải phóng histamin gây hạ huyết áp, và cơ chế dược lý học nào giải thích cho hiệu quả của các thuốc kháng histamine trong bối cảnh này?"
../raw_data/wavs/voice-0510.wav,Tại sao docusate ở dạng dung dịch uống (không phải siro) cần được pha loãng với 120 ml sữa hoặc nước trái cây trước khi dùng?
../raw_data/wavs/voice-0511.wav,"Khi một bệnh nhân bị suy thận có độ thanh thải creatinin từ 20 đến 39 ml/phút đang điều trị ung thư buồng trứng bằng Topotecan đơn trị liệu, cần áp dụng phác đồ liều lượng cụ thể nào để đảm bảo an toàn?"
../raw_data/wavs/voice-0512.wav,"Nếu một bệnh nhân trưởng thành mắc sai lầm uống một liều Racecadotril duy nhất vượt quá 2 gram (tương đương 20 liều điều trị), cần phải áp dụng quy trình xử trí y tế cụ thể nào dựa trên các dữ liệu độc tính hiện có?"
../raw_data/wavs/voice-0513.wav,Vai trò của chất chuyển hóa furfural trong quá trình hình thành và hoạt động sinh học của Kinetin trong cơ thể người được mô tả như thế nào?
../raw_data/wavs/voice-0514.wav,"Ciclesonide là một tiền dược (prodrug), vậy cơ chế sinh hoạt tính đặc hiệu tại niêm mạc mũi của nó dựa trên quá trình thủy phân bởi esterase để giải phóng chất chuyển hóa nào, và chất chuyển hóa này có ái lực với thụ thể glucocorticoid cao hơn hợp chất gốc bao nhiêu lần?"
../raw_data/wavs/voice-0515.wav,"Nếu một liều thuốc diiodohydroxyquinoline bị quên và bệnh nhân không nhớ ra cho đến khi sắp đến giờ của liều tiếp theo, việc tuân thủ nghiêm ngặt nguyên tắc 'không gấp đôi liều' có xung đột với mức độ kháng khuẩn rộng hay không?"
../raw_data/wavs/voice-0516.wav,"Chất chuyển hóa O-desmethyl gefitinib được hình thành thông qua hoạt động của hai isozyme P450 nào, và hoạt tính ức chế sinh học của nó so với thuốc mẹ gefitinib được đánh giá như thế nào?"
../raw_data/wavs/voice-0517.wav,"Trong tương tác dược lý, cơ chế nào khiến Calcium phosphate dihydrate làm tăng độc tính tim mạch của các glycosid digitalis, và vai trò của kênh Na+-K+-ATPase trong quá trình này là gì?"
../raw_data/wavs/voice-0518.wav,Chất chuyển hóa có hoạt tính chính của Racecadotril sau quá trình thủy phân là gì và tỷ lệ gắn kết của chất này với protein huyết tương (chủ yếu là albumin) là bao nhiêu?
../raw_data/wavs/voice-0519.wav,"Khi điều trị metolazone, cần phải theo dõi những chỉ số điện giải nào trong huyết thanh?"
../raw_data/wavs/voice-0520.wav,"Trong bối cảnh chưa có bằng chứng về chuyển hóa hoạt chất, eflornithine được bài tiết ra khỏi cơ thể chủ yếu dưới dạng nào và qua đường nào?"
../raw_data/wavs/voice-0521.wav,"Mặc dù chống chỉ định chính là quá mẫn với Atracurium Besylate, tại sao bệnh nhân có tiền sử phản ứng phản vệ với các thuốc ức chế thần kinh cơ khác (phong bế thần kinh cơ) vẫn cần được theo dõi thận trọng?"
../raw_data/wavs/voice-0522.wav,"Cơ chế nào làm tăng nguy cơ tử vong khi Sufentanil được chỉ định đồng thời với Benzodiazepine, và cần theo dõi dấu hiệu lâm sàng nào đặc hiệu?"
../raw_data/wavs/voice-0523.wav,"Ngoài các chỉ định điển hình như còi xương và loãng xương, Calcium phosphate dihydrate được chỉ định như một liệu pháp h hỗ trợ quan trọng nào khác trong điều trị các bệnh lý chuyển hóa?"
../raw_data/wavs/voice-0524.wav,Tại sao việc sử dụng Pentamidine đường hít có thể gây co thắt phế quản ở những bệnh nhân có tiền sử hen suyễn?
../raw_data/wavs/voice-0525.wav,"Trong chỉ định phù do suy tim sung huyết, metolazone được khuyến cáo sử dụng liều khởi đầu bao nhiêu? Đâu là cơ sở dược lý để chọn liều này?"
../raw_data/wavs/voice-0526.wav,"Nếu một bệnh nhân đang dùng Loteprednol etabonate kết hợp với thiazide, cơ chế dược lý học nào có thể làm tăng nguy cơ mất cân bằng điện giải?"
../raw_data/wavs/voice-0527.wav,"Mô tả chi tiết cơ chế dược lý của guanethidine tại synap thần kinh giao cảm sau hạch: thuốc ức chế quá trình nào cụ thể trong vòng đời của noradrenalin (tái hấp thu, dự trữ hay giải phóng) và tại sao nó không ảnh hưởng đến tuyến thượng thận?"
../raw_data/wavs/voice-0528.wav,"Nếu một bệnh nhân quên dùng một liều Pivampicillin 500mg và nhận ra ngay trước khi đến giờ dùng liều tiếp theo, họ nên làm gì?"
../raw_data/wavs/voice-0529.wav,"Sau khi dùng liều lặp lại 400 mg/12 giờ, nồng độ tối đa trong huyết thanh và thời gian bán thải của Pefloxacin lần lượt là bao nhiêu?"
../raw_data/wavs/voice-0530.wav,"Trong bối cảnh không có báo cáo cụ thể về xử trí quá liều isosorbide, các biểu hiện lâm sàng nào của tăng áp lực thẩm thấu huyết thanh (như tăng natri huyết) cần được theo dõi sát sao?"
../raw_data/wavs/voice-0531.wav,"Để đảm bảo sự tuân thủ điều trị và an toàn dược lý, bệnh nhân cần làm gì nếu họ nhận ra mình đã bỏ qua một liều bôi Diflorasone và thời điểm đó gần sát với liều kế tiếp?"
../raw_data/wavs/voice-0532.wav,"Nếu một bệnh nhân đang điều trị với liều 4000 mg/ngày và xuất hiện tình trạng kích động, run tay toàn thân và khô miệng, đây có phải là dấu hiệu điển hình của quá liều Metyrosine không và cách xử trí?"
../raw_data/wavs/voice-0533.wav,Nồng độ đỉnh trung bình trong huyết thanh sau 6 lần bôi hàng ngày điều trị nấm Candida ở âm hộ - âm đạo là bao nhiêu?
../raw_data/wavs/voice-0534.wav,"Tại sao Altretamine lại chống chỉ định tuyệt đối ở những bệnh nhân có tiền sử suy tủy xương nghiêm trọng, ngay cả khi thuốc này được chỉ định điều trị ung thư?"
../raw_data/wavs/voice-0535.wav,Hoạt chất Pefloxacin mesylat có cấu trúc liên quan đến kháng sinh nào và cơ chế diệt khuẩn nào (tác động lên enzym DNA gyrase) mà nó sử dụng để ức chế quá trình sửa chữa chuỗi DNA của vi khuẩn?
../raw_data/wavs/voice-0536.wav,"Dựa trên dữ liệu dược lực học, tại sao Racecadotril được đánh giá là an toàn hơn opioid đối với nguy cơ táo bón và các biến chứng tiêu hóa khác?"
../raw_data/wavs/voice-0537.wav,Tương tác giữa metolazone và thuốc chống đông máu có thể dẫn đến hệ quả gì?
../raw_data/wavs/voice-0538.wav,"Về mặt liều lượng, tại sao Guaifenesin được khuyến cáo là không an toàn cho trẻ em dưới 4 tuổi, và cơ chế nào dẫn đến các báo cáo ngộ độc có thể gây tử vong?"
../raw_data/wavs/voice-0539.wav,"Tại sao guanethidine được chống chỉ định tuyệt đối trong 3 tháng đầu thai kỳ và ít nhất 2 tuần trước khi sinh, liên quan đến trọng lượng phân tử 296 Dalton của thuốc đối với hệ tiêu hóa của trẻ sơ sinh?"
../raw_data/wavs/voice-0540.wav,Chỉ định điều trị Hydroxychloroquine ở trẻ em bị sốt rét có điểm gì khác biệt về phác đồ liều tấn công so với người lớn?
../raw_data/wavs/voice-0541.wav,"Trong trường hợp bệnh nhân cần thiết phải điều trị đồng thời với thuốc kháng acid chứa aluminum hydroxide hoặc magnesium hydroxide, thời gian cách ly tối thiểu giữa hai loại thuốc này và ledipasvir/sofosbuvir là bao lâu để đảm bảo hiệu quả hấp thu?"
../raw_data/wavs/voice-0542.wav,Phân tích cơ chế sinh bệnh học giải thích tại sao việc sử dụng triazolam trong những tuần cuối của thai kỳ có thể gây ra tình trạng suy nhược thần kinh trung ương ở trẻ sơ sinh?
../raw_data/wavs/voice-0543.wav,Cơ sở dược động học nào giải thích cho việc sinh khả dụng đường uống của Ketotifen chỉ đạt khoảng 50% dù hấp thu qua đường tiêu hóa tốt (>60%)?
../raw_data/wavs/voice-0544.wav,"Điều gì xảy ra với sinh khả dụng toàn thân của Loteprednol etabonate nếu một bệnh nhân nuốt phải thuốc, và cần hành động gì?"
../raw_data/wavs/voice-0545.wav,"Omalizumab có được chỉ định để điều trị các cơn hen kịch phát cấp tính hay co thắt phế quản cấp tính không, và dựa trên đặc điểm nào của cơ chế dược lực học (liên kết IgE tự do) mà chống chỉ định này được đưa ra?"
../raw_data/wavs/voice-0546.wav,Thiamazol ức chế quá trình tổng hợp hormon tuyến giáp bằng cách làm thay đổi phản ứng kết hợp iodid đã được oxy hóa vào gốc tyrosin của phân tử thyroglobulin và phản ứng nào khác?
../raw_data/wavs/voice-0547.wav,"Tại sao rifampicin bị chống chỉ định khi sử dụng đồng thời với ledipasvir/sofosbuvir, và cơ chế dược lý học nào giải thích cho sự tương tác này?"
../raw_data/wavs/voice-0548.wav,Chỉ định sử dụng isosorbide trong phẫu thuật mắt và điều trị glaucom cấp tính dựa trên cơ chế nào làm thay đổi áp lực dịch trong các khoang của mắt?
../raw_data/wavs/voice-0549.wav,Thời gian bán thải (half-life) của Ketotifen trong giai đoạn thải trừ được xác định là bao lâu?
../raw_data/wavs/voice-0550.wav,"Dựa trên cơ chế chuyển hóa ở gan, tại sao Metronidazole lại gây ảnh hưởng đến kết quả xét nghiệm định lượng các men gan như ALT và AST, và cơ chế hóa học nào ở dưới bước sóng?"
../raw_data/wavs/voice-0551.wav,"Tại sao Cefoxitin được phân loại là kháng sinh cephalosporin thế hệ 2 nhưng lại có phổ kháng khuẩn bao gồm cả vi khuẩn kỵ khí Gram âm (đặc biệt là Bacteroides fragilis), trong khi nhiều cephalosporin thế hệ 2 khác thường kém hiệu quả hơn?"
../raw_data/wavs/voice-0552.wav,"Khi so sánh sinh khả dụng giữa hai dạng bào chế đường uống của Cyclosporine là dạng thông thường và dạng nhũ tương, cần lưu ý gì để đảm bảo an toàn và hiệu quả điều trị?"
../raw_data/wavs/voice-0553.wav,"Trên phương diện dược lý, cơ chế hoạt động của Sargramostim liên quan đến việc kích hoạt các ký hiệu truyền tin nào bên trong tế bào đích?"
../raw_data/wavs/voice-0554.wav,"Dựa trên các báo cáo nghiên cứu lâm sàng về tính an toàn của Calcium ascorbate, một bệnh nhân bị huyền đề cơ thể (thalassemia) hoặc thiếu máu tán huyết do thiếu G6PD cần xử lý ra sao nếu họ lỡ uống quá một liều?"
../raw_data/wavs/voice-0555.wav,"Ngoài các phản ứng dị ứng thông thường, những tổn thương biểu mô nhiễm độc nghiêm trọng nào có thể là tác dụng phụ hiếm gặp của Cefadroxil?"
../raw_data/wavs/voice-0556.wav,Thể tích phân bố (Volume of distribution) của Gadobenic acid ở nhóm đối tượng bệnh nhân nào cao hơn đáng kể so với người lớn?
../raw_data/wavs/voice-0557.wav,"Ngoài việc tuân thủ lịch tiêm truyền tĩnh mạch 20 mg/kg mỗi 2 tuần, hướng dẫn cụ thể nào về việc khởi tạo tốc độ truyền ban đầu và tốc độ tối đa cho Alglucosidase alfa phải được tuân thủ để giảm thiểu nguy cơ?"
../raw_data/wavs/voice-0558.wav,Phương pháp điều trị đặc hiệu nhất khi bệnh nhân bị quá liều docusate là gì?
../raw_data/wavs/voice-0559.wav,"Bệnh nhân bị suy thận có độ thanh thải creatinin (Clcr) ở mức 20 ml/phút được chỉ định liều duy trì Milrinone bao nhiêu để tránh tích lũy thuốc, và cơ chế thải trừ nào của Milrinone dẫn đến yêu cầu điều chỉnh liều này?"
../raw_data/wavs/voice-0560.wav,"Tại sao liều lượng khởi đầu đối với bệnh nhân cao tuổi (0,125 mg) thấp hơn so với người lớn thông thường (0,25 mg), và cơ sở dược lý nào biện minh cho việc điều chỉnh liều này?"
../raw_data/wavs/voice-0561.wav,"Tại sao Diflorasone có thể làm giảm nồng độ của các trung gian hóa học như histamine, kinin và prostaglandin?"
../raw_data/wavs/voice-0562.wav,Liều lượng tối đa hàng ngày được khuyến cáo cho người lớn đối với Metyrosine là bao nhiêu?
../raw_data/wavs/voice-0563.wav,"Nếu Estrone là thuốc cảm ứng enzym cytochrom P450, điều này sẽ ảnh hưởng thế nào đến chuyển hóa của chính nó và các thuốc đồng điều trị?"
../raw_data/wavs/voice-0564.wav,Thiamazol là thuốc kháng giáp thuộc dẫn chất nào và cơ chế ức chế enzym peroxydase của tuyến giáp dẫn đến ngăn cản quá trình nào?
../raw_data/wavs/voice-0565.wav,"So với các phương pháp điều trị khác cho bệnh Pompe, Alglucosidase alfa được phân loại là gì và thuộc nhóm dược lý nào?"
../raw_data/wavs/voice-0566.wav,So sánh cơ chế tác động đặc hiệu lên 2 protein virus khác nhau (NS5A và NS5B) giữa hoạt chất ledipasvir và sofosbuvir trong chế phẩm?
../raw_data/wavs/voice-0567.wav,"Tiền sử dị ứng nghiêm trọng với Eperisone là chống chỉ định tuyệt đối, và bệnh nhân cần được hướng dẫn thế nào về nguy cơ này?"
../raw_data/wavs/voice-0568.wav,"Tại sao rifampicin, một chất cảm ứng enzym CYP3A4, có thể làm giảm nồng độ sunitinib trong huyết tương, và điều này đòi hỏi sự điều chỉnh liều lượng nào?"
../raw_data/wavs/voice-0569.wav,"Nếu một bệnh nhân lỡ bỏ qua một liều Metyrosine và chỉ nhớ ra khi thời điểm uống liều kế tiếp đã rất gần, điều gì cần được thực hiện và tuyệt đối tránh?"
../raw_data/wavs/voice-0570.wav,"Dựa trên cơ chế ức chế COX-1 và COX-2 (Dược lực học) và đặc điểm chuyển hóa (Dược động học), yếu tố nào cấu thành chống chỉ định tuyệt đối của Tolmetin đối với bệnh nhân có tiền sử nhạy cảm aspirin?"
../raw_data/wavs/voice-0571.wav,"Theo khuyến cáo về liều dùng, người lớn từ 19 đến 50 tuổi có nhu cầu bao nhiêu miligam Canxi mỗi ngày từ thực phẩm và thực phẩm bổ sung? Nếu chế độ ăn không cung cấp đủ, cơ chế nào quyết định việc cần thiết phải bổ sung vitamin D?"
../raw_data/wavs/voice-0572.wav,"Nếu bệnh nhân quên uống liều Atorvastatin 20mg vào lúc 8 giờ tối và phát hiện ra lúc 10 giờ đêm, trong khi liều kế tiếp scheduled là 8 giờ tối ngày mai, bệnh nhân nên xử lý như thế nào để đảm bảo an toàn và hiệu quả?"
../raw_data/wavs/voice-0573.wav,"Racecadotril không làm thay đổi cách thức hoạt động của Loperamide và Nifuroxazide khi dùng đồng thời, nhưng loại thuốc nào được coi là có tương tác nguy hiểm cần tránh?"
../raw_data/wavs/voice-0574.wav,"Liệu metolazone có được chuyển hóa đáng kể hay không? Nếu không, hoạt chất này được thải trừ như thế nào?"
../raw_data/wavs/voice-0575.wav,Quá trình chuyển hóa Pantethine trong cơ thể liên quan đến enzyme glutathione reductase xảy ra ở vị trí nào để giải phóng hoạt chất?
../raw_data/wavs/voice-0576.wav,Hậu quả tiềm ẩn nào đối với trương lực và cân bằng điện giải của đại tràng nếu lạm dụng docusate kéo dài?
../raw_data/wavs/voice-0577.wav,"So sánh đặc điểm gắn kết với protein huyết tương và nồng độ thuốc tự do trong dịch khớp của Meloxicam để giải thích tại sao dạng thuốc tự do trong dịch khớp cao gấp 2,5 lần so với trong huyết tương?"
../raw_data/wavs/voice-0578.wav,"Mặc dù liều dung nạp tối đa của Ipilimumab vẫn chưa được xác định chính thức, nhưng các thử nghiệm lâm sàng đã tiêm liều cao nhất bao nhiêu mg/kg cho bệnh nhân mà không ghi nhận tác dụng độc hại rõ ràng?"
../raw_data/wavs/voice-0579.wav,Tại sao Eperisone được chỉ định là chống chỉ định sử dụng ở đối tượng bệnh nhi em?
../raw_data/wavs/voice-0580.wav,"Khi chỉ định Lomefloxacin cho bệnh nhân suy thận có độ thanh thải creatinine từ 10 đến 40 mL/phút, phác đồ liều lượng cụ thể nào (bao gồm liều nạp và liều duy trì) phải được tuân thủ?"
../raw_data/wavs/voice-0581.wav,Liều Indomethacin tối đa cho điều trị viêm cột sống dính khớp ở người lớn là bao nhiêu mg mỗi ngày?
../raw_data/wavs/voice-0582.wav,Sự khác biệt về liều lượng Fluorescein khi tiêm tĩnh mạch cho bệnh nhân sử dụng hệ thống hình ảnh độ nhạy cao (kính soi đáy mắt bằng quét laser) so với hệ thống thông thường là gì?
../raw_data/wavs/voice-0583.wav,"Trong trường hợp bệnh nhân quên dùng thuốc vào buổi sáng nhưng lại nhớ ra vào buổi chiều muộn, nên xử trí như thế nào nếu liều kế tiếp đã được lên lịch cho ngày hôm sau?"
../raw_data/wavs/voice-0584.wav,"Điều gì xảy ra với cấu trúc phân tử của Antihemophilic Factor, Human Recombinant (một chuỗi polypeptit đơn) khi nó được hoạt hóa, và sự tương đồng axit amin này mang lại ý nghĩa gì trong cơ chế thay thế?"
../raw_data/wavs/voice-0585.wav,"Giải thích cơ chế dược động học dẫn đến sự đối kháng giữa triazolam và các thuốc ức chế enzym CYP3A4 mạnh, và tại sao điều này dẫn đến nguy cơ ức chế hô hấp kéo dài?"
../raw_data/wavs/voice-0586.wav,"So với các loại thuốc phong bế thần kinh cơ, Chlorphenesin carbamate tác động lên neuron vận động như thế nào?"
../raw_data/wavs/voice-0587.wav,Tại sao Methocarbamol được FDA phân loại vào nhóm C về thai kỳ ngay cả khi thuốc này không có bằng chứng trực tiếp gây quái thai ở người?
../raw_data/wavs/voice-0588.wav,"Nếu nước tiểu của bệnh nhân sau khi tiêm Fluorescein vẫn còn màu vàng, thời gian cần thiết để màu sắc này biến mất hoàn toàn là bao lâu?"
../raw_data/wavs/voice-0589.wav,"Tại sao protease được xếp vào nhóm thuốc có độ an toàn cao cho phụ nữ cho con bú ở mức độ thấp, và cơ chế chuyển hóa nào đảm bảo rằng thuốc không đi vào sữa mẹ?"
../raw_data/wavs/voice-0590.wav,"Cơ chế dược lý nào của triazolam giúp giảm độ trễ khi vào giấc ngủ và kéo dài thời gian ngủ, khác biệt với các thuốc an thần nhóm benzodiazepine có thời gian bán thải dài?"
../raw_data/wavs/voice-0591.wav,"Khi sử dụng Ketotifen dạng thuốc nhỏ mắt, người bệnh có thể gặp phải những bất thường nào về mi mắt?"
../raw_data/wavs/voice-0592.wav,"Meloxicam có cơ chế ức chế COX-2 chỉ gấp 10 lần COX-1, khác biệt này ảnh hưởng thế nào đến nguy cơ tác dụng phụ trên đường tiêu hóa so với các thuốc ức chế chọn lọc COX-2 hoàn toàn?"
../raw_data/wavs/voice-0593.wav,Một bệnh nhân đang dùng Loperamide để kiểm soát tiêu chảy mạn tính đột ngột xuất hiện tình trạng bụng chướng to và táo bón. Điều này gợi ý cơ chế sinh bệnh học nào thuộc về tác dụng dược lý của Loperamide?
../raw_data/wavs/voice-0594.wav,"Trong chỉ định phẫu thuật tuyến giáp do cường giáp, tại sao Thiamazol cần được dùng trước, và cơn nhiễm độc giáp nào có thể xảy ra nếu không kiểm soát tốt?"
../raw_data/wavs/voice-0595.wav,Hoạt chất topotecan dưới dạng topotecan hydrochloride có những dạng bào chế nào?
../raw_data/wavs/voice-0596.wav,Phân tích cơ chế tác dụng kép của Eperisone trên hệ thần kinh trung ương và hệ cơ trơn mạch máu giúp giải thích hiệu quả lâm sàng trong điều trị các chứng co cứng cơ như thế nào?
../raw_data/wavs/voice-0597.wav,"Lý do nào khiến Naloxone được chỉ định để chẩn đoán tình trạng nghiện opiates, và cơ chế sinh triệu chứng cai thuốc do thuốc này gây ra là gì?"
../raw_data/wavs/voice-0598.wav,"Vai trò cụ thể của enzym cytochrome P450 isoenzyme CYP2D6 trong chuyển hóa codeine là gì, và tại sao sự khác biệt về cấu trúc gen của enzym này lại làm cho ái lực của codeine với thụ thể mu-opioid 'rất khác nhau' giữa các bệnh nhân?"
../raw_data/wavs/voice-0599.wav,"Nếu một bệnh nhân lỡ quên bôi kem Eflornithine vào buổi sáng và nhận ra khi đã đến giờ bôi buổi tối theo lịch trình thông thường, họ nên tuân thủ hướng dẫn xử trí nào?"
../raw_data/wavs/voice-0600.wav,Cần theo dõi xét nghiệm nào trước khi điều trị và hàng tuần trong 6 tháng đầu để phát hiện sớm nguy cơ suy tủy hoặc thoái hóa bạch cầu hạt?
../raw_data/wavs/voice-0601.wav,"Tại sao việc sử dụng đồng thời quinidine với codeine lại dẫn đến giảm hoặc mất hoàn toàn tác dụng giảm đau, bất kể nồng độ codeine trong huyết tương có cao hay không?"
../raw_data/wavs/voice-0602.wav,"Vì sao khi sử dụng xét nghiệm đông máu một giai đoạn (one-stage clotting assay) để xác định mức độ hoạt động Yếu tố VIII ở bệnh nhân dùng Antihemophilic Factor, Human Recombinant, bác sĩ lâm sàng bắt buộc phải nhân đôi giá trị thu được để báo cáo?"
../raw_data/wavs/voice-0603.wav,Tổn thương thai nhi nào cụ thể (bên cạnh nứt đốt sống) đã được ghi nhận phổ biến ở trẻ sơ sinh từ các bà mẹ dùng carbamazepine đơn trị liệu trong 3 tháng đầu thai kỳ?
../raw_data/wavs/voice-0604.wav,"Tại sao bệnh nhân sau khi được cấp cứu bằng Naloxone cần phải được theo dõi sát sao trong ít nhất 24 giờ, đặc biệt là ở trẻ em?"
../raw_data/wavs/voice-0605.wav,"Indomethacin có thể che lấp triệu chứng nhiễm khuẩn và làm tăng nguy cơ viêm nhiễm, cơ chế dược lý nào giải thích cho hiện tượng này?"
../raw_data/wavs/voice-0606.wav,"Mặc dù chỉ định điều trị củng cố ung thư biểu mô buồng trứng giai đoạn III của Altretamine chưa được FDA chấp thuận, nhưng thuốc này vẫn được sử dụng trong bối cảnh nào? Đâu là tiêu chí lâm sàng được mô tả?"
../raw_data/wavs/voice-0607.wav,Loại acid nào được phát hiện trong ruột kết như là sản phẩm phân hủy của Pectin sau khi polysaccharide này được khử polymer?
../raw_data/wavs/voice-0608.wav,Thời gian bán thải (half-life) của Racecadotril được xác định dựa trên tiêu chí lâm sàng nào và cơ chế thải trừ nào chiếm ưu thế (>81%) trong việc loại bỏ thuốc ra khỏi cơ thể?
../raw_data/wavs/voice-0609.wav,Hệ quả lâm sàng nào về khả năng dung nạp Paracetamol ở trẻ nhỏ so với người lớn liên quan đến enzym chuyển hóa ở gan?
../raw_data/wavs/voice-0610.wav,"Thận bài tiết bao nhiêu mmol Canxi mỗi ngày và lượng tái hấp thu ở ống thận là bao nhiêu, dẫn đến lượng mất thực trong nước tiểu là bao nhiêu mmol/ngày?"
../raw_data/wavs/voice-0611.wav,"Dựa trên đặc điểm dược động học của Zaleplon, tại sao thuốc này được chỉ định uống ngay trước khi đi ngủ hoặc khi đã đi ngủ nhưng không thể ngủ được, thay vì dùng trước giờ ngủ nhiều giờ?"
../raw_data/wavs/voice-0612.wav,Phân tích cơ chế sinh hóa tại sao Gemcitabine lại có khả năng làm tăng nhạy cảm của các mô với tia xạ (radiation recall reaction) nếu thời gian cách ly giữa hai liệu trình không đủ?
../raw_data/wavs/voice-0613.wav,Mô tả chính xác chỉ định lâm sàng của Alglucosidase alfa trong điều trị bệnh Pompe.
../raw_data/wavs/voice-0614.wav,Đối với bệnh nhân sulfadiazine được chỉ định điều trị dài hạn tại sao cần phải duy trì lượng nước tiểu ít nhất 1200mL/ngày và trong trường hợp nào có thể cân nhắc đến việc kiềm hóa nước tiểu?
../raw_data/wavs/voice-0615.wav,"Đối với trẻ em từ 6 tháng đến 3 tuổi có nhạy cảm với hoạt tính an thần của Ketotifen, chiến lược liều lượng nào được khuyến nghị để giảm thiểu tác dụng phụ này?"
../raw_data/wavs/voice-0616.wav,"Nếu bệnh nhân quên một liều Pefloxacin và thời điểm nhớ ra gần với liều kế tiếp theo lịch trình, họ nên làm gì và có được uống bù liều đã quên không?"
../raw_data/wavs/voice-0617.wav,"Theo quy trình sinh tổng hợp Coenzyme A, Pantethine sẽ được chuyển hóa thành axit pantothenic tự do thông qua hoạt động của enzym nào?"
../raw_data/wavs/voice-0618.wav,Tại sao việc sử dụng docusate đường trực tràng lại bị chống chỉ định ở những bệnh nhân có tiền sử bị nứt hậu môn?
../raw_data/wavs/voice-0619.wav,"Do Alglucosidase alfa là một protein người tái tổ hợp, cơ chế tương tác thuốc nào KHÔNG xảy ra?"
../raw_data/wavs/voice-0620.wav,"Trong bối cảnh theo dõi PK ban đầu, nếu bệnh nhân không thể thực hiện xét nghiệm tạo màu (chromogenic assay) và chỉ có kết quả xét nghiệm đông máu một giai đoạn, làm thế nào để xác định lại giá trị C max (nồng độ huyết tương tối đa) trong bảng tham số PK để đảm bảo tính tương đồng?"
../raw_data/wavs/voice-0621.wav,"Theo các khuyến cáo về dược lý thai kỳ, Pemetrexed có nguy cơ gây quái thai nghiêm trọng nào cho thai nhi, và nguyên tắc quản lý thai nghén đối với phụ nữ đang điều trị bằng thuốc này được hướng dẫn ra sao?"
../raw_data/wavs/voice-0622.wav,"Mặc dù chưa có dữ liệu lâm sàng đầy đủ ở người, những phát hiện nào từ nghiên cứu trên động vật đã củng cố cho cảnh báo rằng sunitinib có thể bài tiết qua sữa mẹ?"
../raw_data/wavs/voice-0623.wav,Hệ quả lâm sàng nào có thể xảy ra đối với hệ thống xương khớp ở bệnh nhân nhi nếu lạm dụng Ofloxacin?
../raw_data/wavs/voice-0624.wav,"Mặc dù không có báo cáo độc tính khi quá liều, cơ chế nào khiến Fluorescein được cho là 'gần như không thể xảy ra tình trạng quá liều'?"
../raw_data/wavs/voice-0625.wav,"Căn cứ vào các chỉ định lâm sàng, Oxycodone dạng phóng thích kéo dài được chỉ định cho loại đau nào và tại sao thuốc không được sử dụng cho các cơn đau dữ dội chỉ có thể kiểm soát bởi opioid?"
../raw_data/wavs/voice-0626.wav,"Phương trình tính toán liều lượng (IU) cho Antihemophilic Factor, Human Recombinant dựa trên công thức Lượng tăng ước tính (IU/dL) = [Tổng liều (IU) / Trọng lượng cơ thể (kg)] × 2, và phương trình này khác biệt thế nào với công thức tính liều thực tế (Liều = WT × Target × 0.5) về mặt toán học?"
../raw_data/wavs/voice-0627.wav,Phân tích mối quan hệ đối lập giữa vai trò là chất cảm ứng enzym CYP3A4 của carbamazepine và tác động của nó lên chuyển hóa của chính thuốc (autometabolism) cũng như các thuốc ức chế beta-adrenergic (một loại thuốc chống loạn nhịp).
../raw_data/wavs/voice-0628.wav,"Cơ chế sinh bệnh học nào khiến Chlorphenesin carbamate chống chỉ định tuyệt đối trên bệnh nhân suy gan, suy thận?"
../raw_data/wavs/voice-0629.wav,Tính toán quan hệ liều lượng - động lực học cho thấy Indomethacin có thể gây suy thận cấp ở trẻ sinh non. Hãy giải thích tại sao việc dùng glucose để pha thuốc tiêm Indomethacin sodium lại bị chống chỉ định dựa trên tính chất lý hóa?
../raw_data/wavs/voice-0630.wav,"Các chỉ định ung thư nào cụ thể được đề cập cho Hydroxyurea khi phối hợp với liệu pháp xạ trị, và thời gian tối thiểu phải uống thuốc trước khi bắt đầu xạ trị là bao lâu?"
../raw_data/wavs/voice-0631.wav,"Triệu chứng đặc hiệu nào phân biệt ngộ độc iốt mãn tính do Sodium iodide với các phản ứng dị ứng thông thường, và cơ chế nào của việc cung cấp 'lượng nước và muối dồi dào' giúp giải quyết tình trạng này?"
../raw_data/wavs/voice-0632.wav,"Ngoài phản ứng dị ứng chéo với hạt điều và hạt dẻ cười, tai nạn nghề nghiệp nghiêm trọng nào có thể xảy ra khi tiếp xúc với bụi Pectin?"
../raw_data/wavs/voice-0633.wav,"Trong bối cảnh dược lý lâm sàng, Riboflavin có thể hữu ích trong điều trị chứng hồng cầu tiểu cầu bình thường (normocytic anemia) đi kèm bệnh chuyển hóa gia đình có thiếu hụt glutathion reductase. Bạn có thể giải thích cơ chế sinh hóa đằng sau việc bổ sung Riboflavin giúp cải thiện tình trạng này không?"
../raw_data/wavs/voice-0634.wav,Chống chỉ định duy nhất được liệt kê cho Perampanel là gì? Điều này có khác biệt cơ bản so với các thuốc chống động kinh khác trong việc kiểm soát các tương tác thuốc tiềm ẩn hay không?
../raw_data/wavs/voice-0635.wav,"Ngoài chỉ định phát hiện tổn thương gan khu trú, Gadobenic acid còn được chỉ định sử dụng trong các loại chụp MRI nào?"
../raw_data/wavs/voice-0636.wav,Tại sao việc Gemcitabine được chuyển hóa thành Uracil không hoạt tính bởi Cytozym Deaminase ở gan lại có ý nghĩa quan trọng trong việc điều chỉnh liều cho bệnh nhân suy gan?
../raw_data/wavs/voice-0637.wav,"Mô tả chi tiết cơ chế dẫn đến hiện tượng ly giải vi khuẩn khi Cefoxitin ức chế Men transpeptidase (PBP), và tại sao quá trình tự phân giải thành tế bào (autolysin) vẫn tiếp tục diễn ra trong khi tổng hợp peptidoglycan bị chặn?"
../raw_data/wavs/voice-0638.wav,Cơ chế sinh sản của virus Rotavirus chủng RIX4414 trong môi trường ruột người có khác biệt gì so với virus hoang dại (wild-type rotavirus) dẫn đến việc nó an toàn hơn?
../raw_data/wavs/voice-0639.wav,Triazolam có thể gây ra tình trạng hay quên; cơ chế retrograde amnesia này xảy ra do ảnh hưởng gì lên hệ thống dẫn truyền thần kinh GABAergic trong não?
../raw_data/wavs/voice-0640.wav,"Đối với phụ nữ mang thai, yohimbine hydrochloride có được chỉ định làm thuốc điều trị rối loạn cương dương hay không?"
../raw_data/wavs/voice-0641.wav,Loperamide có ái dụng với P-glycoprotein (P-gp). Điều này có ý nghĩa gì trong tương tác dược lý khi bệnh nhân sử dụng đồng thời với các thuốc ức chế P-gp?
../raw_data/wavs/voice-0642.wav,"Nếu penicillinase (enzyme beta-lactamase) có mặt, Pivampicillin có còn hiệu quả không, và tại sao Staphylococcus aureus thường không nhạy cảm với loại thuốc này?"
../raw_data/wavs/voice-0643.wav,Khi nào Alglucosidase alfa không nên được sử dụng ở phụ nữ có thai?
../raw_data/wavs/voice-0644.wav,"Ngoài công dụng chính trong chẩn đoán MRI thần kinh trung ương, Gadoteridol còn được chỉ định cho các tổn thương nào khác, và nguyên tắc nào trong quá trình xâm nhập vào mạch máu bất thường cho phép nó visual hóa các tổn thương đó?"
../raw_data/wavs/voice-0645.wav,"Ngoài các tác dụng phụ thường gặp tại chỗ như nóng rát hay ngứa, Amcinonide có thể gây ra những bất thường chuyển hóa và nội tiết nào nếu hấp thu toàn thân, và dấu hiệu lâm sàng nào của tăng huyết áp nội sọ cần được lưu ý?"
../raw_data/wavs/voice-0646.wav,"Tinidazol có tương tác gì với các thuốc chống đông máu loại coumarin, và cơ chế sinh học nào gây ra hiện tượng kéo dài thời gian prothrombin?"
../raw_data/wavs/voice-0647.wav,Tại sao Pantethine được yêu cầu phải ngưng sử dụng ít nhất 2 tuần trước khi phẫu thuật?
../raw_data/wavs/voice-0648.wav,"So với hoạt chất 'triethylenemelamine' được đề cập trong phần cơ chế hoạt động, Altretamine có đặc điểm nào khác biệt về mặt cấu trúc hóa học và khả năng alkyl hóa in vitro?"
../raw_data/wavs/voice-0649.wav,"Xác định nồng độ đỉnh huyết tương (Cmax) của Cefoxitin sau khi tiêm tĩnh mạch liều 2g, và so sánh nó với nồng độ cần thiết để ức chế 50% các chủng vi khuẩn nhạy cảm (MIC50) trung bình của Staphylococcus aureus kháng penicillinase?"
../raw_data/wavs/voice-0650.wav,"Khi Dopamine được sử dụng đồng thời với các thuốc ức chế enzym MAO, cơ chế tương tác dược lý nào xảy ra đòi hỏi phải giảm liều Dopamine xuống 1/10 liều thông thường?"
../raw_data/wavs/voice-0651.wav,"So với các corticosteroid có ái lực cao với thụ thể mineralocorticoid, Amcinonide có đặc điểm dược lực học nào khác biệt về ái lực với các thụ thể steroid khác (progesterone, estrogen, androgen) và điều này có ý nghĩa gì trong việc giảm thiểu tác dụng phụ?"
../raw_data/wavs/voice-0652.wav,"Tại sao Perampanel được coi là có nguy cơ gây độc tính trên phôi thai ở liều gây độc cho mẹ, ngay cả khi các nghiên cứu trên động vật không ghi nhận tác dụng gây dị tật?"
../raw_data/wavs/voice-0653.wav,"Ngoài chỉ định chính là điều trị tăng lipid máu, Pantethine còn được hỗ trợ điều trị cho bệnh nhân mắc chứng bệnh di truyền nào liên quan đến gen PANK 2?"
../raw_data/wavs/voice-0654.wav,Cơ chế nào giải thích cho khả năng Fluorescein phân bố nhanh chóng vào các khoảng kẽ của mắt chỉ sau 7-14 giây tiêm?
../raw_data/wavs/voice-0655.wav,"Ngoài suy hô hấp và ức chế thần kinh trung ương, cơ chế sinh học nào giải thích cho việc codeine tạo ra các cơn co thắt ống mật hoặc làm tăng quánh các chất tiết ở phế quản, dẫn đến các biến chứng cụ thể ở bệnh nhân hen suyễn?"
../raw_data/wavs/voice-0656.wav,Phân tích ý nghĩa lâm sàng của giá trị AUC 0-inf (diện tích dưới đường cong) là 1080 (31.0) cho nhóm trẻ em 0 đến <6 tuổi so với 1960 (33.1) ở người lớn ≥18 tuổi trong bối cảnh hiệu quả cầm máu?
../raw_data/wavs/voice-0657.wav,"Ngoài tiền sử dị ứng với sulfonamid, những chống chỉ định cụ thể nào liên quan đến chức năng thận hoặc gan loại trừ việc sử dụng sulfadiazine?"
../raw_data/wavs/voice-0658.wav,"Thời gian bán thải (t1/2) của Tinidazol trong huyết tương nằm trong khoảng bao nhiêu giờ, và quá trình thải trừ của thuốc qua nước tiểu dưới dạng không đổi chiếm tỷ lệ bao nhiêu phần trăm?"
../raw_data/wavs/voice-0659.wav,"Nạo Indomethacin có sinh khả dụng 100% nhưng khi có thức ăn thì hấp thu bị giảm nhẹ, điều này gợi ý gì về đặc tính lý hóa của thuốc và cơ chế vận chuyển qua màng sinh chất?"
../raw_data/wavs/voice-0660.wav,Vì lý do gì không nên tiêm Fluorescein đồng thời với các dung dịch tiêm khác có pH acid bằng cùng một đường tiêm tĩnh mạch?
../raw_data/wavs/voice-0661.wav,"Vì sao terbinafine đường uống bị chống chỉ định tuyệt đối trong thời kỳ mang thai, trong khi chỉ định hoãn điều trị bệnh nấm da và nấm móng cho đến sau khi sinh con?"
../raw_data/wavs/voice-0662.wav,"Tại sao việc tiêm lặp lại Gadoteridol cho trẻ em từ 6 tháng đến 2 tuổi cần có khoảng cách tối thiểu là 7 ngày, và cơ chế tích tụ thuốc ở các cơ quan nào (đặc biệt là xương) đóng vai trò quan trọng trong quy tắc này?"
../raw_data/wavs/voice-0663.wav,Tại sao Flurbiprofen được xếp vào phân loại thai kỳ theo FDA là loại C và chống chỉ định tuyệt đối trong 3 tháng cuối thai kỳ?
../raw_data/wavs/voice-0664.wav,Triệu chứng suy nhược và lú lẫn thường gặp ở bệnh nhân dùng Chlorphenesin carbamate có liên quan đến cơ chế ức chế thần kinh trung ương như thế nào?
../raw_data/wavs/voice-0665.wav,"Tại sao Loperamide chống chỉ định tuyệt đối trong các trường hợp viêm đại tràng giả mạc (pseudomembranous colitis) do dùng kháng sinh, và cơ chế nào dẫn đến nguy cơ phình đại tràng nhiễm độc?"
../raw_data/wavs/voice-0666.wav,Liệu pháp kết hợp Cytarabine với GCSF bị chống chỉ định trong giai đoạn hóa trị. Cơ chế sinh học nào lý giải tại sao việc kích thích tăng sinh dòng bạch cầu hạt bằng GCSF lại nguy hiểm khi thuốc chống ung thư đang hoạt động?
../raw_data/wavs/voice-0667.wav,"Dựa trên đặc điểm dược lực học, cơ chế nào giải thích cho tác dụng duy trì mật độ xương và phòng ngừa loãng xương của Estrone?"
../raw_data/wavs/voice-0668.wav,Vì sao Sargramostim được xếp vào loại thuốc chống chỉ định tương đối trong giai đoạn đầu của hóa trị liệu cảm ứng?
../raw_data/wavs/voice-0669.wav,"Liều dùng Riboflavin hàng ngày cho phụ nữ mang thai có khác biệt so với phụ nữ không mang thai hay không, và sự cần thiết phải có lời khuyên của bác sĩ trong giai đoạn này dựa trên cơ sở nào?"
../raw_data/wavs/voice-0670.wav,"Nếu xảy ra quá liều Lomefloxacin cấp tính ở người, những biện pháp xử trí nào nên được thực hiện và phương pháp nào được xác định là không hiệu quả để loại bỏ thuốc?"
../raw_data/wavs/voice-0671.wav,"Tại sao liều dùng Salsalate từ 1.5g đến 3g/ngày cho viêm khớp có thể được chia thành 2 hoặc 3 liều nhỏ, và tại sao việc dùng thuốc chung với một ly sữa đầy 240 mL lại là bắt buộc để tối ưu hóa an toàn?"
../raw_data/wavs/voice-0672.wav,"Tại sao Rasburicase được chỉ định chống chỉ định tuyệt đối ở bệnh nhân thiếu G6PD, và sự chuyển hóa peptide của hoạt chất này liên quan thế nào đến cơ chế gây độc?"
../raw_data/wavs/voice-0673.wav,"Nếu một bệnh nhân bị hạ pH máu (nhiễm toan) trong khi truyền Atracurium liên tục, cơ chế hóa học nào sẽ ảnh hưởng đến tốc độ thanh thải của thuốc và có thể dẫn đến gia tăng nồng độ chuyển hóa?"
../raw_data/wavs/voice-0674.wav,"Vì Pectin không được hấp thu, nó phải được dùng với liều lượng dao động bao nhiêu gam mỗi ngày theo các nghiên cứu lâm sàng?"
../raw_data/wavs/voice-0675.wav,"Theo thông tin quá liều, nồng độ benzalkonium chloride nào qua đường uống được coi là liều độc hại đối với cơ thể người?"
../raw_data/wavs/voice-0676.wav,"Nếu bệnh nhân dùng primaquine phosphate bị thiếu men G6PD, triệu chứng lâm sàng nào là dấu hiệu nhận biết sớm nhất của phản ứng tan máu cấp tính?"
../raw_data/wavs/voice-0677.wav,Việc sử dụng Gadobenic acid ở bệnh nhân có tiền sử dị ứng với các hợp chất chelat gadolinium khác được coi là một dạng chống chỉ định tương đối hay tuyệt đối dựa trên cơ chế?
../raw_data/wavs/voice-0678.wav,"Trong trường hợp người bệnh lỡ quên không dùng Dyclonine theo đúng chỉ định, hướng dẫn xử trí về việc bù liều và liều lượng tối đa cho phép trong ngày là gì?"
../raw_data/wavs/voice-0679.wav,"Trong bối cảnh suy thận nặng với độ thanh thải creatinin dưới 5 mL/phút, nếu bác sĩ quyết định duy trì liều Cefoxitin để điều trị nhiễm trùng huyết, tại sao việc lựa chọn khoảng cách liều 24-48 giờ lại ưu tiên hơn so với việc giảm liều đơn thuần, dựa trên thời gian bán thải tăng lên >13 giờ và tỷ lệ thải trừ?"
../raw_data/wavs/voice-0680.wav,"Phản ứng phụ qua trung gian miễn dịch nghiêm trọng ở cơ quan nội tiết (ví dụ: suy tuyến yên, suy giáp) thường xuất hiện trung bình sau bao lâu kể từ khi bắt đầu điều trị Ipilimumab?"
../raw_data/wavs/voice-0681.wav,"Trong bối cảnh bệnh lý tim mạch, tại sao Flurbiprofen bị chống chỉ định ở bệnh nhân phẫu thuật bắc cầu động mạch vành, và cơ chế sinh bệnh học nào lý giải nguy cơ huyết khối?"
../raw_data/wavs/voice-0682.wav,Tương tác dược lý giữa Ketotifen và Amphetamine sẽ dẫn đến thay đổi gì trên lâm sàng cần lưu ý khi lái xe hoặc vận hành máy móc?
../raw_data/wavs/voice-0683.wav,"Telbivudine có phải là chất nền, chất ức chế hay chất cảm ứng của hệ thống enzym cytochrom P450 (CYP450) không?"
../raw_data/wavs/voice-0684.wav,"Nếu bệnh nhân quên uống Flunarizine vào buổi tối và nhận ra vào sáng hôm sau, tại sao việc dùng thuốc ngay lập tức lại có nguy cơ cao hơn so với việc bỏ qua liều đó và chờ đến tối mai?"
../raw_data/wavs/voice-0685.wav,Chống chỉ định tuyệt đối cho việc sử dụng Alglucosidase alfa là gì?
../raw_data/wavs/voice-0686.wav,Thành phần hoạt chất nào có trong chế phẩm ledipasvir/sofosbuvir có khả năng ức chế enzym UGT1A1 ở ruột non và điều này có ý nghĩa gì khi phối hợp với các thuốc có khoảng trị liệu hẹp chuyển hóa qua enzym này?
../raw_data/wavs/voice-0687.wav,Trong điều kiện lâm sàng nào (đặc biệt liên quan đến liều lượng và thời gian) povidone-iodine có thể gây ra cơn động kinh?
../raw_data/wavs/voice-0688.wav,Các tác dụng phụ phổ biến nhất trên hệ thần kinh trung ương khi sử dụng yohimbine hydrochloride là gì?
../raw_data/wavs/voice-0689.wav,"Theo tài liệu, có những bằng chứng lâm sàng nào về tương tác thuốc giữa Gadobenic acid với các thuốc khác trong quá trình phát triển?"
../raw_data/wavs/voice-0690.wav,"Trong kỹ thuật 'spray and stretch', Ethyl chloride được chỉ định để làm giảm đau cơ tạm thời. Dựa vào đặc tính nào của Ethyl chloride mà nó có thể điều trị các điểm kích hoạt (trigger points) và cơn đau cơ?"
../raw_data/wavs/voice-0691.wav,"Cơ chế nào khiến Meloxicam làm tăng nồng độ Lithi trong máu, và cần can thiệp gì trong phác đồ điều trị khi phối hợp hai thuốc này?"
../raw_data/wavs/voice-0692.wav,"Việc sử dụng Ipilimumab trong thai kỳ được dựa trên cơ sở nào để cân nhắc lợi ích/nguy cơ, và các nghiên cứu sinh sản trên động vật đã chỉ ra độc tính chính xác nào đối với thai nhi?"
../raw_data/wavs/voice-0693.wav,"Trong chỉ định điều trị nấm da chân (Tinea Pedis) bằng kem bôi, việc duy trì điều trị trong bao lâu sau khi các triệu chứng nhiễm trùng đã hết để đảm bảo diệt trừ triệt để?"
../raw_data/wavs/voice-0694.wav,"Tinidazol là dẫn chất nitroimidazol, cơ chế diệt khuẩn và diệt động vật nguyên sinh của hoạt chất này bắt nguồn từ quá trình khử môi trường kỵ khí, tạo ra các dẫn chất có tập trung electron cao gây tổn thương gì cho tế bào đích?"
../raw_data/wavs/voice-0695.wav,Cơ chế tăng cường độ tương phản tín hiệu MRI của Gadobenic acid thay đổi như thế nào khi chuyển từ dung dịch nước thuần túy sang dung dịch chứa protein huyết thanh?
../raw_data/wavs/voice-0696.wav,Cơ chế phân tử cụ thể mà Lidocaine thực hiện để ổn định màng tế bào thần kinh và phong bế dẫn truyền xung động là gì?
../raw_data/wavs/voice-0697.wav,"Tại sao Meloxicam có thể gây suy thận cấp ở bệnh nhân đang dùng thuốc lợi niệu hoặc bị mất nước, và cơ chế sinh lý bệnh nào liên quan đến ức chế prostaglandin?"
../raw_data/wavs/voice-0698.wav,"Cơ chế dược động học nào khiến cho việc điều chỉnh liều Gefitinib không khuyến cáo ở bệnh nhân có kiểu gen chuyển hóa kém CYP2D6, và cần theo dõi gì?"
../raw_data/wavs/voice-0699.wav,"Khi Riboflavin được phối hợp với các thuốc tâm thần như Chlorpromazine, Imipramine, Amitriptyline, người ta ghi nhận các trường hợp thiếu hụt vitamin này. Dựa trên vai trò của Riboflavin trong chu trình chuyển hóa Pyridoxine (Vitamin B6) và Niacin, cơ chế chuyển hóa chéo nào có thể lý giải cho hiện tượng này?"
../raw_data/wavs/voice-0700.wav,"So với Cefoxitin (thuốc cephamycin thế hệ 2), Cefmetazole có hoạt tính diệt khuẩn kém hơn đối với trực khuẩn gram âm kỵ khí, và sự khác biệt này liên quan đến ái lực với Protein liên kết Penicillin (PBP) như thế nào?"
../raw_data/wavs/voice-0701.wav,"Mặc dù cơ chế hoạt động chính xác chưa được biết đầy đủ, diiodohydroxyquinoline có hoạt tính diệt amip chủ yếu trên dạng hoạt động và không hoạt động của Entamoeba histolytica. Cơ chế nào giải thích cho hiệu quả loại bỏ dạng u nang (cyst) nếu không phải là do tiêu diệt trực tiếp các sinh vật sống?"
../raw_data/wavs/voice-0702.wav,"Bài viết chỉ ra rằng Cytarabine liposom được tiêm vào khoang não thất hoặc tủy sống. So với đường tiêm truyền tĩnh mạch thông thường, cơ chế bào chế liposom này mang lại lợi ích đặc hiệu nào trong việc điều trị u lympho màng não?"
../raw_data/wavs/voice-0703.wav,Estazolam có khả năng liên kết với protein huyết tương ở mức bao nhiêu phần trăm?
../raw_data/wavs/voice-0704.wav,"Nếu bệnh nhân suy gan nặng cần dùng Mycophenolate mofetil, sự điều chỉnh liều lượng so với bệnh nhân chức năng gan bình thường là gì?"
../raw_data/wavs/voice-0705.wav,"Dựa trên dữ liệu thử nghiệm trên động vật và sự thiếu hụt các nghiên cứu có kiểm soát ở người, nguy cơ gây quái thai tiềm ẩn của Amcinonide khi bôi trên da được đánh giá như thế nào, và các điều kiện nào cần được tuân thủ để sử dụng an toàn trong thai kỳ?"
../raw_data/wavs/voice-0706.wav,"Tại sao trifluoperazine ở liều cao lại được chỉ định để kiểm soát chứng kích động tâm thần nghiêm trọng và hành vi bốc đồng nguy hiểm, nhưng lại không được chỉ định hoặc chống chỉ định trong điều trị bệnh trầm cảm nguyên thu?"
../raw_data/wavs/voice-0707.wav,"Trong trường hợp quá liều Eflornithine do tình cờ uống phải, các triệu chứng đặc hiệu gợi ý về máu học (huyết học) cần được chú ý là gì?"
../raw_data/wavs/voice-0708.wav,"Ngoài tác dụng gây tê tại chỗ cho các thủ thuật nha khoa hay nội soi, Dyclonine được chỉ định không cần kê đơn cho những tình trạng lâm sàng cụ thể nào?"
../raw_data/wavs/voice-0709.wav,Sự khác biệt về thời gian bán hủy (half-life) của Hyaluronic Acid được ghi nhận giữa hai trường hợp: khi thuốc được tiêm nội khớp và khi thuốc ở trong các công thức tinh chế có trọng lượng phân tử cao là gì?
../raw_data/wavs/voice-0710.wav,"Giả sử một bệnh nhân nam thanh niên 25 tuổi bị quá liều Spiramycin và cần làm điện tâm đồ. Nếu thuốc được tiêm tĩnh mạch và bắt đầu thải trừ theo kinetics một compartments, sau bao lâu thì nồng độ thuốc trong huyết tương sẽ giảm một nửa?"
../raw_data/wavs/voice-0711.wav,"Trong thành phần tá dược của thuốc xịt khử trùng benzalkonium chloride, chất phụ gia propylene glycol có hàm lượng bao nhiêu mg trên mỗi 100ml dung dịch?"
../raw_data/wavs/voice-0712.wav,"Nếu một bệnh nhân không thể nhớ được thời điểm chính xác của liều Methoxy polyethylene glycol-epoetin beta đã bỏ lỡ, cơ chế dược động học nào chi phối việc không được điều chỉnh liều thường xuyên hơn một lần mỗi tháng?"
../raw_data/wavs/voice-0713.wav,Thời gian bán thải (half-life) của Somatropin thay đổi như thế nào phụ thuộc vào đường tiêm?
../raw_data/wavs/voice-0714.wav,"Ngoài các phản ứng phản vệ, cơ chế nào giải thích cho tình trạng suy thận cấp có thể gặp phải khi điều trị quá liều Dextran 40?"
../raw_data/wavs/voice-0715.wav,"Terbinafine có tiềm năng gây loạn thần kinh trung ương qua tương tác dược lý, cơ chế nào khiến nó ức chế chuyển hóa của các thuốc chống loạn nhịp nhóm 1C như flecainid?"
../raw_data/wavs/voice-0716.wav,"Ngoài tác dụng nhuận tràng, magnesium oxide có thể gây ra các tác dụng phụ nào ở hệ tiêu hóa khi dùng ở liều thông thường?"
../raw_data/wavs/voice-0717.wav,Tại sao Sulfamethoxazole/Trimethoprim bị chống chỉ định tuyệt đối đối với bệnh nhân đang xác định thiếu máu nguyên hồng cầu khổng lồ do thiếu acid folic?
../raw_data/wavs/voice-0718.wav,Vì sao không được rửa đường truyền IV bằng dung dịch natri clorua 0.9% hay dung dịch heparin sau khi truyền quinupristin/dalfopristin?
../raw_data/wavs/voice-0719.wav,"Ngoài các tác dụng phụ tại chỗ như khô da hay ngứa, khi sử dụng Kinetin bằng đường uống, bệnh nhân có thể gặp phải những phản ứng adverse system nào hiếm gặp?"
../raw_data/wavs/voice-0720.wav,"Tại sao gefitinib được khuyến cáo là cần phải ngừng vĩnh viễn ở những bệnh nhân bị viêm loét giác mạc dai dẳng hoặc thủng đường tiêu hóa, thay vì chỉ tạm thời ngừng điều trị như các tác dụng phụ khác?"
../raw_data/wavs/voice-0721.wav,Thuốc Alglucosidase alfa là enzyme lysosome tự nhiên nào?
../raw_data/wavs/voice-0722.wav,"Trong tình huống quá liều Sulfamethoxazole dẫn đến ức chế tủy xương, leucovorin (acid folinic) được chỉ định dùng với liều 5-15 mg/ngày. Liều dùng này dựa trên cơ chế dược lý học nào?"
../raw_data/wavs/voice-0723.wav,"Dựa trên các thông số động học, thời gian bán thải (t1/2) của brompheniramine kéo dài bao lâu và có sự biến động nào đáng kể không?"
../raw_data/wavs/voice-0724.wav,Nguyên nhân nào khiến các nhà sản xuất khuyến cáo venlafaxine chỉ nên được sử dụng cho phụ nữ mang thai khi 'thật cần thiết' thay vì chống chỉ định hoàn toàn dựa trên dữ liệu sảy thai và thai dị dạng?
../raw_data/wavs/voice-0725.wav,"Trong tương tác thuốc, tại sao việc dùng Salsalate đồng thời với các chất kiềm làm tăng pH nước tiểu lại có nguy cơ gây độc tính salicylate cao hơn so với khi dùng với các chất axit hóa nước tiểu?"
../raw_data/wavs/voice-0726.wav,"Đối với bệnh nhân suy thận có độ thanh thải Creatinin (CrCl) nằm trong khoảng 30 đến 50 mL phút / 1.73 m² khi điều trị ung thư ác tính, cần phải điều chỉnh liều Peginterferon alfa-2b như thế nào?"
../raw_data/wavs/voice-0727.wav,"Về mặt cấu trúc hóa học và cơ chế receptor, Zaleplon khác biệt như thế nào so với các thuốc an thần nhóm benzodiazepine truyền thống?"
../raw_data/wavs/voice-0728.wav,"Đối với phụ nữ mang thai, khi nào việc kê đơn loratadin được coi là chấp nhận được theo các hướng dẫn?"
../raw_data/wavs/voice-0729.wav,"Khi so sánh liều lượng benzalkonium chloride giữa viên ngậm và dầu gội điều trị viêm nang lông, sự chênh lệch nồng độ nào thể hiện sự khác biệt giữa việc dùng liều toàn thân (dưới lưỡi) và liều điều trị tại chỗ (dầu gội) để đảm bảo an toàn?"
../raw_data/wavs/voice-0730.wav,"Theo văn bản, sự chuyển hóa của quinupristin và dalfopristin ở gan có phụ thuộc vào hoạt động của các isoenzyme CYP hoặc glutathione transferase không?"
../raw_data/wavs/voice-0731.wav,Làm thế nào mà Pectin có thể làm giảm nồng độ beta-carotene trong máu thấp hơn 50% khi dùng chung với thực phẩm?
../raw_data/wavs/voice-0732.wav,"Nếu bệnh nhân nhớ ra đã bỏ lỡ một liều gefitinib và thời gian còn lại trước liều tiếp theo ít hơn 12 giờ, họ nên xử lý như thế nào?"
../raw_data/wavs/voice-0733.wav,Tác dụng không mong muốn nào phân biệt đối tượng người lớn và trẻ em khi điều trị bằng Somatropin?
../raw_data/wavs/voice-0734.wav,"Tại sao Cefoxitin được chỉ định dự phòng phẫu thuật với thời gian tiêm cụ thể 'trong vòng 60 phút trước vết mổ', và cơ sở dược động học nào đảm bảo nồng độ thuốc đủ cao trong mô tế bào để ngăn ngừa nhiễm trùng do vi khuẩn Gram âm và kỵ khí?"
../raw_data/wavs/voice-0735.wav,"Khi người bệnh uống nhầm một lượng lớn povidone-iodine, tại sao việc điều trị triệu chứng và hỗ trợ phải chú ý đặc biệt đến cân bằng điện giải?"
../raw_data/wavs/voice-0736.wav,Tại sao trifluoperazine lại bị chống chỉ định tuyệt đối ở những bệnh nhân đang trong giai đoạn hôn mê hoặc trạng thái trầm cảm nặng do thuốc ức chế hệ thần kinh trung ương khác gây ra?
../raw_data/wavs/voice-0737.wav,"Theo đặc điểm động học của Mangan gluconate, cơ quan nào sau đó hấp thu thuốc một cách kém hiệu quả, và cơ chế thải trừ chính diễn ra ở cơ quan nào?"
../raw_data/wavs/voice-0738.wav,"Tại sao bệnh nhân có khối u phát triển nhanh hoặc thâm nhiễm phổi lại được cảnh báo về nguy cơ phản ứng nặng, và sự nguy hiểm này có liên quan gì đến cơ chế hoạt động của đoạn Fc trên Rituximab trong quá trình giải phóng cytokine?"
../raw_data/wavs/voice-0739.wav,"Sự tham gia của isoenzyme CYP 3A4 trong chuyển hóa Zaleplon có ý nghĩa gì trong tương tác thuốc, và enzym nào là chủ đạo trong chuyển hóa thuốc này?"
../raw_data/wavs/voice-0740.wav,"Nếu bệnh nhân quên uống liều Meloxicam 7,5 mg vào buổi sáng nhưng nhớ ra vào lúc 20 giờ cùng ngày, trong khi liều kế tiếp scheduled vào 8 giờ sáng hôm sau, hành động đúng theo nguyên tắc dược lý là gì?"
../raw_data/wavs/voice-0741.wav,"Dựa trên đặc điểm dược lực học của Amcinonide, tại sao loại corticosteroid này được chỉ định chính xác cho các bệnh da liễu đáp ứng với corticosteroid như viêm da, chàm và vảy nến, thay vì các bệnh da không do viêm?"
../raw_data/wavs/voice-0742.wav,Hệ tim mạch có thể bị ảnh hưởng như thế nào khi bệnh nhân sử dụng yohimbine hydrochloride?
../raw_data/wavs/voice-0743.wav,"Tốc độ hòa tan của magnesium oxide có sự khác biệt thế nào tùy thuộc vào trạng thái đói hay no của bệnh nhân, và các yếu tố này ảnh hưởng ra sao đến thời gian kéo dài của tác dụng kháng acid?"
../raw_data/wavs/voice-0744.wav,"Xử trí quá liều Clenbuterol ở bệnh nhân COPD có chỉ định 40 mcg/ngày, nhưng tự ý tăng lên 120 mcg/ngày. Nếu bệnh nhân xuất hiện run tay, tim đập nhanh, và tăng lactat máu, cơ chế tăng lactat máu là gì?"
../raw_data/wavs/voice-0745.wav,"Để quản lý nguy cơ thoát mạch khi tiêm Gadobenic acid, cần thực hiện các thao tác nào sau khi hoàn thành việc tiêm?"
../raw_data/wavs/voice-0746.wav,Tại sao phụ nữ mang thai bị chống chỉ định tuyệt đối dùng Estrone và việc sử dụng thuốc này có thể gây ra những biến chứng nào cho thai nhi?
../raw_data/wavs/voice-0747.wav,Biểu hiện lâm sàng nào của tổn thương dây thần kinh ngoại vi là chỉ định cấm kỵ để ngưng sử dụng Chloramphenicol?
../raw_data/wavs/voice-0748.wav,"Khi xảy ra kích ứng tĩnh mạch từ trung bình đến nặng trong quá trình truyền quinupristin/dalfopristin, những biện pháp nào có thể được cân nhắc thực hiện?"
../raw_data/wavs/voice-0749.wav,"Nếu áp dụng phác đồ điều trị kết hợp Florua và Canxi cho bệnh nhân loãng xương, liều duy trì khuyến cáo của Dihydrotachysterol là bao nhiêu và tại sao cần phối hợp này?"
../raw_data/wavs/voice-0750.wav,"Bệnh nhân có khó nuốt viên thuốc gefitinib 250mg thì cần tuân thủ quy trình nào để đảm bảo đúng liều lượng, và tại sao thuốc kháng acid cần phải tránh dùng trong vòng 2 giờ trước và 1 giờ sau khi uống thuốc?"
../raw_data/wavs/voice-0751.wav,"Phân tích sự khác biệt về đặc điểm dược động học (liên kết protein huyết tương, thời gian bán thải) và nguy cơ kết tinh niệu khi sử dụng sulfadiazine so với các sulfonamid tác dụng kéo dài (như sulfadoxine) trong điều trị lâm sàng?"
../raw_data/wavs/voice-0752.wav,"Dựa trên đặc điểm dược lực học, tại sao Octreotide được chỉ định để điều trị các triệu chứng nóng bừng và tiêu chảy do u carcinoid tiết serotonin?"
../raw_data/wavs/voice-0753.wav,Cơ chế dược lý nào giải thích cho khả năng làm tăng tác dụng của thuốc kháng vitamin K khi dùng kết hợp với Ivermectin?
../raw_data/wavs/voice-0754.wav,Người cao tuổi (trên 60 tuổi) hoặc bệnh nhân đang dùng thuốc an thần cần lưu ý điều gì đặc biệt khi sử dụng brompheniramine liên quan đến nguy cơ an toàn?
../raw_data/wavs/voice-0755.wav,"Theo dược điển, Spiramycin dưới dạng bột đông khô để pha tiêm có thể tích tối thiểu là bao nhiêu ml dung dịch Glucose 5% để pha loãng trước khi truyền?"
../raw_data/wavs/voice-0756.wav,"Tại sao Dyclonine có thể gây tê miệng kéo dài làm tăng nguy cơ chấn thương do cắn thức ăn, và bệnh nhân cần tuân thủ hướng dẫn kiêng ăn nào để đảm bảo an toàn?"
../raw_data/wavs/voice-0757.wav,"Dựa vào tính chất dược lý học, cơ chế nào giải thích cho việc Nalbuphine có thể ngăn chặn hoặc làm giảm tác dụng ức chế hô hấp do các thuốc giảm đau đồng vận tại thụ thể mu (như morphine) gây ra?"
../raw_data/wavs/voice-0758.wav,"Trong bảng 3.1, các thuốc gây co thắt phế quản Astemizole và Terfenadine bị chống chỉ định dùng đồng thời với Delavirdine do nguy cơ gì?"
../raw_data/wavs/voice-0759.wav,"Dựa trên đặc điểm chuyển hóa của Dicloxacillin qua các enzym CYP, cơ chế nào giải thích cho việc thuốc này thường không cần điều chỉnh liều ở bệnh nhân suy gan?"
../raw_data/wavs/voice-0760.wav,Hướng dẫn xử lý cụ thể như thế nào nếu một liều Methoxy polyethylene glycol-epoetin beta bị bỏ lỡ trong phác đồ tiêm?
../raw_data/wavs/voice-0761.wav,"Phạm vi chỉ định của Gadoteridol trong chẩn đoán hình ảnh MRI ngoài hệ thần kinh trung ương bao gồm những cơ quan và mô nào, và sự phân bổ nhanh chóng trong gian ngoại bào sau khi tiêm tĩnh mạch có ý nghĩa gì đối với độ nhạy chẩn đoán?"
../raw_data/wavs/voice-0762.wav,"Trong mô bệnh học của ngộ độc cấp tính do selen dẫn đến tử vong, những thay đổi đặc hiệu nào tại niêm mạc dạ dày đã được quan sát thấy?"
../raw_data/wavs/voice-0763.wav,"Salsalate là dẫn chất este salicylat, khi vào cơ thể sẽ trải qua quá trình chuyển hóa gì trước khi tạo ra hoạt chất kháng viêm thực sự?"
../raw_data/wavs/voice-0764.wav,Sử dụng đồng thời Delavirdine với Sildenafil có thể gây ra các biến cố có hại nào?
../raw_data/wavs/voice-0765.wav,"Cladribine được phosphoryl hóa nội bào thành chất chuyển hóa có hoạt tính 2-chlorodeoxyadenosine-5'-triphosphate (CdATP), vậy nồng độ đỉnh trong huyết tương của thuốc sau khi dùng đường uống lúc đói và khi dùng cùng bữa ăn giàu chất béo có khác biệt gì về thời gian đạt đỉnh?"
../raw_data/wavs/voice-0766.wav,"Tại sao bệnh nhân tăng nhãn áp góc hẹp cần được cảnh báo cẩn trọng trước khi sử dụng brompheniramine, và liên quan gì đến cơ chế kháng cholinergic của thuốc?"
../raw_data/wavs/voice-0767.wav,"Theo cơ chế diệt khuẩn chậm tại chỗ của Spiramycin, thuốc này có hiệu quả với 75% các chủng Streptococcus và Enterococcus, nhưng lại không có tác dụng với vi khuẩn Gram âm ở ruột. Tính chọn lọc này liên quan đến loại ribosome nào?"
../raw_data/wavs/voice-0768.wav,"Pholcodine tạo ra Morphine như một chất chuyển hóa thứ yếu với tỷ lệ rất thấp (~1%), trong khi Codeine chuyển hóa trực tiếp thành Morphine. So sánh hiệu quả dược lý và nguy cơ lâm sàng giữa hai con đường chuyển hóa này dựa trên dữ liệu dược động học."
../raw_data/wavs/voice-0769.wav,Kiểm tra chéo chéo (cross-reactivity) với các thuốc ức chế thần kinh cơ khác là một lưu ý quan trọng trong nhóm chống chỉ định nào?
../raw_data/wavs/voice-0770.wav,"Khi Insulin Lispro được phối hợp với thuốc chẹn beta không chọn lọc như propranolol, cơ chế nào khiến việc mất triệu chứng tim đập nhanh làm tăng nguy cơ không nhận biết được hạ glucose huyết, và tại sao thuốc chẹn beta chọn lọc metoprolol có xu hướng an toàn hơn về mặt chuyển hóa glucose?"
../raw_data/wavs/voice-0771.wav,Phân tích về mặt lý thuyết vì sao Sulfamethoxazole/Trimethoprim có thể gây tăng độc tính của Methotrexate khi dùng đồng thời?
../raw_data/wavs/voice-0772.wav,Việc sử dụng Methoxy polyethylene glycol-epoetin beta có chống chỉ định trong các bệnh lý ung thư nào?
../raw_data/wavs/voice-0773.wav,"Khi Spiramycin được dùng đồng thời với Levodopa/Carbidopa, tương tác dược lý nào xảy ra làm giảm nồng độ Levodopa trong huyết tương?"
../raw_data/wavs/voice-0774.wav,"So với liều Rituximab đơn độc, tại sao trong phác đồ trị liệu miễn dịch - xạ trị kết hợp với ibritumomab, liều Rituximab được giảm xuống còn 250 mg/m² nhưng lại yêu cầu truyền 4 giờ trước khi dùng indium In 111 ibritumomab tiuxetan và yttrium 90Y ibritumomab tiuxetan?"
../raw_data/wavs/voice-0775.wav,"So sánh hiệu quả điều trị bệnh thương hàn (Salmonella typhi) giữa Chloramphenicol và các kháng sinh hiện đại, dựa trên dữ liệu về tỷ lệ nhạy cảm?"
../raw_data/wavs/voice-0776.wav,"Ngoài việc chống chỉ định cụ thể đối với quá mẫn với dasatinib hoặc bất kỳ tá dược nào, thuốc này được cảnh báo không nên được xử lý bởi đối tượng nào? Hãy giải thích cơ sở sinh học cho chống chỉ định này dựa trên khả năng gây quái thai và phôi độc."
../raw_data/wavs/voice-0777.wav,"Tại sao Meloxicam làm tăng độc tính huyết học của Methotrexat khi dùng đồng thời, và bệnh nhân cần được theo dõi gì cụ thể trong quá trình điều trị kết hợp?"
../raw_data/wavs/voice-0778.wav,"Đối với trẻ sinh thiếu tháng, Somatropin được chỉ định dựa trên tiêu chuẩn nào về tốc độ tăng trưởng?"
../raw_data/wavs/voice-0779.wav,Tại sao Miglustat được phân loại là thuốc nhóm C thai kỳ và cơ chế nào khiến thuốc không được khuyến cáo sử dụng cho phụ nữ mang thai?
../raw_data/wavs/voice-0780.wav,"Nếu bệnh nhân không nhớ chính xác thời gian đã nhỏ giọt Apraclonidine 0,5% thứ ba trong ngày, và thời điểm đó đã gần với liều kế tiếp theo lịch trình, nguyên tắc xử lý quên liều nào trong bài viết quy định?"
../raw_data/wavs/voice-0781.wav,"Trong lâm sàng, việc chuyển hóa prilocaine thành orthotoluidine và N-propylamine ở trẻ em (< 10 tuổi, liều 40 mg) có nguy cơ gây methemoglobin huyết cao hơn so với người lớn do đặc điểm sinh lý gì?"
../raw_data/wavs/voice-0782.wav,"Cladribine có chống chỉ định tuyệt đối đối với phụ nữ có thai hay không, và trong trường hợp bệnh nhân nữ có khả năng sinh sản đang điều trị, họ phải áp dụng các biện pháp tránh thai nào và trong khoảng thời gian bao lâu?"
../raw_data/wavs/voice-0783.wav,"Dasatinib có liên quan đến nguy cơ tăng huyết áp động mạch phổi (PAH). Điều kiện này có thể trở nên nghiêm trọng đến mức nào theo hướng dẫn sử dụng, và cơ chế nào được đề xuất cho sự phát triển của PAH khi dùng thuốc này?"
../raw_data/wavs/voice-0784.wav,"Vì sao Insulin Lispro không có định nghĩa quá liều cụ thể về mặt số lượng đơn vị, và tại sao glucagon có thể được sử dụng để xử lý hạ đường huyết nặng nhưng vẫn cần truyền tĩnh mạch glucose trong một số trường hợp?"
../raw_data/wavs/voice-0785.wav,"Về mặt lý thuyết, cơ chế diệt virus của Amylmetacresol được cho là do sự biến tính gai protein và thay đổi cấu trúc bậc ba protein virus. Tuy nhiên, tại sao các nhà khoa học lại đề xuất thêm giả thuyết về tác động chọn lọc vào liên kết protein-lipid trên màng lipid virus?"
../raw_data/wavs/voice-0786.wav,"Theo mô tả dược lực học, Argatroban có tính chọn lọc cao đối với thrombin. Hãy chỉ ra giá trị hằng số ức chế (Ki) cụ thể (đơn vị nM) đối với enzym này trong các nghiên cứu in vitro?"
../raw_data/wavs/voice-0787.wav,"So sánh các triệu chứng quá liều nặng ở cơ thể toàn thân (systemic) khi sử dụng liều tiêm tĩnh mạch điều trị bệnh ngủ Châu Phi với các dấu hiệu quá liều tại chỗ do hấp thu qua da, để xác định ngưỡng an toàn trong lâm sàng."
../raw_data/wavs/voice-0788.wav,Tại sao cần thực hiện tổng phân tích nước tiểu định kỳ ở bệnh nhân có hiệu giá kháng thể IgG cao khi điều trị bằng Alglucosidase alfa?
../raw_data/wavs/voice-0789.wav,"Nếu một liều Dicloxacillin bị quên dùng và chỉ được phát hiện khi đã đến thời điểm của liều kế tiếp, cơ chế dược động học nào biện minh cho việc bỏ qua liều đã quên thay vì uống bù?"
../raw_data/wavs/voice-0790.wav,"Trong điều trị CML giai đoạn mãn tính, việc điều chỉnh liều dasatinib dựa trên kết quả xét nghiệm huyết học (giảm bạch cầu trung tính hoặc giảm tiểu cầu) có sự khác biệt quy trình gì giữa bệnh nhân mới chẩn đoán và bệnh nhân đã thất bại với liệu pháp điều trị trước đó?"
../raw_data/wavs/voice-0791.wav,Giải thích cơ chế sinh lý học thận khiến các thuốc lợi tiểu thiazid có thể sử dụng để xử trí cơn tăng calci huyết cấp tính do quá liều Calcium phosphate dihydrate?
../raw_data/wavs/voice-0792.wav,Rotavirus chủng RIX4414 có phổ hoạt động kháng nguyên bao gồm những kiểu gen G và P nào?
../raw_data/wavs/voice-0793.wav,Zaleplon có thể gây ra các phản ứng dị ứng hiếm gặp nhưng nghiêm trọng. Triệu chứng phù mạch liên quan đến giải phóng histamine có thể ảnh hưởng đến những cấu trúc giải phẫu nào của đường hô hấp trên?
../raw_data/wavs/voice-0794.wav,"Dựa trên các chỉ định về liều lượng, bệnh nhân suy gan nặng được chỉ định liều loratadin bao nhiêu, và tại sao cần giảm liều?"
../raw_data/wavs/voice-0795.wav,Vai trò của enzyme CYP2C9 trong quá trình chuyển hóa Flurbiprofen có ý nghĩa gì về mặt lâm sàng?
../raw_data/wavs/voice-0796.wav,"Tại sao loratadin lại được chỉ định để giảm triệu chứng ngứa và mày đay mạn tính liên quan đến histamin, nhưng lại không có tác dụng bảo vệ hoặc trợ giúp lâm sàng trong trường hợp giải phóng histamin nặng như sốc phản vệ?"
../raw_data/wavs/voice-0797.wav,"Khi tiêm Gadoteridol cho bệnh nhân suy gan ghép gan, bác sĩ cần tuân thủ nguyên tắc nào về liều lượng và cần phải cân nhắc lợi ích/nguy cơ dựa trên đặc điểm chuyển hóa nào của thuốc?"
../raw_data/wavs/voice-0798.wav,"Enzyme nào được đề cập là xúc tác quá trình khử hydroperoxide trong cơ chế chống oxy hóa của selen, và tại cơ chế này selen tham gia dưới dạng axit amin nào?"
../raw_data/wavs/voice-0799.wav,"So sánh nồng độ salicylate trong huyết tương nào là cần thiết để tạo ra tác dụng giảm đau/hạ sốt, tác dụng chống viêm, và nồng độ nào bắt đầu ghi nhận độc tính?"
../raw_data/wavs/voice-0800.wav,Thời gian sử dụng Estazolam được khuyến cáo tối đa là bao lâu nếu không có chỉ định đặc biệt từ bác sĩ?
../raw_data/wavs/voice-0801.wav,Sự khác biệt về chỉ định lâm sàng giữa Dicloxacillin và Penicillin G thể hiện ở chỗ nào khi tình trạng nhiễm trùng được xác định là do vi khuẩn Gram dương còn nhạy cảm với Penicillin G?
../raw_data/wavs/voice-0802.wav,"Trong trường hợp phẫu thuật cấp cứu thai phụ nhiễm khuẩn do MRSA, cơ sở nào cho phép sử dụng quinupristin/dalfopristin mà không cần chờ kết quả kiểm soát lâm sàng đầy đủ?"
../raw_data/wavs/voice-0803.wav,"Đối với bệnh nhân suy thận có độ thanh thải creatinin điều chỉnh trong khoảng 30-50 ml/phút/1.73 m² mắc bệnh Gaucher type 1, tại sao phải giảm liều xuống 100 mg x 1 lần/ngày?"
../raw_data/wavs/voice-0804.wav,"Trong chỉ định điều trị u lympho không Hodgkin, cơ chế nào khiến Rituximab có thể được sử dụng an toàn khi kết hợp với cyclophosphamid, vincristin, prednisolone nhưng lại cần theo dõi thận trọng khi kết hợp với cisplatin do nguy cơ độc lên thận?"
../raw_data/wavs/voice-0805.wav,"Trong bối cảnh tương tác dược lý, tại sao việc sử dụng đồng thời parathyroid hormone với lithium hoặc thuốc lợi tiểu thiazide lại tiềm ẩn nguy cơ tăng calci máu nghiêm trọng so với việc chỉ sử dụng PTH đơn thuần?"
../raw_data/wavs/voice-0806.wav,"Dựa trên cấu trúc phân tử và đặc điểm liên kết, Delavirdine ức chế enzym sao chép ngược HIV-1 RT thông qua cơ chế nào, và enzym này có bị ảnh hưởng bởi Delavirdine?"
../raw_data/wavs/voice-0807.wav,"Nếu bệnh nhân bắt buộc phải sử dụng Alopurinol trong quá trình điều trị bằng Mercaptopurine, cần thực hiện ngay lập tức những thay đổi nào về liều lượng Mercaptopurine?"
../raw_data/wavs/voice-0808.wav,"Khi Riboflavin được pha trong dịch truyền nuôi dưỡng toàn phần và chảy qua hệ dây truyền dịch, tại sao cần bù lại lượng Riboflavin bị mất, và cơ chế nào dẫn đến sự thất thoát này?"
../raw_data/wavs/voice-0809.wav,Teicoplanin và Vancomycin đều là kháng sinh glycopeptid. Điểm khác biệt quan trọng nào về thể tích phân bố (Vss) hoặc thời gian bán thải khiến Teicoplanin có ưu điểm về tần suất dùng thuốc?
../raw_data/wavs/voice-0810.wav,"Mặc dù Orphenadrine được phân loại theo thai kỳ là nhóm C, cơ chế nào khiến thuốc vẫn được xem xét sử dụng nếu lợi ích vượt trội so với nguy cơ trong khi chưa có dữ liệu an toàn đầy đủ ở người?"
../raw_data/wavs/voice-0811.wav,"Lidocaine có thể gây ra những bất thường điện tâm đồ cụ thể nào khi bệnh nhân bị quá liều, và chất đối kháng nào có thể được sử dụng để phục hồi các bất thường này?"
../raw_data/wavs/voice-0812.wav,Tổ chức Y tế Thế giới khuyến cáo không dùng Loperamide cho trẻ em bị tiêu chảy cấp. Yếu tố dược lý nào khiến trẻ em có nguy cơ cao hơn người lớn khi sử dụng thuốc này?
../raw_data/wavs/voice-0813.wav,"Nếu một bệnh nhân ở độ tuổi 12 bị bệnh thận nặng với độ thanh thải creatinin dưới 30 ml/phút, nếu họ quên uống một liều loratadin 10 mg thì nên xử lý như thế nào?"
../raw_data/wavs/voice-0814.wav,"Giải thích tại sao phù mặt và phù ngoại vi lại là các phản ứng phụ thường gặp khi điều trị Ivermectin, liên quan đến cơ chế tăng GABA và cytokine viêm."
../raw_data/wavs/voice-0815.wav,"Khi xảy ra quá liều brompheniramine, tại sao việc gây nôn chỉ được thực hiện khi bệnh nhân tỉnh táo và trong vòng 6 giờ đầu, và cần lưu ý gì về nguy cơ co giật ở trẻ em?"
../raw_data/wavs/voice-0816.wav,Pectin có những chỉ định chính nào liên quan đến các vấn đề tiêu hóa (táo bón và tiêu chảy) và lipid máu?
../raw_data/wavs/voice-0817.wav,"Tại sao việc sử dụng Lidocaine đồng thời với Cimetidin lại làm tăng nguy cơ ngộ độc, và cơ chế tương tác dược động học tại gan nào chịu trách nhiệm cho hiện tượng này?"
../raw_data/wavs/voice-0818.wav,Tại sao bệnh nhân có tiền sử bệnh Paget hoặc ung thư xương di căn lại thuộc nhóm chống chỉ định tuyệt đối đối với việc sử dụng parathyroid hormone?
../raw_data/wavs/voice-0819.wav,Liều lượng nitroglycerin đường tĩnh mạch được duy trì tối đa trong giai đoạn điều trị nhồi máu cơ tim cấp là bao nhiêu microgam/phút?
../raw_data/wavs/voice-0820.wav,"Trong bối cảnh Nadroparin là một hỗn hợp không đồng nhất, pentasaccarid đặc hiệu trong cấu trúc phân tử này đảm nhiệm vai trò tương tác sinh hóa nào để tạo ra hiệu quả dược lý?"
../raw_data/wavs/voice-0821.wav,"Nếu bệnh nhân lỡ liều Orphenadrine muộn hơn so với lịch trình nhưng vẫn quyết định uống bù ngay lập tức, rủi ro chính họ có thể đối mặt là gì?"
../raw_data/wavs/voice-0822.wav,Nimesulide được chỉ định điều trị triệu chứng cho những đối tượng bệnh nhân nào?
../raw_data/wavs/voice-0823.wav,"Tại sao việc sử dụng đồng thời L-tyrosine và levodopa có thể tiềm ẩn rủi ro, và cần theo dõi gì khi bệnh nhân đang dùng levothyroxine?"
../raw_data/wavs/voice-0824.wav,"Đối với phụ nữ mang thai, có sự phân biệt nào về mức độ an toàn giữa việc sử dụng Hyaluronic Acid ở dạng tiêm so với các dạng dùng khác (như uống hoặc bôi da) không?"
../raw_data/wavs/voice-0825.wav,"Ngoài chỉ định điều trị lơ xê mi tế bào tóc và bệnh đa xơ cứng tái phát, Cladribine còn được chỉ định điều trị cho đối tượng bệnh nhân nào mắc bệnh bạch cầu lympho bào mạn tính (CLL)?"
../raw_data/wavs/voice-0826.wav,"Trong chế độ theo dõi an toàn cho bệnh nhân sử dụng acid ursodeoxycholic, tại sao việc giám sát các chỉ số men gan (SGPT, SGOT, GGT, ALP) và bilirubin ở các khoảng thời gian cụ thể lại quan trọng, và ngưỡng nào yêu cầu phải ngưng thuốc?"
../raw_data/wavs/voice-0827.wav,"Trong tình huống bệnh nhân không tuân thủ, nếu phát hiện ra việc quên liều calcium threonate đã qua 12 giờ so với giờ uống dự kiến, cơ chế nào giải thích cho việc duy trì nồng độ ổn định trong máu khi bỏ qua liều đó?"
../raw_data/wavs/voice-0828.wav,Tại sao không có thuốc giải độc đặc hiệu cho quá liều Flunarizine?
../raw_data/wavs/voice-0829.wav,"Cơ chế hóa sinh nào khiến Mangan gluconate có tương tác nhẹ (không nghiêm trọng) với các chế phẩm chứa Canxi (như Calcium gluconate) và Sắt (như Ferrous sulfate), và tại sao sự cạnh tranh hấp thu này chỉ dừng ở mức độ nhẹ?"
../raw_data/wavs/voice-0830.wav,"Khi chỉ định cefotetan cho bệnh nhân viêm vùng chậu (PID) nặng, phương thức administration nào được khuyến nghị và tại sao nó thường được kết hợp với một loại kháng sinh khác?"
../raw_data/wavs/voice-0831.wav,"Tại sao Sulfanilamide được chỉ định hạn chế sau tháng thứ 7 của thai kỳ, và cơ sở nào biện minh cho việc duy trì sử dụng trong giai đoạn này?"
../raw_data/wavs/voice-0832.wav,"Cơ chế sinh sản nào giải thích cho nguy cơ gây tật lỗ tiểu thấp nam (hypospadias) và nam hóa bộ phận sinh dục ngoài ở nữ thai nhi khi bà mẹ sử dụng Norethisterone trong 3 tháng đầu thai kỳ, dựa trên hoạt tính androgen yếu của thuốc?"
../raw_data/wavs/voice-0833.wav,"Trong điều trị cơn đau cấp ở cơ, Orphenadrine dạng viên và dạng tiêm được chỉ định với liều lượng và tần suất như thế nào?"
../raw_data/wavs/voice-0834.wav,Điều trị một liều đã quên Lidocaine đối với một bệnh nhân đang dùng thuốc theo lịch trình cố định có nên bổ sung ngay lập tức không?
../raw_data/wavs/voice-0835.wav,Thời gian bán thải của thuốc Nalbuphine là bao lâu?
../raw_data/wavs/voice-0836.wav,"Insulin Lispro gắn rất ít vào protein huyết tương (từ 0 đến 9%), hãy giải thích c cụm từ 'rất ít' này trong bối cảnh dược động học và khả năng sinh khả dụng của thuốc."
../raw_data/wavs/voice-0837.wav,"Dựa trên cấu trúc phân tử sulfonamide, cơ chế sinh hóa đặc hiệu nào mà Sulfanilamide sử dụng để gây kìm hãm vi khuẩn Gram âm và Gram dương?"
../raw_data/wavs/voice-0838.wav,"Tại sao hydrocortisone hoặc diphenhydramine được đề cập là 'hầu như không làm giảm bớt' tình trạng viêm hoặc đau tĩnh mạch tại vị trí truyền, và cơ chế nào gây ra kích ứng tĩnh mạch chính?"
../raw_data/wavs/voice-0839.wav,"Trong bối cảnh quá liều collagenase clostridium histolyticum, cơ chế sinh độc tính chính dẫn đến đứt gân (tendon rupture) là gì và protein nội sinh nào đóng vai trò then chốt trong cơ chế loại bỏ enzym này?"
../raw_data/wavs/voice-0840.wav,"Ngoài tiền sử quá mẫn nghiêm trọng với Pembrolizumab, bệnh nhân có tiền sử ghép tế bào gốc tạo máu tự thận (HSCT) và đang trong giai đoạn biến chứng có được chỉ định loại thuốc này hay không?"
../raw_data/wavs/voice-0841.wav,Việc sử dụng thuốc ức chế monoamine oxidase (MAOI) trong vòng 14 ngày trước đó được xác định là chống chỉ định tuyệt đối đối với amphetamine vì cơ chế cơ chế phân tử nào?
../raw_data/wavs/voice-0842.wav,"Trong vòng 18 giờ sau khi uống Estazolam, có bao nhiêu chất chuyển hóa được phát hiện trong huyết tương?"
../raw_data/wavs/voice-0843.wav,"Trong bối cảnh điều trị nhồi máu cơ tim cấp đi kèm tình trạng phù phổi cấp, cơ chế sinh bệnh học nào biện minh cho việc ưu tiên sử dụng nitroglycerin truyền tĩnh mạch so với các nitrate tác dụng kéo dài, dựa trên các thông số huyết động cụ thể?"
../raw_data/wavs/voice-0844.wav,"Dựa trên định nghĩa hóa học và sinh học, Benserazide được mô tả là một carbohydrazide ức chế không thể đảo ngược của enzyme nào cụ thể, và tại sao đặc tính không thể đảo ngược này lại quan trọng trong hiệu quả dược lý?"
../raw_data/wavs/voice-0845.wav,"Theo phân loại thai kỳ, collagenase clostridium histolyticum thuộc nhóm nào và cơ sở dữ liệu nào từ nghiên cứu trên động vật được viện dẫn để đánh giá tính an toàn?"
../raw_data/wavs/voice-0846.wav,"Dựa trên cơ chế hoạt động giao cảm alpha-2, Apraclonidine chống chỉ định tuyệt đối ở những bệnh nhân nào?"
../raw_data/wavs/voice-0847.wav,Phụ nữ đang cho con bú cần tuân thủ quy định nào về việc sử dụng Somatropin?
../raw_data/wavs/voice-0848.wav,"Thực hành lâm sàng nào được khuyến nghị về việc sử dụng các dạng chế phẩm Hyaluronic Acid (uống hoặc bôi da) cho phụ nữ đang trong giai đoạn thai kỳ, dựa trên sự không chắc chắn về độ an toàn?"
../raw_data/wavs/voice-0849.wav,"Theo thang điểm EWG, Potassium Laurate được xếp vào mức độ nguy hại nào và EWG là viết tắt của cụm từ gì?"
../raw_data/wavs/voice-0850.wav,"So với Riboflavin ở người có chức năng thận bình thường, cơ chế thải trừ Riboflavin ở những bệnh nhân đang thẩm phân màng bụng hoặc lọc máu nhân tạo có gì khác biệt về tốc độ?"
../raw_data/wavs/voice-0851.wav,Tại sao Orphenadrine được chống chỉ định tuyệt đối ở bệnh nhân bị phì đại tuyến tiền liệt?
../raw_data/wavs/voice-0852.wav,"Dựa trên đặc điểm dược động học, Desoximetasone có thời gian bán thải (half-life) dao động trong khoảng bao lâu?"
../raw_data/wavs/voice-0853.wav,"Dựa trên cơ chế dược lý, tại sao amphetamine lại được chỉ định để điều trị chứng ngủ rũ?"
../raw_data/wavs/voice-0854.wav,"Nếu bệnh nhân quên dùng một liều terbinafine uống, tại sao tài liệu y khoa lại cấm đoán hoàn toàn việc dùng gấp đôi liều bù (double dose) thay vì điều chỉnh theo khoảng cách liều?"
../raw_data/wavs/voice-0855.wav,Quá trình chuyển hóa Naloxone ở gan bao gồm các phản ứng oxy hóa khử (khử N-alkyl và khử nhóm 6-ceto) và phản ứng liên hợp; vậy chất chuyển hóa chính tạo thành sau các quá trình này là gì?
../raw_data/wavs/voice-0856.wav,"So sánh tỷ lệ liên kết với protein huyết tương giữa quinupristin và dalfopristin, và giải thích ý nghĩa của sự khác biệt này đối với phân bố thuốc vào dịch thể cơ thể."
../raw_data/wavs/voice-0857.wav,"Đối với bệnh nhân xuất huyết đường tiêu hóa do giãn tĩnh mạch thực quản, Vasopressin được truyền với tốc độ tối thiểu bao nhiêu để bắt đầu hiệu quả?"
../raw_data/wavs/voice-0858.wav,"Đối với bệnh nhân thiếu hụt selen do hỗ trợ dinh dưỡng toàn phần qua đường tĩnh mạch (TPN) kéo dài, liều lượng tối đa của selen được chỉ định trong thời gian ngắn (khoảng 24-31 ngày) để đạt được bình thường hóa xét nghiệm là bao nhiêu microgam/ngày?"
../raw_data/wavs/voice-0859.wav,"Dựa trên phân loại thai kỳ và các mô tả về sinh lý, tại sao việc sử dụng formoterol cho phụ nữ mang thai phải đặc biệt cân nhắc về lợi ích/nguy cơ, không chỉ do thiếu dữ liệu lâm sàng mà còn do cơ chế dược lý nào?"
../raw_data/wavs/voice-0860.wav,"Khi chỉ định tiêm Hyaluronic Acid nội khớp để điều trị đau đầu gối, bệnh nhân cần tuân thủ những hạn chế hoạt động nào trong vòng 48 giờ sau thủ thuật để đảm bảo an toàn và hiệu quả?"
../raw_data/wavs/voice-0861.wav,"Tại sao hàng rào máu não kém phát triển ở trẻ em < 2 tuổi làm tăng nguy cơ độc tính thần kinh trung ương khi dùng Ivermectin, bất chấp việc thuốc có ái lực thấp với các receptor GABA ở người?"
../raw_data/wavs/voice-0862.wav,"Dựa trên định nghĩa thành phần hóa học, thuật ngữ 'Sinecatechins' ám chỉ cơ chế nào liên quan đến các catechin trong chi Camellia sinensis, và thành phần nào chiếm hàm lượng chi phối (>55%) trong phức hợp dược chất này?"
../raw_data/wavs/voice-0863.wav,Do thiếu sót về dữ liệu nghiên cứu lâm sàng nào mà Methocarbamol bị chống chỉ định sử dụng cho cả phụ nữ mang thai và phụ nữ đang cho con bú?
../raw_data/wavs/voice-0864.wav,Liệu có nguy cơ dẫn đến tăng lithium tự do trong máu khi dùng nimesulide đồng thời với lithi hay không?
../raw_data/wavs/voice-0865.wav,Nếu liều dùng amphetamine bị bỏ lỡ và thời điểm nhớ ra đã gần kề với liều kế tiếp theo quy trình thay đổi nồng độ thuốc trong huyết tương?.
../raw_data/wavs/voice-0866.wav,"Trong chỉ định đái tháo đường type 2, Insulin Lispro được chỉ định khi HbA1C > 10% và glucose máu lúc đói > 16,7 mmol/l, số liệu này được dùng để xác định mức độ nặng của bệnh hay để đánh giá nhu cầu insulin ban đầu?"
../raw_data/wavs/voice-0867.wav,"Trong giai đoạn chuyển đổi từ điều trị Triamcinolone toàn thân sang dạng hít ở bệnh nhân hen, cơ chế sinh lý nào dẫn đến nguy cơ suy thượng thận cấp tính có thể gây tử vong?"
../raw_data/wavs/voice-0868.wav,"Phân tích các can thiệp lâm sàng bắt buộc khi Norethisterone được kê đơn cho bệnh nhân có bệnh lý nền là đái tháo đường hoặc tăng lipid máu, và cơ chế sinh học nào giải thích cho sự thay đổi dung nạp glucose cũng như chuyển hóa lipid liên quan đến hoạt tính progestin này?"
../raw_data/wavs/voice-0869.wav,Việc sử dụng đồng thời biperiden và cisaprid sẽ dẫn đến sự đối kháng tương tác dược lý như thế nào trên đường tiêu hóa?
../raw_data/wavs/voice-0870.wav,"Tại sao Misoprostol có thể gây ra các phản ứng giống như tác dụng phụ ở hệ sinh dục (ví dụ: rong kinh, kích thích tử cung)?"
../raw_data/wavs/voice-0871.wav,"Về cơ chế đối kháng tại thụ thể, tại sao việc kết hợp yohimbine hydrochloride với clonidine lại không được khuyến cáo?"
../raw_data/wavs/voice-0872.wav,"Dựa trên cơ chế dược lý, Hydrocortisone Acetate liên kết với các thụ thể steroid để ổn định màng tế bào và đối kháng histamine, vậy hoạt chất này ức chế sự tích tụ của loại tế bào miễn dịch nào nhằm giảm tính thấm thành mao mạch?"
../raw_data/wavs/voice-0873.wav,Hành động cụ thể cần thực hiện theo qui trình khi một liều Dicloxacillin bị bỏ lỡ là gì?
../raw_data/wavs/voice-0874.wav,"Nếu một bệnh nhân vô tình tiêm quá liều Nadroparin calcium và sau 3 giờ tiêm truyền liều thứ nhất vẫn kéo dài APTT, lượng protamin sulfat bổ sung được khuyến nghị tính theo miligram so với miligram Nadroparin ban đầu là bao nhiêu?"
../raw_data/wavs/voice-0875.wav,"Nếu bệnh nhân bỏ lỡ một liều Propafenone theo lịch trình hàng ngày, cách xử trí đúng theo nguyên tắc dược lý lâm sàng là gì?"
../raw_data/wavs/voice-0876.wav,"Quá trình chuyển hóa Pivampicillin thành Ampicillin được thực hiện bởi loại enzyme nào trong cơ thể, và diễn ra trong bao lâu sau khi hấp thu?"
../raw_data/wavs/voice-0877.wav,"Trong dược lực học, Nalbuphine là chất chủ vận tại thụ thể opioid kappa, vậy nó đóng vai trò gì tại thụ thể opioid mu?"
../raw_data/wavs/voice-0878.wav,Pimecrolimus được chỉ định điều trị viêm da cơ địa ở những bệnh nhân nào đáp ứng tiêu chuẩn nào về Corticosteroid tại chỗ?
../raw_data/wavs/voice-0879.wav,Potassium Laurate được tìm thấy tự nhiên trong các loại dầu nào?
../raw_data/wavs/voice-0880.wav,"Cơ chế dược lý nào của trifluoperazine giải thích cho tác dụng chống nôn và khả năng điều chỉnh các rối loạn tự chủ (như nhịp tim, huyết áp)?"
../raw_data/wavs/voice-0881.wav,"Trong tình huống quá liều Vasopressin gây ngộ độc do ứ nước dẫn đến phù não, tại sao việc truyền urê và manitol lại được xem là biện pháp can thiệp có ích?"
../raw_data/wavs/voice-0882.wav,Giá trị thời gian bán thải (half-life) của Apraclonidine trong thủy dịch là bao lâu?
../raw_data/wavs/voice-0883.wav,Vì sao Salsalate được chống chỉ định tuyệt đối ở bệnh nhân hen suyễn có kèm theo polyp mũi?
../raw_data/wavs/voice-0884.wav,"Ngoài chỉ định điều trị viêm da tiếp xúc dị ứng, Hydrocortisone Acetate dạng tiêm còn được chỉ định điều trị tại chỗ bằng cách tiêm trong khớp hoặc quanh khớp cho những bệnh cụ thể nào?"
../raw_data/wavs/voice-0885.wav,Điều kiện tiên quyết nào được văn bản nêu ra về người dùng Potassium Laurate?
../raw_data/wavs/voice-0886.wav,Mô tả chi tiết cơ chế chuyển hóa sinh học của brompheniramine ở gan để tạo thành chất chuyển hóa thải trừ qua nước tiểu?
../raw_data/wavs/voice-0887.wav,Tại sao cần thận trọng khi chỉ định collagenase clostridium histolyticum cho bệnh nhân đang sử dụng aspirin liều thấp (≤ 150 mg/ngày) và loại thuốc chống đông máu nào được loại trừ khỏi danh sách cần ngưng dùng trước khi tiêm?
../raw_data/wavs/voice-0888.wav,"Dựa trên cơ chế gây nhiễu xét nghiệm, Gadoversetamide ảnh hưởng thế nào đến kết quả định lượng canxi huyết thanh khi sử dụng phương pháp so màu ortho-cresolphthalein complexone (OCP), và thời gian cần thiết để loại bỏ sự can thiệp này ở bệnh nhân chức năng thận bình thường?"
../raw_data/wavs/voice-0889.wav,Nồng độ Nalbuphine trong huyết tương của thai nhi được ghi nhận là 'gần như tương đương hoặc cao hơn' so với người mẹ dựa trên cơ chế nào?
../raw_data/wavs/voice-0890.wav,Mô tả cách xử lý khi bệnh nhân quên liều dimenhydrinate nếu đang trong quá trình dùng thuốc thường xuyên?
../raw_data/wavs/voice-0891.wav,"Tại sao Triamcinolone chỉ định cho phụ nữ mang thai cần phải đi kèm theo dõi nghiêm ngặt của bác sĩ, và rủi ro sinh sản cụ thể nào bệnh nhân phải đối mặt?"
../raw_data/wavs/voice-0892.wav,"Dựa trên đặc điểm dược lý và chỉ định, tại sao bệnh nhân nam bị mụn cóc dưới bao quy đầu chưa cắt bao quy đầu cần phải tuân thủ thao tác rút bao quy đầu và vệ sinh vùng kính hàng ngày trong quá trình sử dụng thuốc mỡ Sinecatechins 15%?"
../raw_data/wavs/voice-0893.wav,"Làm thế nào mà Azelastine có thể ức chế giải phóng các chất trung gian hóa học như serotonin và leukotriene ở mức nồng độ cao, trong khi cơ chế đối kháng thụ thể histamine H1 chỉ giải thích tác dụng kháng histamine?"
../raw_data/wavs/voice-0894.wav,Tốc độ thẩm tách máu ảnh hưởng như thế nào đến giá trị sinh khả dụng toàn thân của ganciclovir?
../raw_data/wavs/voice-0895.wav,"Dựa trên cơ chế dược lý của Isocarboxazid, tại sao việc sử dụng đồng thời với SSRI hoặc các thuốc chống trầm cảm ba vòng (trừ fluoxetine) lại bị chống chỉ định nghiêm ngặt, và cần tuân thủ khoảng cách thời gian nào?"
../raw_data/wavs/voice-0896.wav,"Chỉ định sử dụng dimenhydrinate thuộc phân loại thai kỳ C, nghĩa là gì và cơ sở nào cho phân loại này?"
../raw_data/wavs/voice-0897.wav,Tương tác dược lý giữa Sulfanilamide và Ajmaline làm tăng nguy cơ ứ mật qua cơ chế nào?
../raw_data/wavs/voice-0898.wav,"Tại sao Gadoteridol được chỉ định thận trọng với liều không quá 0.1 mmol/kg ở trẻ em từ 6 tháng đến 2 tuổi, và điều này liên quan như thế nào đến sự phát triển chưa hoàn thiện của hệ thống bài tiết?"
../raw_data/wavs/voice-0899.wav,Tại sao việc kết hợp biperiden với các thuốc kháng histamin hoặc phenothiazin làm tăng nguy cơ gây ra các tác dụng phụ kháng acetylcholin có hại?
../raw_data/wavs/voice-0900.wav,"Trong trường hợp quá liều Pembrolizumab nhưng bệnh nhân không xuất hiện các biểu hiện lâm sàng rõ rệt, phác đồ xử trí bắt buộc là gì?"
../raw_data/wavs/voice-0901.wav,So sánh sự khác biệt về chỉ số sinh khả dụng và nồng độ đỉnh trong huyết tương (Cmax) giữa viên nén Zileuton phóng thích tức thời so với viên nén phóng thích kéo dài khi được dùng cùng thực phẩm?
../raw_data/wavs/voice-0902.wav,Tại sao Delavirdine không được chỉ định sử dụng cho trẻ em dưới 16 tuổi?
../raw_data/wavs/voice-0903.wav,"So với bệnh nhân ghép thận dùng liều 2g/ngày, tại sao bệnh nhân ghép gan lại có liều khuyến cáo cao hơn (3g/ngày) cho cùng một hoạt chất Mycophenolate mofetil?"
../raw_data/wavs/voice-0904.wav,"CDC khuyến cáo sử dụng Sinecatechins để điều trị các vị trí tổn thương cụ thể nào, và điều kiện tiên quyết về khả năng tự sử dụng (self-use) của bệnh nhân đối với liệu pháp này là gì?"
../raw_data/wavs/voice-0905.wav,"Trong điều trị đái tháo nhạt do thùy sau tuyến yên, người lớn cần tiêm Vasopressin bao nhiêu đơn vị quốc tế mỗi lần?"
../raw_data/wavs/voice-0906.wav,Thai phụ đang điều trị bằng ganciclovir nếu không thể ngưng thuốc phải tuân thủ những biện pháp tránh thai nào và trong bao lâu sau khi kết thúc liệu trình?
../raw_data/wavs/voice-0907.wav,Việc áp dụng acid hóa nước tiểu trong điều trị quá liều amphetamine làm thay đổi gì đối với quá trình thải trừ qua thận của dược chất này?
../raw_data/wavs/voice-0908.wav,So sánh cơ chế chuyển hóa của Nepafenac thành hoạt chất có hoạt tính dược lý với cơ chế chuyển hóa của Prodrug Ketorolac tra mắt?
../raw_data/wavs/voice-0909.wav,Điều kiện bệnh lý nền nào của bệnh nhân buộc bác sĩ phải cân nhắc kỹ lưỡng trước khi chỉ định Triamcinolone dạng tiêm do nguy cơ exacerbation bệnh tiềm ẩn?
../raw_data/wavs/voice-0910.wav,Lưu ý rằng chỉ định gây tê tủy sống tại bệnh nhân đang dùng Nadroparin calcium có nguy cơ dẫn đến liệt vĩnh viễn do bọc máu trong ống sống; bệnh nhân cần ngừng thuốc ít nhất bao lâu trước khi thực hiện thủ thuật này?
../raw_data/wavs/voice-0911.wav,Chống chỉ định 'Quá mẫn với Azelastine' có bao gồm các trường hợp dị ứng không đặc hiệu với các thành phần phụ gia trong dược phẩm hay không?
../raw_data/wavs/voice-0912.wav,"Ngoài trường hợp quá mẫn với selen, chống chỉ định tuyệt đối đối với việc tiêm trực tiếp selen vào tĩnh mạch ngoại vi là gì?"
../raw_data/wavs/voice-0913.wav,Tại sao việc sử dụng đồng thời amphetamine với các thuốc ức chế CYP2D6 lại làm tăng nguy cơ mắc phải hội chứng serotonin?
../raw_data/wavs/voice-0914.wav,"Để điều trị nhiễm trùng do Staphylococcus aureus kháng Penicillin G, tại sao Dicloxacillin lại là lựa chọn hợp lý hơn so với các penicilin không bền vững trước enzym penicilinase?"
../raw_data/wavs/voice-0915.wav,"Dựa trên đặc tính dược lý ức chế trục dưới đồi-tuyến yên-tuyến sinh dục và gây độc thai nhi, tại sao Diethylstilbestrol lại được xếp vào nhóm chống chỉ định tuyệt đối đối với phụ nữ mang thai và trẻ em?"
../raw_data/wavs/voice-0916.wav,"Nếu bệnh nhân không thể nhớ ra liều Hydrocortisone Acetate đã bôi và thời gian giãn cách với liều tiếp theo vẫn còn xa, thay vì dùng liều gấp đôi, bệnh nhân nên làm gì?"
../raw_data/wavs/voice-0917.wav,Việc Amylmetacresol có khả năng diệt virus nhưng cơ chế vẫn chưa được làm sáng tỏ hoàn toàn đặt ra vấn đề gì về tính đặc hiệu trong dược lý học so với các kháng sinh thông thường?
../raw_data/wavs/voice-0918.wav,"Trong cơ chế dược lý của Oxaliplatin, quá trình sinh chuyển hóa không thông qua enzym ở dịch sinh lý sẽ tạo ra các dẫn chất monoaquo DACH platin và diaquo DACH platin. Những phức hợp hoạt tính nhất thời này sẽ liên kết ưu tiên với những base nitơ nào trên DNA để tạo ra liên kết chéo (cross-link)?"
../raw_data/wavs/voice-0919.wav,Tương tác thuốc nào có thể làm tăng nhu cầu liều Somatropin do làm giảm đáp ứng IGF-1 huyết thanh?
../raw_data/wavs/voice-0920.wav,"Trong phương trình điều chế Potassium Laurate, chất tạo nguồn cung cấp ion Kali là chất nào?"
../raw_data/wavs/voice-0921.wav,Cơ chế sinh học nào khiến các bệnh nhân có nồng độ các chất cường giao cảm tăng hoặc đang sử dụng thuốc cường giao cảm cần phải thận trọng khi dùng pancuronium?
../raw_data/wavs/voice-0922.wav,"Dựa trên cơ chế dược lý, tại sao telbivudine không phải là chất nền hay chất ức chế của hệ enzym cytochrom P450 (CYP450) lại là yếu tố quan trọng trong việc giảm nguy cơ tương tác thuốc ở bệnh nhân viêm gan B đang dùng đa thuốc?"
../raw_data/wavs/voice-0923.wav,"Trong bối cảnh y học chứng cứ, việc văn bản ghi nhận 'không có báo cáo' về các giai đoạn của động lực học (hấp thu, phân bố, chuyển hóa, thải trừ) của Amylmetacresol có hàm ý gì về độ an toàn và khả năng tích lũy thuốc?"
../raw_data/wavs/voice-0924.wav,Quá trình chuyển hóa Irbesartan tại gan phụ thuộc chủ yếu vào isoenzym nào của cytochrom P450?
../raw_data/wavs/voice-0925.wav,"Chứng tăng oxy máu ác tính (Hyperthermia) có thể xảy ra khi quá liều amphetamine, cơ chế sinh bệnh học nào dẫn đến tình trạng này gây nguy hiểm đến tính mạng?"
../raw_data/wavs/voice-0926.wav,Potassium Laurate có khả năng làm sạch da dựa trên việc chứa hai thành phần nào?
../raw_data/wavs/voice-0927.wav,"Nếu một bệnh nhân bị nhiễm giun chỉ Onchocerca volvulus có tổn thương nặng ở mắt và đồng thời đang trong đợt cấp tính của bệnh sốt rét không có triệu chứng, việc sử dụng Diethylcarbamazine sẽ vi phạm chống chỉ định nào và tại sao?"
../raw_data/wavs/voice-0928.wav,"Nếu bệnh nhân không tuân thủ điều trị và quên nhiều liều Delavirdine, hệ quả lâm sàng nào có thể xảy ra liên quan đến độ nhạy cảm của virus?"
../raw_data/wavs/voice-0929.wav,Một tỷ lệ phần trăm liều Vasopressin thải qua nước tiểu dưới dạng không biến đổi sau 4 giờ đối với đường tiêm dưới da là bao nhiêu?
../raw_data/wavs/voice-0930.wav,Hướng dẫn xử trí cụ thể nào được đưa ra nếu bệnh nhân bỏ lỡ một liều thuốc selen?
../raw_data/wavs/voice-0931.wav,"Vì sao Isocarboxazid bị chống chỉ định dùng chung với Pethidine, và các triệu chứng lâm sàng nghiêm trọng nào có thể xuất hiện do tương tác dược lý này?"
../raw_data/wavs/voice-0932.wav,"Dựa trên các isoenzym cytochrome P450 tham gia chuyển hóa Mirtazapine (CYP1A2, CYP2D6, CYP3A4), cơ chế nào giải thích cho thời gian bán thải kéo dài (20-40 giờ) của thuốc?"
../raw_data/wavs/voice-0933.wav,Đặc tính hóa học nào của pancuronium bromid liên quan đến khả năng hấp thụ vào bình chứa nhựa và điều kiện nồng độ cho phép dung dịch ổn định?
../raw_data/wavs/voice-0934.wav,Cơ chế ức chế men sao chép ngược (RT) của Delavirdine khác biệt thế nào so với các thuốc ức chế men sao chép ngược nucleoside (NRTI) trong tương tác với substrat?
../raw_data/wavs/voice-0935.wav,Thời gian bán thải của Propafenone ở nhóm bệnh nhân chuyển hóa kém (poor metabolizers) kéo dài trong khoảng bao nhiêu giờ?
../raw_data/wavs/voice-0936.wav,"Bệnh Keshan là một bệnh cơ tim đặc hữu có liên quan đến thiếu hụt selen. Ngoài ra, bệnh lý xương khớp đặc hữu nào khác được ghi nhận là có liên quan đến tình trạng thiếu hụt nguyên tố vi lượng này?"
../raw_data/wavs/voice-0937.wav,Giải thích cơ chế sinh lý học tại sao Nalbuphine lại gây nguy cơ suy hô hấp đe dọa tính mạng cao hơn ở bệnh nhân cao tuổi hoặc người suy kiệt so với người bình thường?
../raw_data/wavs/voice-0938.wav,Tại sao Cladribine không được khuyến cáo sử dụng đồng thời với các thuốc kháng vi-rút (thuộc nhóm thuốc trải qua quá trình phosphoryl hóa nội bào) và tương kỵ của thuốc với dung dịch Dextrose 5% được thể hiện như thế nào?
../raw_data/wavs/voice-0939.wav,"Nếu so sánh với đường tiêm tĩnh mạch, việc sử dụng Naloxone qua đường tiêm bắp hoặc tiêm dưới da sẽ ảnh hưởng như thế nào đến tốc độ khởi phát tác dụng?"
../raw_data/wavs/voice-0940.wav,Thời gian bắt đầu tác dụng chống nôn sau khi tiêm bắp dimenhydrinate là bao lâu?
../raw_data/wavs/voice-0941.wav,Thời gian để bắt đầu có tác dụng sau khi tiêm bắp biperiden lactat là bao lâu?
../raw_data/wavs/voice-0942.wav,"Đối với đối tượng trẻ em không phải trẻ sơ sinh, liều lượng selen được khuyến cáo theo kilogram cân nặng và giới hạn trần về liều lượng absolute mỗi ngày là bao nhiêu?"
../raw_data/wavs/voice-0943.wav,"Dựa trên động lực học hấp thu của Triamterene, nồng độ đỉnh trong huyết tương đạt được sau bao lâu đối với liều 100-200 mg?"
../raw_data/wavs/voice-0944.wav,"Dựa trên đặc tính diệt khuẩn của Gemifloxacin, cơ chế phân tử nào mà hoạt chất này sử dụng để ức chế sự phát triển của các vi khuẩn Gram âm như Haemophilus influenzae và vi khuẩn Gram dương Streptococcus pneumoniae?"
../raw_data/wavs/voice-0945.wav,"Nếu trong quá trình điều trị tại chỗ bằng thuốc mỡ Sinecatechins, bệnh nhân xuất hiện phản ứng ngứa nặng, quy trình xử lý chuẩn bao gồm việc loại bỏ thuốc mỡ và thông báo cho bác sĩ có được hướng dẫn như thế nào?"
../raw_data/wavs/voice-0946.wav,Telbivudine có gây quái thai trong các nghiên cứu tiền lâm sàng hay không?
../raw_data/wavs/voice-0947.wav,Cefotetan được chỉ định điều trị nhiễm trùng do các loại vi khuẩn nào?
../raw_data/wavs/voice-0948.wav,"Dựa trên đặc điểm dược động học, tại sao nồng độ sildenafil trong huyết tương tăng đáng kể khi dùng đồng thời với các thuốc ức chế CYP3A4 mạnh như ketoconazole hoặc ritonavir? Hãy giải thích mối liên hệ giữa enzyme chuyển hóa cụ thể này và sinh khả dụng của thuốc."
../raw_data/wavs/voice-0949.wav,"Dựa trên dữ liệu động vật, vì sao Rupatadine vẫn được chỉ định là 'tránh sử dụng' thay vì 'chống chỉ định tuyệt đối' ở phụ nữ mang thai?"
../raw_data/wavs/voice-0950.wav,"Cơ chế phân tử cơ bản của Idoxuridine trong việc ức chế sự nhân lên của virus Herpes simplex là gì, và enzyme cụ thể nào mà hoạt chất này trực tiếp tác động đến?"
../raw_data/wavs/voice-0951.wav,"Tại sao Diethylcarbamazine có thể gây ra các tổn thương thị lực vĩnh viễn, và điều này thường liên quan đến liều lượng hay thời gian điều trị?"
../raw_data/wavs/voice-0952.wav,"Khi sử dụng Hydrocortisone Acetate một cách liên tục và không ngắt quãng trong thời gian dài, bệnh nhân có nguy cơ mắc phải những tổn thương da vĩnh viễn nào?"
../raw_data/wavs/voice-0953.wav,"Khi phối hợp Vasopressin với các thuốc chống trầm cảm ba vòng, carbamazepin hoặc clorpromazin, cơ chế sinh học nào làm tăng tác dụng chống bài niệu và nguy cơ ứ nước?"
../raw_data/wavs/voice-0954.wav,"Đối với bệnh nhân có tổn thương da dạng khô hoặc có vảy, Desoximetasone nên được ưu tiên sử dụng ở dạng bào chế nào thay vì kem?"
../raw_data/wavs/voice-0955.wav,"Thể tích phân bố (Vd) của amphetamine được ghi nhận là 4 L/kg, chỉ số này có ý nghĩa gì trong việc đánh giá sự khuếch tán của thuốc?"
../raw_data/wavs/voice-0956.wav,"Ngoài tác dụng trong viêm giác mạc do HSV, phương thức bào chế dung dịch Idoxuridine 5% hoặc 40% trong dimethyl sulfoxid (DMSO) được chỉ định để điều trị gì trên da?"
../raw_data/wavs/voice-0957.wav,"Mặc dù APTT thường không được sử dụng để theo dõi điều trị Nadroparin, cơ chế nào giải thích tại sao chỉ số này vẫn kéo dài hơn bình thường 1,4 lần ở thời điểm tác dụng tối đa khi dùng liều điều trị?"
../raw_data/wavs/voice-0958.wav,Phân tích cơ chế sinh bệnh học tại sao việc ức chế prostaglandin ở tháng cuối thai kỳ bằng Nepafenac làm tăng nguy cơ đóng sớm ống động mạch ductus arteriosus ở thai nhi?
../raw_data/wavs/voice-0959.wav,"Khi Almotriptan bị quá liều (ví dụ dùng liều 150 mg), các triệu chứng chính cần quan sát là gì và thời gian theo dõi tối thiểu được khuyến cáo dựa trên thông số dược động học nào?"
../raw_data/wavs/voice-0960.wav,"Căn cứ vào dữ liệu nghiên cứu trên động vật được cung cấp, các tác dụng phụ đối với thai nhi trong thai kỳ của natri selen sẽ chỉ xuất hiện khi nào?"
../raw_data/wavs/voice-0961.wav,"Tại sao cần hướng dẫn bệnh nhân Parkinson kiểm tra da thường xuyên để phát hiện sớm melanoma khi đang dùng Ropinirole, bất chấp việc nguy cơ này chưa được xác nhận rõ ràng?"
../raw_data/wavs/voice-0962.wav,Loại muối nào cấu thành Potassium Laurate?
../raw_data/wavs/voice-0963.wav,"Dựa trên thông số nồng độ fomepizole trong máu từ 100 – 300 µmol/L, cơ chế ức chế cạnh tranh của thuốc đối với alcohol dehydrogenase hoạt động hiệu quả như thế nào đối với methanol và ethanol?"
../raw_data/wavs/voice-0964.wav,"Khi điều trị quá liều Zileuton, nếu bệnh nhân còn tỉnh táo và chưa vượt quá 1 giờ sau khi uống thuốc, biện pháp loại bỏ thuốc chưa hấp thu nào được khuyến nghị?"
../raw_data/wavs/voice-0965.wav,"So với các macrolid khác, Spiramycin ít bị chuyển hóa tại gan hơn. Điều này có ý nghĩa gì đối với tương tác thuốc, và enzym Cytochrom P450 nào cụ thể được đề cập đến trong khả năng tương tác?"
../raw_data/wavs/voice-0966.wav,"Tại sao Misoprostol lại được chỉ định để làm 'chín muồi' cổ tử cung và gây chuyển dạ, khác biệt cơ chế nào so với tác dụng bảo vệ niêm mạc?"
../raw_data/wavs/voice-0967.wav,Tại sao Rosiglitazone có thể được sử dụng hiệu quả trong điều trị đái tháo đường typ 2 nhưng lại không có tác dụng hạ glucose huyết ở người không mắc bệnh đái tháo đường?
../raw_data/wavs/voice-0968.wav,"Đối với dạng phóng thích kéo dài của Zileuton, bệnh nhân cần tuân thủ hướng dẫn nào về thời gian uống thuốc so với bữa ăn để tối ưu hóa sự hấp thu?"
../raw_data/wavs/voice-0969.wav,"Tại sao fluoxetine bị chống chỉ định tuyệt đối ở bệnh nhân đang điều trị bằng các thuốc ức chế monoamine oxidase (MAOI), và cần thời gian washout bao lâu để đảm bảo an toàn?"
../raw_data/wavs/voice-0970.wav,Metolazone có chỉ định điều trị cho đối tượng phụ nữ mang thai bị phù hay không?
../raw_data/wavs/voice-0971.wav,"Vì sao việc sử dụng Altretamine được khuyến cáo là 'thuốc thay thế cho liệu pháp cứu vãn' chứ không phải là lựa chọn hàng đầu? Dựa trên thông tin dược động học, đặc tính nào của thuốc có thể đặt ra thách thức về liều lượng?"
../raw_data/wavs/voice-0972.wav,Tại sao cần phải giới hạn thời gian sử dụng nimesulide tối đa 15 ngày ở những người bệnh suy gan?
../raw_data/wavs/voice-0973.wav,"Nếu bệnh nhân ngưng sử dụng metoprolol đột ngột sau một thời gian dài sử dụng, hiện tượng dược lý nào có thể xảy ra?"
../raw_data/wavs/voice-0974.wav,"Trong trường hợp bệnh nhân vô tình quên một liều fluoxetine, cơ chế xử trí đúng theo nguyên tắc dược lý học là gì?"
../raw_data/wavs/voice-0975.wav,"Povidone-iodine có tương kỵ với các chất khử, vậy cần lưu ý gì khi dùng kết hợp với dung dịch natri thiosulfat?"
../raw_data/wavs/voice-0976.wav,"Tại sao việc sử dụng đồng thời Clorazepat với Nước ép bưởi lại làm tăng nồng độ thuốc trong huyết thanh, và enzym CYP nào tham gia vào quá trình chuyển hóa Clorazepat?"
../raw_data/wavs/voice-0977.wav,"Phân tích nguy cơ hội chứng Serotonin khi chỉ định Almotriptan cho bệnh nhân đang dùngSSRI hoặc SNRI, và cơ chế dược lực học nào nền tảng cho sự tương tác?"
../raw_data/wavs/voice-0978.wav,"Nếu Misoprostol được dùng cho phụ nữ đang mang thai, cơ chế sinh bệnh học nào dẫn đến nguy cơ vỡ tử cung?"
../raw_data/wavs/voice-0979.wav,"Trong điều trị co cứng cơ do xơ cứng rải rác, bệnh nhân cần tuân thủ quy tắc nào về tần suất tăng liều để đảm bảo an toàn?"
../raw_data/wavs/voice-0980.wav,Người bệnh câm mẫn với iod hoặc các chế phẩm chứa iod cần lưu ý điều gì khi sử dụng Idoxuridine và tại sao?
../raw_data/wavs/voice-0981.wav,"Trong tình huống quá liều fomepizole với nồng độ huyết tương đạt 520 µmol/L, cơ chế nào khiến các triệu chứng thần kinh trung ương (chóng mặt) chỉ kéo dài tối đa 30 giờ?"
../raw_data/wavs/voice-0982.wav,Thực hành lâm sàng nào về việc bôi Pimecrolimus vào vú là cần thiết ở các bà mẹ đang cho con bú để đảm bảo an toàn cho trẻ sơ sinh?
../raw_data/wavs/voice-0983.wav,"Tại sao acid ursodeoxycholic được coi là chống chỉ định trong trường hợp viêm hồi tràng khu vực hoặc cắt bỏ hồi tràng, và cơ chế sinh lý bệnh nào về tái tuần hoàn acid mật bị gián đoạn dẫn đến nguy cơ này?"
../raw_data/wavs/voice-0984.wav,"Nếu Apraclonidine bị quá liều ở trẻ em, triệu chứng đặc hiệu nào liên quan đến hệ tim mạch cần được chú ý?"
../raw_data/wavs/voice-0985.wav,Nồng độ đỉnh trong huyết tương của Tizanidine khi uống viên nén trên bệnh nhân đói và no chênh lệch nhau bao nhiêu?
../raw_data/wavs/voice-0986.wav,"Theo kết luận của Hội đồng Chuyên gia Đánh giá Thành phần Mỹ phẩm (CIR), tính an toàn của Potassium myristate được xác lập dựa trên những tiêu chí nào liên quan đến độc tính phát triển và khả năng gây ung thư?"
../raw_data/wavs/voice-0987.wav,"Nếu một bệnh nhân có tiền sử dị ứng Penicillin và đang được chỉ định Cloxacillin, cần phải cân nhắc và xử trí như thế nào về mặt lâm sàng để đảm bảo an toàn?"
../raw_data/wavs/voice-0988.wav,"Trong y văn có đề cập đến cơ chế gây nôn có thể liên quan đến kích thích acetylcholin ở hệ thống tiền đình, dimenhydrinate can thiệp bằng cách nào?"
../raw_data/wavs/voice-0989.wav,"Tại sao Almotriptan được chuyển hóa chủ yếu thông qua enzym monoamine oxidase (MAO-A) nhưng vẫn có thể gây tương tác dược động học với Verapamil (một cơ chất CYP3A4), và tại sao sự gia tăng nồng độ thuốc này lại không có ý nghĩa lâm sàng?"
../raw_data/wavs/voice-0990.wav,"Nếu một bệnh nhân nhiễm HSV-2_Type bị kháng thuốc do đột biến khiến enzyme thymidine kinase của virus mất chức năng (TK-deficient), virus này có khả năng kháng chéo với Penciclovir hay không?"
../raw_data/wavs/voice-0991.wav,"Dựa trên đặc điểm chuyển hóa tại gan thông qua CYP3A4 và CYP2D6, tại sao tamsulosin có tỷ lệ chuyển hóa bước 1 qua gan thấp nhưng lại có tương tác đáng kể với các chất ức chế các enzyme này?"
../raw_data/wavs/voice-0992.wav,Cơ chế sinh bệnh học nào giải thích cho nguy cơ khởi phát các triệu chứng loạn thần hoặc hưng cảm cấp tính ở trẻ em và thanh thiếu niên khi sử dụng dextroamphetamine?
../raw_data/wavs/voice-0993.wav,"Khi điều trị nhiễm Loa loa, tại sao bệnh nhân được yêu cầu bắt đầu bằng liều thấp và có thể dùng corticoid/histamin trong 2-3 ngày đầu, đồng thời cam kết ngay lập tức nếu xuất hiện dấu hiệu tổn thương não?"
../raw_data/wavs/voice-0994.wav,"Giải thích tại sao hiệu ứng Somogyi (tăng glucose huyết phản ứng sau hạ glucose huyết) thường bị nhầm lẫn với hiện tượng bình minh (dawn phenomenon), và tại sao việc tiêm Insulin Lispro không đúng thời gian tác dụng có thể làm sai lệch chẩn đoán hai hiện tượng này?"
../raw_data/wavs/voice-0995.wav,"Dựa vào đặc điểm dược lý của Almotriptan là chất chủ vận chọn lọc thụ thể 5-HT1B/1D, cơ chế sinh học nào giải thích cho khả năng giảm triệu chứng sợ ánh sáng và sợ âm thanh trong cơn đau nửa đầu?"
../raw_data/wavs/voice-0996.wav,Cơ chế phân tử c cụ thể nào của Penciclovir triphosphat cho phép nó ưu tiên ức chế quá trình sao chép DNA của virus herpes simplex (HSV-1 và HSV-2) mà không gây ảnh hưởng đáng kể lên quá trình phân chia của tế bào vật chủ?
../raw_data/wavs/voice-0997.wav,"Ngoài việc chống chỉ định trên bệnh nhân phù mạch do ACEi trước đó và thai kỳ, Ramipril còn bị chống chỉ định tuyệt đối nào khác?"
../raw_data/wavs/voice-0998.wav,"Nếu một bệnh nhân ngừng thuốc lợi tiểu 2 - 3 ngày trước khi bắt đầu dùng Enalapril nhưng sau đó tiếp tục dùng lại thuốc lợi tiểu, việc điều chỉnh liều Enalapril duy trì cần dựa trên cơ chế dược lý học nào về tương tác?"
../raw_data/wavs/voice-0999.wav,"Tại sao fomepizole không thể hiện rõ ảnh hưởng đến khả năng lái xe hay vận hành máy móc, và bệnh nhân cần tuân thủ hướng dẫn nào về tương tác vật liệu polycarbonate?"
../raw_data/wavs/voice-1000.wav,"Ngoài cơ chế cạnh tranh với histamin tại thụ thể H1, dimenhydrinate còn có khả năng ức chế dẫn truyền xung động nào ở hệ thống tiền đình và ốc tai?"
../raw_data/wavs/voice-1001.wav,"Với nồng độ Camphor trong gel bôi ngoài da là 0,45%, thấp hơn nhiều so với dung dịch xông (6,2%), cơ chế nào giúp gel vẫn đạt được hiệu quả giảm đau và ngứa?"
../raw_data/wavs/voice-1002.wav,"So sánh hiệu quả ức chế enzym thrombin giữa Argatroban và chất chuyển hóa chính M-1 của nó dựa trên giá trị hằng số ức chế (Ki) được đề cập trong tài liệu, và giải thích ý nghĩa lâm sàng của sự khác biệt này?"
../raw_data/wavs/voice-1003.wav,Loperamide làm giảm nhu động ruột thông qua cơ chế nào liên quan đến giải phóng chất trung gian hóa học tại hệ thần kinh ruột?
../raw_data/wavs/voice-1004.wav,Cơ chế nào giải thích cho thực tế rằng Idoxuridine không có tác dụng điều trị viêm mống mắt hoặc nhiễm khuẩn sâu ở mắt?
../raw_data/wavs/voice-1005.wav,"Ngoài việc nước tiểu chuyển màu vàng nhạt hoặc vàng cam, Riboflavin ở liều cao còn gây sai lệch kết quả xét nghiệm nước tiểu cụ thể nào, và cơ chế hóa học nào gây ra hiện tượng này?"
../raw_data/wavs/voice-1006.wav,Nồng độ Pimecrolimus trong máu ở người lớn sau khi dùng kéo dài gần 1 năm thường dưới giới hạn nào?
../raw_data/wavs/voice-1007.wav,"Trong trường hợp dùng Vasopressin cho phụ nữ đang cho con bú, cần làm gì để giảm thiểu khả năng tiếp xúc thuốc qua sữa mẹ?"
../raw_data/wavs/voice-1008.wav,So sánh sự khác biệt về thời gian bán hủy (half-life) trong giai đoạn thải trừ dài giữa các dẫn chất platin của Oxaliplatin (khoảng 391 giờ) và thời gian bán hủy của hoạt chất Carboplatin (thường dao động khoảng 2-6 giờ) để giải thích tại sao độc tính tích lũy của Oxaliplatin có thể kéo dài hơn?
../raw_data/wavs/voice-1009.wav,"Trong trường hợp bệnh nhân quên dùng liều tamsulosin nhưng thời điểm nhớ ra lại gần với liều kế tiếp, việc sử dụng liều gấp đôi có được phép không và cơ chế bù trừ liều lượng sau đó như thế nào?"
../raw_data/wavs/voice-1010.wav,Dextroamphetamine có khả năng làm giảm ngưỡng co giật ở bệnh nhân; cơ chế nào dưới đây được xem là có liên quan đến nguy cơ này?
../raw_data/wavs/voice-1011.wav,Phụ nữ mang thai có được phép sử dụng Diethylcarbamazine trong tam cá nguyệt thứ nhất để điều trị nhiễm bệnh ấu trùng di chuyển nội tạng không?
../raw_data/wavs/voice-1012.wav,"Tính chất ức chế enzym CYP450 của Progesterone thể hiện như thế nào qua tương tác dược lý với Ciclosporin, và nguy cơ lâm sàng nào có thể phát sinh?"
../raw_data/wavs/voice-1013.wav,"Việc Amylmetacresol chống chỉ định tuyệt đối với tiền sử quá mẫn nghiêm trọng, nhưng lại không có đủ dữ liệu trên phụ nữ có thai, tạo ra thách thức lâm sàng nào trong việc cân nhắc lợi ích/nguy cơ?"
../raw_data/wavs/voice-1014.wav,Biến chứng thần kinh ngoại biên là một trong những tác dụng phụ đặc hữu của Oxaliplatin. Đoạn văn bản nào mô tả sự phụ thuộc của mức độ và thời gian xuất hiện bệnh lý thần kinh cảm giác này vào tổng liều tích lũy của thuốc?
../raw_data/wavs/voice-1015.wav,"Trong trường hợp quá liều Isocarboxazid gây hạ huyết áp nặng, tại sao hướng dẫn điều trị lại chỉ định ""không nên dùng thuốc cường giao cảm"" mà thay vào đó ưu tiên ""plasma expanders""?"
../raw_data/wavs/voice-1016.wav,"Liều đơn tối đa của Amifostine được ghi nhận trong thử nghiệm lâm sàng ở người lớn là bao nhiêu, và triệu chứng chính cần lưu ý khi quá liều là gì?"
../raw_data/wavs/voice-1017.wav,"Cơ chế sinh lý nào khiến Triazolam bị chống chỉ định tuyệt đối đối với phụ nữ mang thai, cụ thể là nguy cơ gây suy nhược thần kinh trung ương ở trẻ sơ sinh khi sử dụng vào những tuần cuối thai kỳ?"
../raw_data/wavs/voice-1018.wav,"Nếu Ropinirole không kiểm soát được triệu chứng Parkinson ở liều 4 mg/ngày, bác sĩ có thể cân nhắc những chiến lược điều trị nào về tương tác dược lý hoặc tăng liều?"
../raw_data/wavs/voice-1019.wav,"Dựa trên cơ chế dược lực học, tại sao Conivaptan chống chỉ định tuyệt đối ở bệnh nhân hạ natri máu thể tích giảm?"
../raw_data/wavs/voice-1020.wav,Tương tác dược lý giữa Desoximetasone và các chế phẩm chứa corticosteroid toàn thân có thể gây ra hiện tượng gì?
../raw_data/wavs/voice-1021.wav,"Khi bệnh nhân quên uống một liều metoprolol, tại sao tuyệt đối không được uống bù hai liều cùng một lúc?"
../raw_data/wavs/voice-1022.wav,"Ngoài các dạng rối loạn trầm cảm, Mirtazapine được chỉ định điều trị cho một tình trạng giấc ngủ phổ biến nào khác?"
../raw_data/wavs/voice-1023.wav,"Khi điều trị ngộ độc methanol, việc duy trì nồng độ fomepizole huyết tương từ 8,6 – 24,6 mg/L có vai trò quan trọng trong việc ngăn chặn biến chứng gì?"
../raw_data/wavs/voice-1024.wav,"Đối với Hydrocortisone Acetate dạng tiêm, tại sao việc giảm liều corticosteroid sau điều trị kéo dài phải được thực hiện từ từ theo tuần hoặc tháng?"
../raw_data/wavs/voice-1025.wav,"Nếu một bệnh nhân biểu hiện đồng thời các dấu hiệu đồng tử giãn, da khô ấm, nhịp tim nhanh và hoang tưởng, kích động, cơ chế nào trong ngộ độc biperiden cần được chẩn đoán?"
../raw_data/wavs/voice-1026.wav,Nồng độ đỉnh huyết tương của Sertraline đạt được trong khoảng thời gian nào sau khi uống?
../raw_data/wavs/voice-1027.wav,"Đối với bệnh nhân có cân nặng dưới 60 kg, tại sao liều duy trì Prasugrel được điều chỉnh giảm xuống 5 mg thay vì liều tiêu chuẩn 10 mg, và nguyên tắc dược lý nào chi phối sự điều chỉnh liều lượng này?"
../raw_data/wavs/voice-1028.wav,Cơ chế nào khiến Enalapril bị chống chỉ định tuyệt đối ở bệnh nhân bị hẹp động mạch thận hai bên?
../raw_data/wavs/voice-1029.wav,"Trong trường hợp bệnh nhân đang thẩm phân máu, quy trình điều chỉnh liều fomepizole được xác định dựa trên khoảng thời gian nào từ liều gần nhất?"
../raw_data/wavs/voice-1030.wav,Phân tích tương quan giữa tỷ lệ gắn kết Progesterone với các protein huyết tương (Albumin vs Globulin transcortin) và thời gian bán thải chỉ vài phút của thuốc.
../raw_data/wavs/voice-1031.wav,"Nếu một bệnh nhân bị suy gan, suy thận nặng không may nuốt phải Amylmetacresol thay vì ngậm, các biện pháp cấp cứu tại nhà (trước khi đến cơ sở y tế) nào là phù hợp nhất dựa trên đặc tính hóa lý của hoạt chất?"
../raw_data/wavs/voice-1032.wav,"Trong trường hợp quá liều Irbesartan, phương pháp điều trị nào sau đây được cho là không mang lại hiệu quả?"
../raw_data/wavs/voice-1033.wav,"Dựa trên thông tin dược động học, nồng độ tối đa (Cmax) trung bình trong huyết tương được ghi nhận ở những người tình nguyện khỏe mạnh khi uống liều duy nhất 50 mg miconazole là bao nhiêu?"
../raw_data/wavs/voice-1034.wav,"So sánh sự khác biệt về cơ chế chuyển hóa enzym giữa Gemifloxacin và các kháng sinh fluoroquinolon khác, và điều này có ý nghĩa gì đối với nguy cơ tương tác thuốc loại I?"
../raw_data/wavs/voice-1035.wav,Cơ chế nào gây ra tình trạng hạ huyết áp khi dùng quá liều Atracurium?
../raw_data/wavs/voice-1036.wav,Liều lượng Pimecrolimus bôi cho trẻ em từ 2 đến 11 tuổi có khác biệt gì so với phác đồ ở người lớn?
../raw_data/wavs/voice-1037.wav,Cơ chế đối kháng cạnh tranh của Azelastine với histamine tại các vị trí thụ thể H1 trên tế bào effector được thể hiện như thế nào qua các dấu hiệu lâm sàng phổ biến?
../raw_data/wavs/voice-1038.wav,Nước ép bưởi gây tương tác với Dofetilide thông qua cơ chế ức chế men chuyển hóa nào?
../raw_data/wavs/voice-1039.wav,Cơ chế sinh học phân tử nào của Trimipramine giải thích cho hiệu quả dự phòng chứng đau nửa đầu?
../raw_data/wavs/voice-1040.wav,Vì sao việc loại bỏ quinupristin/dalfopristin hoặc các chất chuyển hóa có hoạt tính của chúng không thể thực hiện được bằng phương pháp thẩm tách máu hay thẩm phân phúc mạc khi bệnh nhân bị quá liều?
../raw_data/wavs/voice-1041.wav,Tại sao cần phải đánh giá creatinin huyết tương của bệnh nhân trước và trong tháng đầu điều trị perindopril đối với các trường hợp tăng huyết áp do mạch máu thận?
../raw_data/wavs/voice-1042.wav,So sánh đặc điểm dược động học giữa Nepafenac (chất chuyển hóa trung gian) và Amfenac (hoạt chất cuối cùng) liên quan đến khả năng liên kết protein huyết thanh và đường thải trừ chính?
../raw_data/wavs/voice-1043.wav,"So với các thuốc ức chế men CYP450, cơ chế nào khiến Risedronate natri không gây ra tương tác thuốc chuyển hóa?"
../raw_data/wavs/voice-1044.wav,"Tương tác nghiêm trọng có thể xảy ra giữa Oxaliplatin và các thuốc chống đông máu khi dùng đồng thời trong phác đồ FOLFOX. Cụ thể, sự kết hợp này làm ảnh hưởng đến chỉ số xét nghiệm nào và nguy cơ lâm sàng tăng lên là gì?"
../raw_data/wavs/voice-1045.wav,"Hãy phân tích sự khác biệt về thời gian bán thải (khoảng 7,4 giờ) của chất chuyển hóa có hoạt tính Prasugrel so với thời gian tác dụng lâm sàng trên tiểu cầu, và tại sao bệnh nhân cần ngừng thuốc ít nhất 7 ngày trước khi phẫu thuật?"
../raw_data/wavs/voice-1046.wav,Cơ chế đối kháng thụ thể 5-HT2 và 5-HT3 của Mirtazapine giúp giảm thiểu tác dụng phụ nào so với các thuốc ức chế tái hấp thu serotonin có chọn lọc (SSRIs)?
../raw_data/wavs/voice-1047.wav,"Liên kết protein huyết tương (plasma protein binding) của dasatinib và chất chuyển hóa có hoạt tính của nó dao động trong phạm vi bao nhiêu phần trăm? Dựa trên thông số này, hãy đánh giá khả năng tương tác thuốc tiềm ẩn của dasatinib với các thuốc có độ gắn kết protein cao khác."
../raw_data/wavs/voice-1048.wav,Vì sao dihydrocodeine được khuyến cáo là thuốc giảm đau ưu tiên trong điều trị đau sau phẫu thuật so với các opioid khác?
../raw_data/wavs/voice-1049.wav,"Trong bối cảnh Camphor có thời gian bán thải khoảng 1,5 giờ, điều chỉnh nào cần thiết cho phác đồ điều trị nếu bệnh nhân quên liều kem bôi ngoài da vào buổi sáng và đã đến giờ bối liều tiếp theo vào cuối ngày?"
../raw_data/wavs/voice-1050.wav,"Cơ chế dược lý chính xác của molindone vẫn chưa được thiết lập hoàn toàn, nhưng dựa trên các nghiên cứu điện não đồ (EEG), hoạt chất này được cho là hoạt động bằng cách nào?"
../raw_data/wavs/voice-1051.wav,"Trong bối cảnh Prasugrel là thuốc ức chế kết tập tiểu cầu không thể đảo ngược (irreversible inhibitor) trên thụ thể P2Y12, việc xử lý tình trạng 'quên liều' theo hướng dẫn có đảm bảo tính liên tục của sự ức chế kết tập tiểu cầu hay không, và tại sao bệnh nhân được khuyến cáo không được uống bù liều gấp đôi?"
../raw_data/wavs/voice-1052.wav,So sánh về đặc điểm giải phóng và sinh khả dụng giữa hai dạng bào chế 'viên nang phóng thích kéo dài' và 'viên nén tức thời' của dextroamphetamine có gì khác biệt?
../raw_data/wavs/voice-1053.wav,Tại sao cần phải chẩn đoán loại trừ các nguyên nhân có khả năng hồi phục trước khi kê đơn Ergoloid mesylate?
../raw_data/wavs/voice-1054.wav,"Đối với bệnh nhân đái tháo đường muốn giảm nguy cơ phù hoàng điểm sau phẫu thuật, liều dùng Nepafenac 0.3% có khác biệt gì về tần suất và thời gian điều trị so với liệu trình điều trị đau và viêm sau phẫu thuật thông thường?"
../raw_data/wavs/voice-1055.wav,"Nếu bệnh nhân không thể xác định thời điểm nhớ ra liều Risedronate 35 mg đã quên cách liều kế tiếp bao lâu, nguyên tắc dược lý nào chi phối việc không được dùng gấp đôi liều?"
../raw_data/wavs/voice-1056.wav,Enzyme nào đóng vai trò là con đường chuyển hóa chính của Almotriptan trong quá trình khử amin oxy hóa?
../raw_data/wavs/voice-1057.wav,"Dựa trên đặc điểm phân loại theo FDA, loại thuốc mỡ Petrolatum được xếp vào nhóm nào đối với phụ nữ mang thai, và cơ sở đánh giá nào xác định nguy cơ trên thai nhi?"
../raw_data/wavs/voice-1058.wav,"Khi một bệnh nhân ở liều duy trì Enalapril 40 mg/ngày bị quên liều, tại sao lại cần phải cân nhắc về nguy cơ rebound huyết áp so với nguy cơ tích lũy thuốc?"
../raw_data/wavs/voice-1059.wav,"Từ các thông số hiệu lực giảm đau được cung cấp (xấp xỉ 10.000 lần so với morphin và 20-30 lần so với fentanyl), hãy suy luận và giải thích tại sao carfentanil được chỉ định sử dụng cho động vật kích thước lớn trong khi fentanyl lại được sử dụng cho người?"
../raw_data/wavs/voice-1060.wav,"Căn cứ vào đặc điểm chống chỉ định, tại sao Gadoversetamide bị cấm sử dụng tuyệt đối ở bệnh nhân có độ lọc cầu thận (GFR) dưới 30 mL/phút/1,73m2, khác biệt gì so với nguy cơ ở bệnh nhân suy thận nhẹ?"
../raw_data/wavs/voice-1061.wav,"Nếu một bệnh nhân suy thận có độ thanh thải creatinin (ClCr) dưới 30 ml/phút, thời gian bán thải (T1/2) của Gadopentetic acid sẽ kéo dài bao lâu, và mức độ tăng này chênh lệch như thế nào so với bệnh nhân có chức năng thận bình thường?"
../raw_data/wavs/voice-1062.wav,"Nếu bệnh nhân tình cờ bỏ lỡ một liều Desoximetasone, phương pháp tối ưu để điều chỉnh lịch trình dùng thuốc là gì?"
../raw_data/wavs/voice-1063.wav,"Dựa trên đặc tính dược động học giải phóng chậm trong 24-72 giờ và tỷ lệ thải trừ qua nước tiểu >90%, bệnh nhân cần theo dõi những dấu hiệu nào để phát hiện tình trạng quá liều cấp tính?"
../raw_data/wavs/voice-1064.wav,Potassium myristate được điều chế bằng cách cho axit myristic phản ứng với base kiềm cụ thể nào?
../raw_data/wavs/voice-1065.wav,Cloxacillin có phổ kháng khuẩn hẹp hơn một số beta-lactam khác. Giải thích cơ chế phân tử đằng sau việc thuốc không có hiệu lực trên Staphylococcus aureus kháng methicillin (MRSA).
../raw_data/wavs/voice-1066.wav,Giải thích lý do tại sao việc sử dụng phương pháp lọc máu có thể được xem là một biện pháp xử lý tình trạng quá liều Gadoversetamide?
../raw_data/wavs/voice-1067.wav,"Tương tác dược động học giữa Micafungin và Sirolimus được thể hiện như thế nào về mặt số liệu cụ thể, và cơ chế nào khiến Micafungin có khả năng tương tác thấp hơn với các thuốc chuyển hóa qua CYP3A?"
../raw_data/wavs/voice-1068.wav,So sánh hiệu lực đối kháng opioid của Nalbuphine với Nalorphine và Pentazocine được ghi nhận cụ thể như thế nào dựa trên dữ liệu dược lực học?
../raw_data/wavs/voice-1069.wav,Tại sao việc kết hợp telbivudine với pegylated interferon alfa-2a lại bị chống chỉ định?
../raw_data/wavs/voice-1070.wav,"So với các thuốc ức chế tái hấp thu serotonin có chọn lọc (SSRIs), cơ chế hoạt động nào của Mirtazapine giúp giảm nguy cơ gây ra tình trạng lo âu ban đầu?"
../raw_data/wavs/voice-1071.wav,"Nếu bệnh nhân phát hiện ra đã quên liều yohimbine và thời gian sắp đến liều tiếp theo, bệnh nhân cần tuân theo quy tắc xử trí nào?"
../raw_data/wavs/voice-1072.wav,"Phân tích tính logic của khái niệm 'quên liều' đối với Gadoversetamide, dựa trên đặc điểm nào của chỉ định và phác đồ sử dụng?"
../raw_data/wavs/voice-1073.wav,"Biperiden có tác dụng hủy nicotin với hoạt lực gấp 6 lần atropin, cơ chế đối kháng cạnh tranh của nó tại thụ thể acetylcholin thể vân giúp phục hồi sự cân bằng nào trong hội chứng Parkinson?"
../raw_data/wavs/voice-1074.wav,Một tác dụng phụ hiếm gặp nhưng nghiêm trọng của Oxaliplatin là bệnh phổi kẽ/xơ phổi. Khi nào bác sĩ cần phải tạm ngừng điều trị bằng Oxaliplatin dựa trên các triệu chứng lâm sàng và hình ảnh X-quang phổi?
../raw_data/wavs/voice-1075.wav,Tại sao tamsulosin được chỉ định không cần điều chỉnh liều đối với bệnh nhân suy thận nặng (độ thanh thải creatinine dưới 10 mL/phút) nhưng lại thận trọng khi dùng cho bệnh nhân có CYP2D6 chuyển hóa kém?
../raw_data/wavs/voice-1076.wav,"Dựa trên công thức hóa học C14H27KO2, hãy xác định số lượng và vị trí của các nguyên tử oxi trong phân tử Potassium myristate?"
../raw_data/wavs/voice-1077.wav,"Mặc dù cả Cloxacillin và Benzylpenicillin đều là beta-lactam, cơ chế kháng penicillinase của Cloxacillin khác biệt cụ thể ở điểm nào khiến nó có hiệu quả với Staphylococcus aureus sinh penicillinase trong khi Benzylpenicillin bị vô hiệu hóa?"
../raw_data/wavs/voice-1078.wav,"Khi Hydrocortisone Acetate được dùng đồng thời với các thuốc có chứa Ritonavir hay Oestrogen, thay đổi nào xảy ra đối với nồng độ Hydrocortisone Acetate trong huyết tương?"
../raw_data/wavs/voice-1079.wav,"Tại sao Risedronate natri không chỉ định dùng đồng thời với các thuốc chứa cation đa hóa trị như muối canxi, và cơ chế hóa học nào gây ra hiện tượng này?"
../raw_data/wavs/voice-1080.wav,"Trong trường hợp bệnh nhân bị rối loạn tâm thần kinh (ví dụ: trầm cảm) do Peginterferon alfa-2b gây ra ở thể nhẹ hoặc vừa, việc điều chỉnh liều lượng đối với Peginterferon alfa-2b được thực hiện như thế nào?"
../raw_data/wavs/voice-1081.wav,"Về mặt hóa dược, cơ chế hoạt động của Loteprednol etabonate là gì và tại sao nó được mô tả là một corticosteroid 'lai' (soft drug) có liên quan đến quá trình chuyển hóa?"
../raw_data/wavs/voice-1082.wav,"Giải thích tại sao các biện pháp thẩm phân máu hoặc lợi niệu bắt buộc lại không hiệu quả trong điều trị quá liều fluoxetine, dựa trên đặc điểm thể tích phân bố và độ liên kết protein của thuốc?"
../raw_data/wavs/voice-1083.wav,Tương tác giữa Nadolol và Rifampicin xảy ra thông qua cơ chế nào và nó ảnh hưởng ra sao đến hiệu quả điều trị?
../raw_data/wavs/voice-1084.wav,"Cơ chế tác dụng chính xác của Teniposide liên quan trực tiếp đến việc ức chế hoạt tính của enzyme nào, dẫn đến sự ổn định của chất trung gian phức hợp enzyme-DNA và ngăn cản quá trình phân chia tế bào ở giai đoạn G2?"
../raw_data/wavs/voice-1085.wav,"Cơ chế nào của Almotriptan có thể gây ra tình trạng đau ngực dữ dội và lan lên cổ họng, và điều này gợi ý về vấn đề bệnh lý mạch vành tiềm ẩn như thế nào?"
../raw_data/wavs/voice-1086.wav,Tại sao sự xuất hiện của 'bệnh nguyên hồng cầu khổng lồ' được ghi nhận là tác dụng phụ thường gặp khi sử dụng Cytarabine?
../raw_data/wavs/voice-1087.wav,Vì sao Tocainide được xếp vào loại C thai kỳ theo FDA?
../raw_data/wavs/voice-1088.wav,Vì sao cần thận trọng khi chỉ định yohimbine hydrochloride cho bệnh nhân bị glaucoma (tăng nhãn áp)?
../raw_data/wavs/voice-1089.wav,Điều kiện lịch sự và y tế nào cần được áp dụng khi bôi thuốc mỡ Sinecatechins để đảm bảo che phủ hoàn toàn tổn thương và hạn chế ma sát lên vùng da bệnh?
../raw_data/wavs/voice-1090.wav,"Trong bối cảnh dược lâm sàng, cơ chế hoạt động của chất chuyển hóa N-desmethylTopotecan có khác biệt gì so với hoạt chất nguyên thể Topotecan, và điều này có ý nghĩa gì đối với độc tính tổng thể của thuốc?"
../raw_data/wavs/voice-1091.wav,"Dựa trên cơ chế ức chế enzym P-gp và BCRP của Micafungin, hãy giải thích tại sao nồng độ của Itraconazole lại tăng 22% khi dùng đồng thời, và điều này có đòi hỏi phải điều chỉnh liều lâm sàng theo thông tin đã cho hay không?"
../raw_data/wavs/voice-1092.wav,Tại sao Dofetilide được khuyến cáo là lựa chọn dự trữ (reserve) cho bệnh nhân rung nhĩ / cuồng nhĩ có triệu chứng cao thay vì là thuốc đầu tay?
../raw_data/wavs/voice-1093.wav,"Phân tích các tương tác dược lý đối kháng giữa Trimipramine và các thuốc cường giao cảm (như adrenaline, ephedrine) dựa trên cơ chế hoạt động của chúng."
../raw_data/wavs/voice-1094.wav,"Bệnh nhân nữ đang trong periodo cho con bú có được phép sử dụng Gemifloxacin hay không, và bằng chứng sinh học nào từ nghiên cứu trên động vật được đưa ra để hỗ trợ cho khuyến cáo này?"
../raw_data/wavs/voice-1095.wav,Nồng độ Nadolol trong sữa mẹ cao hơn bao nhiêu lần so với nồng độ trong huyết thanh của người mẹ?
../raw_data/wavs/voice-1096.wav,"Dựa trên dữ liệu dược lý, tại sao Rosiglitazone không được khuyến cáo sử dụng cho trẻ em từ 10 đến 17 tuổi?"
../raw_data/wavs/voice-1097.wav,"Ngoài các tác dụng ức chế hệ thần kinh trung ương, acid valproic còn có khả năng ức chế enzym histon deacetylase 1 (HDAC1). Cơ chế phân tử này có liên quan gì đến điều trị nhiễm virus HIV?"
../raw_data/wavs/voice-1098.wav,"So sánh cơ chế ức chế kênh ion của Dofetilide với các thuốc chống loạn nhịp nhóm III khác như Amiodarone hay Sotalol, đặc điểm nào làm cho Dofetilide có độ chọn lọc cao hơn?"
../raw_data/wavs/voice-1099.wav,Tại sao cần thiết đặt ống nội khí quản cho bệnh nhân hôn mê trước khi tiến hành rửa dạ dày trong xử lý quá liều Trimipramine?
../raw_data/wavs/voice-1100.wav,Việc Enalapril được chuyển hóa thành Enalaprilat ở gan có ảnh hưởng thế nào đến sinh khả dụng thuốc và tại sao Enalaprilat lại không được dùng đường uống?
../raw_data/wavs/voice-1101.wav,"Triazolam có đặc điểm dược động học nào khác biệt ở người cao tuổi so với người trẻ tuổi, thể hiện qua các thông số như nồng độ đỉnh huyết tương và độ thanh thải?"
../raw_data/wavs/voice-1102.wav,"Nếu bệnh nhân bỏ lỡ một liều Miglitol ngay trước bữa ăn, tại sao việc uống bù liều đó cùng lúc với liều kế tiếp lại không được khuyến khích?"
../raw_data/wavs/voice-1103.wav,Sự khác biệt về chỉ định giữa Risedronate liều 5 mg/ngày và liều 35 mg/tuần trong điều trị loãng xương sau mãn kinh là gì?
../raw_data/wavs/voice-1104.wav,"Tại sao việc điều trị quá liều Almotriptan cần được duy trì theo dõi sinh hiệu ít nhất 12 giờ, bất chấp thời gian bán thải của thuốc chỉ khoảng 3,5 giờ?"
../raw_data/wavs/voice-1105.wav,"Gemifloxacin mesylat có sinh khả dụng đường uống xấp xỉ 71%. Vậy khi uống viên nén bao phim, nồng độ đỉnh trong huyết tương (Cmax) đạt được trong khoảng thời gian nào?"
../raw_data/wavs/voice-1106.wav,Hai cơ chế hoạt động song song nào của yohimbine hydrochloride được đề cập có thể giải thích cho tác dụng của nó trong chứng rối loạn cương dương?
../raw_data/wavs/voice-1107.wav,Ramiprilat liên kết với protein huyết thanh với tỷ lệ bao nhiêu phần trăm?
../raw_data/wavs/voice-1108.wav,Điều kiện tiên quyết để uống Miglitol nhằm đảm bảo hiệu quả điều trị tối ưu?
../raw_data/wavs/voice-1109.wav,Thời gian bán thải (half-life) của Peginterferon alfa-2b ở bệnh nhân viêm gan C mạn tính xấp xỉ bao nhiêu giờ?
../raw_data/wavs/voice-1110.wav,"Sự kết hợp Oxaliplatin với 5-fluorouracil trong phác đồ điều trị có thể làm tăng nguy cơ tác dụng không mong muốn trên gan và đường tiêu hóa. Ngoài ra, bệnh nhân cao tuổi cũng có nguy cơ cao hơn đối với các tác dụng phụ nào?"
../raw_data/wavs/voice-1111.wav,"Gemifloxacin được chỉ định điều trị viêm phổi mắc phải ở cộng đồng do các tác nhân pathogens nào, và sự khác biệt về thời gian điều trị (5 ngày so với 7 ngày) dựa trên loại vi khuẩn nào?"
../raw_data/wavs/voice-1112.wav,"Dựa vào công thức phân tử C24H30N2O3 và mô tả về dạng bào chế (dạng muối citrat hoặc oxalat), hãy giải thích tại sao carfentanil ở dạng base tự do lại là bột tinh thể màu trắng nhưng khi chuyển thành muối citrat thì lại là chất lỏng trong suốt, không mùi và rất dễ hòa tan trong nước?"
../raw_data/wavs/voice-1113.wav,"Ngoài các tác dụng phụ thường gặp trên tiêu hóa, cơ chế sinh học nào có thể giải thích cho các phản ứng hiếm gặp về thần kinh như ảo giác và thay đổi tính khí khi sử dụng Piroxicam?"
../raw_data/wavs/voice-1114.wav,Teniposide tác động lên DNA như thế nào để thực hiện vai trò là một chất độc tế bào đặc hiệu theo giai đoạn?
../raw_data/wavs/voice-1115.wav,"Thời gian bán thải (T1/2) của Almotriptan vào khoảng 3,5 giờ. Dựa trên thông số này, giải thích lý do tại sao cần chờ ít nhất 6 giờ sau khi dùng Almotriptan mới được sử dụng các chế phẩm chứa Ergotamine."
../raw_data/wavs/voice-1116.wav,Loại tác dụng phụ nào liên quan đến thay đổi tâm trạng và khả năng vận động có thể gặp ở bệnh nhân lớn tuổi?
../raw_data/wavs/voice-1117.wav,Tại sao fluoxetine có thể được dùng mà không cần quan tâm đến việc thức ăn có ảnh hưởng đến quá trình hấp thu hay không?
../raw_data/wavs/voice-1118.wav,"Mặc dù povidone-iodine giải phóng iod tự do dưới 1 phần triệu trong dung dịch 10% (giúp giảm độc tính), nhưng tại sao tác dụng sát khuẩn diệt khuẩn, nấm, virus của nó vẫn được duy trì hiệu quả?"
../raw_data/wavs/voice-1119.wav,"Thời gian đạt nồng độ đỉnh trong huyết tương của Ramiprilat sau khi uống Ramipril kéo dài bao lâu, và yếu tố nào quyết định sự khác biệt này so với Ramipril gốc?"
../raw_data/wavs/voice-1120.wav,Điều kiện nào được xác định là chưa được thiết lập về mặt lâm sàng đối với Gadoversetamide ở nhóm đối tượng bệnh nhân dưới 18 tuổi?
../raw_data/wavs/voice-1121.wav,Lý do gì khiến Gadopentetic acid không được phát hiện có chất chuyển hóa trong máu và không có sự liên kết với protein huyết tương? Đặc điểm này có ý nghĩa gì đối với quá trình thải trừ của thuốc?
../raw_data/wavs/voice-1122.wav,Nồng độ tối đa trong huyết tương (Cmax) của Almotriptan thường đạt được trong khoảng thời gian bao lâu sau khi dùng thuốc?
../raw_data/wavs/voice-1123.wav,"Một bệnh nhân bị viêm giác mạc herpes đang điều trị theo phác đồ 1 giờ/lần vào ban ngày nhưng lỡ quên 2 liều liên tiếp. Theo hướng dẫn, bệnh nhân nên xử lý như thế nào?"
../raw_data/wavs/voice-1124.wav,Do thuốc bôi methyl salicylate được chỉ định sử dụng theo yêu cầu (k cần thiết) nên việc quên liều có được đề cập trong tài liệu không?
../raw_data/wavs/voice-1125.wav,Mối nguy hiểm tiềm ẩn gì nếu chỉ định Trimipramine cho bệnh nhân có tiền sử gia đình mắc bệnh rối loạn lưỡng cực?
../raw_data/wavs/voice-1126.wav,Giải thích sự khác biệt trong sinh khả dụng đường uống của Progesterone so với các đường dùng tiêm bắp hoặc đặt âm đạo dựa trên quá trình chuyển hóa lần đầu tại gan.
../raw_data/wavs/voice-1127.wav,"Trong trường hợp quá liều Almotriptan, tại sao việc điều trị triệu chứng và duy trì sinh hiệu lại là lựa chọn tối ưu thay vì có một thuốc giải độc đặc hiệu?"
../raw_data/wavs/voice-1128.wav,"Phân tích cơ chế sinh bệnh học nào giải thích tại sao Ethyl chloride (C₂H₅Cl) có thể gây ra tình trạng hoại tử mô lạnh (cold injury) và bỏng lạnh nếu lạm dụng hoặc phun sai kỹ thuật, bất chấp thực tế là nó là một chất bay hơi?"
../raw_data/wavs/voice-1129.wav,"Tại sao không được phép sử dụng Benzocaine trên các vùng da rộng, vết thương hở hoặc bị cháy nắng?"
../raw_data/wavs/voice-1130.wav,So sánh sự khác biệt về khả năng khuếch tán qua hàng rào máu-não giữa Cloxacillin và các Penicillin phổ thông (như Benzylpenicillin) trong điều kiện màng não bình thường và viêm màng não.
../raw_data/wavs/voice-1131.wav,"Ngoài việc điều trị nấm candida hầu họng ở người lớn, chỉ định cụ thể nào của miconazol nitrat trong viêm da tã lót ở trẻ em?"
../raw_data/wavs/voice-1132.wav,Tình trạng bài tiết Miglitol vào sữa mẹ ở phụ nữ cho con bú có ảnh hưởng gì đến chỉ định lâm sàng?
../raw_data/wavs/voice-1133.wav,Tenecteplase khác biệt cơ chế so với t-PA nội sinh như thế nào để đạt được độ đặc hiệu fibrin cao hơn và kháng lại chất ức chế PAI-1?
../raw_data/wavs/voice-1134.wav,"Nếu sử dụng đồng thời Almotriptan với Verapamil (thuốc chẹn kênh canxi), cần lưu ý gì về sự thay đổi dược động học của Almotriptan?"
../raw_data/wavs/voice-1135.wav,"Prasugrel được chỉ định để dự phòng biến cố huyết khối ở bệnh nhân hội chứng mạch vành cấp (UA/NSTEMI). Theo đó, thời điểm nào là tối ưu để cho liều tải Prasugrel trong quy trình can thiệp mạch vành qua da (PCI)?"
../raw_data/wavs/voice-1136.wav,"Tại sao việc làm ấm dung dịch icodextrin trong nước hoặc lò vi sóng bị chống chỉ định nghiêm ngặt, khác biệt so với các loại dung dịch tiêm truyền thông thường?"
../raw_data/wavs/voice-1137.wav,"Lượng iod dư thừa sinh ra trong tình trạng quá liều povidone-iodine có thể gây ra những bất thường chuyển hóa cụ thể nào, và làm thế nào iod dư thừa đó trực tiếp dẫn đến tổn thương chức năng thận?"
../raw_data/wavs/voice-1138.wav,"Trong bối cảnh nhồi máu cơ tim cấp hiện tại, bệnh lý nào trong vòng 2 tháng qua (bao gồm sinh thiết nhu mô) được xem là chống chỉ định tuyệt đối của Tenecteplase?"
../raw_data/wavs/voice-1139.wav,Người bệnh bị suy tim độ 3 đến độ 4 có được chỉ định sử dụng Rosiglitazone hay không và tại sao?
../raw_data/wavs/voice-1140.wav,"Vì sao cần phải giảm liều các thuốc ức chế thần kinh trung ương khác, đặc biệt là benzodiazepine, khi kê đơn đồng thời với Alfentanil?"
../raw_data/wavs/voice-1141.wav,"Đối với điều trị chứng co cứng Dupuytren ở khớp gian đốt gần (PIP) của ngón tay thứ năm, thông số an toàn nào về độ sâu kim tiêm và khoảng cách tối đa từ nếp nhăn lòng bàn tay cần được tuân thủ tuyệt đối?"
../raw_data/wavs/voice-1142.wav,"Dựa trên cơ chế Cloxacillin cạnh tranh gắn vào albumin thai phụ, những rủi ro tiềm ẩn nào có thể xảy ra cho thai nhi nếu người mẹ dùng thuốc kéo dài trong tam cá nguyệt thứ ba?"
../raw_data/wavs/voice-1143.wav,"So sánh sự khác biệt về tỷ lệ bài tiết qua thận và phân giữa Prasugrel và chất chuyển hóa không hoạt tính của nó, và điều này có ý nghĩa gì trong việc điều chỉnh liều cho bệnh nhân suy thận?"
../raw_data/wavs/voice-1144.wav,Thời gian bán thải của Teniposide trong huyết tương là bao lâu?
../raw_data/wavs/voice-1145.wav,Những chỉ định lâm sàng chính mà viên nén ledipasvir/sofosbuvir (90 mg/400 mg) được phê duyệt để điều trị là gì?
../raw_data/wavs/voice-1146.wav,"Ngoài các trường hợp suy nhược hệ thần kinh trung ương do ma túy, barbiturat hoặc rượu, molindone hydrochloride được chỉ định là chống chỉ định tuyệt đối trong những tình trạng nào khác?"
../raw_data/wavs/voice-1147.wav,"Trong trường hợp bỏng độ 1 hoặc 2, việc sử dụng Petrolatum được chỉ định điều chỉnh độ dày lớp thuốc mỡ ra sao dựa trên mức độ đau của bệnh nhân?"
../raw_data/wavs/voice-1148.wav,Potassium myristate có khả năng kháng khuẩn lâu dài chống lại vi khuẩn Streptococcus dựa trên tính chất nào của muối axit béo?
../raw_data/wavs/voice-1149.wav,"Tại sao việc hấp thụ iod từ povidone-iodine qua các vùng da bị tổn thương lớn hoặc vết bỏng nặng lại pose ra một rủi ro an toàn đối với phụ nữ mang thai, cụ thể là đối với sự phát triển của thai nhi?"
../raw_data/wavs/voice-1150.wav,"Nếu một bệnh nhân không thể nhớ chính xác thời điểm đã nhận liều Tenecteplase duy nhất, việc xác định nguy cơ chảy máu để cân nhắc truyền máu (huyết tương, tiểu cầu) dựa trên chỉ số xét nghiệm fibrinogen hay thời gian bán thải cuối cùng của thuốc?"
../raw_data/wavs/voice-1151.wav,"Dựa trên cơ chế chuyển hóa qua CYP2D6, dihydrocodeine có thể không mang lại hiệu quả giảm đau ở đối tượng bệnh nhân nào?"
../raw_data/wavs/voice-1152.wav,Tại sao Irbesartan không có khả năng loại bỏ qua quá trình thẩm tách lọc máu?
../raw_data/wavs/voice-1153.wav,Cơ chế tác động của triclabendazole lên giun sán Fasciola liên quan đến việc làm giảm điện thế màng nghỉ thông qua quá trình ức chế chức năng của phân tử nào?
../raw_data/wavs/voice-1154.wav,"Cơ chế diệt khuẩn của Sulfadiazine liên quan trực tiếp đến enzym nào trong vi khuẩn, và tại sao sự có mặt của acid p-aminobenzoic (PABA) làm mất tác dụng của thuốc?"
../raw_data/wavs/voice-1155.wav,Khi nào cần tiến hành giám sát chặt chẽ số lượng bạch cầu trên bệnh nhân đang dùng Ramipril?
../raw_data/wavs/voice-1156.wav,"Đối với dạng bào chế dung dịch uống dronabinol liquid, việc sử dụng phải tuân thủ nghiêm ngặt những quy định nào về dụng cụ đo liều và tương tác thành phần tá dược (propylene glycol) trong môi trường dịch?"
../raw_data/wavs/voice-1157.wav,"Ngoài tiền sử phản vệ với Cefoxitin, cefoxitin được chống chỉ định tuyệt đối ở những bệnh nhân có tiền sử quá mẫn nghiêm trọng (phản ứng phản vệ) với các loại beta-lactam nào khác, và cơ chế phân tử chung nào gây ra sự nhạy chéo này?"
../raw_data/wavs/voice-1158.wav,"Tại sao Codein là thuốc giảm ho phù hợp cho trường hợp ho khan làm mất ngủ, nhưng lại chống chỉ định hoặc cần thận trọng ở bệnh nhân có nguy cơ giữ đờm như viêm phế quản mãn tính?"
../raw_data/wavs/voice-1159.wav,"Nếu một bệnh nhân adultesse nhớ ra rằng họ đã bỏ lỡ một liều Mosapride citrat 5mg và thời điểm đó đã gần với liều kế tiếp theo quy định (ví dụ: cách liều kế tiếp 30 phút), họ nên tuân thủ quy trình xử trí nào để đảm bảo an toàn?"
../raw_data/wavs/voice-1160.wav,So sánh sự chuyển hóa tạo ra các chất chuyển hóa hydroxy-dihydro của Ergoloid mesylate với các alkaloid cựa gà tự nhiên không hydro - hóa?
../raw_data/wavs/voice-1161.wav,"Dựa trên dữ liệu động lực học được cung cấp, các thông số về quá trình hấp thụ, phân bố và chuyển hóa của Petrolatum trên da có được ghi nhận cụ thể hay không?"
../raw_data/wavs/voice-1162.wav,"Nếu một bệnh nhân quá liều dihydrocodeine gây suy hô hấp nhưng không đáp ứng với liều naloxone 0.4mg ban đầu, cơ chế dược lý nào biện minh cho việc cần phải lặp lại liều thuốc đối kháng này?"
../raw_data/wavs/voice-1163.wav,Tại sao cần ngưng truyền Conivaptan nếu natri huyết thanh tăng quá 12 mEq/L trong vòng 24 giờ?
../raw_data/wavs/voice-1164.wav,"Theo nguyên tắc lợi ích/nguy cơ, điều kiện nào bắt buộc phải có để Sertraline được chỉ định cho phụ nữ mang thai?"
../raw_data/wavs/voice-1165.wav,Làm thế nào sự đối kháng của Mirtazapine với thụ thể histamin H1 có thể mang lại lợi ích lâm sàng song song với tác dụng chống trầm cảm?
../raw_data/wavs/voice-1166.wav,Tương tác giữa biperiden và các thuốc ức chế MAO biểu hiện cơ chế nào làm thay đổi cường độ tác dụng của biperiden?
../raw_data/wavs/voice-1167.wav,"Trong điều trị bệnh gút cấp, sự khác biệt nào về liều lượng và thời gian đáp ứng tác dụng giảm đau so với điều trị các bệnh lý viêm khớp mạn tính khác?"
../raw_data/wavs/voice-1168.wav,Việc Miglitol không có tác dụng ngoài ruột có liên quan gì đến độ an toàn trong trường hợp quá liều?
../raw_data/wavs/voice-1169.wav,"So với các dạng bào chế viên nén đặt âm đạo phối hợp chứa 100mg Diiodohydroxyquinoline, sự khác biệt về thành phần tá dược hoạt tính nào trong viên nén phối hợp với Furazolidone và Neomycin sulfate cho thấy mục đích điều trị mở rộng hơn?"
../raw_data/wavs/voice-1170.wav,"Nếu một bệnh nhân nhận ra họ đã quên một liều molindone và thời gian dùng liều tiếp theo đã rất gần, họ nên xử lý như thế nào để đảm bảo an toàn?"
../raw_data/wavs/voice-1171.wav,"Bên cạnh maltose, icodextrin còn được men amylase chuyển hóa thành những oligome nào và nồng độ ổn định của chúng trong huyết tương là bao nhiêu?"
../raw_data/wavs/voice-1172.wav,"Liên quan đến quá trình chuyển hóa hepatic, cơ chế nào giải thích việc cần phải giảm liều tacrolimus khi sử dụng đồng thời clotrimazole ở bệnh nhân ghép gan?"
../raw_data/wavs/voice-1173.wav,Trimipramine được chỉ định điều trị cho những rối loạn lâm sàng nào?
../raw_data/wavs/voice-1174.wav,"Trong trường hợp quá liều Miglitol, tại sao triệu chứng chính lại là các rối loạn tiêu hóa chứ không phải tình trạng hạ đường huyết?"
../raw_data/wavs/voice-1175.wav,"Tại sao việc sử dụng corticosteroid toàn thân ban đầu được khuyến cáo nên tránh trước khi bắt đầu điều trị bằng Ipilimumab, và cơ chế dược lực học nào có thể bị ảnh hưởng?"
../raw_data/wavs/voice-1176.wav,"Cơ chế sinh học nào giải thích cho việc Dyclonine có thể gây suy nhược cơ tim, nhịp tim chậm và ngừng tim trong tình trạng quá liều?"
../raw_data/wavs/voice-1177.wav,"Dựa trên cơ chế dược động học, loại thuốc nào có thể làm giảm hấp thu toàn thân của cysteamine do tương tác với thực phẩm, và tại sao?"
../raw_data/wavs/voice-1178.wav,Prednisone được chỉ định để điều trị các bệnh lý tự miễn nào?
../raw_data/wavs/voice-1179.wav,Miconazole là azole duy nhất được cho là hoạt động thông qua cơ chế ức chế peroxidase và catalase của nấm. Kết quả của quá trình ức chế này là gì?
../raw_data/wavs/voice-1180.wav,Tại sao bệnh nhân không cần điều trị nữa không nên ngừng đột ngột dihydrocodeine?
../raw_data/wavs/voice-1181.wav,"Trong trường hợp bệnh nhân quên dùng liều Diiodohydroxyquinoline theo phác đồ 20 ngày, nếu thời điểm nhớ ra liều thuốc nằm ngay trước chu kỳ liều kế tiếp, cơ chế bù trừ nào được khuyến cáo để tránh nguy cơ quá liều?"
../raw_data/wavs/voice-1182.wav,"Phân tích tại sao Dofetilide không gây tác dụng phụ trên độ rộng QRS hay tốc độ dẫn truyền nút AV, trong khi nó lại có khả năng kéo dài khoảng QT một cách chọn lọc?"
../raw_data/wavs/voice-1183.wav,"Xem xét cơ chế ức chế tyrosine kinase và các đặc tính động học của Nintedanib, tại sao việc bù liều bằng cách dùng hai viên 150mg cùng lúc (nếu quên liều) có thể không đạt được hiệu quả điều trị mong muốn so với việc tuân thủ liều 150mg x 2 lần/ngày?"
../raw_data/wavs/voice-1184.wav,"Tại sao dạng kem bôi clotrimazole không được chỉ định cho trẻ em dưới 16 tuổi, bất chấp việc thuốc được dùng tại chỗ?"
../raw_data/wavs/voice-1185.wav,"So với các muối Piroxicam khác như Piroxicam cholin hay pivalat, cơ sở nào cho việc tính toán liều lượng dựa trên hàm lượng Piroxicam gốc đối với dẫn chất Piroxicam betadex (tỷ lệ chuyển đổi 191,3 mg betadex tương đương 20 mg Piroxicam)?"
../raw_data/wavs/voice-1186.wav,Cơ chế diệt khuẩn của Cefmetazole bao gồm sự ức chế quá trình tổng hợp thành tế bào vi khuẩn thông qua tương tác với các protein đích cụ thể. Những protein này có tên gọi chung là gì và sự tương đồng cơ chế này gợi nhớ đến lớp kháng sinh nào khác?
../raw_data/wavs/voice-1187.wav,Tại sao Sargramostim có chứa EDTA lại được FDA rút khỏi thị trường?
../raw_data/wavs/voice-1188.wav,"Thời gian khởi phát tác dụng gây tê cục bộ và thời gian duy trì tác dụng sau khi dùng dung dịch Dyclonine 0,5% hoặc 1% lên màng nhầy là bao lâu?"
../raw_data/wavs/voice-1189.wav,"Trong bối cảnh điều trị sán lá gan ở bệnh nhi, cơ chế nào giải thích việc điều chỉnh liều triclabendazole để làm tròn lên (ví dụ từ 10 mg/kg lên 12,5 mg/kg) thay vì làm tròn xuống?"
../raw_data/wavs/voice-1190.wav,"Ngoài các chống chỉ định chính thức, Chlorphenesin carbamate còn tiềm ẩn nguy cơ an toàn nào đối với bệnh nhân có vấn đề về chuyển hóa carbohydrate cụ thể?"
../raw_data/wavs/voice-1191.wav,"Trong bảng tóm tắt dược động học, chỉ có duy nhất một chỉ số liên quan đến sự gắn kết với protein huyết tương và một chỉ số về sinh khả dụng. Những số liệu này là bao nhiêu?"
../raw_data/wavs/voice-1192.wav,Tính năng nhũ hóa dầu trong nước của PEG-20 Methyl Glucose Sesquistearate bắt nguồn từ cấu trúc phân tử lai nào kết hợp giữa polyethylene glycol và axit stearic?
../raw_data/wavs/voice-1193.wav,"Nếu một bệnh nhân lỡ quên dùng liều acid valproic cách liều kế tiếp less 2 giờ, tại sao việc bù liều ngay lập tức có thể gây ra rủi ro lớn hơn so với việc bỏ qua liều đã quên?"
../raw_data/wavs/voice-1194.wav,"So với Cytarabin thường, Cytarabin liposom có cơ chế điều trị và quản lý độc tính thần kinh khác biệt nào đáng kể, mà cần phải phối hợp đồng thời với Dexamethason ngay khi khởi đầu chu trình?"
../raw_data/wavs/voice-1195.wav,Vì sao Benzocaine được phân loại vào thai kỳ nhóm C và cơ chế nguy cơ tiềm ẩn nào đối với thai nhi khiến việc sử dụng thuốc này phải cân nhắc kỹ lưỡng giữa lợi ích và nguy cơ?
../raw_data/wavs/voice-1196.wav,"Nếu nuốt phải methyl salicylate, các triệu chứng ngộ độc methanol sẽ xuất hiện ngay lập tức hay sau khoảng thời gian tiềm ẩn bao lâu?"
../raw_data/wavs/voice-1197.wav,Lacidipine được chuyển hóa bởi enzym cytochrom nào trong gan?
../raw_data/wavs/voice-1198.wav,"Nếu Rosiglitazone không có hiệu quả khi dùng đơn độc, cơ chế sinh học nào cho thấy việc phối hợp với Metformin tạo ra hiệu quả hiệp đồng trong kiểm soát glucose huyết?"
../raw_data/wavs/voice-1199.wav,"Cơ chế sinh học nào giải thích cho sự bài tiết meropenem chủ yếu qua nước tiểu dưới dạng không đổi, và enzym nào ở ống thận quyết định sự khác biệt này so với imipenem?"
../raw_data/wavs/voice-1200.wav,"Ngoài các tác dụng phụ thường gặp như táo bón hay buồn nôn, Codein là một dẫn chất Morphine, vậy tần suất và các triệu chứng cụ thể của phản ứng phụ hiếm gặp liên quan đến opioid (như ảo giác hoặc co thắt ống mật) là gì?"
../raw_data/wavs/voice-1201.wav,"Dựa trên cơ chế tác dụng của Mosapride citrat, tại sao thuốc lại có khả năng làm tăng tốc độ làm rỗng dạ dày ở những bệnh nhân bị khó tiêu?"
../raw_data/wavs/voice-1202.wav,"Ngoài chỉ định điều trị HIV-1, Fosamprenavir có được khuyến cáo sử dụng cho phụ nữ mang thai không?"
../raw_data/wavs/voice-1203.wav,"Trong phác đồ kích thích nang trứng cho IVF, chỉ định sử dụng Menotropins nhằm mục tiêu sinh lý cụ thể nào?"
../raw_data/wavs/voice-1204.wav,"Teniposide có xu hướng xâm nhập vào hệ thần kinh trung tâm như thế nào, và yếu tố nào ảnh hưởng đến nồng độ của thuốc trong dịch não tủy?"
../raw_data/wavs/voice-1205.wav,"Hoạt chất Alfacalcidol được định danh là một chất chuyển hóa có hoạt tính của vitamin D. Dựa trên cấu trúc hóa học và sinh tổng hợp nội sinh, Alfacalcidol tương đương với chất chuyển hóa nào ở người?"
../raw_data/wavs/voice-1206.wav,"Liên quan đến quản lý an toàn khi dùng Gemtuzumab ozogamicin, bệnh nhân cần được theo dõi chặt chẽ những dấu hiệu lâm sàng nào để phát hiện sớm hội chứng tắc nghẽn xoang gan (VOD/SOS), và những chỉ số sinh học nào cần được kiểm tra trước mỗi liều?"
../raw_data/wavs/voice-1207.wav,Sự khác biệt nào trong cơ chế hoạt động của Mirtazapine so với các thuốc SSRIs giúp giảm các tác dụng phụ tiêu hóa?
../raw_data/wavs/voice-1208.wav,"Dựa trên chỉ định lâm sàng, Chlorphenesin carbamate được chỉ định để điều trị triệu chứng đau do co cứng cơ trong các bệnh lý cơ xương. Tuy nhiên, tại sao thuốc lại hoàn toàn chống chỉ định tuyệt đối ở trẻ em?"
../raw_data/wavs/voice-1209.wav,Tại sao cần thận trọng và theo dõi chặt chẽ khi phối hợp Piroxicam với thuốc chống đông loại cumarin?
../raw_data/wavs/voice-1210.wav,Vì sao colistin bị chống chỉ định tuyệt đối ở bệnh nhân đang trong giai đoạn gây mê có sử dụng hydroxydion?
../raw_data/wavs/voice-1211.wav,Cần theo dõi chỉ số sinh học nào của thai phụ nếu việc điều trị bằng Conivaptan là không thể tránh khỏi?
../raw_data/wavs/voice-1212.wav,"Sertraline là cơ chất (substrate) của các enzym CYP3A4, CYP2C19 và CYP2B6. Việc kết hợp Sertraline với Metoclopramide có khả năng làm tăng nồng độ/tác dụng của Sertraline hay không, và cơ chế dược động học nào giải thích cho sự thay đổi này?"
../raw_data/wavs/voice-1213.wav,Phân tích tại sao tỷ lệ liên kết protein huyết tương của Salsalate (thông qua salicylate) lại biến đổi tỷ lệ nghịch với nồng độ thuốc trong huyết tương (từ 90-95% ở dưới 100 mcg/mL xuống còn 25-60% ở trên 400 mcg/mL)?
../raw_data/wavs/voice-1214.wav,Chlorphenesin carbamate có thể gây ra 'hoại tử thượng bì nhiễm độc - hội chứng Lyell'. Phân biệt cơ chế nào phân loại phản ứng phụ này?
../raw_data/wavs/voice-1215.wav,Tại sao Lacidipine không cần điều chỉnh liều lượng ở bệnh nhân suy thận?
../raw_data/wavs/voice-1216.wav,Tại sao chỉ định dùng colistin điều trị nhiễm khuẩn đường hô hấp bằng phương pháp hít (inhalation) lại đặc biệt phổ biến ở bệnh nhân xơ nang?
../raw_data/wavs/voice-1217.wav,"Hãy mô tả quá trình chuyển hóa sinh học của valproat tại gan, bao gồm các chất chuyển hóa chính được tạo ra thông qua glucuronid hóa, beta oxy hóa ở ty thể và oxy hóa ở microsom."
../raw_data/wavs/voice-1218.wav,"Trong trường hợp quá liều molindone hydrochloride, vì sao việc xác định giá trị lý thuyết của than hoạt tính lại cần cân nhắc kỹ lưỡng, và phương pháp nào được xem là chỉ định để giảm hấp thu thuốc?"
../raw_data/wavs/voice-1219.wav,Giải thích cơ chế hoạt động của Benzocaine ở cấp độ phân tử đối với kênh natri voltage-gated trong màng tế bào thần kinh cảm giác.
../raw_data/wavs/voice-1220.wav,Tại sao Ergoloid mesylate có thể gây ra buồn nôn nhưng lại không có các tác dụng phụ nghiêm trọng liên quan đến co mạch?
../raw_data/wavs/voice-1221.wav,Cơ chế nào tại trục dưới đồi-tuyến yên-buồng trứng khiến Menotropins có tiềm năng gây ra đa thai?
../raw_data/wavs/voice-1222.wav,"Mặc dù được nghiên cứu in vitro cho thấy Gadoversetamide làm tăng sự kết dính của hồng cầu hình liềm, tại sao hiện tại vẫn chưa thể khẳng định chắc chắn về nguy cơ này trên lâm sàng?"
../raw_data/wavs/voice-1223.wav,"Alfacalcidol cần được chuyển hóa ở gan mới phát huy tác dụng dược lý. Quá trình chuyển hóa sinh học này đã tạo ra chất chuyển hóa nào, và vai trò của nó trong cơ chế tác dụng là gì?"
../raw_data/wavs/voice-1224.wav,"Ngoài các tác dụng phụ về tinh thần như trầm cảm, Peginterferon alfa-2b còn có thể gây ra những bất thường nghiêm trọng nào trên các cơ quan nội tạng (ví dụ: mắt) cần phải ngừng thuốc?"
../raw_data/wavs/voice-1225.wav,Sự khác biệt về liều lượng và thời gian truyền tĩnh mạch của Amifostine giữa phác đồ giảm độc tính thận do hóa trị (cisplatin) và phác đồ giảm khô miệng do xạ trị là gì?
../raw_data/wavs/voice-1226.wav,Chỉ định lâm sàng của Chlorphenesin carbamate quy định thời gian điều trị tối đa là bao lâu?
../raw_data/wavs/voice-1227.wav,"Tại sao telmisartan được chỉ định thay thế cho thuốc ức chế ACE trên bệnh nhân suy tim bị ho khan dai dẳng, và Telmisartan có liên quan gì đến Bradykinin?"
../raw_data/wavs/voice-1228.wav,Liều lượng colistin sulfomethate tiêm tĩnh mạch cho bệnh nhân Creatinin huyết tương > 100 mg/L nhưng chỉ số thanh thải creatinin < 5 ml/phút (vô niệu) được điều chỉnh như thế nào?
../raw_data/wavs/voice-1229.wav,"Nếu bệnh nhân bỏ lỡ một liều Alfacalcidol và chỉ nhớ ra khi đã đến giờ uống liều tiếp theo, nguyên tắc dược lý nào phải được tuân thủ nghiêm ngặt để tránh nguy cơ tích lũy độc tính?"
../raw_data/wavs/voice-1230.wav,"Sertraline có thể phân bố vào sữa mẹ. Trong bối cảnh giả định 'không khuyến cáo', nếu vì lý do nào đó bệnh nhân vẫn phải dùng Sertraline trong thời kỳ cho con bú, cần thiết lập chế độ theo dõi nào đối với trẻ bú mẹ?"
../raw_data/wavs/voice-1231.wav,"Nếu phát hiện bệnh nhân có dấu hiệu tím tái, khó thở và nước tiểu đậm màu sau khi bôi Benzocaine, chẩn đoán phụ thuộc vào cơ chế chuyển hóa nào?"
../raw_data/wavs/voice-1232.wav,"Căn cứ vào thang điểm EWG, mức độ nguy hại tiềm ẩn của Potassium Laurate được xếp loại nào và chỉ số cụ thể đó mang ý nghĩa gì về độ an toàn của hoạt chất này?"
../raw_data/wavs/voice-1233.wav,"Miconazole nitrat được chỉ định điều trị tại chỗ cho trẻ em từ 4 tuần tuổi trở lên bị viêm da tã lót phức tạp do candida, nhưng cần điều kiện nào về hệ miễn dịch?"
../raw_data/wavs/voice-1234.wav,Afatinib được chỉ định điều trị dòng nào của ung thư phổi không tế bào nhỏ liên quan đến đột biến gen nào cụ thể?
../raw_data/wavs/voice-1235.wav,Nguyên tắc xử trí khi bệnh nhân quên một liều Ipilimumab nếu thời điểm nhớ ra không nằm trong khoảng cách quá gần so với liều kế tiếp?
../raw_data/wavs/voice-1236.wav,"Gemtuzumab ozogamicin chống chỉ định tuyệt đối ở những đối tượng nào? Liệu bệnh nhân có chỉ số bilirubin toàn phần ≤ 2×ULN và AST/ALT ≤ 2,5×ULN có được chỉ định dùng thuốc không?"
../raw_data/wavs/voice-1237.wav,Mosapride citrat là chất chủ vận thụ thể 5-HT4 chọn lọc. Hoạt chất này tác động lên enzyme nào cụ thể trong quá trình chuyển hóa ở gan?
../raw_data/wavs/voice-1238.wav,"Trên cơ sở dược động học, tại sao clotrimazole dạng ngậm liều 200 mg/ngày chỉ đạt nồng độ huyết tương rất thấp (0,32 - 0,35 µg/ml) trong khi vẫn duy trì hiệu quả điều trị nấm miệng?"
../raw_data/wavs/voice-1239.wav,"Đối với phụ nữ mang thai ở 3 tháng cuối thai kỳ, những đe dọa cụ thể nào về cơ chế sinh lý bào thai do Piroxicam gây ra?"
../raw_data/wavs/voice-1240.wav,"Dựa trên đặc điểm dược động học, tại sao colistin sulfomethate được ưu tiên lựa chọn cho đường tiêm tĩnh mạch so với colistin sulfate?"
../raw_data/wavs/voice-1241.wav,"Dựa trên cơ chế chuyển hóa sinh học, enzym cytosin deaminase của nấm có vai trò gì trong việc chuyển hóa flucytosine thành các chất ức chế quá trình tổng hợp DNA và RNA của tế bào nấm?"
../raw_data/wavs/voice-1242.wav,"Trong bảng mô tả tác dụng phụ, những bất thường cụ thể nào về chỉ số men gan (transaminase) và bilirubin máu được xếp vào nhóm thường gặp, và bệnh lý gan do tắc mạch (Bệnh gan do tắc mạch) được ghi nhận ở tần suất nào?"
../raw_data/wavs/voice-1243.wav,"Trong thử nghiệm lâm sàng trên thỏ, Amifostine gây độc cho phôi ở liều bao nhiêu (%) so với liều khuyến cáo ở người, và thông tin này có ý nghĩa gì trong việc quyết định chỉ định cho phụ nữ có thai?"
../raw_data/wavs/voice-1244.wav,"Về mặt động học thuốc, levothyroxine có khả năng sinh khả dụng dao động trong khoảng bao nhiêu phần trăm, và cơ chế nào giải thích cho hiện tượng tăng hấp thu khi bệnh nhân uống thuốc trong tình trạng đói?"
../raw_data/wavs/voice-1245.wav,"Zileuton gây ra cơ chế tương tác thuốc nguy hiểm nào với Theophylline thông qua các enzyme cytochrome CYP1A2, CYP2C9 và CYP3A4, và cần phải điều chỉnh liều lượng Theophylline như thế nào?"
../raw_data/wavs/voice-1246.wav,Cơ chế nào giải thích cho sự xuất hiện của vàng da ứ mật (cholestatic jaundice) như một tác dụng phụ ít gặp nhưng nghiêm trọng khi sử dụng Progesterone?
../raw_data/wavs/voice-1247.wav,"Mức độ an toàn của Micafungin được đánh giá như thế nào trong các thử nghiệm lâm sàng về quá liều, khi liều lặp lại hàng ngày lên tới 8mg/kg (tổng liều tối đa 896mg) và một trường hợp sơ sinh dùng 16mg/kg/ngày?"
../raw_data/wavs/voice-1248.wav,Đường chuyển hóa chính của beclomethasone dipropionate sau khi hấp thu vào máu là gì?
../raw_data/wavs/voice-1249.wav,"Dựa trên đặc điểm dược lực học, cơ chế tác dụng của Ropinirole trong điều trị bệnh Parkinson là gì và nó tác động lên các thụ thể dopamine nào?"
../raw_data/wavs/voice-1250.wav,Loperamide chống chỉ định tuyệt đối ở bệnh nhân viêm loét đại tràng cấp tính đang chảy máu vì lý do nào?
../raw_data/wavs/voice-1251.wav,"Nếu một bệnh nhân bị quên một liều Amylmetacresol và nhận ra ngay khi chuẩn bị cho liều tiếp theo, việc áp dụng nguyên tắc 'dùng càng sớm càng tốt' có thể dẫn đến khoảng cách liều lượng không đều. Phân tích rủi ro về nồng độ dược chất trong máu và hiệu quả lâm sàng trong tình huống này?"
../raw_data/wavs/voice-1252.wav,"Khi sử dụng Teniposide đồng thời với các thuốc chống co giật inducer enzym (như phenytoin hoặc carbamazepin), cơ chế tương tác dược động học nào xảy ra làm thay đổi hiệu quả điều trị?"
../raw_data/wavs/voice-1253.wav,"Dựa trên các chỉ định cụ thể đã nêu, Minocycline loại bào chế giải phóng kéo dài chỉ được chỉ định điều trị bệnh trứng cá ở mức độ nào?"
../raw_data/wavs/voice-1254.wav,"Tương tác giữa Peginterferon alfa-2b và Ribavirin có thể làm tăng nguy cơ gây bệnh lý nào liên quan đến thai nhi, và vì lý do này mà phụ nữ mang thai hoặc bạn tình đang mang thai của bệnh nhân nam đều phải sử dụng biện pháp tránh thai kép?"
../raw_data/wavs/voice-1255.wav,"Khi băng tải đường huyết GDH-PQQ hoặc GDH-FAD bị chống chỉ định ở bệnh nhân dùng icodextrin, nhóm enzyme chuyển hóa maltose nào gây ra sai lệch kết quả?"
../raw_data/wavs/voice-1256.wav,Mối liên hệ nào giữa việc tích lũy tiếp xúc với Fosamprenavir/Amprenavir và nguy cơ nhồi máu cơ tim?
../raw_data/wavs/voice-1257.wav,"Tại sao việc phối hợp Digoxin với thuốc ức chế P-glycoprotein (như Verapamil) lại làm tăng độc tính của Digoxin, và cơ chế chuyển hóa cụ thể nào của Digoxin tại ruột già bị ảnh hưởng bởi tương tác này?"
../raw_data/wavs/voice-1258.wav,Quá trình chuyển hóa và thải trừ của Teniposide có đặc điểm gì khác biệt khi so sánh tỷ lệ bài tiết qua nước tiểu ở dạng chuyển hóa (chuyển hóa) so với dạng thay đổi (nguyên dạng)?
../raw_data/wavs/voice-1259.wav,"Tại sao Alfacalcidol được chỉ định hiệu quả trong điều trị các bệnh lý xương thận và suy tuyến cận giáp, trong khi các chế phẩm vitamin D thông thường có thể kém hiệu quả hơn ở những đối tượng này?"
../raw_data/wavs/voice-1260.wav,"Trong bối cảnh điều trị suy tim mạn ổn định, Bisoprolol được chỉ định bổ sung vào phác đồ chuẩn khi người bệnh đã đạt trạng thái 'suy tim khô'. Theo tài liệu, bệnh nhân phải ổn định trong vòng bao lâu trước khi bắt đầu điều trị bằng Bisoprolol để đảm bảo an toàn?"
../raw_data/wavs/voice-1261.wav,"Khi Mosapride citrat được dùng đồng thời với Erythromycin (liều 1.200 mg/ngày), những thay đổi cụ thể nào xảy ra với các thông số động học Cmax, t1/2 và AUC0-4 của Mosapride citrat so với khi dùng đơn độc?"
../raw_data/wavs/voice-1262.wav,"Việc sử dụng đồng thời fomepizole với các thuốc cảm ứng hệ thống cytochrome P450 như carbamazepine có thể ảnh hưởng thế nào đến dược động học của fomepizole, trong khi cơ chế chuyển hóa chính của fomepizole là gì?"
../raw_data/wavs/voice-1263.wav,"Theo phân tích dược lý, dấu hiệu lâm sàng nào ở niêm mạc miệng yêu cầu phải ngưng sử dụng miconazole nitrat ngay lập tức?"
../raw_data/wavs/voice-1264.wav,"Mặc dù cơ chế chống viêm tại chỗ của Desoximetasone vẫn chưa được làm rõ hoàn toàn, thuốc có làm tăng tính thấm thành mao mạch hay không?"
../raw_data/wavs/voice-1265.wav,Nồng độ đỉnh trong huyết tương meropenem đạt được sẽ thay đổi như thế nào khi thay đổi thời gian truyền tĩnh mạch từ 5 phút lên 30 phút với cùng một liều 1g?
../raw_data/wavs/voice-1266.wav,"Trong quá trình chuyển hóa của Gemtuzumab ozogamicin, con đường thủy phân để giải phóng N-acetyl gamma calicheamicin dimethyl hydrazide được dự đoán là chính; chất chuyển hóa này sau đó bị bất hoạt chủ yếu bằng cơ chế nào để giảm độc lực?"
../raw_data/wavs/voice-1267.wav,"Trong bối cảnh quản lý lâm sàng bệnh xơ phổi vô căn, việc xử trí như thế nào nếu bệnh nhân quên một liều Nintedanib 150mg và thời điểm nhớ ra chỉ cách liều tiếp theo 3 giờ?"
../raw_data/wavs/voice-1268.wav,"Tương tác giữa povidone-iodine và các chất khử (reducing agents) dựa trên nguyên lý hóa học nào, và làm thế nào các chất như natri thiosulfat lại làm mất hoàn toàn tác dụng của thuốc?"
../raw_data/wavs/voice-1269.wav,"Đối với bệnh nhân nữ không có tiền sử sử dụng GnRH agonist/antagonist, tại sao cần đánh giá kỹ lưỡng tình trạng suy buồng trứng nguyên phát trước khi chỉ định Menotropins?"
../raw_data/wavs/voice-1270.wav,"Sự gắn kết của Cefmetazole với protein huyết tương chiếm tỷ lệ khoảng 65-85%. Nếu giả định nồng độ thuốc tự do không gắn protein tăng lên đáng kể (ví dụ do suy gan hoặc dùng thuốc displacement), cơ chế dược lý học nào sẽ thay đổi trực tiếp và ở cơ quan nào?"
../raw_data/wavs/voice-1271.wav,"Bên nguy cơ viêm đại tràng giả mạc, những triệu chứng lâm sàng nào khác cần được cảnh báo cho bệnh nhân khi sử dụng pivmecillinam kéo dài để phát hiện sớm tình trạng giảm carnitine?"
../raw_data/wavs/voice-1272.wav,"Các triệu chứng lâm sàng nào biểu hiện tình trạng quá liều cấp tính của Domperidone, đặc biệt khi xảy ra ở đối tượng trẻ em, và cần được phân biệt với các tác dụng không mong muốn thông thường?"
../raw_data/wavs/voice-1273.wav,So sánh cơ chế chuyển hóa chính của Nintedanib với vai trò của hệ enzym CYP450 (đặc biệt là CYP3A4) trong quá trình thanh thải thuốc.
../raw_data/wavs/voice-1274.wav,Phân tích nguy cơ tương tác dược lý giữa Nabumetone và thuốc lợi tiểu giữ kali (spironolactone) dựa trên cơ chế ảnh hưởng lên prostaglandin thận và hệ thống renin-angiotensin-aldosterone (RAAS)?
../raw_data/wavs/voice-1275.wav,"So với các NSAID khác, nimesulide có nguy cơ gây độc tính gan cao hơn không?"
../raw_data/wavs/voice-1276.wav,Việc PEG-20 Methyl Glucose Sesquistearate có nguồn gốc từ tự nhiên (ngô) ảnh hưởng như thế nào đến vai trò của nó trong việc thay thế các chất hoạt động bề mặt tổng hợp?
../raw_data/wavs/voice-1277.wav,Việc sử dụng cytarabin (cytosin arabinosid) trong quá trình điều trị bằng flucytosine gây ra tương tác thuốc ở mức độ nào và cơ chế hóa học nào dẫn đến việc làm mất tác dụng kháng nấm của flucytosine?
../raw_data/wavs/voice-1278.wav,"Trong tình huống quá liều biperiden, tại sao việc sử dụng phenothiazin để điều trị kích thích hệ thần kinh trung ương lại được xem là chống chỉ định tuyệt đối?"
../raw_data/wavs/voice-1279.wav,"Bên cạnh các tác dụng phụ thường gặp như hạ huyết áp và chảy máu đường tiêu hóa, alteplase hiếm khi gây ra phản ứng dị ứng nào cụ thể?"
../raw_data/wavs/voice-1280.wav,"Theo bài viết, methyl salicylate có thể tạo ra các chất chuyển hóa nào khi chuyển hóa ở gan và cần chỉ định chính xác tỷ lệ thải trừ của từng chất chuyển hóa qua thận?"
../raw_data/wavs/voice-1281.wav,Liệt kê các enzyme kim loại (metalloenzyme) mà nguyên tố đồng là thành phần thiết yếu cho hoạt tính sinh học của chúng theo cơ chế dược lực học?
../raw_data/wavs/voice-1282.wav,Tại sao colistin sulfomethate có xu hướng gây tổn thương ốc tai và điếc nếu màng nhĩ bị thủng?
../raw_data/wavs/voice-1283.wav,"Khi xử lý tình trạng tăng canxi huyết do quá liều Alfacalcidol, các thuốc lợi tiểu quai có thể được sử dụng. Tại sao các thuốc lợi tiểu kiểu thiazide lại bị loại trừ trong chỉ định này?"
../raw_data/wavs/voice-1284.wav,"Trong trường hợp bệnh nhân áp dụng phác đồ điều trị dài hạn bằng Camphor bôi ngoài da để giảm đau cơ khớp mà lỡ bỏ qua một liều, nguyên tắc xử trí nào là bắt buộc về mặt thời điểm nếu thời gian nhớ ra liều đã quên nằm sát với giờ dự định của liều tiếp theo?"
../raw_data/wavs/voice-1285.wav,"Dactinomycin có chỉ định điều trị cụ thể nào cho các khối u lá nuôi thời kỳ thai nghén (nhau thai), và cơ chế nào khiến thuốc có hiệu quả trên các loại ung thư này?"
../raw_data/wavs/voice-1286.wav,"Bệnh nhân đang dùng metoprolol điều trị tăng huyếtáp có thể phải phẫu thuật. Dựa trên cơ chế dược lý, nguy cơ nào có thể gia tăng trong giai đoạn gây mê toàn thân?"
../raw_data/wavs/voice-1287.wav,"Trong trường hợp quá liều mạn tính dẫn đến tích tụ đồng, cơ chế nào được sử dụng để loại bỏ kim loại này ra khỏi cơ thể và chất tạo chất khử (chelator) nào cụ thể?"
../raw_data/wavs/voice-1288.wav,So sánh sự khác biệt về cấu trúc và chức năng giữa ete mono- và diester của metylglucose và axit stearic trong PEG-20 Methyl Glucose Sesquistearate?
../raw_data/wavs/voice-1289.wav,"Nếu bệnh nhân bỏ lỡ một liều và sau đó nhớ ra khi đã đến giờ uống liều kế tiếp, tại sao bệnh nhân không được phép uống bù liều đã quên?"
../raw_data/wavs/voice-1290.wav,"Mặc dù Camphor có thể gây kích thích thần kinh cảm giác, chỉ định cụ thể nào cho dung dịch xông Camphor 6.2% liên quan đến loại ho cần phải phân biệt rõ với ho có đờm, và tại sao?"
../raw_data/wavs/voice-1291.wav,"Nintedanib có sinh khả dụng tuyệt đối rất thấp (khoảng 4,7%), vậy tại sao bệnh nhân vẫn được hướng dẫn nuốt nguyên viên nang mà không được nghiền nát hay mở viên nang?"
../raw_data/wavs/voice-1292.wav,"Tại sao Nabumetone được khuyến cáo uống sau bữa ăn thay vì khi đói, và cơ chế dược động học nào giải thích cho sự thay đổi tốc độ hấp thu (Cmax) mà không ảnh hưởng đến tổng nồng độ thuốc trong máu (AUC)?"
../raw_data/wavs/voice-1293.wav,"Ngoài các tác dụng phụ thường gặp như buồn nôn hay đau bụng, Somatostatin có thể gây ra những vấn đề nghiêm trọng nào trên hệ tim mạch?"
../raw_data/wavs/voice-1294.wav,"Đối với bệnh nhân suy thận có độ thanh thải Creatinin (CrCl) dưới 10 ml/phút, tần suất dùng thuốc Cefmetazole được điều chỉnh như thế nào?"
../raw_data/wavs/voice-1295.wav,Thời gian bán thải thải trừ của Magnesium Chloride ở người lớn được ghi nhận sau khi truyền tĩnh mạch 400mEq là bao lâu? Yếu tố nào quyết định tốc độ thanh thải tối đa của ion Magie?
../raw_data/wavs/voice-1296.wav,Tại sao bệnh nhân mang gen CYP2D6 siêu nhanh (ví dụ: 29% người châu Phi/Ethiopia) lại được xếp vào nhóm chống chỉ định dùng Codein liều kê đơn thông thường?
../raw_data/wavs/voice-1297.wav,"Nếu Mosapride citrat được dùng chung với các thuốc kháng cholinergic như Atropin sulfat, tương tác dược lý sẽ diễn ra như thế nào và bệnh nhân cần làm gì để giảm thiểu ảnh hưởng này?"
../raw_data/wavs/voice-1298.wav,"Trên phương diện hóa dược, việc clotrimazole liên kết với phospholipid trong màng tế bào nấm gây ra những biến đổi sinh lý nào dẫn đến cái chết của tế bào nấm?"
../raw_data/wavs/voice-1299.wav,Telmisartan có ái lực với receptor AT1 cao hơn AT2 bao nhiêu lần?
../raw_data/wavs/voice-1300.wav,"So sánh về sinh khả dụng tương đối giữa viên nén Ivermectin và dạng dung dịch khi dùng đồng thời với rượu, và cơ chế dược động học nào giải thích cho sự khác biệt này?"
../raw_data/wavs/voice-1301.wav,"Nếu bệnh nhân bỏ lỡ lịch trình tiêm collagenase clostridium histolyticum và cần thiết lập lại phác đồ điều trị Dupuytren, bệnh nhân phải tuân thủ quy trình nào để đảm bảo an toàn và hiệu quả?"
../raw_data/wavs/voice-1302.wav,"Nếu một bệnh nhân phát hiện ra việc quên uống liều levodropropizine cách liều kế tiếp ít hơn 6 giờ, bệnh nhân nên làm gì?"
../raw_data/wavs/voice-1303.wav,Quá trình chuyển hóa qua 3 phản ứng chính của Benzocaine bao gồm những gì?
../raw_data/wavs/voice-1304.wav,"So sánh hiệu quả hấp thu qua da (tính bằng phần trăm thủy phân qua nước tiểu) giữa hydroquinone 2% trong dung môi cồn với chế phẩm được bổ sung chất tăng cường thẩm thấu 0,5% azone, và cơ chế nào giải thích cho sự chênh lệch này?"
../raw_data/wavs/voice-1305.wav,Vì sao việc điều chỉnh liều lượng Menotropins không được thực hiện thường xuyên hơn 2 ngày một lần?
../raw_data/wavs/voice-1306.wav,"Tại sao trong điều trị quá liều, naloxone được chỉ định phải là chất đối kháng cạnh tranh tại thụ thể opioid thay vì các thuốc hỗ trợ?"
../raw_data/wavs/voice-1307.wav,"Tại sao bệnh nhân cần uống Minocycline ở tư thế đứng hoặc ngồi và uống nhiều nước, và điều này liên quan đến nguy cơ nào trên đường tiêu hóa?"
../raw_data/wavs/voice-1308.wav,Thể tích phân bố (Vd) của levodropropizine ở người lớn là bao nhiêu và tỷ lệ liên kết của thuốc với protein huyết tương có ý nghĩa gì đối với khả năng thấm vào các mô đích?
../raw_data/wavs/voice-1309.wav,Tương tác dược lý giữa triclabendazole và dẫn xuất xanthin (như theophyllin) có liên quan đến cơ chế cạnh tranh ở vị trí chuyển hóa nào?
../raw_data/wavs/voice-1310.wav,"Dựa trên dữ liệu an toàn, những bất thường về huyết học nào cần được quan tâm đặc biệt khi sử dụng clotrimazole đường uống?"
../raw_data/wavs/voice-1311.wav,Thức ăn có làm thay đổi sinh khả dụng của telmisartan không?
../raw_data/wavs/voice-1312.wav,"Tại sao atovaquone cần được dùng cùng với thức ăn giàu chất béo, và cơ chế dược động học nào dẫn đến sự chênh lệch sinh khả dụng giữa hỗn dịch uống (47%) và viên nén (23%)?"
../raw_data/wavs/voice-1313.wav,"Trong trường hợp suy thận nặng với độ thanh thải creatinine dưới 10 ml/phút, phác đồ liều lượng ban đầu cho flucytosine được khuyến cáo là bao nhiêu và tại sao cần phải điều chỉnh thể tích dịch truyền?"
../raw_data/wavs/voice-1314.wav,"Vì sao liều lượng khởi đầu của Pindolol đối với bệnh nhân tăng huyết áp được khuyến cáo bắt đầu ở mức tối thiểu (5mg x 2-3 lần/ngày) thay vì liều cao hơn, và cơ chế nào liên quan đến tính chất 'hoạt động giao cảm nội tại' (ISA) khiến việc tăng liều cần được thực hiện từ từ hàng tuần?"
../raw_data/wavs/voice-1315.wav,Tại sao xử trí quá liều icodextrin bằng cách loại bỏ dung dịch ra khỏi khoang phúc mạc?
../raw_data/wavs/voice-1316.wav,"Tại sao việc sử dụng Benzocaine đồng thời với các thuốc ức chế men cholinesterase lại bị chống chỉ định, và cơ chế chuyển hóa nào của Benzocaine bị ảnh hưởng dẫn đến tích lũy thuốc độc?"
../raw_data/wavs/voice-1317.wav,"Mặc dù chưa có dữ liệu lâm sàng đầy đủ, tại sao Pamidronate vẫn được cảnh cáo không nên sử dụng đồng thời với Thalidomide, và nguy cơ cơ chế sinh bệnh học nào được đề xuất cho tình trạng hoại tủy xương?"
../raw_data/wavs/voice-1318.wav,Cơ chế nào giải thích tại sao beta carotene có thể làm tăng tỷ lệ mắc bệnh ung thư phổi ở người hút thuốc lá nhưng lại không gây ung thư trong nghiên cứu trên động vật?
../raw_data/wavs/voice-1319.wav,"Tại sao probenecid bị chống chỉ định sử dụng đồng thời với meropenem, và sự tương tác này ảnh hưởng trực tiếp đến chỉ số dược động học nào?"
../raw_data/wavs/voice-1320.wav,"Cơ chế nào giải thích tại sao Pindolol có thể che lấp các dấu hiệu của cơn bão giáp (thyroid storm) khi đột ngột ngừng điều trị, và tại sao điều này lại là mối nguy hiểm lâm sàng cần theo dõi chặt chẽ?"
../raw_data/wavs/voice-1321.wav,"Các dữ liệu nghiên cứu sinh sản trên động vật dotyczące Magnesium Chloride có minh xác khả năng gây quái thai hay không, và điều này ảnh hưởng thế nào đến quyết định chỉ định thuốc này cho phụ nữ có thai?"
../raw_data/wavs/voice-1322.wav,Thời gian bán thải huyết tương (t1/2) của nitroglycerin là bao lâu sau khi ngậm dưới lưỡi?
../raw_data/wavs/voice-1323.wav,Tương tác giữa povidone-iodine và các hợp chất thủy ngân dẫn đến kết quả hóa học cụ thể nào gây tổn thương da?
../raw_data/wavs/voice-1324.wav,"Tại sao nguy cơ hình thành sỏi canxi oxalat lại được đánh giá là không chắc chắn tăng lên khi sử dụng muối calcium ascorbate so với axit ascorbic tự do, bất chấp thực tế rằng oxalat là chất chuyển hóa chính?"
../raw_data/wavs/voice-1325.wav,"Dựa trên cơ chế chuyển hóa, tại sao việc sử dụng Probenecid làm tăng nồng độ Acyclovir trong huyết tương và điều này có ý nghĩa gì trong việc hiệu chỉnh liều khi kết hợp hai thuốc này?"
../raw_data/wavs/voice-1326.wav,"Chỉ định sử dụng Camphor bôi ngoài da dạng kem và gel có sự khác biệt nào về độ tuổi tối thiểu của trẻ em, và cơ chế nào biện minh cho việc phân loại độ tuổi nghiêm ngặt này?"
../raw_data/wavs/voice-1327.wav,Tại sao việc ngậm hoặc nhai viên nang Benzonatate lại nguy hiểm hơn đáng kể so với việc nuốt whole viên nang trong trường hợp quá liều?
../raw_data/wavs/voice-1328.wav,"Nếu Chlorphenesin carbamate được chỉ định cho một phụ nữ đang mang thai, bệnh nhân cần được tư vấn gì về khả năng sinh sản và tính an toàn của thuốc?"
../raw_data/wavs/voice-1329.wav,"Ngoài các chống chỉ định suy gan thận nặng, Telmisartan còn có nguy cơ gì đối với bệnh nhân có tiền sử bệnh porphyrin, và cơ chế sinh bệnh học nào?"
../raw_data/wavs/voice-1330.wav,"Dựa trên đặc điểm dược lực học, tại sao Cefmetazole được chỉ định hiệu quả trong phòng ngừa nhiễm khuẩn kỵ khí trong phẫu thuật đại trực tràng, và cơ chế nào giúp nó ức chế sự phát triển của các vi sinh vật này?"
../raw_data/wavs/voice-1331.wav,Liều lượng flucytosine cho bệnh nhân viêm màng não do Cryptococcus ở người nhiễm HIV không dung nạp amphotericin B được chỉ định như thế nào về số lần chia liều và thời gian điều trị cảm ứng?
../raw_data/wavs/voice-1332.wav,"Mặc dù levodropropizine có hoạt động gây tê cục bộ và đối kháng với các kích thích hóa học như histamine, serotonine và bradykinin, tại sao cơ chế tác dụng của thuốc lại được mô tả là 'giảm ho tác dụng ngoại biên' thay vì gây tê liệt hoàn toàn dây thần kinh cảm giác?"
../raw_data/wavs/voice-1333.wav,"Trên thực tế lâm sàng, tại sao meropenem có thể an toàn hơn imipenem ở bệnh nhân có tổn thương hệ thần kinh trung ương và co giật, bất chấp phổ diệt khuẩn tương đương?"
../raw_data/wavs/voice-1334.wav,"Do không có báo cáo nào về độc tính và xử trí quá liều Thiamine, các bác sĩ cần tuân thủ nguyên tắc dược lý nào khi chỉ định liều?"
../raw_data/wavs/voice-1335.wav,"Nếu một bệnh nhân bị suy thận vừa phải (độ thanh thải creatinin 30-49 ml/phút) được kê đơn Nabumetone, sự thay đổi nồng độ thuốc không liên kết (fraction free) trong huyết tương sẽ tăng bao nhiêu phần trăm so với người bình thường, và cần điều chỉnh liều lượng như thế nào?"
../raw_data/wavs/voice-1336.wav,"Tại sao khi điều trị atovaquone cho bệnh nhân đang dùng zidovudine, bác sĩ cần theo dõi các tác dụng ngoại ý liên quan đến zidovudine, bất chấp việc AUC của atovaquone không bị ảnh hưởng?"
../raw_data/wavs/voice-1337.wav,"Liều Cefalotin tối đa đối với bệnh nhân suy thận nặng có độ thanh thải creatinin dưới 2 ml/phút là bao nhiêu, và tần suất dùng thuốc được điều chỉnh như thế nào?"
../raw_data/wavs/voice-1338.wav,"Cơ chế nào của Domperidone tại hàng rào máu-não và nhau thai khiến nó được coi là có nguy cơ gây dị tật thai nhi cao trong giai đoạn thai kỳ, ngay cả khi nó có ái affinity thấp với các thụ thể dopamin trung ương?"
../raw_data/wavs/voice-1339.wav,"Tương tác dược lý giữa Amifostine và các thuốc chống tăng huyết áp tiềm ẩn nguy cơ gì, và các thuốc này tác động cơ chế élèc élèc gì lên hệ thống?"
../raw_data/wavs/voice-1340.wav,Tại sao Fosamprenavir cần được xem xét thận trọng ở bệnh nhân có tiền sử dị ứng với sulfonamide?
../raw_data/wavs/voice-1341.wav,Nhu cầu insulin đối với phụ nữ mang thai bị đái tháo đường thường có xu hướng biến đổi như thế nào trong ba tháng đầu và ba tháng cuối thai kỳ?
../raw_data/wavs/voice-1342.wav,"Khi so sánh hydrocortisone acetat dưới dạng hỗn dịch tiêm bắp với hydrocortisone natri succinat dưới dạng bột pha tiêm, cơ chế nào giải thích cho sự chênh lệch về tốc độ đạt nồng độ đỉnh trong dịch cơ thể và thời gian tác dụng kéo dài giữa hai dạng?"
../raw_data/wavs/voice-1343.wav,"Nếu cơ thể bệnh nhân không thể chuyển hóa axit pivalic (thường gặp trong tá dược), việc sử dụng pivmecillinam đồng thời với axit valproic gây ra nguy cơ rối loạn chuyển hóa năng lượng nào, và cơ chế sinh bệnh học của nó là gì?"
../raw_data/wavs/voice-1344.wav,Phương pháp điều trị nào được khuyến cáo cho bệnh nhân bị suy giảm cortisol huyết tương và teo tuyến thượng thận do sử dụng quá liều beclomethasone dipropionate mạn tính?
../raw_data/wavs/voice-1345.wav,Dạng thuốc và hàm lượng bao nhiêu được cung cấp cho chỉ định khôi phục chức năng thông tĩnh mạch trung tâm?
../raw_data/wavs/voice-1346.wav,Fosamprenavir là chất nền và chất cảm ứng của hệ thống vận chuyển nào ở màng tế bào?
../raw_data/wavs/voice-1347.wav,"Phân tích cơ chế bệnh sinh của triệu chứng nhận thức (như nhìn vàng/xanh lá cây, vòng sáng) trong ngộ độc Digoxin, và tại sao những biểu hiện này thường xuất hiện trước các dấu hiệu loạn nhịp tim?"
../raw_data/wavs/voice-1348.wav,"Khi người bệnh uống rượu trong quá trình điều trị bằng Cefmetazole, các triệu chứng gì có thể xuất hiện và cơ chế hóa học nào giải thích cho phản ứng giống Disulfiram này?"
../raw_data/wavs/voice-1349.wav,"Tại sao meropenem lại có khả năng thâm nhập vào dịch não tủy (CSF) hiệu quả, và điều này có ý nghĩa gì trong điều trị viêm màng não?"
../raw_data/wavs/voice-1350.wav,"Nếu Gemtuzumab ozogamicin được trộn lẫn lẫn với các thuốc khác trong cùng một hệ thống truyền, điều này có được phép không dựa trên dữ liệu nghiên cứu về tương kỵ?"
../raw_data/wavs/voice-1351.wav,"Dựa trên đặc điểm chuyển hóa enzymatic, cơ chế nào giải thích tại sao việc dùng đồng thời fluphenazine với các thuốc ức chế CYP2D6 có thể làm tăng nồng độ của fluphenazine và các thuốc đi kèm?"
../raw_data/wavs/voice-1352.wav,Liều lượng Fosamprenavir cần điều chỉnh như thế nào cho bệnh nhân suy gan nặng (điểm Child-Pugh 10-15) đã có kinh nghiệm sử dụng PI?
../raw_data/wavs/voice-1353.wav,"Dựa trên đặc điểm dược động học và khả năng xâm nhập hàng rào máu não, tại sao Melphalan lại được chỉ định ưu tiên trong điều trị đa u tủy và ung thư buồng trứng so với các khối u đặc khác?"
../raw_data/wavs/voice-1354.wav,"Nếu bệnh nhân phát hiện ra việc quên uống liều beta carotene bổ sung 10,000 đơn vị vào bữa sáng nhưng đã đến giờ ăn trưa, cơ chế xử trí nào là tối ưu nhất để duy trì nồng độ huyết thanh?"
../raw_data/wavs/voice-1355.wav,"Ngoài các trường hợp quá mẫn với penicillin hoặc cephalosporin, pivmecillinam chống chỉ định tuyệt đối ở những bệnh nhân có bất thường di truyền nào liên quan đến chuyển hóa năng lượng?"
../raw_data/wavs/voice-1356.wav,Parathyroid hormone nội sinh và ngoại sinh (tái tổ hợp từ E. coli) có tương đồng cấu trúc nào quan trọng để đảm bảo hoạt tính sinh học trên các thụ thể protein ghép đôi?
../raw_data/wavs/voice-1357.wav,"Tại sao fluocinolone acetonide có khả năng tạo ra tác dụng toàn thân (hội chứng Cushing) ngay cả khi chỉ dùng tại chỗ, và đặc điểm nào của thuốc fluorinated tạo điều kiện cho quá trình thẩm thấu này?"
../raw_data/wavs/voice-1358.wav,An toàn tiêm vô khuẩn cho ranibizumab đòi hỏi những thao tác nào liên quan đến kim tiêm và vị trí củng mạc mắt để tránh biến chứng rách võng mạc?
../raw_data/wavs/voice-1359.wav,"Tại sao bệnh nhân cần được hướng dẫn uống Digoxin vào một giờ cố định hàng ngày, đặc biệt khi so sánh với việc bỏ lỡ liều trên 12 giờ?"
../raw_data/wavs/voice-1360.wav,"Nếu một bệnh nhân bỏ lỡ một liều calcium ascorbate và thời điểm nhớ ra đã gần với liều kế tiếp theo lịch trình, họ nên tuân thủ quy trình xử trí nào?"
../raw_data/wavs/voice-1361.wav,"Tại sao Risedronate natri không gây cảm ứng enzym Cytochrome P450, và điều này có ý nghĩa gì trong tương tác thuốc?"
../raw_data/wavs/voice-1362.wav,"Đối với bệnh nhi từ 2 đến 16 tuổi trong dự phòng buồn nôn do hóa trị liệu, Dolasetron có thể được bào chế thế nào nếu trẻ không thể nuốt viên nén 100 mg?"
../raw_data/wavs/voice-1363.wav,Cơ chế chuyển hóa của Budesonide tại gan bị ảnh hưởng như thế nào nếu bệnh nhân đồng thời sử dụng các thuốc ức chế enzym CYP3A4 như Ketoconazol?
../raw_data/wavs/voice-1364.wav,"Methyl salicylate có khả năng làm tăng tác dụng chống đông máu của warfarin, ngoài ra còn tương tác với những thuốc nào khác?"
../raw_data/wavs/voice-1365.wav,Tương tác giữa Povidone-iodine và các hợp chất thủy ngân dẫn đến hậu quả gì trên da?
../raw_data/wavs/voice-1366.wav,Tại sao beta carotene được chỉ định trong phác đồ điều trị bệnh erythropoietic protoporphyria (EPP) nhưng lại chống chỉ định bổ sung đồng thời với vitamin A?
../raw_data/wavs/voice-1367.wav,"Mechanism of action của Orlistat thuộc về loại ức chế men lipase. Chi tiết hóa học nào trong cấu trúc Orlistat cho phép nó tạo liên kết cộng hóa trị tại vị trí serin hoạt động của lipase dạ dày và tuyến tụy, dẫn đến bất hoạt enzym này?"
../raw_data/wavs/voice-1368.wav,"Tại sao levodropropizine được xem là có đặc tính dung nạp tốt hơn so với các thuốc ho tác dụng trung ương như codein, đặc biệt liên quan đến hiệu quả an thần và sự thay đổi thông số tim mạch ở liều điều trị?"
../raw_data/wavs/voice-1369.wav,Nhu cầu Thiamine hàng ngày cho nam giới trưởng thành theo RDA là bao nhiêu mg?
../raw_data/wavs/voice-1370.wav,"Sự khác biệt thống kê về tỷ lệ đột quỵ giữa bệnh nhân dùng ranibizumab 0,5 mg, 0,3 mg và nhóm chứng là gì, và tại sao biến chứng này lại cần được quản lý đặc biệt ở nhóm nguy cơ?"
../raw_data/wavs/voice-1371.wav,"Mặc dù Cefalotin được xếp vào nhóm thuốc an toàn khi sử dụng cho phụ nữ mang thai, nhưng những bằng chứng lâm sàng nào hiện còn thiếu sót bắt buộc bác sĩ phải cân nhắc kỹ lưỡng trước khi kê đơn?"
../raw_data/wavs/voice-1372.wav,"Việc sử dụng neomycin đồng thời làm giảm sinh khả dụng của sorafenib trung bình 54%, cơ chế phân tử nào ở ruột gây ra tương tác thuốc-thuốc này?"
../raw_data/wavs/voice-1373.wav,Thời gian bán thải của mecillinam là bao lâu và cơ chế thải trừ chính tại hệ thống ống thận của kháng sinh này là gì?
../raw_data/wavs/voice-1374.wav,Phân tích cơ chế phân tử khiến cho oxacillin có khả năng vượt qua sự kháng penicilinase của Staphylococcus aureus trong khi các penicillin tự nhiên lại bị phá hủy?
../raw_data/wavs/voice-1375.wav,Đặc điểm hóa học nào của Lauric Acid (axit lauric) được mô tả trong quá trình điều chế Potassium Laurate?
../raw_data/wavs/voice-1376.wav,Vì sao bệnh nhân có tiền sử đột quỵ hoặc cơn thiếu máu não thoáng qua cần được bác sĩ đánh giá cẩn thận lợi ích/nguy cơ trước khi điều trị ranibizumab?
../raw_data/wavs/voice-1377.wav,Các triệu chứng lâm sàng khi bệnh nhân bị quá liều đồng sunfat cấp tính thường giống với biểu hiện của bệnh lý nào?
../raw_data/wavs/voice-1378.wav,"Phân tích sự khác biệt về đặc điểm hấp thu và chuyển hóa giữa hydrocortisone acetat dùng tại chỗ (bôi, kem) và hydrocortisone natri succinat dùng tiêm tĩnh mạch, đồng thời giải thích tại sao hydrocortisone acetat không phù hợp để tiêm tĩnh mạch trực tiếp?"
../raw_data/wavs/voice-1379.wav,"Vì sao mecillinam (dạng hoạt tính) lại có hiệu quả đặc biệt cao đối với vi khuẩn Gram âm so với các beta-lactam phổ rộng khác, và cơ chế liên kết của nó với protein liên kết penicilin (PBP) trong thành tế bào có gì khác biệt?"
../raw_data/wavs/voice-1380.wav,"Tại sao khi điều trị Pegloticase liều 8 mg, nồng độ acid uric trong máu giảm xuống mức 0,7 mg/dL sau 24 giờ, trong khi nhóm giả dược vẫn giữ mức 8,2 mg/dL?"
../raw_data/wavs/voice-1381.wav,"Các biến chứng đường tiêu hóa nào thường đi kèm với tình trạng quá liều Dactinomycin, và tại sao niêm mạc đường tiêu hóa lại là vị trí chịu tác động mạnh mẽ của thuốc?"
../raw_data/wavs/voice-1382.wav,Chlorphenesin carbamate có cơ chế tác dụng trung ương. Thuốc có ảnh hưởng trực tiếp đến dẫn truyền nơ-rôn hay không?
../raw_data/wavs/voice-1383.wav,"Trong tình huống quá liều Melphalan với triệu chứng viêm niêm mạc nặng và suy đa tạng, cơ chế nào khiến Filgrastim có thể rút ngắn thời gian giảm bạch cầu trung tính so với các biện pháp điều trị hỗ trợ thông thường?"
../raw_data/wavs/voice-1384.wav,"Dựa trên đặc điểm chuyển hóa enzymatic, tại sao procaine lại được chỉ định sử dụng cẩn trọng ở bệnh nhân thiếu hụt enzym cholinesterase huyết tương?"
../raw_data/wavs/voice-1385.wav,Sinh khả dụng của metoprolol chỉ khoảng 50% do hiện tượng chuyển hóa ban đầu (first-pass effect). Vậy nồng độ đỉnh trong huyết tương của dạng viên nén thông thường và viên giải phóng chậm chênh lệch nhau bao nhiêu thời gian?
../raw_data/wavs/voice-1386.wav,"Dựa trên cơ chế giải phóng serotonin từ tế bào enterochromaffin, Dolasetron có khả năng ngăn chặn hoàn toàn phản xạ nôn mửa ở giai đoạn nào của quá trình dẫn truyền tín hiệu từ ruột non đến trung tâm nôn mửa?"
../raw_data/wavs/voice-1387.wav,"Theo tài liệu, liều lượng triclabendazole được chỉ định cụ thể cho nhiễm sán lá gan và nhiễm sán lá phổi chênh lệch bao nhiêu mg/kg/ngày?"
../raw_data/wavs/voice-1388.wav,Quy trình dùng viên đặt âm đạo clotrimazole 500 mg liều đơn có điểm gì đặc biệt về kỹ thuật đảm bảo sinh khả dụng tại vị trí tác dụng?
../raw_data/wavs/voice-1389.wav,So sánh sự khác biệt về sinh khả dụng (bioavailability) và độ biến đổi giữa hai đường dùng uống và tiêm tĩnh mạch của Melphalan dựa trên các dữ liệu dược động học?
../raw_data/wavs/voice-1390.wav,"Trong bối cảnh Zinc oxide chỉ được sử dụng tại chỗ và không hấp thu toàn thân, cơ chế nào có thể giải thích cho việc thiếu hụt dữ liệu lâm sàng về tính an toàn của hoạt chất này đối với phụ nữ mang thai?"
../raw_data/wavs/voice-1391.wav,"Đối với bệnh nhân bị viêm nội tâm mạc do Candida, khi nào thì có thể chuyển đổi từ phác đồ kết hợp flucytosine và amphotericin B sang điều trị duy nhất bằng fluconazole?"
../raw_data/wavs/voice-1392.wav,Quy tắc xử trí 'không uống gấp đôi liều' khi quên dùng Bisoprolol có liên quan trực tiếp đến dược động học nào của thuốc? (Gợi ý: Xem xét thời gian bán thải và tích lũy thuốc)
../raw_data/wavs/voice-1393.wav,"Trong tình huống quá liều Dactinomycin, tại sao bệnh nhân lại có nguy cơ cao đối mặt với suy thận cấp tính?"
../raw_data/wavs/voice-1394.wav,"Trong thành phần hoạt chất Fosamprenavir, đặc điểm hóa học nào liên quan đến nguy cơ phản ứng quá mẫn chéo với các thuốc sulfonamide khác?"
../raw_data/wavs/voice-1395.wav,"So với chất chuyển hóa axit tafluprost, ái lực của axit tafluprost đối với thụ thể FP prostanoid cao hơn bao nhiêu lần so với latanoprost?"
../raw_data/wavs/voice-1396.wav,Tại sao atovaquone không được coi là liệu pháp hiệu quả để điều trị các bệnh do vi khuẩn Mycobacteria gây ra?
../raw_data/wavs/voice-1397.wav,"Cơ chế sinh bệnh học nào giải thích tại sao flucytosine khi chuyển hóa thành fluorouracil có thể gây ra tổn thương tủy xương (giảm bạch cầu, giảm tiểu cầu) ở người bệnh?"
../raw_data/wavs/voice-1398.wav,Cơ quan nào của Hoa Kỳ công nhận Potassium Laurate là an toàn?
../raw_data/wavs/voice-1399.wav,"Trong bối cảnh chỉ định khử khuẩn vết thương ô nhiễm, tại sao việc sử dụng Povidone-iodine lại thường được ưu tiên trước phẫu thuật hơn iod tự do, và cơ chế bảo tồn nào giúp giảm độc tính toàn thân?"
../raw_data/wavs/voice-1400.wav,Phân tích cơ chế chuyển hóa từ Lauric Acid sang Potassium Laurate thông qua phản ứng trung hòa acid-base. Điện tích nào được tạo ra trên phân tử muối axit béo này để tạo ra tính chất làm sạch?
../raw_data/wavs/voice-1401.wav,"Insulin Glulisine là một chất tương tự insulin tác dụng nhanh, vậy so với insulin người thông thường, nó có sự chênh lệch gì về thời gian khởi phát tác dụng?"
../raw_data/wavs/voice-1402.wav,"Tương tác dược lý giữa Cefmetazole và Ethinylestradiol dẫn đến kết quả gì đối với Paracetamol, và cơ chế sinh học nào đứng sau sự thay đổi dược động học này?"
../raw_data/wavs/voice-1403.wav,Đâu là cơ chế dược lý sinh học khác biệt của procarbazine so với các alkyl hóa thông thường liên quan đến quá trình tự oxy hóa và giải phóng hydrogen peroxyd?
../raw_data/wavs/voice-1404.wav,Nửa đời thải trừ của beclomethasone dipropionate trong huyết tương là bao lâu?
../raw_data/wavs/voice-1405.wav,Tại sao Budesonide được khuyến cáo chống chỉ định dùng chung với nước ép bưởi?
../raw_data/wavs/voice-1406.wav,Tại sao nguy cơ lây nhiễm chéo giữa các loại thuốc kháng nấm azole lại là một vấn đề dược lý lâm sàng quan trọng khi sử dụng clotrimazole?
../raw_data/wavs/voice-1407.wav,Tại vị trí nào trong hệ thống tiêu hóa (đoạn ruột) mà đồng sunfat được hấp thu chủ yếu khi dùng đường uống?
../raw_data/wavs/voice-1408.wav,Người bệnh có tiền sử sốc phản vệ với penicillin có được phép dùng cefotetan hay không?
../raw_data/wavs/voice-1409.wav,"Nếu bệnh nhân không thể tuân thủ lịch truyền dịch do bận rộn và bỏ sót liều Magnesium Chloride ngay lập tức, tần suất và cách thức điều chỉnh liều bù (make-up dose) cho liều đã quên là gì?"
../raw_data/wavs/voice-1410.wav,Vì sao levodropropizine được chỉ định để điều trị triệu chứng kích thích ho khan do tắc nghẽn viêm phế quản nhưng lại chống chỉ định ở bệnh nhân có tăng tiết dịch phế quản và giảm chức năng mao niêm (hội chứng Kartagener)?
../raw_data/wavs/voice-1411.wav,"Bên cạnh những biến chứng tạo máu hiếm gặp, Acetazolamide còn gây ra những bất thường nào trên da và mắt cụ thể cần được theo dõi?"
../raw_data/wavs/voice-1412.wav,"Dựa trên các tham số dược động học, nồng độ testosterone và estradiol trong huyết thanh tăng bao nhiêu phần trăm sau 12 tuần sử dụng prasterone?"
../raw_data/wavs/voice-1413.wav,"Ngoài u tủy thượng thận, Phenoxybenzamine được chỉ định làm liệu pháp bổ trợ cho những bệnh lý cụ thể nào liên quan đến rối loạn co thắt mạch máu ngoại vi, và cần lưu ý gì về hiệu quả điều trị của thuốc trong các chỉ định này?"
../raw_data/wavs/voice-1414.wav,"Tại sao atovaquone chỉ được xem là lựa chọn điều trị cho phụ nữ mang thai khi lợi ích cho người mẹ vượt trội so với nguy cơ cho thai nhi, và có dữ liệu nào trong phòng thí nghiệm cho thấy nguy cơ này không?"
../raw_data/wavs/voice-1415.wav,Việc meropenem làm giảm nồng độ acid valproic dưới giới hạn điều trị có liên quan đến cơ chế nào?
../raw_data/wavs/voice-1416.wav,"Dựa trên đặc điểm phân bố dược động học của ciprofibrate, tại sao việc sử dụng thuốc này đòi hỏi phải điều chỉnh liều lượng của các kháng vitamin K khi dùng đồng thời, và cơ chế nào dẫn đến sự tương tác này?"
../raw_data/wavs/voice-1417.wav,Tại sao Budesonide nang giải phóng chậm cần được sử dụng thận trọng ở bệnh nhân bị xơ gan (suy gan) ở mức độ trung bình?
../raw_data/wavs/voice-1418.wav,"Vì thuốc bôi methyl salicylate được sử dụng khi cần thiết, thuốc có cần một lịch trình dùng thuốc hàng ngày không?"
../raw_data/wavs/voice-1419.wav,So sánh cơ chế chuyển hóa của d-amphetamine và l-amphetamine liên quan đến enzyme CYP2D6 để giải thích sự khác biệt về thời gian bán thải (9-11 giờ so với 11-14 giờ)?
../raw_data/wavs/voice-1420.wav,"Dựa trên các dữ liệu dược lực học và động học có sẵn, sự tương phản nào có thể được rút ra giữa vai trò của calcium ascorbate trong việc giảm đau viêm khớp so với các NSAID, và cơ chế nào ngụ ý qua quan sát này?"
../raw_data/wavs/voice-1421.wav,"Cơ chế nào khiến pivmecillinam có thể được chỉ định sử dụng trong thai kỳ, bất chấp việc kháng sinh này được quan sát thấy ở nồng độ thấp trong bào thai?"
../raw_data/wavs/voice-1422.wav,"Tỷ lệ gắn với protein huyết tương của methadone nằm trong khoảng bao nhiêu, và yếu tố nào có thể làm thay đổi đáng kể tỷ lệ này dẫn đến nguy cơ gây độc?"
../raw_data/wavs/voice-1423.wav,"Nếu Benzonatate không ức chế trung tâm hô hấp ở liều khuyến cáo, thì cơ chế sinh học nào cụ thể Benzonatate sử dụng để ngăn chặn phản xạ ho?"
../raw_data/wavs/voice-1424.wav,Có bao nhiêu phần trăm Phencyclidine được thải trừ qua thận ở dạng không thay đổi?
../raw_data/wavs/voice-1425.wav,"Dựa trên thông tin dược động học, Isocarboxazid được hấp thu dễ dàng sau khi uống. Tuy nhiên, nồng độ thuốc trong sữa mẹ có được xác nhận hay chưa?"
../raw_data/wavs/voice-1426.wav,Việc fomepizole không chứa chất bảo quản đòi hỏi quy trình kiểm tra chất lượng dung dịch tiêm nào sau khi pha loãng để đảm bảo vô trùng?
../raw_data/wavs/voice-1427.wav,"So sánh sự an toàn khi tiêm Papaverin ở bệnh nhân cao tuổi và bệnh nhân rối loạn cương dương: Bệnh nhân cao tuổi thường dùng liều 30-65 mg, trong khi rối loạn cương dương liều chuẩn độ đến 30 mg kết hợp với phentolamine. Điểm khác biệt nào trong nguy cơ loạn nhịp tim (một tác dụng phụ ít gặp khi tiêm nhanh) giữa hai nhóm bệnh nhân này khi cùng sử dụng đường tiêm?"
../raw_data/wavs/voice-1428.wav,Vì sao việc điều chỉnh hạ kali máu là bắt buộc trước khi khởi trị Dolasetron mesylate?
../raw_data/wavs/voice-1429.wav,"Khi điều trị bệnh não Wernicke, liều khởi đầu Thiamine được khuyến cáo tiêm tĩnh mạch là bao nhiêu mg?"
../raw_data/wavs/voice-1430.wav,"Trong bối cảnh pharmacokinetics, cơ chế nào giải thích cho thời gian bán thải (half-life) kéo dài và phụ thuộc vào liều lượng của Phencyclidine?"
../raw_data/wavs/voice-1431.wav,"Liều cao Melphalan (> 140 mg/m²) gây độc tính gì trên thận khi phối hợp với Cyclosporin, và cơ chế bệnh sinh nào dẫn đến hội chứng viêm ruột non - đại tràng chảy máu khi kết hợp với Acid nalidixic?"
../raw_data/wavs/voice-1432.wav,Tolmetin được chuyển hóa thành chất chuyển hóa không hoạt động ở cơ quan nào và cơ chế chuyển hóa chính là gì?
../raw_data/wavs/voice-1433.wav,"Hãy phân tích sự khác biệt trong tỷ lệ hấp thu Magie giữa đường uống và đường tiêm truyền, cũng như vai trò của albumin trong quá trình liên kết protein (30%) đối với sinh khả dụng của thuốc."
../raw_data/wavs/voice-1434.wav,Đặc điểm động lực học nào của Camphor trong giai đoạn hấp thu và chuyển hóa giải thích tại sao nồng độ đỉnh trong máu thường không được ghi nhận một cách rõ rệt hoặc không có?
../raw_data/wavs/voice-1435.wav,Tại sao fluphenazine có thể làm giảm tác dụng điều trị của L-dopa ở bệnh nhân Parkinson?
../raw_data/wavs/voice-1436.wav,"Dựa trên chỉ định, tại sao lisdexamfetamine lại được chỉ định để điều trị rối loạn ăn uống vô độ ở người lớn nhưng lại chống chỉ định sử dụng cho mục đích giảm cân?"
../raw_data/wavs/voice-1437.wav,"Tương tác dược lý giữa Cefalotin và Gentamicin gây nguy cơ nhiễm độc thận như thế nào, và cơ chế nào khiến việc trộn lẫn hai thuốc này trong cùng một bịch truyền là tương kỵ?"
../raw_data/wavs/voice-1438.wav,"Camphor được chuyển hóa ở gan thành những chất không có hoạt tính. Nếu Camphor đi qua nhau thai hoặc bài tiết vào sữa mẹ, cơ chế thải trừ nào đảm bảo an toàn cho thai nhi, và tại sao khuyến cáo cấm dùng vẫn được duy trì?"
../raw_data/wavs/voice-1439.wav,Tại sao epinephrin thường được pha vào dung dịch procaine với nồng độ 1/200.000 hoặc 1/100.000 trong các kỹ thuật gây tê tiêm thấm hoặc phong bế thần kinh ngoại vi?
../raw_data/wavs/voice-1440.wav,"Trong bối cảnh đề cập đến chỉ định 'sốt do giảm bạch cầu', meropenem có ưu điểm gì về phổ tác dụng so với các kháng sinh thuộc nhóm cephalosporin thế hệ 3?"
../raw_data/wavs/voice-1441.wav,"Với vai trò là một chất phụ gia gián tiếp (indirect additive) được FDA chấp thuận trong tiếp xúc thực phẩm, cơ chế nào cho phép Al2O3 đảm bảo an toàn vệ sinh thực phẩm mà không gây thoái hóa hay biến đổi tính chất vật lý của thực phẩm?"
../raw_data/wavs/voice-1442.wav,"Nếu người bệnh quá liều fluphenazine gây hạ huyết áp, tại sao chỉ định dùng noradrenalin hoặc phenylephrin lại an toàn hơn adrenalin?"
../raw_data/wavs/voice-1443.wav,"Mức độ gắn kết của Nafcillin với protein huyết thanh (albumin) là bao nhiêu phần trăm, và điều này có ý nghĩa gì đối với khả năng phân bố của thuốc vào các dịch cơ thể như dịch màng phổi và dịch khớp?"
../raw_data/wavs/voice-1444.wav,"Trong các công thức mỹ phẩm, Ammonium Polyacryloyldimethyl Taurate thường kết hợp với dung môi hoàn thiện khô nào để tạo nên tính thẩm mỹ mịn?"
../raw_data/wavs/voice-1445.wav,"Quá trình chuyển hóa của Ropinirole phụ thuộc chủ yếu vào enzyme nào, và làm thế nào thói quen hút thuốc lá (ức chế CYP1A2) ảnh hưởng đến nồng độ thuốc trong máu?"
../raw_data/wavs/voice-1446.wav,Tốc độ truyền tĩnh mạch duy trì Rocuronium bromide được khuyến cáo cho bệnh nhân từ 3 tháng đến 12 tuổi khi chẹn thần kinh-cơ còn 10% trị số kiểm tra là bao nhiêu.
../raw_data/wavs/voice-1447.wav,"Vì sao Al2O3 được phân loại là chất phụ gia 'gián tiếp' (indirect) trong quy định của FDA về tiếp xúc thực phẩm, khác biệt cơ bản nào so với phụ gia 'trực tiếp' trong thành phần thực phẩm?"
../raw_data/wavs/voice-1448.wav,"Theo cơ chế sinh tổng hợp protein tại ribosome, vị trí liên kết của Dalfopristin ở tiểu đơn vị 50S có vai trò gì trong việc làm tăng ái lực của Quinupristin?"
../raw_data/wavs/voice-1449.wav,"Theo quy trình xử trí khi quên liều, thời điểm nào bệnh nhân được phép 'bỏ qua liều đã quên' và chỉ uống (dùng) liều tiếp theo theo đúng kế hoạch?"
../raw_data/wavs/voice-1450.wav,Tại sao bệnh nhân Wilson lại là đối tượng chống chỉ định sử dụng đồng sunfat?
../raw_data/wavs/voice-1451.wav,Tỷ lệ phần trăm Tolmetin không bị chuyển hóa được thải trừ nguyên dạng qua nước urine trong vòng 24 giờ là bao nhiêu?
../raw_data/wavs/voice-1452.wav,"Văn bản mô tả Papaverin có hai cơ chế chống co thắt: 'ức chế phosphoryl-hóa do oxy hóa' và 'cản trở calci trong khi co cơ'. Trong khi đó, Papaverin cũng có 'hoạt tính chẹn kênh calci yếu khi dùng liều cao'. Hãy phân tích xem, liệu sự cản trở calci trong cơ chế chống co thắt có giống hoàn toàn với cơ chế chẹn kênh calci của các thuốc nhóm Dihydropyridin hay không, dựa trên thực tế là Papaverin không được phân loại là thuốc chẹn kênh canxi điển hình?"
../raw_data/wavs/voice-1453.wav,"Thời gian bắt đầu tác dụng (onset of action) của methadone khi dùng đường uống kéo dài bao lâu, và sự chênh lệch này so với đường tiêm bắp có liên quan gì đến sinh khả dụng (bioavailability) của thuốc?"
../raw_data/wavs/voice-1454.wav,"Nếu một bệnh nhân quên dùng liều Thiamine và thời điểm nhớ ra gần với liều kế tiếp theo lịch trình, họ nên làm gì?"
../raw_data/wavs/voice-1455.wav,Việc tăng bạch cầu ái toan và tăng nồng độ transaminase huyết thanh khi dùng fomepizole liều lặp lại gợi ý điều gì về cơ chế phản ứng phụ?
../raw_data/wavs/voice-1456.wav,"Dựa trên các chống chỉ định được liệt kê, tại sao việc sử dụng thuốc chứa guaiacol và codeine lại bị cấm đoán tuyệt đối ở bệnh nhân đang trong giai đoạn đại tràng nhiễm độc (toxic megacolon)?"
../raw_data/wavs/voice-1457.wav,Tình trạng bệnh lý chuyển hóa nào liên quan đến enzyme glucose-6-phosphat dehydrogenase (G6PD) được liệt kê là một chống chỉ định đối với việc sử dụng calcium ascorbate liều cao?
../raw_data/wavs/voice-1458.wav,"Trong trường hợp bệnh nhân đã lỡ bỏ qua một liều pivmecillinam và thời gian đến liều kế tiếp đã gần kề, biện pháp xử trí nào là bắt buộc tuân thủ để tránh các rủi ro?"
../raw_data/wavs/voice-1459.wav,Liều tối đa cho phép đối với trẻ em từ 2 - 16 tuổi khi dùng Dolasetron đường uống để dự phòng buồn nôn do hóa trị liệu là bao nhiêu?
../raw_data/wavs/voice-1460.wav,Tính an toàn khi lái xe của bệnh nhân sử dụng Budesonide đường toàn thân khác biệt như thế nào so với hình thức dùng Budesonide dạng hít?
../raw_data/wavs/voice-1461.wav,Sự khác biệt về hiệu số Cmax của Amprenavir khi so sánh giữa chế phẩm hỗn dịch uống và viên nén dưới dạng nào?
../raw_data/wavs/voice-1462.wav,"Việc kết hợp ticarcillin với acid clavulanic giúp mở rộng phổ diệt khuẩn bằng cách ức chế beta-lactamase, nhưng tại sao sự kết hợp này lại không làm tăng hoạt tính diệt khuẩn đối với Pseudomonas aeruginosa?"
../raw_data/wavs/voice-1463.wav,Cơ chế bệnh sinh nào giải thích tại sao sorafenib lại chống chỉ định ở bệnh nhân có tiền sử phình động mạch?
../raw_data/wavs/voice-1464.wav,"Nếu một bệnh nhân lỡ quên uống liều oxacillin 500mg lúc 8 giờ sáng và nhận ra lúc 10 giờ trưa (trong khi liều kế tiếp định uống là 14 giờ cùng ngày), nguyên tắc dược lý nào cấm kị việc uống bù gấp đôi liều?"
../raw_data/wavs/voice-1465.wav,"Khi chỉ số khối cơ thể (BMI) ≥ 30, sự thay đổi nào xảy ra với các thông số dược động học của Dalfopristin so với người cóBMI bình thường?"
../raw_data/wavs/voice-1466.wav,"Cơ chế nào giải thích cho nguy cơ tăng độc tính thận (nephrotoxicity) khi dùng Nabumetone kết hợp với Tacrolimus, đòi hỏi phải theo dõi chức năng thận chặt chẽ?"
../raw_data/wavs/voice-1467.wav,Đặc điểm phổ biến của các tác dụng phụ trên tủy xương do Melphalan gây ra bao gồm thời gian khởi phát và hồi phục của giảm bạch cầu và giảm tiểu cầu là bao nhiêu ngày?
../raw_data/wavs/voice-1468.wav,"Ranitidine làm thay đổi sinh khả dụng của ketoconazol thông qua cơ chế tương tác dược động học nào, và sự thay đổi này liên quan trực tiếp đến chỉ số pH dịch vị nào?"
../raw_data/wavs/voice-1469.wav,"Trong trường hợp bệnh nhân lỡ dùng quá liều Magnesium Chloride, việc tuân thủ quy tắc 'không dùng gấp đôi liều' có áp dụng cho cả hai dạng viên nén và dung dịch tiêm không?"
../raw_data/wavs/voice-1470.wav,"So với các thuốc kháng histamin thế hệ thứ nhất khác, cơ chế gây an thần của Oxomemazine thể hiện rõ rệt hơn do đặc tính gì?"
../raw_data/wavs/voice-1471.wav,"Khi sử dụng Acetazolamide, bệnh nhân cần được hướng dẫn theo dõi những chỉ số cận lâm sàng nào để phát hiện sớm các nguy cơ mất cân bằng điện giải và tổn thương tủy xương?"
../raw_data/wavs/voice-1472.wav,"Nếu một bệnh nhân dùng lisdexamfetamine nhưng có nước tiểu kiềm hóa do dùng thuốc lợi tiểu thiazide, những thay đổi nào về các thông số động học (thời gian bán thải và AUC) của dextroamphetamine sẽ xảy ra?"
../raw_data/wavs/voice-1473.wav,Việc sử dụng Darifenacin cho bệnh nhân đang điều trị bằng bisphosphonate uống đòi hỏi phải theo dõi cẩn thận những biến chứng nào tại đường tiêu hóa?
../raw_data/wavs/voice-1474.wav,Tại sao việc duy trì Estazolam quá 12 tuần liên tục thường không được khuyến cáo đối với các chứng mất ngủ thông thường?
../raw_data/wavs/voice-1475.wav,Minocycline ức chế tổng hợp protein của vi khuẩn thông qua tương tác với cấu trúc nào của ribosom và cơ chế ức chế cụ thể là gì?
../raw_data/wavs/voice-1476.wav,"Khi xử lý tình trạng quá liều zonisamide ở bệnh nhân suy thận, tại sao thẩm tách máu lại là một phương pháp hiệu quả và cần lưu ý gì về thời gian bán thải của thuốc trong việc theo dõi?"
../raw_data/wavs/voice-1477.wav,"Trong trường hợp quá liều alteplase gây chảy máu nghiêm trọng, biện pháp xử trí thay thế nào có thể được cân nhắc?"
../raw_data/wavs/voice-1478.wav,"Đối với bệnh nhân không dung nạp đường tiêu hóa do choline magnesium trisalicylate, nên thực hiện hướng dẫn dùng thuốc cụ thể nào liên quan đến việc dùng chung với thức ăn?"
../raw_data/wavs/voice-1479.wav,"Tại sao việc điều trị ấu trùng sán lợn thần kinh có thể gây tổn thương não không hồi phục ngay cả khi đã dùng corticosteroid, và giải pháp nào được đề xuất?"
../raw_data/wavs/voice-1480.wav,"Giải thích cơ chế chuyển hóa sorafenib qua CYP3A4 và UGT1A9, và tại sao quá trình glucuronidation ở ruột do vi khuẩn có thể dẫn đến vòng đời thuốc kéo dài?"
../raw_data/wavs/voice-1481.wav,Việc điều chỉnh Miglitol như thế nào nếu bệnh nhân gặp phải các tác dụng phụ về tiêu hóa?
../raw_data/wavs/voice-1482.wav,Chuyển hóa dược phẩm của Dolasetron tạo ra hoạt chất có hoạt tính là hydrodolasetron. Enzyme cytochrome P-450 nào tham gia vào bước chuyển hóa quan trọng này?
../raw_data/wavs/voice-1483.wav,Tại sao Rifampicin có thể làm giảm nồng độ Budesonide trong huyết tương?
../raw_data/wavs/voice-1484.wav,"Trong bối cảnh Benzyl alcohol lotion có thời gian lưu trú trên da đầu là 10 phút, việc bệnh nhân quên sử dụng liều bổ sung sau 7 ngày sẽ ảnh hưởng như thế nào đến chu kỳ sinh sản của chấy (Pediculus humanus capitis) so với các loại thuốc có khả năng diệt trứng?"
../raw_data/wavs/voice-1485.wav,Duloxetine được chuyển hóa chủ yếu bởi hệ enzym cytochrome P450 nào và cơ chế nào khiến tình trạng suy gan nặng làm tăng nồng độ thuốc trong máu?
../raw_data/wavs/voice-1486.wav,"Tại sao cần phải lưu ý theo dõi các dấu hiệu lồng ruột như 'phân có máu' hay 'nôn kéo dài' trong 7 ngày sau liều đầu tiên, và điều này có liên quan gì đến cơ chế sinh bệnh học của vắc xin?"
../raw_data/wavs/voice-1487.wav,"Trong phác đồ MOPP, tại sao việc sử dụng procarbazine liều 100 mg/m2 ngày 1-14 chu trình 28 ngày cần đi kèm theo dõi công thức máu 3-4 ngày/lần?"
../raw_data/wavs/voice-1488.wav,"Về cơ chế chuyển hóa ở gan, tương tác giữa Pemoline và các thuốc chống động kinh gây tăng nguy cơ co giật có phải là do hiện tượng cảm ứng enzym CYP450 không?"
../raw_data/wavs/voice-1489.wav,"So với liều lượng Thiamine dùng hàng ngày cho mục đích bổ sung theo chế độ ăn uống (RDA), liều lượng sử dụng để điều trị bệnh Beriberi có khác biệt nào về số lượng?"
../raw_data/wavs/voice-1490.wav,"Nếu bệnh nhân quên tiêm liều Nafcillin 1g và thời điểm nhớ ra chỉ cách liều kế tiếp 1 giờ, hướng xử trí tối ưu là gì để đảm bảo an toàn dược lý?"
../raw_data/wavs/voice-1491.wav,"Trong trường hợp quên liều albendazole, bệnh nhân cần tuân thủ quy tắc nào để tránh tác dụng phụ và tại sao?"
../raw_data/wavs/voice-1492.wav,"Drug interaction giữa procaine và sulfonamid xảy ra dựa trên cơ chế nào, và dược chất nào là tác nhân gây tương tác?"
../raw_data/wavs/voice-1493.wav,"Tại sao cần phải thận trọng khi kê đơn Almotriptan cho bệnh nhân có tiền sử quá mẫn với sulfonamides, ngay cả khi thuốc không chứa nhóm sulfonamide?"
../raw_data/wavs/voice-1494.wav,"Về mặt dược lý, cơ chế nào khiến Pemoline có khả năng dẫn đến sự phụ thuộc tâm lý, được đặc trưng bởi nhu cầu tăng liều dần dần để đạt lại hiệu quả điều trị ban đầu?"
../raw_data/wavs/voice-1495.wav,"Theo cơ chế dược lý, methyldopa sau khi vượt qua hàng rào máu não sẽ bị biến đổi enzymatic nào để tạo thành chất chuyển hóa có hoạt tính agonist thụ thể alpha-2 adrenergic?"
../raw_data/wavs/voice-1496.wav,"Liên quan đến tần suất không xác định, biến chứng rám má được ghi nhận như thế nào trong quá trình điều trị bằng prasterone?"
../raw_data/wavs/voice-1497.wav,"Về mặt dược động học, nếu độ thanh thải creatinin của một bệnh nhân giảm xuống dưới 30 mL mỗi phút trên 1.73 mét vuông, giá trị thời gian bán thải (t½) của Tocainide sẽ biến đổi như thế nào và tại sao?"
../raw_data/wavs/voice-1498.wav,"Sorafenib là chất ức chế multikinase, cơ chế ức chế trực tiếp lên các tyrosine kinase nào trong tế bào khối u và tế bào mạch máu?"
../raw_data/wavs/voice-1499.wav,"Tại sao chỉ định sử dụng Imipenem/Cilastatin cho những trường hợp nhiễm khuẩn kháng thuốc hoặc nhiễm khuẩn nặng cần kiểm soát nhanh, mà không được ưu tiên cho các nhiễm khuẩn nhẹ?"
../raw_data/wavs/voice-1500.wav,"Nếu quá liều dexbrompheniramine gây ra các đáp ứng tăng huyết áp và nhịp tim nhanh, cơ chế điều trị bằng oxy và dịch truyền tĩnh mạch có vai trò gì trong phác đồ xử trí?"
../raw_data/wavs/voice-1501.wav,Phụ nữ đang cho con bú có cần tăng cường liều Thiamine so với phụ nữ bình thường không?
../raw_data/wavs/voice-1502.wav,Phân tích mối liên hệ cơ chế hóa học giữa quá trình oxy hóa Benzyl alcohol thành axit benzoic và vai trò của nó trong sự thay thế bilirubin ở vị trí liên kết protein trong hội chứng thở ngáp cá?
../raw_data/wavs/voice-1503.wav,"Dựa trên cơ chế phát sinh độc tính thần kinh của quá liều ticarcillin, tại sao bệnh nhân bị suy giảm chức năng thận lại có nguy cơ cao hơn đối với các triệu chứng như co giật và tăng động so với bệnh nhân có chức năng thận bình thường?"
../raw_data/wavs/voice-1504.wav,"Trong liệu trình hóa trị cảm ứng kết hợp, tổng liều tích lũy của Cytarabine (AraC) tính theo mg/m2 trong 7 ngày điều trị đầu tiên là bao nhiêu?"
../raw_data/wavs/voice-1505.wav,Cilastatin chống chỉ định tuyệt đối ở những bệnh nhân có tiền sử?
../raw_data/wavs/voice-1506.wav,"So với erythromycin, Spiramycin thể hiện sự khác biệt nào trong ảnh hưởng đến hệ thống enzym Cytochrom P450 ở gan, và hệ quả lâm sàng nào điều này mang lại?"
../raw_data/wavs/voice-1507.wav,"Chỉ ra vai trò của các esterase trong máu và gan đối với quá trình thủy phân ester của hydrocortisone succinat và acetat để giải phóng hoạt chất tự do có hoạt tính dược lý, tại sao hydrocortisone succinat lại là lựa chọn ưu tiên trong tình huống cấp cứu?"
../raw_data/wavs/voice-1508.wav,Tại sao việc sử dụng dung dịch Natri Clorua 0.9% để rửa đường truyền IV sau khi truyền Quinupristin/Dalfopristin là không được phép?
../raw_data/wavs/voice-1509.wav,Tại sao nồng độ salicylate trong máu cần được theo dõi thường xuyên ở những bệnh nhân có chức năng thận suy giảm khi đang điều trị bằng choline magnesium trisalicylate?
../raw_data/wavs/voice-1510.wav,"Dựa trên dữ liệu dược động học, tại sao việc sử dụng tafluprost lại chống chỉ định hoặc cần các biện pháp tránh thai đầy đủ cho phụ nữ trong độ tuổi sinh sản, ngay cả khi chưa có thử nghiệm trực tiếp trên chế phẩm dùng cho người về hoạt tính tăng co bóp tử cung?"
../raw_data/wavs/voice-1511.wav,"Pivmecillinam được hấp thu và chuyển hóa thành mecillinam bởi các esterase không đặc hiệu, nhưng mecillinam thể hiện hoạt tính diệt khuẩn bằng cách nào đối với vi khuẩn?"
../raw_data/wavs/voice-1512.wav,Mirabegron là chất chủ vận chọn lọc thụ thể beta-3 adrenergic. Phản ứng sinh lý trực tiếp nào xảy ra tại cơ trơn bàng quang khi thụ thể này được kích thích để dẫn đến giảm triệu chứng tiểu gấp?
../raw_data/wavs/voice-1513.wav,"Dựa trên các nghiên cứu trong ống nghiệm, cơ chế nào giải thích cho khả năng glucosamine làm giảm quá trình viêm thông qua con đường NF-κB?"
../raw_data/wavs/voice-1514.wav,"Khi xử lý tình trạng quá liều amphetamine cấp tính, tại sao việc acid hóa nước tiểu để tăng bài tiết thuốc lại cần được cân nhắc thận trọng?"
../raw_data/wavs/voice-1515.wav,"Nếu một bệnh nhân không đáp ứng với liệu pháp giảm đau codeine, nhưng lại có biểu hiện ngộ độc opioid khi dùng liều thông thường, cần phải điều tra đặc điểm di truyền nào ở enzym CYP2D6 để giải thích nghịch lý dược lý này?"
../raw_data/wavs/voice-1516.wav,Thời gian bán thải (half-life) của Tolmetin ở nam giới khỏe mạnh xấp xỉ bao lâu?
../raw_data/wavs/voice-1517.wav,"Trong trường hợp người bệnh lỡ tiêm một liều Imipenem/Cilastatin nhưng nhận ra đã gần đến thời điểm tiêm liều kế tiếp, việc xử trí như thế nào để đảm bảo an toàn?"
../raw_data/wavs/voice-1518.wav,So sánh tính chất lý học giữa Potassium Laurate (muối kali) và hợp chất tương đồng là Sodium Laurate (muối natri) thì hình thái vật lý nào được ghi nhận cho Potassium Laurate?
../raw_data/wavs/voice-1519.wav,Tại sao Benzonatate có thể gây ra các tác dụng phụ về hành vi như ảo giác và rối loạn tâm thần?
../raw_data/wavs/voice-1520.wav,"Giả sử nếu nồng độ Potassium Laurate cao hơn mức cho phép trong công thức, những rủi ro nào về mặt lý hóa và sinh học có thể xảy ra?"
../raw_data/wavs/voice-1521.wav,Tại sao Somatostatin được chỉ định trong dự phòng biến chứng sau phẫu thuật tụy?
../raw_data/wavs/voice-1522.wav,Nguy cơ gây quái thai trong ống nghiệm ở loài gặm nhấm đã được ghi nhận khi sử dụng hoạt chất nào với liều lượng giả định cao?
../raw_data/wavs/voice-1523.wav,Cilastatin có tỷ lệ gắn kết protein huyết tương khoảng bao nhiêu phần trăm?
../raw_data/wavs/voice-1524.wav,"Vì sao dexbrompheniramine được chống chỉ định tuyệt đối ở bệnh nhân đang điều trị bằng thuốc ức chế MAO, và cơ chế dược lý tương tác làm tăng nguy cơ độc tính?"
../raw_data/wavs/voice-1525.wav,"Trong trường hợp bệnh nhân quên dùng một liều Acetazolamide, nguyên tắc xử trí nào là bắt buộc để đảm bảo an toàn dược lý?"
../raw_data/wavs/voice-1526.wav,"So với aspirin (acid acetylsalicylic), choline magnesium trisalicylate khác biệt về khả năng gây ức chế kết tập tiểu cầu như thế nào?"
../raw_data/wavs/voice-1527.wav,Tại sao tafluprost được chỉ định cho bệnh nhân tăng nhãn áp góc mở nhưng lại có rất ít kinh nghiệm lâm sàng trong điều trị tăng nhãn áp do tân mạch?
../raw_data/wavs/voice-1528.wav,"Trong thành phần dược lý của Troxerutin, hoạt chất chuyển hóa nào (ngoài Troxerutin nguyên bản) được xác định hiện diện trong máu ở cả hai dạng liên hợp glucuronid và dạng tự do, và đặc tính hóa học nào của phân tử flavonoid này cho phép nó tồn tại dưới nhiều dạng chuyển hóa như vậy trong huyết tương?"
../raw_data/wavs/voice-1529.wav,"So với các thuốc chẹn beta thế hệ 1 (ví dụ: propranolol), cơ chế nào khiến Pindolol có khả năng duy trì nhịp tim và sức co bóp cơ tim ở mức độ ít suy giảm hơn khi nghỉ ngơi, và đặc tính dược lý nào chịu trách nhiệm cho sự khác biệt này?"
../raw_data/wavs/voice-1530.wav,"Ngoài các phản ứng tại chỗ như đau hoặc nổi cục cứng khi tiêm, một số ít bệnh nhân còn gặp phải hiện tượng gì liên quan đến cảm giác thắt chặt ở cổ họng?"
../raw_data/wavs/voice-1531.wav,"Acetazolamide không bị chuyển hóa ở gan, vậy cơ chế thanh thải chủ yếu của thuốc qua thận phụ thuộc vào yếu tố thủy môi trường nào?"
../raw_data/wavs/voice-1532.wav,"Trong trường hợp phản ứng phản vệ do Nafcillin gây ra, các triệu chứng có thể xuất hiện trong khoảng thời gian bao lâu sau khi dùng thuốc, và những bất thường nào có thể xảy ra ở hệ tạo máu cần được chú ý?"
../raw_data/wavs/voice-1533.wav,Cơ chế dược lý phân tử nào của albendazole dẫn đến việc ức chế quá trình trùng hợp vi quản beta-tubulin trong tế bào ký sinh trùng?
../raw_data/wavs/voice-1534.wav,Cơ chế bệnh sinh nào gây ra tình trạng phình mạch và bóc tách động mạch khi dùng sorafenib?
../raw_data/wavs/voice-1535.wav,"Dựa trên quan hệ cấu trúc tương đồng với meperidine, cơ chế sinh học nào giải thích cho nguy cơ tăng huyết áp khi Diphenoxylate được dùng đồng thời với các thuốc ức chế MAO?"
../raw_data/wavs/voice-1536.wav,Hành động cụ thể nào cần thực hiện ngay lập tức khi bệnh nhân phát hiện đã quên uống một liều Oxomemazine và thời điểm đó đang ở rất gần liều kế tiếp?
../raw_data/wavs/voice-1537.wav,"Ngoài các chống chỉ định về nhóm tuổi và thai nghén, glucosamine được chống chỉ định tuyệt đối ở những bệnh nhân nào khác?"
../raw_data/wavs/voice-1538.wav,"Tại sao Acid Ascorbic (vitamin C) đường uống được đề xuất thay thế cho Acidification (Amoni Clorua) trong xử lý quá liều Phencyclidine, và cơ chế nào?"
../raw_data/wavs/voice-1539.wav,Tại sao bệnh nhân có tiền sử quá mẫn cảm với hợp chất benzimidazol lại bị chống chỉ định sử dụng albendazole?
../raw_data/wavs/voice-1540.wav,"Ngoài các phản ứng nghiêm trọng như viêm da tróc vảy, Tolmetin có khả năng gây ảnh hưởng gì trực tiếp lên hệ tạo máu?"
../raw_data/wavs/voice-1541.wav,"Trong bối cảnh quản lý quá liều Orlistat, giả định rằng các tác động toàn thân do ức chế lipase có thể hồi phục nhanh chóng được dựa trên dữ liệu dược động học nào?"
../raw_data/wavs/voice-1542.wav,Mirabegron có khả năng tương tác dược động học với thuốc ức chế CYP2D6 (như metoprolol). Cơ chế nào gây ra sự tương tác này và nó ảnh hưởng đến dược động học của thuốc ức chế CYP2D6 ra sao?
../raw_data/wavs/voice-1543.wav,"Dựa trên đặc tính tương kỵ thuốc, tại sao Filgrastim chống chỉ định việc pha lẫn với dung dịch muối, và cơ chế hóa học nào có thể dẫn đến hiện tượng tủa?"
../raw_data/wavs/voice-1544.wav,"Nếu bệnh nhân lỡ quên uống Perampanel trong bao lâu thì việc điều trị cần phải được khởi động lại theo liều khởi đầu khuyến cáo, trong điều kiện họ không dùng thuốc chống động kinh cảm ứng enzym chuyển hóa?"
../raw_data/wavs/voice-1545.wav,"Theoilik về dược động học, thể tích phân bố (Vd) của Clonixin là bao nhiêu và tỷ lệ liên kết của nó với protein huyết tương nằm trong khoảng bao nhiêu phần trăm?"
../raw_data/wavs/voice-1546.wav,"Trong bối cảnh ngộ độc carfentanil, tại sao naloxone được chọn làm chất đối kháng ưu tiên để đảo ngược tác dụng ức chế hô hấp, và cơ chế phân tử nào cho phép naloxone cạnh tranh và chiếm chỗ carfentanil trên thụ thể Mu-opioid?"
../raw_data/wavs/voice-1547.wav,Nồng độ yếu tố X huyết tương đỉnh trung bình đạt được sau khi tiêm tĩnh mạch liều đơn 25 IU/kg Coagulation factor X human là bao nhiêu?
../raw_data/wavs/voice-1548.wav,"Trong bối cảnh điều trị bằng eculizumab, các biến chứng hematologic đặc hiệu nào (ngoài tan máu) đã được quan sát thấy trong danh mục hiếm gặp?"
../raw_data/wavs/voice-1549.wav,"Trong các chỉ định điều trị tại chỗ, Petrolatum được phép sử dụng để bảo vệ những loại tổn thương da nào?"
../raw_data/wavs/voice-1550.wav,"Nếu bệnh nhân nhớ ra đã quên liều điều trị chấy bằng Benzyl alcohol lotion nhưng thời điểm đó đã sát với liều kế tiếp theo phác đồ 7 ngày, cơ chế dược lý nào biện minh cho việc không nên bù liều bằng cách gấp đôi liều lượng?"
../raw_data/wavs/voice-1551.wav,"Vì sao trẻ em dưới 30 tháng tuổi là đối tượng đặc biệt cần lưu ý khi sử dụng Cyclopentolate, và nhóm đối tượng này cần được giám sát trong bao lâu sau khi nhỏ thuốc?"
../raw_data/wavs/voice-1552.wav,"Trong trường hợp quá liều Tolmetin, bệnh nhân có thể xuất hiện các triệu chứng thần kinh cụ thể nào liên quan đến tình trạng tê hoặc ngứa ran?"
../raw_data/wavs/voice-1553.wav,"Diphenoxylate có cơ chế ức chế nhu động ruột tương tự morphin, vậy so với kháng sinh điều trị tiêu chảy du lịch (ví dụ: Fluoroquinolone), Diphenoxylate khác biệt căn bản nào về mục tiêu điều trị (triệu chứng vs diệt trừ mầm bệnh)?"
../raw_data/wavs/voice-1554.wav,Tại sao oxacillin lại là lựa chọn chỉ định ưu tiên so với các penicillin không bền vững trước enzym beta-lactamase trong điều trị nhiễm trùng da và mô mềm do Staphylococcus aureus sinh penicilinase?
../raw_data/wavs/voice-1555.wav,So sánh cơ chế sinh học phân tử của Benzocaine (thuốc gây tê nhóm ester) với Lidocaine (thuốc gây tê nhóm amid) trong việc ức chế kênh Natri (Na+) và giải thích tại sao thời gian tác dụng của chúng khác nhau?
../raw_data/wavs/voice-1556.wav,"Liệt kê các triệu chứng thần kinh cơ cụ thể có thể xuất hiện khi hội chứng serotonin xảy ra do lisdexamfetamine, và so sánh chúng với các tác dụng phụ cơ xương hiếm gặp khác (như tiêu cơ vân) được ghi nhận."
../raw_data/wavs/voice-1557.wav,Tương tác dược lý có thể xảy ra khi dùng đồng sunfat đồng thời với D-Penicillamine hoặc trientine dẫn đến hậu quả gì?
../raw_data/wavs/voice-1558.wav,"Cơ chế nào giải thích cho hiện tượng tăng độc tính tim mạch (rối loạn nhịp, block nhĩ - thất) khi procaine được dùng cho bệnh nhân đang điều trị bằng các thuốc kháng cholinesterase?"
../raw_data/wavs/voice-1559.wav,So sánh về tốc độ thải trừ của acid boric khi dùng qua đường uống trực tiếp so với việc bôi thuốc mỡ acid boric lên da?
../raw_data/wavs/voice-1560.wav,"Tình trạng suy hô hấp và nhịp tim chậm có thể xảy ra trong trường hợp quá liều zonisamide. Về mặt dược lý, cơ chế nào có thể lý giải cho các triệu chứng này?"
../raw_data/wavs/voice-1561.wav,"Dựa trên đặc điểm dược động học, tại sao Activated charcoal (Than hoạt) lại được chỉ định hiệu quả trong điều trị ngộ độc cấp tính nhưng không có giá trị đối với các trường hợp ngộ độc axit hoặc kiềm mạnh?"
../raw_data/wavs/voice-1562.wav,Việc bệnh nhân dùng quá liều Benzyl alcohol (≥ 99 mg/kg/ngày) dẫn đến xuất huyết nội sọ thông qua cơ chế sinh lý bệnh nào?
../raw_data/wavs/voice-1563.wav,"Dựa trên đặc điểm dược động học, cơ chế nào giải thích cho việc Cyclopentolate có tác dụng giãn đồng tử nhanh hơn nhưng thời gian tác dụng ngắn hơn so với Atropin?"
../raw_data/wavs/voice-1564.wav,"Việc sử dụng ranitidine đồng thời với các muối sắt sẽ dẫn đến hậu quả dược lý gì, và nguyên nhân do sự tương tác hóa học nào xảy ra trong môi trường acid dạ dày?"
../raw_data/wavs/voice-1565.wav,"Thời gian bán thải của alosetron là bao lâu, và sự thay đổi nồng độ thuốc trong máu ở người cao tuổi so với người trẻ tuổi là bao nhiêu phần trăm?"
../raw_data/wavs/voice-1566.wav,Atropine sulfate là thuốc gì và tại sao nó được chỉ định trong điều trị quá liều Penbutolol?
../raw_data/wavs/voice-1567.wav,"Dựa trên đặc điểm dược động học là methadone có tính ái lipid cao và phân bố rộng rãi vào các mô, cơ chế nào giải thích cho thời gian bán thải kéo dài (8 - 59 giờ) và nguy cơ tích lũy thuốc cao ở những bệnh nhân suy gan hoặc suy thận?"
../raw_data/wavs/voice-1568.wav,"Tại sao cần phải theo dõi chặt chẽ thời gian prothrombin khi chỉ định Nafcillin liều cao cho bệnh nhân đang sử dụng Warfarin, và cơ chế dược động học nào gây ra sự giảm tác dụng của Warfarin?"
../raw_data/wavs/voice-1569.wav,Axit latanoprost - dạng hoạt động của thuốc - được hình thành thông qua quá trình thủy phân bởi esterase ở những cơ quan nào?
../raw_data/wavs/voice-1570.wav,"Tại sao povidone-iodine lại bị chống chỉ định ở trẻ sơ sinh nhẹ cân (dưới 1500g) và trẻ em dưới 2 tuổi, liên quan đến nguy cơ suy giáp bẩm sinh?"
../raw_data/wavs/voice-1571.wav,Tại sao không có hướng dẫn cụ thể về việc xử lý liều đã quên cho Orlistat?
../raw_data/wavs/voice-1572.wav,"Phân tích sâu về độc tính trên tim mạch: Tại sao Mirabegron quá liều lại gây ra tình trạng tăng huyết áp nghiêm trọng và rối loạn nhịp tim, liên quan đến phổ chọn lọc thụ thể của nó như thế nào?"
../raw_data/wavs/voice-1573.wav,"Mặc dù Acetazolamide là thuốc lợi tiểuotic, tại sao nó vẫn được chỉ định để điều trị dự phòng và làm thuyên giảm các triệu chứng của chứng say núi (say độ cao)?"
../raw_data/wavs/voice-1574.wav,"Cơ chế sinh học nào biện minh cho việc tại sao việc đặt viên âm đạo povidone-iodine cần phải được làm ẩm trước khi sử dụng, và điều này ảnh hưởng như thế nào đến bản chất hóa học của sự khuếch tán thuốc?"
../raw_data/wavs/voice-1575.wav,"Khi xử lý Ammonium Polyacryloyldimethyl Taurate ở nồng độ cao để điều chế công thức, các biện pháp bảo hộ lao động nào là bắt buộc?"
../raw_data/wavs/voice-1576.wav,"Dựa trên đặc tính dược lý học, cơ chế nào khiến các chất chuyển hóa chính của Orlistat (chiếm khoảng 42% nồng độ huyết tương) được xem là không có vai trò quan trọng trong tác dụng ức chế men lipase?"
../raw_data/wavs/voice-1577.wav,"Theo các chỉ định liều dùng cho trẻ em, nếu bệnh nhân nhi phải tạm ngưng do độc tính, cần phải giảm bao nhiêu % liều duy trì so với phác đồ tấn công?"
../raw_data/wavs/voice-1578.wav,"Penbutolol được chỉ định điều trị tăng huyết áp ở liều khởi đầu bao nhiêu, và cần bao lâu để thấy hiệu quả đầy đủ?"
../raw_data/wavs/voice-1579.wav,Tỷ lệ hàm lượng thực tế của Quinupristin và Dalfopristin trong mỗi lọ đơn liều 500mg là bao nhiêu?
../raw_data/wavs/voice-1580.wav,Việc không được bôi Benzyl alcohol lotion vào âm đạo trong điều trị chấy có liên quan đến cơ chế hoạt động hô hấp của thuốc hay nguy cơ hấp thu toàn thân?
../raw_data/wavs/voice-1581.wav,"Phụ nữ đang cho con bú cần thận trọng như thế nào khi sử dụng albendazole, và tại sao?"
../raw_data/wavs/voice-1582.wav,"Tại sao Rotavirus lại được chỉ định dùng đường uống thay vì tiêm, và điều này ảnh hưởng như thế nào đến yêu cầu không trộn lẫn với các sản phẩm thuốc khác?"
../raw_data/wavs/voice-1583.wav,"Tại sao Orlistat được chỉ định chống chỉ định tuyệt đối ở phụ nữ đang cho con bú, trong khi các dữ liệu dược động học chỉ ra rằng lượng thuốc hấp thu vào máu là rất nhỏ?"
../raw_data/wavs/voice-1584.wav,"Tại sao Al2O3 có khả năng ứng dụng đa dạng trong các lĩnh vực hóa học, công nghiệp và thương mại như đã mô tả?"
../raw_data/wavs/voice-1585.wav,"Frovatriptan thể hiện tính chọn lọc cao đối với các thụ thể serotonin 5-HT1B/1D. Dựa trên các dữ liệu dược lực học, cơ chế tác dụng select này mang lại lợi ích gì đặc biệt trên hệ thống mạch máu so với các thuốc đồng nhóm khác?"
../raw_data/wavs/voice-1586.wav,Nêu các triệu chứng sinh lý điển hình khi người bệnh dùng Phencyclidine exceeds liều?
../raw_data/wavs/voice-1587.wav,"Theo văn bản, Lovastatin có khả năng xuyên qua hàng rào máu não hay không?"
../raw_data/wavs/voice-1588.wav,Vì sao cần cân nhắc sử dụng Misoprostol hoặc thuốc ức chế bơm proton (như Omeprazole) khi kê đơn Tolmetin cho bệnh nhân có tiền sử loét hệ tiêu hóa?
../raw_data/wavs/voice-1589.wav,Tại sao acid boric bị chống chỉ định dùng cho trẻ em dưới 2 tuổi?
../raw_data/wavs/voice-1590.wav,"Thời gian bán thải (half-life) của Mirabegron là khoảng 50 giờ. Dựa trên các thông số dược động học như sinh khả dụng và liên kết protein, cơ chế nào cho phép duy trì nồng độ ổn định trong huyết tương với liều dùng một lần mỗi ngày?"
../raw_data/wavs/voice-1591.wav,Cần thực hiện biện pháp can thiệp nào đối với đường truyền tĩnh mạch nếu bệnh nhân xuất hiện dấu hiệu kích ứng trung bình hoặc nặng khi truyền Quinupristin/Dalfopristin?
../raw_data/wavs/voice-1592.wav,"Nếu một liều Nafcillin bị quên dùng và bệnh nhân vẫn chưa đến thời điểm của liều kế tiếp theo lịch trình, bệnh nhân nên uống bù liều đã quên hay chờ đến liều kế tiếp?"
../raw_data/wavs/voice-1593.wav,Triệu chứng loạn nhịp tim và nhịp tim nhanh trong tình trạng quá liều Bupropion phát sinh từ cơ chế dược lý nào liên quan đến hệ thần kinh trung ương?
../raw_data/wavs/voice-1594.wav,"Theo hướng dẫn, các chế phẩm chiết xuất nhân sâm (extract) có phạm vi liều lượng khuyến cáo tối đa hàng ngày là bao nhiêu milligram?"
../raw_data/wavs/voice-1595.wav,"Dựa trên tiêu chí lâm sàng về thời gian và tiền sử bệnh, alosetron chỉ được chỉ định cho bệnh nhân hội chứng ruột kích thích type nào và những bất thường nào cần được loại trừ trước khi khởi trị?"
../raw_data/wavs/voice-1596.wav,"Hoạt chất Penbutolol có thể gây suy nhược cơ tim ở những bệnh nhân nào, và điều này có ý nghĩa gì trong quản lý lâm sàng?"
../raw_data/wavs/voice-1597.wav,Acetazolamide có cơ chế làm tăng độc tính của các glycosid digitalis như Digoxin bằng cách nào?
../raw_data/wavs/voice-1598.wav,"Nadolol là thuốc chẹn beta không chọn lọc, nhưng tại sao nó vẫn có hiệu quả trong việc giảm huyết áp?"
../raw_data/wavs/voice-1599.wav,"So với ticarcillin đơn thuần, ticarcillin phối hợp với acid clavulanic có phổ diệt khuẩn mở rộng đối với các chủng vi khuẩn tiết beta-lactamase như Staphylococci và Bacteroides spp. Nếu xét về khía cạnh cơ chế kháng thuốc, sự khác biệt này bắt nguồn từ đâu?"
../raw_data/wavs/voice-1600.wav,"Trong bối cảnh sử dụng Coagulation factor X human cho phụ nữ mang thai, yếu tố nào sau đây chi phối việc ra quyết định điều trị?"
../raw_data/wavs/voice-1601.wav,"Trong trường hợp quá liều Diphenoxylate, suy hô hấp có thể kéo dài đến 30 giờ và tái phát ngay cả khi đã dùng thuốc đối kháng opioid. Yếu tố dược động học nào giải thích cho hiện tượng này?"
../raw_data/wavs/voice-1602.wav,"Phân tích nguy cơ ức chế trục dưới đồi - tuyến yên - thượng thận ở thai nhi khi người mẹ sử dụng hydrocortisone liều cao kéo dài trong thai kỳ, so sánh với rủi ro cần thiết để kiểm soát cơn hen cấp tính ở người mang thai?"
../raw_data/wavs/voice-1603.wav,"Ngoài tình trạng test Coombs dương tính giả, methyldopa còn có khả năng gây ra bất thường gì khác liên quan đến hệ miễn dịch có nguy cơ dẫn đến tử vong?"
../raw_data/wavs/voice-1604.wav,So sánh hiệu quả trên lâm sàng khi Benzodiazepine được dùng để kiểm soát co giật so với Phenothiazin trong điều trị quá liều Phencyclidine?
../raw_data/wavs/voice-1605.wav,Tại sao bệnh nhân xơ gan cần được điều chỉnh liều albendazole cẩn thận và cần theo dõi những chỉ số nào?
../raw_data/wavs/voice-1606.wav,"Dựa trên các thử nghiệm lâm sàng trên người tình nguyện khỏe mạnh, việc bổ sung polysaccharide có tính axit (Ginsan) trong 14 tuần đã làm thay đổi gì về hoạt động thực bào của hồng cầu?"
../raw_data/wavs/voice-1607.wav,"Trong bối cảnh bệnh nhân bị u thực bào (pheochromocytoma), tại sao Pindolol phải được chỉ định kết hợp với thuốc chẹn alpha, và cơ chế điều hòa phản xạ giao cảm nào xảy ra nếu chỉ sử dụng duy nhất thuốc chẹn beta để tránh cơn tăng huyết áp kịch phát?"
../raw_data/wavs/voice-1608.wav,"Mirabegron được chuyển hóa ở gan bởi các enzym CYP3A4 và CYP2D6. Nếu một bệnh nhân đang dùng Mirabegron đồng thời với thuốc ức chế CYP3A4 mạnh, thay đổi nào sẽ xảy ra với AUC (diện tích dưới đường cong nồng độ - thời gian) của Mirabegron?"
../raw_data/wavs/voice-1609.wav,Việc sử dụng đồng thời Acetazolamide với Methenamin có thể dẫn đến hậu quả gì và tại sao?
../raw_data/wavs/voice-1610.wav,"Nếu một liều choline magnesium trisalicylate bị quên dùng và thời gian gần đến liều tiếp theo, bệnh nhân nên tuân thủ quy tắc nào để tránh rủi ro quá liều?"
../raw_data/wavs/voice-1611.wav,"Bản thân Ammonium Polyacryloyldimethyl Taurate là một muối amoni được polyme hóa, nhưng nó hoạt động như một chất gì trong công thức mỹ phẩm?"
../raw_data/wavs/voice-1612.wav,"Trong bối cảnh lâm sàng quên liều Tinidazol, tại sao lại có chỉ định 'không uống gấp đôi liều đã quy định' và cần tuân thủ khoảng cách tối thiểu bao nhiêu giờ trước khi uống liền kế tiếp?"
../raw_data/wavs/voice-1613.wav,"Mặc dù Orlistat có độ hấp thu toàn thân cực thấp (<5 ng/ml sau 8 giờ), nhưng tại sao bệnh nhân vẫn cần được theo dõi trong 24 giờ nếu chẳng may uống quá liều?"
../raw_data/wavs/voice-1614.wav,Cơ chế phân tử nào giải thích cho tương tác dược lý giữa eculizumab và globulin miễn dịch qua đường tiêm tĩnh mạch (IVIG) dẫn đến sự thay đổi nồng độ thuốc trong huyết thanh của bệnh nhân?
../raw_data/wavs/voice-1615.wav,"Đối với trẻ em dưới 12 tuổi, tổng liều tích lũy tối đa hàng ngày của methyldopa không được vượt quá giới hạn nào được liệt kê trong tài liệu tham khảo?"
../raw_data/wavs/voice-1616.wav,"Nếu bệnh nhân bỏ lỡ một liều Clonixin và thời gian nhớ ra chỉ còn cách liều tiếp theo 1 tiếng, bệnh nhân nên làm gì theo nguyên tắc dược lý?"
../raw_data/wavs/voice-1617.wav,"Nếu một bệnh nhân nhi có dấu hiệu quá liều Cyclopentolate bao gồm mê sảng và nhịp tim nhanh, cơ chế nào gây ra tình trạng tăng huyết áp thứ phát và phương pháp điều trị cấp cứu ban đầu là gì?"
../raw_data/wavs/voice-1618.wav,"Nếu một bệnh nhân có làn da nhạy cảm bị kích ứng sau khi thoa Troxerutin gel, từ những mô tả về phản ứng dị ứng trong văn bản, liều lượng và tần suất sử dụng gel cần được điều chỉnh như thế nào, và việc sử dụng thuốc trên niêm mạc hoặc vùng da loét có thể gây ra hậu quả gì?"
../raw_data/wavs/voice-1619.wav,"Trong bối cảnh tương tác thuốc, cơ chế nào gây ra sự gia tăng 33% AUC ở trạng thái ổn định của zidovudine khi dùng đồng thời với atovaquone?"
../raw_data/wavs/voice-1620.wav,"Trong phẫu thuật nhãn khoa, Carbamoylcholine có thể được sử dụng thay thế cho Pilocarpine khi nào?"
../raw_data/wavs/voice-1621.wav,"Dựa trên dữ liệu dược lý học động vật, nguy cơ nào đối với thai nhi được ghi nhận khi phơi nhiễm daclizumab vượt quá 30 lần nồng độ đạt được ở liều điều trị trên người?"
../raw_data/wavs/voice-1622.wav,"So với methylphenidate, tại sao lisdexamfetamine lại có khả năng lạm dụng cao hơn và được phân loại là chất kiểm soát?"
../raw_data/wavs/voice-1623.wav,Tại sao tafluprost được chỉ định hạ nhãn áp cho người lớn nhưng không khuyến cáo cho trẻ em dưới 18 tuổi?
../raw_data/wavs/voice-1624.wav,"Theo nguyên tắc dược lý, tại sao việc bù liều cho một liều thuốc ranitidine đã bị quên bằng cách uống gấp đôi liều quy định (double dose) lại được chống chỉ định quyết liệt?"
../raw_data/wavs/voice-1625.wav,"Nếu bệnh nhân dung nạp được liều 0,5 mg x 2 lần/ngày nhưng triệu chứng không đủ kiểm soát sau 4 tuần, phác đồ tăng liều alosetron tối ưu là gì?"
../raw_data/wavs/voice-1626.wav,"Phụ nữ mang thai nếu không thể ngưng điều trị bằng rivaroxaban cần được chuyển sang loại thuốc chống đông nào để đảm bảo an toàn cho thai kỳ, và tại sao?"
../raw_data/wavs/voice-1627.wav,"Thời gian bán thải phân bố và bán thải thải trừ của Amifostine trong huyết tương là bao lâu, và tại sao nồng độ chất chuyển hóa thiol tự do vẫn có thể được phát hiện trong tế bào tủy xương?"
../raw_data/wavs/voice-1628.wav,"Trong vòng 24 giờ sau khi uống liều 500mg, Clonixin được bài tiết qua nước tiểu chủ yếu ở dạng nào?"
../raw_data/wavs/voice-1629.wav,"Việc sử dụng St. John's Wort dẫn đến sự gia tăng enzym nào trong gan gây ra tương tác với Norgestimate, và quá trình sinh học cụ thể nào của hoạt chất này bị ảnh hưởng?"
../raw_data/wavs/voice-1630.wav,"Giảm bạch cầu hạt là một phản ứng phụ hiếm gặp của ranitidine. Dựa trên đặc điểm phổ biến của các thuốc đối kháng H2, cơ chế gây độc tủy ít gặp này thường xảy ra do cơ chế nào?"
../raw_data/wavs/voice-1631.wav,Hai isoenzyme CYP450 nào tham gia chính vào quá trình chuyển hóa alosetron và đặc điểm hoạt tính sinh học của các chất chuyển hóa này là gì?
../raw_data/wavs/voice-1632.wav,"Dựa trên các báo cáo về nguy cơ trên thai nhi, molindone hydrochloride có được phép sử dụng cho phụ nữ mang thai không và điều kiện tiên quyết là gì?"
../raw_data/wavs/voice-1633.wav,Perampanel không phải là chất nền hay chất ức chế đáng kể đối với các chất vận chuyển nào trong hệ thống vận chuyển thuốc? (Liệt kê các tên hệ vận chuyển được đề cập)
../raw_data/wavs/voice-1634.wav,"Theo phân loại dược lực học, nabilone thuộc nhóm thuốc nào và cơ chế dược lý chính để đạt được chỉ định chống nôn là gì?"
../raw_data/wavs/voice-1635.wav,"Trong phác đồ điều trị vô kinh dưới đồi nguyên phát bằng Gonadorelin Acetat, cơ chế bơm theo nhịp (pulsatile) với chu kỳ 90 phút có ý nghĩa gì đối với tính sinh lý và hiệu quả lâm sàng so với việc tiêm liều đơn?"
../raw_data/wavs/voice-1636.wav,Tại sao Orlistat được chỉ định cho bệnh nhân có chỉ số BMI ≥ 28 kg/m² kèm theo các yếu tố nguy cơ như tăng huyết áp hay đái tháo đường?
../raw_data/wavs/voice-1637.wav,"Tại sao việc sử dụng đồng thời Pindolol với Verapamil (dạng tiêm tĩnh mạch) lại bị chống chỉ định tuyệt đối dẫn đến hạ huyết áp nghiêm trọng và block nhĩ thất, trong khi Pindolol lại có thể kết hợp với chẹn canxi loại dihydropyridin? Hãy phân tích sự khác biệt cơ chế tác động lên hệ dẫn truyền nhĩ thất và sức co bóp cơ tim giữa các thuốc này."
../raw_data/wavs/voice-1638.wav,Tại sao Penbutolol bị chống chỉ định tuyệt đối ở bệnh nhân bị block nhĩ thất độ 2 hoặc độ 3?
../raw_data/wavs/voice-1639.wav,"Dựa trên đặc điểm dược động học, tại sao Diosmin lại có khả dụng sinh học rất khác nhau giữa các cá thể?"
../raw_data/wavs/voice-1640.wav,"Perampanel là chất đối kháng không cạnh tranh (non-competitive antagonist) ở thụ thể nào cụ thể trong hệ thần kinh trung ương, và cơ chế ức chế này ngăn cản sự hình thành tín hiệu kích thích bằng cách nào?"
../raw_data/wavs/voice-1641.wav,Prasterone khác biệt với estrogen đặt âm đạo như thế nào về nguy cơ cần bổ sung progestogen?
../raw_data/wavs/voice-1642.wav,Thời gian bán thải của Lovastatin và chất chuyển hóa hydroxy của nó là bao lâu?
../raw_data/wavs/voice-1643.wav,"Trong bối cảnh tương tác xét nghiệm, Gadoversetamide gây nhiễu đối với phương pháp đo nồng độ Canxi huyết thanh nào cụ thể, và cơ chế gây sai số (thấp hơn thực tế) là do đâu?"
../raw_data/wavs/voice-1644.wav,"Ngoài việc tránh nhai hoặc nghiền nát viên nén phóng thích kéo dài, bệnh nhân cần tuân thủ thể tích chất lỏng nào khi uống để đảm bảo giải phóng thuốc đúng?"
../raw_data/wavs/voice-1645.wav,"So với estradiol tự do, cơ chế dược động học của Estradiol valerate đường tiêm bắp trong dung dịch dầu khác biệt như thế nào nhằm kéo dài thời gian bán thải?"
../raw_data/wavs/voice-1646.wav,"Tại sao Gliclazide lại được xem là bất lợi trong điều trị cho bệnh nhi mắc đái tháo đường type 2, và những dữ liệu lâm sàng nào từ văn bản chỉ ra rằng thuốc này không nên được kê đơn cho đối tượng này?"
../raw_data/wavs/voice-1647.wav,"Ngoài các phản ứng dị ứng như phát ban hay sốc phản vệ, tác dụng phụ kích ứng tại chỗ nào khác có thể xảy ra khi bôi hoặc ngậm Benzoin?"
../raw_data/wavs/voice-1648.wav,"Các tác dụng phụ thường gặp như buồn nôn, khô miệng và tăng mồ hôi khi dùng Duloxetine thường xảy ra trong giai đoạn nào của điều trị và cơ chế sinh học nào gây ra chúng?"
../raw_data/wavs/voice-1649.wav,"Để đảm bảo an toàn và hiệu quả cầm máu trong phẫu thuật lớn, bệnh nhân cần được kiểm soát nồng độ yếu tố X huyết tương tối thiểu ở ngưỡng nào sau khi truyền Coagulation factor X human?"
../raw_data/wavs/voice-1650.wav,Tại sao Pyrazinamide lại có hiệu quả đặc biệt cao đối với các vi khuẩn Mycobacterium tuberculosis đang trú ngụ trong môi trường nội bào acid của đại thực bào?
../raw_data/wavs/voice-1651.wav,Quy trình điều chỉnh liều Filgrastim dựa trên số lượng bạch cầu hạt trung tính quy định ngưỡng cụ thể nào để cần phải ngừng thuốc hoàn toàn?
../raw_data/wavs/voice-1652.wav,Gliclazide có khả năng phục hồi đỉnh tiết insulin sớm trong pha 2 của đáp ứng với glucose; cơ chế hoạt động này tác động lên tế bào beta nào trong tuyến tụy và thuốc chỉ có hiệu quả khi điều kiện sinh lý nào được thỏa mãn?
../raw_data/wavs/voice-1653.wav,"Đối với trẻ em từ 2 tuổi trở lên khi sử dụng dạng chất lỏng cồn - benzoin, tần suất bôi thuốc tối đa được phép là bao nhiêu và cần theo dõi giám sát những gì?"
../raw_data/wavs/voice-1654.wav,"Trong bối cảnh mỹ phẩm, Sodium Cetearyl Sulfate là muối natri của hỗn hợp cetyl sulfate và stearyl sulfate. Vậy 'cetyl' và 'stearyl' trong tên gọi này ám chỉ đặc điểm cấu trúc carbon nào?"
../raw_data/wavs/voice-1655.wav,"Ngoài các phản ứng dị ứng như viêm da eczema và phù mạch, Troxerutin còn gây ra tác dụng phụ nào liên quan đến hệ tiêu hóa khi dùng trong bữa ăn, và tần suất của tác dụng phụ này được ghi nhận như thế nào?"
../raw_data/wavs/voice-1656.wav,Những chỉ số xét nghiệm chức năng gan nào (ví dụ: nồng độ enzym hoặc bilirubin) cần được Hội Lồng ngực Anh khuyến cáo tạm ngừng sử dụng Pyrazinamide?
../raw_data/wavs/voice-1657.wav,"Tại sao Diphenoxylate được xếp vào loại thuốc không an toàn cho bệnh nhân cao tuổi (>65 tuổi) ngay cả khi không có chẩn đoán cụ thể, và đặc tính dược lý kháng cholinergic nào là nguyên nhân chính?"
../raw_data/wavs/voice-1658.wav,"Đối với bệnh nhân đang sử dụng corticosteroid toàn thân chuyển sang dùng Mometasone furoate xịt qua miệng, tốc độ giảm liều prednisone (hoặc tương đương) tối đa cho phép mỗi tuần là bao nhiêu để tránh suy tuyến thượng thận?"
../raw_data/wavs/voice-1659.wav,"Ngoiài các trường hợp mẫn cảm với Acyclovir, tại sao việc sử dụng thuốc này lại được xem là chống chỉ định tương đối (hoặc cần thận trọng đặc biệt) đối với các chế phẩm máu và dung dịch chứa protein tĩnh mạch?"
../raw_data/wavs/voice-1660.wav,"Để tối ưu hóa hiệu quả điều trị trên bệnh nhân viêm mống mắt sẫm màu, quy trình dùng thuốc Cyclopentolate bao gồm những bước nào để ngăn chặn hấp thu hệ thống (first-pass effect) và liều lượng tối đa cho phép?"
../raw_data/wavs/voice-1661.wav,"Theo đặc điểm dược động học, Lutropin alfa sau khi tiêm tĩnh mạch có thể tích phân bố ở trạng thái ổn định (Vdss) nằm trong khoảng giá trị nào?"
../raw_data/wavs/voice-1662.wav,"So với các phác đồ không có Pyrazinamide, lợi thế nào của Pyrazinamide trong điều trị viêm màng não do lao được giải thích bằng khả năng phân bố đặc hiệu vào dịch não tủy?"
../raw_data/wavs/voice-1663.wav,"Trong danh sách tác dụng phụ, đau cơ và xương là hiện tượng rất thường gặp khi dùng Filgrastim; hiện tượng này có đặc điểm gì về sự phụ thuộc vào liều lượng?"
../raw_data/wavs/voice-1664.wav,"Nếu một bệnh nhân lỡ quên uống liều Gliclazide phóng thích có kiểm soát và nhận ra ngay khi sắp đến giờ uống liều kế tiếp, tại sao việc uống bù liều đã quên lại không được khuyến khích mà phải bỏ qua liều đó?"
../raw_data/wavs/voice-1665.wav,Vì sao việc tiêm Cefazolin vào dịch não tủy lại chưa được chấp nhận và cơ chế gây độc thần kinh trung ương (co giật) ở bệnh nhân suy thận được giải thích như thế nào?
../raw_data/wavs/voice-1666.wav,Vì sao phải giảm liều desipramine khi dùng đồng thời với Bupropion?
../raw_data/wavs/voice-1667.wav,"Trong điều trị loét tá tràng cho trẻ em từ 3-12 tuổi, ranitidine có thể được tăng liều tối đa lên bao nhiêu mg/kg mỗi ngày (chia làm 2 lần) trong trường hợp bệnh nặng, và cần theo dõi chỉ số cận lâm sàng nào liên quan đến suy thận?"
../raw_data/wavs/voice-1668.wav,Quy tắc xử trí khi bệnh nhân quên uống một liều rivaroxaban là gì?
../raw_data/wavs/voice-1669.wav,"Nếu bệnh nhân bỏ lỡ hai hoặc nhiều liều liên tiếp Saquinavir, tại sao thay vì bắt đầu lại ngay lập tức, việc đánh giá lại dựa trên khả dung nạp của bệnh nhân lại là bước cần thiết trước khi điều chỉnh phác đồ?"
../raw_data/wavs/voice-1670.wav,Điều kiện nào sau đây KHÔNG phải là chống chỉ định tuyệt đối đối với việc sử dụng Quinupristin/Dalfopristin?
../raw_data/wavs/voice-1671.wav,"Do prasterone được chuyển hóa thành estrogen, tại sao vẫn cần phải theo dõi sát sao nguy cơ tăng sản nội mạc tử cung?"
../raw_data/wavs/voice-1672.wav,Bupropion ít gây tác dụng phụ về mặt tình dục hơn các thuốc ức chế tái hấp thu serotonin vì cơ chế dược lý nào?
../raw_data/wavs/voice-1673.wav,"Dựa trên đặc điểm dược lý, cơ chế ức chế giải phóng histamine và các chất trung gian gây viêm của Nedocromil tác động lên tế bào nào cụ thể?"
../raw_data/wavs/voice-1674.wav,Eculizumab là một kháng thể đơn dòng được sản xuất trong tế bào nào và tinh chế bằng những phương pháp nào?
../raw_data/wavs/voice-1675.wav,"Tương tác giữa Micafungin và Amphotericin B deoxycholate làm tăng 30% phơi nhiễm Amphotericin B, và bệnh nhân cần được theo dõi độc tính nào đặc biệt khi kết hợp hai thuốc này?"
../raw_data/wavs/voice-1676.wav,"Nếu một bệnh nhân không thể tiêm liều daclizumab đã định lịch, họ nên tuân thủ hướng dẫn xử trí nào để đảm bảo an toàn và duy trì hiệu quả điều trị?"
../raw_data/wavs/voice-1677.wav,"Ngoài các tác dụng phụ thường gặp như hạ huyết áp tư thế và nhịp tim nhanh, Phenoxybenzamine có thể gây ra những rối loạn gì ở hệ thần kinh trung ương và hệ tiêu hóa? Liệt kê các biểu hiện thuộc nhóm tác dụng phụ ít gặp và hiếm gặp liên quan đến các hệ cơ quan này."
../raw_data/wavs/voice-1678.wav,Thể tích phân bố (Vd) của axit latanoprost được ghi nhận là bao nhiêu lít trên kilogram khi người lớn tuổi sử dụng thuốc nhỏ mắt?
../raw_data/wavs/voice-1679.wav,Tại sao việc sử dụng rosuvastatin đồng thời với các thuốc kháng acid chứa nhôm và magie hydroxit lại làm giảm nồng độ trong huyết tương của rosuvastatin?
../raw_data/wavs/voice-1680.wav,"So với Pilocarpine, Carbamoylcholine được ưu tiên sử dụng trong trường hợp nào về độ nhạy cảm của bệnh nhân?"
../raw_data/wavs/voice-1681.wav,"Nếu bệnh nhân bỏ lỡ một liều Saquinavir, tại sao hướng dẫn lại cho phép tiếp tục liều lượng đã được chỉ định vào ngày hôm sau thay vì bù liều ngay lập tức?"
../raw_data/wavs/voice-1682.wav,"Việc sử dụng Mometasone furoate trên thai phụ có kiểm chứng tốt (RCT) được mô tả như thế nào trong văn bản, và tiêu chí 'lợi ích biện minh cho nguy cơ' được áp dụng trong bối cảnh nào?"
../raw_data/wavs/voice-1683.wav,Vì sao Clonixin cần được chỉ định đồng thời với các kháng sinh phù hợp khi điều trị nhiễm trùng thay vì dùng đơn độc?
../raw_data/wavs/voice-1684.wav,Phân loại dược lý chính xác nhất cho Bupropion là gì khi so sánh với các thuốc ức chế monoamine oxidase (MAOI)?
../raw_data/wavs/voice-1685.wav,"Về mặt lâm sàng, Teniposide được chỉ định điều trị đơn hoặc kết hợp cho những loại ung thư nào?"
../raw_data/wavs/voice-1686.wav,"Molindone hydrochloride được chỉ định trong bệnh lý tâm thần phân liệt, nhưng tại sao thuốc này lại được sử dụng trong một khoảng liều lượng dao động rộng (ví dụ: từ 5 mg đến 225 mg/ngày)?"
../raw_data/wavs/voice-1687.wav,"Theo thông tin dược lý, pilocarpine hydrocloride đường uống có thể thải trừ qua nước tiểu dưới những dạng chuyển hóa nào và tỷ lệ phần trăm tương ứng?"
../raw_data/wavs/voice-1688.wav,"Trong thời kỳ mang thai, Acetazolamide bị chống chỉ định vì lý do nào?"
../raw_data/wavs/voice-1689.wav,"Trong bối cảnh ứng dụng thực tế, Potassium Laurate có ưu điểm gì vượt trội hơn so với các chất hoạt động bề mặt thông thường khác trong việc tạo điều kiện cho nước tương tác với dầu và bụi bẩn?"
../raw_data/wavs/voice-1690.wav,"Nếu bệnh nhân quên uống một liều Duloxetine, cần phải tuân thủ quy tắc nào về thời điểm uống bù để tránh nguy cơ quá liều khi liều kế tiếp đã gần kề?"
../raw_data/wavs/voice-1691.wav,"Việc sử dụng Troxerutin ở phụ nữ mang thai được xếp vào loại nào về mức độ an toàn dựa trên dữ liệu lâm sàng có sẵn, và đặc tính hoạt động nào của Heptaminol (nếu có trong chế phẩm) là cơ sở để khuyến cáo không sử dụng trong thai kỳ?"
../raw_data/wavs/voice-1692.wav,Cơ chế nào giải thích cho sự gia tăng nồng độ rivaroxaban trong huyết tương khi dùng đồng thời với thuốc ức chế CYP3A4 và P-gp như ketoconazole?
../raw_data/wavs/voice-1693.wav,Thời gian cách ly tối thiểu giữa hai lần uống Orlistat và Levothyroxin để tránh nguy cơ làm giảm tác dụng của thuốc tuyến giáp là bao lâu?
../raw_data/wavs/voice-1694.wav,So sánh về hiệu quả điều trị và chỉ định dự phòng giữa liều 100 microgam Mometasone furoate xịt vào mũi (2 lần/lỗ mũi) với liều 200 microgam (2 lần/lỗ mũi) trong điều trị viêm mũi dị ứng theo mùa?
../raw_data/wavs/voice-1695.wav,"Mặc dù nabilone là một chất đối kháng thụ thể cannabinoid, cơ chế dược lý chính xác của nó trong việc kiểm soát buồn nôn và nôn liên quan đến hóa trị liệu là gì, và nó có mối liên hệ thế nào với các hệ thống thụ thể CB1 và CB2?"
../raw_data/wavs/voice-1696.wav,"Theo bài viết, chỉ số sinh khả dụng tuyệt đối (absolute bioavailability) của Lovastatin là bao nhiêu phần trăm?"
../raw_data/wavs/voice-1697.wav,"Tại sao Saquinavir mesylate cần được quản lý cẩn thận ở những bệnh nhân bị tăng glucose huyết hoặc đái tháo đường, và cơ chế nào dẫn đến việc làm nặng lên tình trạng này?"
../raw_data/wavs/voice-1698.wav,Điểm khác biệt về cơ chế dược lý giữa rivaroxaban và heparin không phân đoạn (UFH) trong việc ngăn ngừa huyết khối?
../raw_data/wavs/voice-1699.wav,"Tetracain bị thủy phân thành hoạt chất gì, và thành phần chuyển hóa này có vai trò nào trong sự đối kháng tác dụng dược lý khi bệnh nhân đang dùng sulfonamid?"
../raw_data/wavs/voice-1700.wav,"Trong dược lý thai kỳ, Perampanel có khả năng gây dị tật bẩm sinh hay không, và cơ chế nào khiến nó chỉ được cân nhắc khi lợi ích điều trị vượt trội nguy cơ tiềm ẩn?"
../raw_data/wavs/voice-1701.wav,"Nabilone được chỉ định điều trị buồn nôn và nôn do hóa trị. Tuy nhiên, thuốc có chống chỉ định tuyệt đối ở những bệnh nhân có đặc điểm cơ thể sinh hóa nào liên quan đến chuyển hóa thuốc?"
../raw_data/wavs/voice-1702.wav,Insulin Glulisine cần được tiêm trong khoảng thời gian bao nhiêu phút trước hoặc sau bữa ăn để đảm bảo hiệu quả kiểm soát đường huyết tối ưu?
../raw_data/wavs/voice-1703.wav,Tốc độ thanh thải (clearance) của Lutropin alfa sau khi tiêm tĩnh mạch được ghi nhận là bao nhiêu và có bao nhiêu phần trăm liều dùng được bài tiết nguyên trạng qua đường tiểu?
../raw_data/wavs/voice-1704.wav,Sự khác biệt sinh học nào giữa isosorbide mononitrate và isosorbide dinitrate liên quan đến chuyển hóa lần đầu tại gan?
../raw_data/wavs/voice-1705.wav,"Vì các corticosteroid khác đã biết là bài tiết qua sữa mẹ, tại sao tài liệu lại chỉ định 'không biết Mometasone furoate có bài tiết trong sữa người hay không' và điều này dẫn đến khuyến cáo sử dụng như thế nào?"
../raw_data/wavs/voice-1706.wav,"Cơ chế chuyển hóa sinh học nào khiến Liều cao Axit Folic có thể thoát khỏi chuyển hóa ở gan và xuất hiện chủ yếu dưới dạng nguyên chất trong máu, khác biệt với cơ chế của liều lượng sinh lý?"
../raw_data/wavs/voice-1707.wav,"Trong bối cảnh trao đổi thông tin với bệnh nhân, nếu một liều Diosmin bị quên trong phác đồ điều trị suy tĩnh mạch mãn tính 1000 mg/ngày, việc xử trí theo quy trình chuẩn có tính đến thời gian bán thải thuốc là 31,5 ± 8,6 giờ?"
../raw_data/wavs/voice-1708.wav,"Thời gian bán thải ở trạng thái ổn định (steady-state) của norgestrel kéo dài nhất trong số các thành phần hoạt chất của thuốc, với giá trị bao nhiêu giờ?"
../raw_data/wavs/voice-1709.wav,"Trong cơ chế chống lại virus rhinovirus, Zinc gluconate can thiệp cụ thể vào giai đoạn nào của quá trình nhiễm trùng: là giai đoạn virus xâm nhập tế bào chủ (attachment) hay giai đoạn giải phóng ARN virus (uncoating), dựa trên mô tả 'cản trở sự phân tách hoặc kết dính'?"
../raw_data/wavs/voice-1710.wav,"Sau khi uống, Mirabegron mất bao lâu để đạt nồng độ đỉnh trong huyết tương (Tmax), và thông số này có ý nghĩa gì trong việc hướng dẫn bệnh nhân về thời gian phát huy tác dụng lâm sàng ban đầu?"
../raw_data/wavs/voice-1711.wav,"Nếu so sánh với eluxadoline, nguy cơ lâm sàng nào phát sinh khi sử dụng đồng thời alosetron với các thuốc tác động lên hệ serotonin khác?"
../raw_data/wavs/voice-1712.wav,So sánh sự khác biệt về thời gian bán thải (thời gian loại trừ 50%) của Iloperidone ở bệnh nhân mang gen CYP2D6 chuyển hóa nhiều so với bệnh nhân mang gen CYP2D6 chuyển hóa kém?
../raw_data/wavs/voice-1713.wav,Khi nào cơ chế điều hòa sinh trưởng tại hệ trục HPA ở trẻ em bị ảnh hưởng nghiêm trọng nhất khi dùng Amcinonide?
../raw_data/wavs/voice-1714.wav,"Ngoài chỉ định trầm cảm, Duloxetine có hiệu quả điều trị đặc biệt trên những loại đau mạn tính nào và cơ chế dược lý nào giải thích cho hiệu quả giảm đau thần kinh này?"
../raw_data/wavs/voice-1715.wav,"Nếu một bệnh nhân đang sử dụng thuốc ức chế CYP3A chứa cobicistat, tại sao việc phối hợp với Cinchocaine lại làm tăng nguy cơ tác dụng phụ toàn thân?"
../raw_data/wavs/voice-1716.wav,"Oxomemazine là dẫn xuất phenothiazine, vậy trong cấu trúc hóa học của nó, vòng tricyclic nào là nền tảng cho hoạt tính dược lý?"
../raw_data/wavs/voice-1717.wav,"So sánh hiệu quả sinh khả dụng của kẽm gluconat khi dùng trong trạng thái bụng đói hoàn toàn so với dùng cùng chế độ ăn giàu chất xơ và phylat (như cám, ngũ cốc nguyên hạt) về khía cạnh tốc độ và mức độ hấp thu tại tá tràng?"
../raw_data/wavs/voice-1718.wav,"Theo các hướng dẫn dược lý, Activated charcoal chống chỉ định tuyệt đối trong những trường hợp nào liên quan đến tổn thương cấu trúc đường tiêu hóa?"
../raw_data/wavs/voice-1719.wav,"Thời gian bao lâu kể từ khi bắt đầu điều trị Axit Folic thì người bệnh có thể quan sát thấy sự tăng hồng cầu lưới, và cơ chế nào giải thích cho sự đáp ứng này?"
../raw_data/wavs/voice-1720.wav,Tại sao Latanoprost chống chỉ định việc sử dụng đồng thời với các chế phẩm chứa thimerosal?
../raw_data/wavs/voice-1721.wav,"Trong phẫu thuật lấy thai bằng phương pháp sinh mổ, bảng liều lượng chỉ định nồng độ và thể tích cụ thể nào của Ropivacaine được khuyến nghị, và tổng liều (mg) tối đa tương ứng nằm trong khoảng bao nhiêu?"
../raw_data/wavs/voice-1722.wav,Carbamoylcholine làm giảm áp lực nội nhãn bằng cách tác động lên hệ thống thoát thủy dịch; cơ chế cụ thể của quá trình này liên quan đến sự co thắt của cơ thể mi và sự thay đổi nào ở cấu trúc mắt?
../raw_data/wavs/voice-1723.wav,"Thức ăn có ảnh hưởng thế nào đến sinh khả dụng của alosetron, và bệnh nhân nên tuân thủ hướng dẫn dùng thuốc như thế nào để tối ưu hóa hiệu quả hấp thu?"
../raw_data/wavs/voice-1724.wav,Cơ chế dược lý của Iloperidone trong điều trị tâm thần phân liệt được cho là kết quả của hoạt tính đối kháng thụ thể nào?
../raw_data/wavs/voice-1725.wav,"Dựa trên các triệu chứng thần kinh như lú lẫn, ảo giác và hôn mê được ghi nhận trong tình trạng quá liều Acyclovir, cơ chế sinh bệnh nào có thể giải thích cho những biểu hiện này và tại sao nhóm bệnh nhân suy thận lại có nguy cơ cao hơn?"
../raw_data/wavs/voice-1726.wav,"Trong trường hợp bệnh nhân phải dùng nhiều loại thuốc nhỏ mắt tại chỗ, tại sao Latanoprost lại yêu cầu khoảng cách thời gian dùng thuốc ít nhất 5 phút so với các chế phẩm chứa thimerosal?"
../raw_data/wavs/voice-1727.wav,"Trong quá trình chuyển hóa Ropivacaine, chất chuyển hóa chính nào được tạo ra và chiếm tỷ lệ bao nhiêu phần trăm liều dùng được thải trừ qua nước tiểu dưới dạng này?"
../raw_data/wavs/voice-1728.wav,"Khi xảy ra quá liều Carbamoylcholine với các triệu chứng giống như ức chế men cholinesterase, tại sao Atropine sulfat lại là thuốc đối kháng được chọn lựa, và liều lượng tiêm cơ hoặc dưới da được khuyến cáo ban đầu là bao nhiêu?"
../raw_data/wavs/voice-1729.wav,Vì sao không nên chỉ định tetracain cho các thủ thuật nội soi phế quản hoặc bàng quang?
../raw_data/wavs/voice-1730.wav,Khác biệt về hiệu lực giảm đau giữa Carfentanil và Morphine được ghi nhận như thế nào trong văn bản?
../raw_data/wavs/voice-1731.wav,"Cơ chế nào giải thích cho việc tafluprost có ái lực thấp với sắc tố melanin ở thể mi và màng mạch (kể cả biểu mô sắc tố võng mạc) ở khỉ, khác biệt với các prostaglandin tương tự khác?"
../raw_data/wavs/voice-1732.wav,Tại sao colesevelam hydrochloride không cần thiết lập khoảng điều trị trị số lượng học (therapeutic index) dựa trên nồng độ thuốc trong huyết tương?
../raw_data/wavs/voice-1733.wav,"Tại sao Spinosad không được chỉ định cho phụ nữ mang thai hoặc cho con bú, và những dữ liệu dược lý học nào về Spinosyn A/D bị thiếu hụt?"
../raw_data/wavs/voice-1734.wav,Nguy cơ sinh độc tính thai nhi cho thai phụ được ghi nhận như thế nào đối với Biphenyl dimethyl dicarboxylate dựa trên các dữ liệu thử nghiệm tiền lâm sàng?
../raw_data/wavs/voice-1735.wav,Điểm khác biệt căn bản về nguy cơ gây ra các biến chứng hoại tử/thủng ruột giữa việc sử dụng Tolevamer đơn thuần so với việc dùng kết hợp với sorbitol là gì?
../raw_data/wavs/voice-1736.wav,"Khi chuyển đổi từ viên nén Gliclazide 80mg (thông thường) sang viên nén phóng thích có kiểm soát 30mg, nguyên tắc thay thế dựa trên tương đương liều lượng nào được văn bản đề cập và cần theo dõi gì?"
../raw_data/wavs/voice-1737.wav,"Với thời gian bán thải ước tính khoảng 15 giờ, glucosamine cần bao lâu để đạt nồng độ ổn định trong huyết tương sau khi bắt đầu liều dùng hàng ngày?"
../raw_data/wavs/voice-1738.wav,Tại sao Menotropins được chỉ định kết hợp với urofollitropin (rFSH) trong một số phác đồ kích thích nang trứng?
../raw_data/wavs/voice-1739.wav,"Dựa trên cơ chế chuyển hóa của Ropivacaine, khi sử dụng đồng thời với Ketoconazole (chất ức chế CYP3A4), sự thay đổi nào xảy ra với độ thanh thải trong huyết tương của thuốc và mức độ thay đổi đó là bao nhiêu?"
../raw_data/wavs/voice-1740.wav,Phân tích cấu trúc acid amin (chiều dài chuỗi nặng và chuỗi nhẹ) và trọng lượng phân tử quy chuẩn của eculizumab.
../raw_data/wavs/voice-1741.wav,Tại sao St. John's Wort (Hypericum perforatum) có thể làm suy giảm hiệu quả điều trị của Estradiol valerate?
../raw_data/wavs/voice-1742.wav,Nồng độ đỉnh của Iloperidone trong huyết tương thường đạt được trong khoảng thời gian bao lâu sau khi uống?
../raw_data/wavs/voice-1743.wav,"Theo thông tin dược động học, nabilone có thể gây ảnh hưởng đến thần kinh trung ương trong bao lâu sau khi ngừng điều trị?"
../raw_data/wavs/voice-1744.wav,"Dựa trên hồ sơ an toàn thai kỳ của colesevelam, cơ chế nào giải thích cho việc phân loại theo hệ thống phân loại thai kỳ của FDA (phân nhóm B)?"
../raw_data/wavs/voice-1745.wav,"Theo các chỉ định lâm sàng, Lutropin alfa có được phép sử dụng cho bệnh nhi (trẻ em) hay không?"
../raw_data/wavs/voice-1746.wav,Tại sao probenecid có thể làm tăng nồng độ cephalexin trong huyết tương?
../raw_data/wavs/voice-1747.wav,"Nếu một bệnh nhân quên uống liều Pindolol và chỉ nhớ ra khi thời điểm uống liều kế tiếp đã rất gần, cơ chế dược lý nào của thuốc (tính chất tích lũy hay thời gian bán thải) được cân nhắc để đưa ra hướng dẫn 'bỏ qua liều đã quên' thay vì uống bù gấp đôi?"
../raw_data/wavs/voice-1748.wav,"Trong trường hợp quá liều daclizumab, việc quản lý y tế tiếp theo cần được thực hiện tại cơ sở nào?"
../raw_data/wavs/voice-1749.wav,So sánh về sinh khả dụng đường uống và tỷ lệ liên kết protein huyết tương của Acyclovir với một nucleoside analog khác (ví dụ: Valacyclovir) dựa trên các dữ liệu dược động học.
../raw_data/wavs/voice-1750.wav,Lý do nào khiến Latanoprost tạo ra hiệu quả dược lý cao hơn vào buổi tối so với các thời điểm khác trong ngày?
../raw_data/wavs/voice-1751.wav,"Hành động cụ thể nào cần thực hiện ngay lập tức khi Spinosad bị nuốt phải, và tại sao việc gây nôn thường được lưu ý là không nên?"
../raw_data/wavs/voice-1752.wav,"Mặc dù Pyrazinamide làm tăng acid uric máu ở bệnh nhân, tại sao Alopurinol lại được coi là không phù hợp để điều trị tác dụng phụ này?"
../raw_data/wavs/voice-1753.wav,"So sánh về phổ hoạt động dược lý, Azelaic acid khác biệt cơ bản nào so với Isotretinoin bôi tại chỗ liên quan đến khả năng gây kích ứng da và cơ chế ảnh hưởng đến hàng rào biểu bì?"
../raw_data/wavs/voice-1754.wav,Việc flucytosine được khử amin thành fluorouracil bởi vi khuẩn ruột có ảnh hưởng như thế nào đến độc tính toàn thân và cần theo dõi chỉ số lâm sàng nào để phát hiện sớm?
../raw_data/wavs/voice-1755.wav,"Dù chưa được thiết lập tính an toàn và hiệu quả chính thức ở bệnh nhi, bạc sulfadiazine đã được sử dụng thành công ở một số bệnh nhi bỏng; điều này ngụy biện cho việc chỉ định thuốc ở nhóm đối tượng nào?"
../raw_data/wavs/voice-1756.wav,"Đối với bệnh nhân suy thận có độ thanh thải creatinin trong khoảng 10-25 ml/phút, cần điều chỉnh lịch trình tiêm truyền Acyclovir tĩnh mạch như thế nào (tần suất và liều lượng) so với người có chức năng thận bình thường?"
../raw_data/wavs/voice-1757.wav,"Enzyme glutathion insulin transhydrogenase đóng vai trò chính trong cơ chế chuyển hóa Insulin Glulisine ở cơ quan nào, và tỷ lệ chuyển hóa tại vị trí này chiếm bao nhiêu phần trăm?"
../raw_data/wavs/voice-1758.wav,"Về mặt lý thuyết, cơ chế nào giải thích cho sự khác biệt trong khả năng hấp thu toàn thân của Cinchocaine qua da nguyên vẹn so với qua da bị tổn thương?"
../raw_data/wavs/voice-1759.wav,Tại sao Hydroclorothiazid được khuyến cáo nên uống sớm trong ngày?
../raw_data/wavs/voice-1760.wav,N-Acetylglucosamine có chống chỉ định tuyệt đối đối với đối tượng nào dựa trên cơ chế phụ thuộc estrogen?
../raw_data/wavs/voice-1761.wav,Tại sao việc bổ sung Axit Folic cho phụ nữ mang thai cần được bắt đầu trước khi thụ thai 1 tháng?
../raw_data/wavs/voice-1762.wav,Dạng bào chế viên nén bao phim phóng thích kéo dài của Bupropion có hàm lượng bao nhiêu?
../raw_data/wavs/voice-1763.wav,"Trong điều trị động kinh cho bệnh nhi từ 2-12 tuổi không dùng chung với valproate nhưng có dùng chất cảm ứng glucuronic, cơ chế dược động học nào đòi hỏi liều lamotrigine khởi đầu cao hơn (0,6 mg/kg/ngày) so với khi dùng đơn độc (0,3 mg/kg/ngày) trong tuần đầu?"
../raw_data/wavs/voice-1764.wav,Tại sao Aripiprazole thường được lựa chọn thay thế cho các thuốc antipsychotic thế hệ đầu trong điều trị cho bệnh nhân Parkinson bị loạn thần?
../raw_data/wavs/voice-1765.wav,"Dựa trên thông tin dược lý, Dexibuprofen được chỉ định cụ thể cho những bệnh lý nào liên quan đến tình trạng đau bụng kinh?"
../raw_data/wavs/voice-1766.wav,Tên IUPAC đầy đủ và công thức phân tử của Carfentanil là gì?
../raw_data/wavs/voice-1767.wav,"Trong trường hợp quá liều Chlorphenesin carbamate, việc rửa dạ dày bằng nước muối có khả năng cải thiện tiên lượng hay không?"
../raw_data/wavs/voice-1768.wav,"Nếu dùng đồng thời Bupropion với ticlopidine, tương tác dược động học nào có thể xảy ra?"
../raw_data/wavs/voice-1769.wav,Thời gian bán thải (half-life) của kẽm trong cơ thể người là bao lâu?
../raw_data/wavs/voice-1770.wav,"Dựa trên đặc tính dược lý học của Aripiprazole, cơ chế nào giải thích cho việc thuốc có thể làm trầm trọng thêm các rối loạn vận động ở bệnh nhân Parkinson?"
../raw_data/wavs/voice-1771.wav,"Trong giai đoạn thích nghi ban đầu khi sử dụng Azelaic acid, các biểu hiện lâm sàng nào của 'bệnh khô da' (xerosis) thường xuất hiện, và tần suất này nằm trong nhóm biến chứng ngoại ý nào?"
../raw_data/wavs/voice-1772.wav,"Trong bối cảnh điều chế dược phẩm, Carfentanil được mô tả là một amid acid monocacboxylic. Quy trình tổng hợp cụ thể nào được đề cập để tạo ra hoạt chất này?"
../raw_data/wavs/voice-1773.wav,"Ngoài các trường hợp quá mẫn với cephalosporin, Cefdinir chống chỉ định tuyệt đối ở những bệnh nhân đang có tình trạng lâm sàng nào liên quan đến rối loạn tiêu hóa?"
../raw_data/wavs/voice-1774.wav,Liệu cơ chế tưới nước (hydrat hóa) nội ruột của Sorbitol có dẫn đến việc kích thích giải phóng hormone nào cụ thể để tăng cường nhu động ruột?
../raw_data/wavs/voice-1775.wav,Phụ nữ đang cho con bú nếu phải điều trị bằng zonisamide cần tuân thủ khoảng cách an toàn nào sau khi ngừng thuốc trước khi tiếp tục cho con bú trở lại?
../raw_data/wavs/voice-1776.wav,So sánh sự khác biệt về ngưỡng nồng độ nồng độ thuốc trong huyết thanh (serum trough level) cần thiết để ức chế hoàn toàn bổ thể cuối giữa bệnh nhân PNH và bệnh nhân aHUS.
../raw_data/wavs/voice-1777.wav,Tại sao Cinchocaine và Hydrocortisone lại có chỉ số điều trị hẹp đến mức cần cảnh báo về sự xuất hiện của Rối loạn thị giác (CSCR) ngay cả khi dùng tại chỗ?
../raw_data/wavs/voice-1778.wav,"Tại sao bạc sulfadiazine lại được chống chỉ định tuyệt đối ở trẻ sơ sinh non tháng hoặc dưới 2 tháng tuổi, và bệnh lý cụ thể nào trên trẻ sơ sinh sẽ xảy ra nếu vi phạm chống chỉ định này?"
../raw_data/wavs/voice-1779.wav,"Theo bảng điều chỉnh liều lượng, khi độ thanh thải creatinin giảm xuống dưới 10 ml/phút, tần suất dùng thuốc Acyclovir đường uống sẽ thay đổi như thế nào so với người có độ thanh thảiCreatinin trên 100 ml/phút?"
../raw_data/wavs/voice-1780.wav,"Khi sử dụng Gonadorelin để chẩn đoán, tại sao việc kết hợp với các corticosteroid, androgen, estrogen hoặc progestin lại làm thay đổi kết quả thử nghiệm, và cơ chế sinh lý nền tảng nào của sự tương tác này?"
../raw_data/wavs/voice-1781.wav,"Nếu một bệnh nhân nữ gặp phải tình trạng tràn dịch màng phổi và báng bụng trong quá trình sử dụng Lutropin alfa, đây là dấu hiệu của biến chứng nào và mức độ nghiêm trọng nào của biến chứng đó?"
../raw_data/wavs/voice-1782.wav,Thời gian bán thải (thời gian bán giảm một nửa) của Levamisole trong cơ thể người nằm trong khoảng bao lâu?
../raw_data/wavs/voice-1783.wav,"So với các chất ức chế CYP3A4 mạnh toàn thân (chẳng hạn như ketoconazole), việc sử dụng fluconazole (chất ức chế CYP3A4/CYP2C9 trung bình) có tác động thế nào lên giá trị AUC của ospemifene, và cơ sở dược động học nào biện minh cho sự khác biệt này trong bối cảnh khuyến cáo lâm sàng?"
../raw_data/wavs/voice-1784.wav,"Dựa trên cơ chế sinh hóa, tại sao N-acetylglucosamine được cho là có hiệu quả thấp hơn so với glucosamine tự do trong việc kích thích tế bào sụn (chondrocytes) tổng hợp aggrecan trong các nghiên cứu in vitro?"
../raw_data/wavs/voice-1785.wav,"Về đặc điểm dược lý học, Permethrin được quy định phải thoa trên da và rửa sạch sau bao nhiêu tiếng đối với phác đồ điều trị ghẻ, khác biệt gì so với phác đồ điều trị chấy?"
../raw_data/wavs/voice-1786.wav,"Gonadorelin là một dạng tổng hợp của hormon giải phóng gonadotropin (GnRH). Cơ chế kích thích tuyến yên của nó là gì, và tại sao liều đơn lại có tác dụng kích thích trong khi sử dụng liên tục lại dẫn đến ức chế?"
../raw_data/wavs/voice-1787.wav,"Theo cơ chế dược lực học, Ropivacaine ngăn chặn dẫn truyền thần kinh bằng cách tác động lên tính thấm màng của ion nào và thay đổi điện thế này dẫn đến kết quả cuối cùng là gì?"
../raw_data/wavs/voice-1788.wav,Biểu hiện lâm sàng nào của tình trạng hạ kali máu thì không được gọi là tác dụng phụ hiếm gặp?
../raw_data/wavs/voice-1789.wav,"Xét về cơ chế dược lý học, Spiramycin thuộc nhóm macrolide có phổ kháng khuẩn tương tự Erythromycin. Tuy nhiên, tại sao Spiramycin được chỉ định dự phòng viêm màng não do não mô cầu trong khi các kháng sinh beta-lactam lại là lựa chọn hàng đầu cho nhiễm khuẩn này?"
../raw_data/wavs/voice-1790.wav,Cơ chế nào khiến iohexol ít gây kích ứng thần kinh trung ương hơn so với các thuốc cản quang ion hóa đời cũ?
../raw_data/wavs/voice-1791.wav,"Phân tích các yếu tố lý do tại sao Activated charcoal được cho là an toàn đối với phụ nữ có thai và cho con bú song vẫn được chỉ định trong các trường hợp ngộ độc cấp tính nguy hiểm đến tính mạng, bất chấp tình trạng này?"
../raw_data/wavs/voice-1792.wav,Những tổn thương da nào được liệt vào diện chống chỉ định tuyệt đối khi sử dụng Diethyl phthalate?
../raw_data/wavs/voice-1793.wav,"Tại sao Duloxetine không được phép ngưng đột ngột mà cần giảm liều từ từ, và cơ chế nào gây ra các triệu chứng cai thuốc như chóng mặt, lo lắng và mất ngủ?"
../raw_data/wavs/voice-1794.wav,Tỉ lệ thải trừ cyproterone acetate qua nước tiểu so với mật là bao nhiêu?
../raw_data/wavs/voice-1795.wav,Tại sao Hydrocortisone trong thành phần thuốc có thể gây teo da và cần tránh bôi trên vùng da mặt?
../raw_data/wavs/voice-1796.wav,Tại sao bệnh nhân sau khi được gây tê bằng tetracain tại niêm mạc họng hoặc đường hô hấp cần được giám sát chặt chẽ các triệu chứng trung ương như lú lẫn hay co giật?
../raw_data/wavs/voice-1797.wav,"Tình trạng thiếu hụt enzym di truyền nào khiến bệnh nhân có nguy cơ cao bị thiếu máu huyết tán khi sử dụng bạc sulfadiazine, và cần phải xử lý thận trọng ra sao?"
../raw_data/wavs/voice-1798.wav,Phân tích dữ liệu dược động học cho thấy lượng thuốc bài tiết qua nước tiểu dưới dạng không đổi chiếm bao nhiêu phần trăm liều dùng 600mg?
../raw_data/wavs/voice-1799.wav,Cơ chế chính để Latanoprost làm giảm nhãn áp là gì?
../raw_data/wavs/voice-1800.wav,Cơ chế bảo vệ tế bào gan của Biphenyl dimethyl dicarboxylate thể hiện qua việc ức chế quá trình oxy hóa lipid và cản trở sự gắn kết cộng hóa trị của chất độc nào vào lipid trong microsome?
../raw_data/wavs/voice-1801.wav,Tình trạng hắc võng mạc trung tâm thanh dịch (CSCR) có liên quan gì đến cơ chế tác dụng corticosteroid có trong Cinchocaine?
../raw_data/wavs/voice-1802.wav,Chỉ có bao nhiêu phần trăm iohexol liên kết với protein huyết tương?
../raw_data/wavs/voice-1803.wav,"Cơ chế diệt khuẩn của bạc sulfadiazine khác biệt như thế nào so với các sulfonamid truyền thống, và tại sao tác dụng của nó không thể bị acid aminobenzoic (PABA) ức chế cạnh tranh?"
../raw_data/wavs/voice-1804.wav,"Vì sao Acarbose bị chống chỉ định tuyệt đối ở những bệnh nhân có độ thanh thải creatinine dưới 25 ml/phút/1,73m²?"
../raw_data/wavs/voice-1805.wav,Tại sao đối tượng bệnh nhân có khoảng QT kéo dài bẩm sinh hoặc do thuốc (ví dụ: thuốc chống loạn nhịp nhóm IA/III) cần được đánh giá kỹ lưỡng trước khi chỉ định Atomoxetine?
../raw_data/wavs/voice-1806.wav,Loại viêm gan do virus nào (cả cấp tính và mạn tính) nằm trong phạm vi chỉ định chính của Biphenyl dimethyl dicarboxylate?
../raw_data/wavs/voice-1807.wav,"Khi pha chế Floxuridine để truyền tĩnh mạch, cần tuân thủ quy trình nào để tạo ra dung dịch có nồng độ ban đầu là 100 mg/mL, và cần sử dụng thiết bị bơm loại nào để đảm bảo tốc độ truyền đồng đều trong các động mạch lớn?"
../raw_data/wavs/voice-1808.wav,Nồng độ estradiol trong huyết thanh/Peak và thời gian xuất hiện sau khi dùng Estradiol valerate đường uống?
../raw_data/wavs/voice-1809.wav,"Ngoài việc sử dụng làm thuốc an thần tiêm bắp cho động vật lớn, Carfentanil được tổng hợp dưới dạng nào và có đặc tính hóa lý gì?"
../raw_data/wavs/voice-1810.wav,Tại sao bệnh nhân đang dùng Acarbose được hướng dẫn phải dùng Dextrose (glucose) thay vì Sucrose khi cần điều trị cơn hạ glucose máu?
../raw_data/wavs/voice-1811.wav,Tại sao nguy cơ co giật tăng lên đáng kể khi bệnh nhân đang dùng Bupropion kết hợp với các thuốc chống sốt rét?
../raw_data/wavs/voice-1812.wav,"Tại sao chỉ số Albumin huyết tương lại có ảnh hưởng trực tiếp đến nguy cơ quá liều ở bệnh nhân dùng oxazepam, và cơ chế điều hòa thế nào khi thuốc liên kết với protein huyết tương ở mức 89%?"
../raw_data/wavs/voice-1813.wav,Việc Nedocromil chỉ được chỉ định sử dụng cho mắt (không dùng đường toàn thân) có liên quan gì đến tỷ lệ hấp thu toàn thân dưới 4% sau khi nhỏ mắt không?
../raw_data/wavs/voice-1814.wav,"Trong chỉ định suy tĩnh mạch mạn tính, Diosmin có vai trò can thiệp nào vào các khía cạnh trao đổi chất của vi tuần hoàn?"
../raw_data/wavs/voice-1815.wav,"So với dung dịch bạc nitrat, kem bạc sulfadiazine có những ưu điểm gì trong việc duy trì cân bằng điện giải-thần khi để lại dấu vết trên quần áo?"
../raw_data/wavs/voice-1816.wav,"Tại sao hiện tại chưa có dữ liệu dược động học đầy đủ cho Diethyl phthalate, và điều này có ý nghĩa gì đối với việc dự đoán nguy cơ tích lũy thuốc trong mô cơ thể?"
../raw_data/wavs/voice-1817.wav,"Nếu một bệnh nhân bị nôn sau khi uống Norgestimate trong vòng 2 giờ, cơ chế sinh học nào làm cho việc uống một liều thay thế trở nên cần thiết và tại sao?"
../raw_data/wavs/voice-1818.wav,Sevoflurane được chuyển hóa bởi men CYP2E1 tạo ra HFIP và fluorid vô cơ; nồng độ fluorid vô cơ trong máu đạt mức nào được coi là ngưỡng gây độc cho thận?
../raw_data/wavs/voice-1819.wav,"Dựa trên cơ chế hoạt động, Phosphatidyl serine cải thiện chức năng nhận thức ở bệnh nhân Alzheimer thông qua những ảnh hưởng nào đến các sinh lý thần kinh ở hồi hải mã?"
../raw_data/wavs/voice-1820.wav,"Ngoài tình trạng quá mẫn với Azelaic acid hoặc các thành phần tá dược như Propylene glycol, cơ chế sinh bệnh học nào của hen suyễn có thể biến đổi thành phản ứng ngoại ý cấp tính khi tiếp xúc với Azelaic acid?"
../raw_data/wavs/voice-1821.wav,"L-cystine có thể gây ra kết quả dương tính giả trong các xét nghiệm chẩn đoán nào liên quan đến bệnh tiểu đường và tổn thương tế bào gan, dựa trên cơ chế phản ứng hóa học nào?"
../raw_data/wavs/voice-1822.wav,"Trong điều trị tăng phosphat huyết, vai trò cụ thể của Cholecalciferol là gì và tại sao việc duy trì nồng độ phospho huyết thanh bình thường lại được xem là một lưu ý chung quan trọng?"
../raw_data/wavs/voice-1823.wav,"Theo dược lý học, cơ chế tách sắt khỏi phức hợp dextran xảy ra ở hệ thống nào của cơ thể, và sắt sau đó sẽ được chuyển hóa thành những dạng dự trữ cụ thể nào trước khi tham gia tổng hợp hemoglobin?"
../raw_data/wavs/voice-1824.wav,"Với bệnh nhi từ 12 đến 30 kg, liều rivaroxaban khuyến cáo cho điều trị huyết khối tĩnh mạch là bao nhiêu?"
../raw_data/wavs/voice-1825.wav,Trường hợp nào sau đây là chống chỉ định tuyệt đối đối với lamotrigine?
../raw_data/wavs/voice-1826.wav,"Do ospemifene có đặc tính thân dầu, bệnh nhân cần nhận được hướng dẫn nào về timing (thời gian) sử dụng thuốc so với bữa ăn mà không cần quan tâm đến thành phần dinh dưưỡng của bữa ăn đó?"
../raw_data/wavs/voice-1827.wav,"Theo văn bản, diazepam sau khi uống đạt nồng độ đỉnh trong huyết tương trong khoảng thời gian bao lâu?"
../raw_data/wavs/voice-1828.wav,"Đối với bệnh nhân béo phì có chỉ số khối cơ thể (BMI) lớn hơn 30 kg/m², việc sử dụng Cholecalciferol ở liều theo RDA khuyến cáo có thể gặp vấn đề gì và cần phải can thiệp liều lượng như thế nào?"
../raw_data/wavs/voice-1829.wav,"Giải thích cơ chế sinh lý khiến nồng độ sắt dextran trong huyết tương giảm mạnh với nửa đời (T1/2) khoảng 6 giờ sau khi tiêm liều 500 mg hoặc ít hơn, nhưng quá trình thanh thải sắt thực tế khỏi cơ thể lại kéo dài hơn nhiều?"
../raw_data/wavs/voice-1830.wav,Tại sao việc sử dụng cyproterone acetate có thể gây ra hiện tượng vú to (gynecomastia) ở nam giới?
../raw_data/wavs/voice-1831.wav,"Mặc dù không có bằng chứng trực tiếp về khả năng gây quái thai ở người, Floxuridine được xếp vào nhóm thuốc ức chế tổng hợp DNA; dựa trên cơ chế này, những bất thường nào ở thai nhi có nguy cơ cao nhất nếu thuốc được sử dụng trong thai kỳ?"
../raw_data/wavs/voice-1832.wav,"Cơ chế ức chế cạnh tranh của Cimetidine tại thụ thể histamin H2 dẫn đến giảm bài tiết acid dạ dày ở điều kiện cơ bản và kích thích, nhưng tại sao bài tiết acid cơ bản lại bị ức chế mạnh hơn?"
../raw_data/wavs/voice-1833.wav,"Ngoài các trường hợp mẫn cảm với hoạt chất, Iloperidone còn bị chống chỉ định tuyệt đối nào khác?"
../raw_data/wavs/voice-1834.wav,"Ngoài việc chống chỉ định khi da bị viêm hoặc rách, Permethrin còn chống chỉ định tuyệt đối cho nhóm đối tượng nào liên quan đến cơ địa mẫn cảm?"
../raw_data/wavs/voice-1835.wav,"Trong bối cảnh bệnh nhân không thể nôn mửa do quá liều acute Tioguanine, cơ chế sinh học nào ngăn cản hiệu quả của việc lọc máu ngoài thận (hemodialysis) để loại bỏ thuốc?"
../raw_data/wavs/voice-1836.wav,Cơ chế chuyển hóa qua trung gian CYP2D6 và CYP3A4 của Aripiprazole có liên quan gì đến việc điều chỉnh liều cho bệnh nhân chuyển hóa thuốc kém?
../raw_data/wavs/voice-1837.wav,"Tại sao Spiramycin được khuyến cáo uống trước bữa ăn ít nhất 2 giờ hoặc sau bữa ăn 3 giờ, trong khi thức ăn làm giảm 70% nồng độ đỉnh trong huyết tương?"
../raw_data/wavs/voice-1838.wav,"Ngoài chỉ định điều trị triệu chứng mãn kinh, Estradiol valerate được dùng trong giai đoạn tiến triển của ung thư tuyến tiền liệt phụ thuộc androgen dựa trên tương tác thụ thể nào?"
../raw_data/wavs/voice-1839.wav,"Cơ chế phân tử cụ thể nào của Carfentanil gây ra sự ức chế dẫn truyền synap, và các chất dẫn truyền thần kinh nào bị ảnh hưởng trực tiếp bởi quá trình này?"
../raw_data/wavs/voice-1840.wav,"Dựa trên đặc điểm dược động học của prednicarbate, việc sử dụng vật liệu che phủ (bandage) hoặc băng kín trên vùng da được điều trị sẽ ảnh hưởng thế nào đến nguy cơ gây ức chế trục HPA?"
../raw_data/wavs/voice-1841.wav,Latanoprost có ảnh hưởng đáng kể nào đến quá trình sản sinh thủy dịch hay hàng rào máu-mắt hay không?
../raw_data/wavs/voice-1842.wav,"Để hạn chế tối đa sự hình thành của hợp chất A (Compound A) - chất gây độc thận, Sevoflurane không được vượt quá bao nhiêu lần MAC và tốc độ dòng khí tối thiểu là bao nhiêu lít/phút?"
../raw_data/wavs/voice-1843.wav,"Tại sao Magnesium citrate đường uống được chỉ định làm lựa chọn đầu tay cho bệnh nhân hạ magne máu mức độ nhẹ đến trung bình, và các triệu chứng lâm sàng cụ thể nào của hạ magne máu cho phép bắt đầu chuyển sang đường uống theo tài liệu?"
../raw_data/wavs/voice-1844.wav,"Tại sao nhà sản xuất khuyến cáo thêm dung dịch epinephrin 0.1% vào dung dịch tetracain khi chỉ định gây tê thực quản, khí quản?"
../raw_data/wavs/voice-1845.wav,Thuốc daclizumab là kháng thể đơn dòng nhân bản hóa có đặc hiệu gắn vào tiểu đơn vị nào của thụ thể interleukin-2 (IL-2)?
../raw_data/wavs/voice-1846.wav,"Theo thông tin nhãn hiệu, Cholecalciferol có những dạng bào chế nào và hàm lượng cụ thể nào được dùng cho viên nang?"
../raw_data/wavs/voice-1847.wav,"Tại sao Sorbitol lại được ưu tiên sử dụng làm dung môi trong phác đồ than hoạt tính hấp phụ giải độc, và cơ chế nào giúp nó tăng tốc độ loại bỏ chất độc ra khỏi cơ thể?"
../raw_data/wavs/voice-1848.wav,"Phân tích cơ chế sinh bệnh học dẫn đến hội chứng cai nghiện benzodiazepine bao gồm các triệu chứng như co giật và ảo giác, và tại sao flumazenil lại không được chỉ định như một xét nghiệm chẩn đoán để xác nhận tình trạng phụ thuộc?"
../raw_data/wavs/voice-1849.wav,Tính toán phần trăm tổng liều bài tiết qua phân so với nước tiểu và tỷ lệ Afatinib ở dạng không chuyển hóa. Bằng chứng nào cho thấy quá trình chuyển hóa enzym không đóng vai trò đáng kể?
../raw_data/wavs/voice-1850.wav,Cơ chế nào của Azelaic acid giúp bình thường hóa quá trình keratin hóa bằng cách thay đổi số lượng và sự phân bố của filaggrin trong các lớp biểu bì?
../raw_data/wavs/voice-1851.wav,Vì sao Travoprost được chỉ định sử dụng thận trọng ở những bệnh nhân aphakic (không còn thủy tinh thể) hoặc bệnh nhân đã phẫu thuật cấy ghép nội nhãn?
../raw_data/wavs/voice-1852.wav,"Prednicarbate là corticosteroid hiệu lực trung bình. dựa trên quan điểm dược lực học, prednicarbate tác động lên quá trình chuyển hóa acid arachidonic như thế nào để tạo ra hiệu quả điều trị?"
../raw_data/wavs/voice-1853.wav,"Trong quá trình tiêm Gonadorelin Acetat điều trị vô kinh, tại sao cần phải sử dụng bơm tự động gián đoạn (intermittent pump) để bơm thuốc vào tĩnh mạch hoặc dưới da thay vì tiêm một lần?"
../raw_data/wavs/voice-1854.wav,"Dựa trên đặc điểm dược động học và sinh khả dụng tuyệt đối của oxazepam, tại sao liều lượng khuyến cáo cho bệnh nhân cao tuổi hoặc suy nhược lại cần được điều chỉnh giảm so với người trẻ khỏe mạnh?"
../raw_data/wavs/voice-1855.wav,Tại sao cần phải theo dõi tác dụng phụ của corticosteroid toàn thân khi phối hợp Cinchocaine với các chất ức chế CYP3A?
../raw_data/wavs/voice-1856.wav,Sự khác biệt nào trong đặc điểm hấp thu và thời gian tác dụng giữa Estradiol valerate dạng tiêm bắp và Estradiol valerate dạng uống?
../raw_data/wavs/voice-1857.wav,Cơ chế hoạt động của Carfentanil liên quan đến sự điều hòa các kênh ion ở màng tế bào thần kinh như thế nào?
../raw_data/wavs/voice-1858.wav,"Tại sao Acyclovir có khả năng thâm nhập tốt vào các mô như dịch não tủy và nhau thai, bất chấp tỷ lệ liên kết protein huyết tương chỉ dao động trong khoảng 9-33%?"
../raw_data/wavs/voice-1859.wav,"Trong bối cảnh sử dụng Sorbitol ở bệnh nhân lớn tuổi hoặc suy nhược, cơ chế sinh lý học nào khiến cho việc đảm bảo uống đủ nước hàng ngày trở thành yêu cầu bắt buộc?"
../raw_data/wavs/voice-1860.wav,"Căn cứ vào dữ liệu dược lý trên động vật, Levamisole được cảnh báo có khả năng gây độc tính trên phôi thai, vậy chỉ định sử dụng cho phụ nữ mang thai được quy định như thế nào?"
../raw_data/wavs/voice-1861.wav,Thức ăn ảnh hưởng như thế nào đến các thông số dược động học (hấp thu và sinh khả dụng) của lamotrigine?
../raw_data/wavs/voice-1862.wav,"Loại thuốc cản quang nào được chỉ định để đánh giá và phát hiện các tổn thương ở gan, tụy, thận, động mạch chủ, trung thất, vùng chậu, khoang bụng và khoang sau màng bụng?"
../raw_data/wavs/voice-1863.wav,Cơ chế tác động hiệp đồng giữa Iloperidone và chất ức chế CYP3A4 (như ketoconazole) dẫn đến kéo dài khoảng QTc được mô tả như thế nào?
../raw_data/wavs/voice-1864.wav,"Nồng độ 25 (OH) D trong huyết thanh của thai nhi có mối liên hệ nào với nồng độ của người mẹ, và lượng Vitamin D được khuyến nghị cho phụ nữ không có nguy cơ thiếu hụt trong thai kỳ là bao nhiêu?"
../raw_data/wavs/voice-1865.wav,Tương tác dược động học giữa colesevelam và levothyroxine đặc trưng bởi hiện tượng thay đổi chỉ số TSH và AUC; cơ chế nào lý giải sự thay đổi này?
../raw_data/wavs/voice-1866.wav,"So với phác đồ fluorouracil truyền tĩnh mạch truyền thống (cùng với leucovorin), capecitabine mang lại lợi thế nào liên quan đến nồng độ fluorouracil tại các mô ung thư và cơ chế enzyme đặc hiệu nào trong con đường chuyển hóa của nó?"
../raw_data/wavs/voice-1867.wav,"Ngoài các trường hợp dị ứng với Floxuridine hoặc Fluorouracil, Floxuridine chống chỉ định tuyệt đối ở những bệnh nhân có số lượng bạch cầu và tiểu cầu đạt ngưỡng nào?"
../raw_data/wavs/voice-1868.wav,"Theo phác đồ, liều lượng etanercept điều trị cho trẻ em bị viêm khớp tự phát thiếu niên (JIA) là bao nhiêu (tính trên mg/kg) và tần suất tiêm cụ thể cho chế độ liều hai lần/tuần?"
../raw_data/wavs/voice-1869.wav,Liều duy trì tối đa cho quazepam trong điều trị mất ngủ là bao nhiêu?
../raw_data/wavs/voice-1870.wav,"Trong bối cảnh quá liều Cefdinir, phương pháp loại bỏ thuốc ra khỏi cơ thể nào được đề cập là có hiệu quả đặc biệt ở bệnh nhân suy thận?"
../raw_data/wavs/voice-1871.wav,"Nếu bệnh nhân bị quá liều Demeclocycline và suy thận cấp, phương pháp thải trừ thuốc nào được đề cập là không hiệu quả?"
../raw_data/wavs/voice-1872.wav,"Liệt kê các biểu hiện lâm sàng cụ thể của thai nhi sơ sinh do bà mẹ lạm dụng benzodiazepin trong giai đoạn tam cá nguyệt thứ ba, và giải thích cơ chế sinh lý gây ra tình trạng suy hô hấp và hạ thân nhiệt ở trẻ?"
../raw_data/wavs/voice-1873.wav,Khi nào thì việc chỉ định thuốc mỡ hoặc thuốc đạn Cinchocaine cho trẻ em là không phù hợp?
../raw_data/wavs/voice-1874.wav,Tại sao iohexol có khả năng tăng cản quang tia X?
../raw_data/wavs/voice-1875.wav,Bệnh nhân cần được theo dõi những dấu hiệu lâm sàng nào để phát hiện sớm hội chứng ác tính do thuốc an thần (NMS) khi dùng Iloperidone?
../raw_data/wavs/voice-1876.wav,"Về mặt sinh lý bệnh, tại sao cephalexin có thể gây viêm đại tràng giả mạc (pseudomembranous colitis), một tác dụng phụ hiếm gặp nhưng nghiêm trọng, ngay cả khi thuốc không gây độc trực tiếp lên tế bào ruột?"
../raw_data/wavs/voice-1877.wav,Tại sao Lovastatin chống chỉ định cho phụ nữ mang thai và cơ chế gây hại cho thai nhi của thuốc này là gì?
../raw_data/wavs/voice-1878.wav,"Trong điều trị tâm thần phân liệt, tại sao liều lượng Aripiprazole vượt quá 10-15 mg mỗi ngày lại không mang lại hiệu quả cao hơn?"
../raw_data/wavs/voice-1879.wav,"Trong trường hợp quá liều Nebivolol dẫn đến block tim độ hai hoặc ba, phương pháp điều trị đặc hiệu nào được đề xuất ngoài các biện pháp hỗ trợ hô hấp và tuần hoàn?"
../raw_data/wavs/voice-1880.wav,"Trong cơ chế tác động tại thụ thể, diazepam làm thay đổi tương tác giữa GABA và thụ thể GABA như thế nào để gia tăng tác dụng ức chế thần kinh trung ương?"
../raw_data/wavs/voice-1881.wav,Quá trình chuyển hóa sinh học của Acarbose chủ yếu diễn ra ở đâu và do tác nhân nào phân giải?
../raw_data/wavs/voice-1882.wav,Tại sao Dexibuprofen được coi là có khả năng dung nạp tốt hơn và an toàn hơn so với Ibuprofen?
../raw_data/wavs/voice-1883.wav,"Tương tác thuốc giữa Magnesium citrate và kháng sinh Tetracyclin xảy ra dựa trên cơ chế hóa học nào, và để đảm bảo hiệu quả kháng khuẩn, bệnh nhân cần tuân thủ khoảng cách dùng thuốc tối thiểu là bao lâu?"
../raw_data/wavs/voice-1884.wav,"Dựa vào hệ số phân bố máu/khí (blood-gas partition coefficient), cơ chế nào giải thích cho việc Sevoflurane có thời gian khởi mê và thoát mê nhanh hơn so với Isoflurane?"
../raw_data/wavs/voice-1885.wav,"Đối với nhóm bệnh nhân nhi từ 0 đến 6 tháng tuổi cần truyền ngoài màng cứng liên tục để kiểm soát đau cấp, tổng liều Ropivacaine tối đa (mg/kg/giờ) được khuyến nghị là bao nhiêu?"
../raw_data/wavs/voice-1886.wav,"Trong bối cảnh quản lý quá liều Dexibuprofen, tại sao việc rửa dạ dày chỉ được xem xét khi bệnh nhân uống một lượng thuốc đe dọa tính mạng và trong vòng 60 phút?"
../raw_data/wavs/voice-1887.wav,"Quá trình chuyển hóa enzymatic chính của Benzonatate trong huyết tương bởi butyrylcholinesterase (BChE) tạo ra chất chuyển hóa nào, và chất chuyển hóa này có mang lại hiệu quả dược lý tương tự như thuốc mẹ hay không dựa trên bản chất hóa học của nó?"
../raw_data/wavs/voice-1888.wav,"Dựa trên liều lượng thông thường cho người lớn bị ghẻ, việc sử dụng Permethrin yêu cầu bôi kem 5% toàn thân và rửa lại sau 8-12 giờ. Nếu bệnh nhân bỏ sót hoặc quên thoa kem này, nên xử lý thế nào?"
../raw_data/wavs/voice-1889.wav,Phân tích cơ chế chuyển hóa Atomoxetine qua hệ enzym CYP2D6 và sự khác biệt về thời gian bán thải giữa người chuyển hóa nhiều (Extensive metabolizers) và người chuyển hóa kém (Poor metabolizers) có ý nghĩa gì trong lâm sàng?
../raw_data/wavs/voice-1890.wav,"Nếu Biphenyl dimethyl dicarboxylate là chất trung gian để tổng hợp đồng phân của Schisandrin C, thì đặc tính dược lý nào của Fructus schisandrae đã gợi mở cơ chế tác dụng ban đầu cho hoạt chất này?"
../raw_data/wavs/voice-1891.wav,"Kẽm làm giảm hấp thu đồng (copper) qua cơ chế nào, và nếu tình trạng này kéo dài dẫn đến thiếu đồng, nó sẽ gây ra những bất thường huyết học cụ thể nào?"
../raw_data/wavs/voice-1892.wav,Do đặc tính nào của Zinc chloride mà việc quên liều thường hiếm gặp?
../raw_data/wavs/voice-1893.wav,"Vì lý do đặc thù Vinblastine là thuốc được quản lý bởi nhân viên y tế, việc xử lý tình huống 'quên liều' có khác biệt cơ bản nào so với các thuốc dùng tại nhà thông thường, và bản chất tại sao?"
../raw_data/wavs/voice-1894.wav,"Dựa trên đặc điểm cấu trúc hóa học của Cefdinir, cơ chế diệt khuẩn của hoạt chất này đạt được thông qua tương tác đặc hiệu nào trên màng tế bào vi khuẩn?"
../raw_data/wavs/voice-1895.wav,Việc Sorbitol làm tăng nhu động ruột đặt ra nguy cơ gì đối với các loại thuốc đồng thời được chỉ định dùng đường uống?
../raw_data/wavs/voice-1896.wav,"Đề cập đến cơ chế bù trừ năng lượng tế bào khi thiếu oxy, Piracetam làm tăng quá trình chuyển đổi ADP thành ATP để duy trì năng lượng, vậy Piracetam có làm thay đổi lượng ATP trong não ở điều kiện bình thường hay không?"
../raw_data/wavs/voice-1897.wav,"Cơ chế sinh bệnh học nào giải thích cho việc Spiramycin có thể gây kéo dài khoảng QT và nguy cơ xoắn đỉnh, đặc biệt khi so sánh với các macrolide khác có ảnh hưởng lên hệ Cytochrom P450?"
../raw_data/wavs/voice-1898.wav,"Sau khi uống rivaroxaban, thời gian trung bình để nồng độ thuốc trong huyết tương đạt mức tối đa (Cmax) là bao lâu?"
../raw_data/wavs/voice-1899.wav,"Dựa trên dữ liệu dược động học và liều lượng pediatric, tại sao cần phải có khoảng cách thời gian ít nhất 6 giờ giữa các lần dùng levodropropizine cho trẻ em trên 2 tuổi?"
../raw_data/wavs/voice-1900.wav,Làm thế nào pH nước tiểu ảnh hưởng đến quá trình thải trừ salicylate qua thận và nồng độ salicylate trong huyết tương? Hãy giải thích cơ chế của quá trình kiềm hóa hay acid hóa nước tiểu đối với bài tiết acid yếu này.
../raw_data/wavs/voice-1901.wav,Tình trạng loạn nhịp tim kéo dài khoảng QT và co giật là những biểu hiện nguy hiểm của quá liều Atomoxetine. Biện pháp xử lý ban đầu bằng than hoạt tính có hiệu quả trong khoảng thời gian bao lâu sau khi uống thuốc?
../raw_data/wavs/voice-1902.wav,"Ngoài các tác dụng phụ thường gặp như buồn ngủ và chán ăn, zonisamide có thể gây ra những bất thường điện giải và chuyển hóa nào liên quan đến cơ chế ức chế anhydrase carbonic yếu của nó?"
../raw_data/wavs/voice-1903.wav,"Tại sao Magnesium citrate chống chỉ định tuyệt đối ở bệnh nhân suy thận nặng (mức lọc cầu thận < 30 ml/phút), và cơ chế sinh bệnh học nào dẫn đến nguy cơ nhiễm độc magne ở nhóm đối tượng này?"
../raw_data/wavs/voice-1904.wav,"Dựa trên dữ liệu dược lý, flucytosine có khả năng gây quái thai ở động vật ở liều lượng cụ thể so với liều tối đa cho người; cơ chế nào khiến nó được chỉ định sử dụng trong thai kỳ chỉ khi lợi ích vượt trội nguy cơ?"
../raw_data/wavs/voice-1905.wav,"Tương tác giữa diazepam và opioid (như morphin) gây ra nguy cơ lâm sàng gì đặc biệt, và việc điều chỉnh liều diazepam được khuyến nghị ra sao trong trường hợp này?"
../raw_data/wavs/voice-1906.wav,"Dựa trên dữ liệu mô tả, thể tích phân bố (Volume of Distribution) trung bình của Cefdinir ở nhóm bệnh nhân nhi (6 tháng - 12 tuổi) là bao nhiêu?"
../raw_data/wavs/voice-1907.wav,Hướng dẫn lâm sàng quy định thời điểm uống colesevelam dạng viên nén so với bữa ăn; cơ chế nào biện minh cho yêu cầu 'ngay trước khi ăn hoặc trong bữa ăn'?
../raw_data/wavs/voice-1908.wav,"Tại sao Oxazepam được chỉ định là thuốc chọn lọc cho bệnh nhân suy gan (bao gồm cả bệnh não gan tiềm ẩn), trong khi các benzodiazepin qua chuyển hóa oxy hóa (như diazepam) lại là thuốc chống chỉ định tương đối?"
../raw_data/wavs/voice-1909.wav,Nedocromil có được chỉ định sử dụng cho đối tượng trẻ em dưới 3 tuổi hay không? Ủa cơ sở nào?
../raw_data/wavs/voice-1910.wav,So sánh tốc độ khởi phát tác dụng và thời gian duy trì tê tại chỗ giữa việc sử dụng dung dịch 0.5% tại giác mạc và việc bôi gel 4% lên da trước khi tiêm tĩnh mạch?
../raw_data/wavs/voice-1911.wav,"Dựa trên đặc tính dược lý học, Nimodipine ưu tiên tác động lên hệ mạch não so với các thuốc chẹn kênh calci khác là nhờ cơ chế nào?"
../raw_data/wavs/voice-1912.wav,"So với các thuốc lợi tiểu giữ kali khác, tại sao quinapril lại có nguy cơ gây tăng kali huyết cao hơn và điều này liên quan trực tiếp đến cơ chế ức chế enzym chuyển angiotensin (ACE) như thế nào?"
../raw_data/wavs/voice-1913.wav,Thời gian bán thải (half-life) của Demeclocycline ở bệnh nhân trưởng thành có chức năng thận bình thường là bao lâu?
../raw_data/wavs/voice-1914.wav,So sánh đặc điểm động học của Cefoxitin (thuộc cephalosporin thế hệ 2) và Ceftazidime (thuộc cephalosporin thế hệ 3) trong việc điều trị nhiễm trùng do Pseudomonas aeruginosa và vi khuẩn kỵ khí: yếu tố cấu trúc nào quyết định sự khác biệt về phổ kháng khuẩn này?
../raw_data/wavs/voice-1915.wav,"Xét Fulvestrant là thuốc tiêm bắp có lịch trình định kỳ, tại sao bài viết lại nhận định rằng 'thuốc chỉ được sử dụng bởi nhân viên y tế... nên ít có khả năng quên liều' và điều này liên quan gì đến quy trình quản lý lâm sàng?"
../raw_data/wavs/voice-1916.wav,Nồng độ Hydroclorothiazid trong nước tiểu thải ra ở dạng không chuyển hóa chiếm bao nhiêu phần trăm?
../raw_data/wavs/voice-1917.wav,"Triệu chứng lú lẫn và suy nhược có phải là dấu hiệu nhận biết sớm của việc quá liều Cholecalciferol hay không, và cơ chế nào dẫn đến tình trạng này?"
../raw_data/wavs/voice-1918.wav,"Nếu bệnh nhân quá liều Dihydrocodeine nhưng không thể dùng Naloxone do không có sẵn, phương pháp thay thế nào khác được đề xuất trong dữ liệu?"
../raw_data/wavs/voice-1919.wav,Liều lượng Dexibuprofen cần điều chỉnh như thế nào cho bệnh nhân bị suy thận mức độ nhẹ đến trung bình?
../raw_data/wavs/voice-1920.wav,"Dựa trên dữ liệu nghiên cứu sinh sản trên động vật, các dị dạng bẩm sinh nào cụ thể đã được quan sát thấy khi phơi nhiễm với Rifaximin?"
../raw_data/wavs/voice-1921.wav,"Vì sao việc bỏ qua liều lamotrigine và uống bù gấp đôi liều kế tiếp bị nghiêm cấm, bất kể thời gian trôi qua bao lâu?"
../raw_data/wavs/voice-1922.wav,"Isoniazid ảnh hưởng đến động học của diazepam bằng cách làm thay đổi thông số dược lý nào, và dược chất chuyển hóa nào của diazepam bị ảnh hưởng bởi tương tác này?"
../raw_data/wavs/voice-1923.wav,"Dựa trên nguyên tắc hoạt động long đờm, tại sao Guaiacol lại có khả năng tăng hiệu quả của phản xạ ho, khác biệt với cơ chế ức chế ho trung ương của Codeine?"
../raw_data/wavs/voice-1924.wav,Vì sao việc kiểm soát nồng độ Kali (điện giải) trong huyết tương trước và trong khi điều trị Dofetilide lại có vai trò quyết định trong cơ chế sinh bệnh học của xoắn đỉnh (Torsades de Pointes)?
../raw_data/wavs/voice-1925.wav,"Trong dữ liệu lâm sàng, liều etanercept tiêm dưới da lớn nhất được ghi nhận mà không gây tác dụng phụ là bao nhiêu?"
../raw_data/wavs/voice-1926.wav,"Trong trường hợp quá liều gemifloxacin ở mức độ nhẹ đến trung bình, phương pháp xử trí ban đầu là gì?"
../raw_data/wavs/voice-1927.wav,"So với các chất ức chế acetylcholinesterase trong điều trị Alzheimer, Phosphatidyl serine can thiệp vào chuyển dẫn acetylcholine theo cơ chế nào khác biệt?"
../raw_data/wavs/voice-1928.wav,Các phàn nàn về đường tiêu hóa như đau vùng thượng vị và tiêu chảy được ghi nhận là tác dụng phụ không xác định tần suất; điều này liên quan thế nào đến đặc điểm sinh hóa tính acid của glucosamine tự do?
../raw_data/wavs/voice-1929.wav,"Ngoài các tác dụng không mong muốn tại chỗ như teo da hay giãn da, prednicarbate còn có khả năng gây ra các biểu hiện toàn thân. Hãy chỉ rõ các dấu hiệu lâm sàng của hội chứng Cushing có thể xuất hiện khi lạm dụng thuốc mỡ prednicarbate."
../raw_data/wavs/voice-1930.wav,Mechanism of action của Demeclocycline trên vi khuẩn là gì?
../raw_data/wavs/voice-1931.wav,"Điểm khác biệt quan trọng trong cơ chế tác động của Anidulafungin lên tế bào nấm so với các thuốc kháng nấm nhóm azole, và tại sao sự khác biệt này (như Anidulafungin không phải là chất nền hay chất ức chế cytochrome P450) lại có ý nghĩa lớn trong điều trị?"
../raw_data/wavs/voice-1932.wav,Thời gian bán thải của Piracetam trong dịch não tủy là bao lâu?
../raw_data/wavs/voice-1933.wav,Phân tích sự khác biệt về đường dùng và chỉ định lâm sàng khi chuyển đổi từ chế phẩm tiêm truyền tĩnh mạch sang tiêm bắp?
../raw_data/wavs/voice-1934.wav,L-cystine có tương tác thuốc nào được báo cáo trong văn bản?
../raw_data/wavs/voice-1935.wav,"Trong bối cảnh glucosamine có thể gây độc tính trên gan, cơ chế sinh học nào được đề xuất giải thích cho quá trình tăng enzym gan ở bệnh nhân?"
../raw_data/wavs/voice-1936.wav,"Tác dụng phụ ""co thắt phế quản"" xuất hiện trong danh sách ít gặp của Nebivolol có liên quan gì đến cơ chế chọn lọc thụ thể beta-1 của thuốc, và ở liều lượng nào nguy cơ này tăng lên?"
../raw_data/wavs/voice-1937.wav,"Tại sao Cefazolin được coi là an toàn tương đối cho phụ nữ mang thai so với các kháng sinh khác, nhưng vẫn cần thận trọng khi dùng trong nửa cuối thai kỳ?"
../raw_data/wavs/voice-1938.wav,Tại sao gemifloxacin được khuyến cáo chống chỉ định tuyệt đối ở bệnh nhân có tiền sử bệnh nhược cơ?
../raw_data/wavs/voice-1939.wav,Fulvestrant có tương tác dược động học với các thuốc ức chế hoặc cảm ứng CYP3A4 hay không? Giải thích cơ sở sinh học cho tương tác (hoặc không có tương tác) này dựa trên con đường chuyển hóa của hoạt chất.
../raw_data/wavs/voice-1940.wav,Carfentanil được điều chế từ acid propanoic và một dẫn xuất piperidin cụ thể nào?
../raw_data/wavs/voice-1941.wav,Sự khác biệt giữa Acarbose và các thuốc sulfonylure trong việc ảnh hưởng đến nồng độ insulin nội sinh ở người bệnh?
../raw_data/wavs/voice-1942.wav,Sự có mặt của bệnh suy gan (Child-Pugh Class B hoặc C) ảnh hưởng thế nào đến giá trị sinh khả dụng và liều lượng Atomoxetine cần phải điều chỉnh?
../raw_data/wavs/voice-1943.wav,"Ngoài trường hợp quá mẫn với etanercept hay thành phần thuốc, bệnh nhân bị nhiễm khuẩn huyết hoặc nguy cơ nhiễm khuẩn huyết có được phép bắt đầu điều trị không?"
../raw_data/wavs/voice-1944.wav,Sự giảm bạch cầu hạt (agranulocytosis) do Levamisole gây ra thường được xếp vào tần suất phát triển nào trong các nghiên cứu?
../raw_data/wavs/voice-1945.wav,"Trong tình huống quá liều paliperidone, tại sao việc duy trì và thiết lập đường thở thông thoáng là ưu tiên hàng đầu trước khi xem xét các biện pháp điều trị triệu chứng cụ thể như dùng thuốc kháng cholinergic cho các triệu chứng ngoại tháp?"
../raw_data/wavs/voice-1946.wav,"Cơ chế chuyển hóa sinh học chủ yếu của Permethrin trong cơ thể người thông qua quá trình thủy phân este để tạo ra các chất chuyển hóa không hoạt động, và cơ quan nào chịu trách nhiệm chính bài tiết các chất chuyển hóa này?"
../raw_data/wavs/voice-1947.wav,"Đối với bệnh nhân có chỉ số aminotransferase huyết thanh (ALT hoặc AST) từ 3 lần đến dưới 5 lần ULN kèm theo bilirubin toàn phần từ 1,5 lần đến dưới 2 lần ULN, hướng xử trí điều trị daclizumab như thế nào?"
../raw_data/wavs/voice-1948.wav,"Nếu một bệnh nhân có tiền sử gia đình bị hen phế quản, Cefdinir cần được quản lý như thế nào trong suốt quá trình điều trị?"
../raw_data/wavs/voice-1949.wav,Mức tuổi tối thiểu nào được quy định cụ thể trong chống chỉ định điều trị trẻ em bằng etanercept đối với bệnh mảng vảy nến?
../raw_data/wavs/voice-1950.wav,"Nếu bệnh nhân đang điều trị bằng Dolasetron và cần dùng đồng thời thuốc kháng sinh Macrolide, nguy cơ lâm sàng cụ thể nào cần được quản lý?"
../raw_data/wavs/voice-1951.wav,"Tính toán liều lượng Cilastatin tối đa cho bệnh nhân suy thận cần điều chỉnh dựa trên độ thanh thải thận là 0,10 L/giờ/kg?"
../raw_data/wavs/voice-1952.wav,"Do Floxuridine được chỉ định trong các phác đồ hóa trị đặc biệt lâm sàng (thường là truyền liên tục qua đường động mạch), tại sao khả năng quên liều gần như không thể xảy ra và cần có sự can thiệp nào từ phía bệnh nhân nếu trường hợp này hi hữu xuất hiện?"
../raw_data/wavs/voice-1953.wav,"Ngoài chỉ định chính là co thắt mạch sau xuất huyết dưới màng nhện, Nimodipine còn được đề cập đến trong chỉ định dự phòng hay điều trị tình trạng nào khác?"
../raw_data/wavs/voice-1954.wav,"Vì sao Diazepam lại được chỉ định hiệu quả trong điều trị hội chứng cai rượu cấp tính, và cơ chế hóa học - sinh học nào giúp thuốc kiểm soát được các triệu chứng kích động, run giật và co giật trong tình trạng này?"
../raw_data/wavs/voice-1955.wav,"Trong respecto dung dịch nhỏ mũi chứa sự kết hợp giữa Menthol và Chlorobutanol hemihydrate, nồng độ (mg/100ml) của từng hoạt chất này là bao nhiêu?"
../raw_data/wavs/voice-1956.wav,"Thời gian bán thải của Perampanel khi dùng đơn thuần trung bình là bao nhiêu giờ, và cơ chế dược động học nào giải thích cho sự thay đổi này khi bệnh nhân dùng đồng thời với carbamazepine?"
../raw_data/wavs/voice-1957.wav,"Tổng liều Iron Dextran tiêm cho trẻ em cân nặng từ 5–15 kg được tính theo công thức [0,0442 x Wt x (12 - Hb0)] + (0,26 x Wt). Hãy so sánh với công thức cho người lớn và giải thích tại sao chỉ số 12 (g/dl) thay thế cho chỉ số 14,8 trong công thức?"
../raw_data/wavs/voice-1958.wav,"Cơ chế phân tử cụ thể nào cho phép Fulvestrant thực hiện chức năng đối kháng thụ thể estrogen hoàn toàn (pure antagonist) mà không có bất kỳ hoạt tính chủ vận nào (agonist), và điều này khác biệt thế nào so với các chất điều hòa thụ thể estrogen chọn lọc (SERM) như Tamoxifen?"
../raw_data/wavs/voice-1959.wav,"Nếu tiêm truyền Nimodipine qua catheter ngoại biên không đúng kỹ thuật, nguy cơ viêm tắc tĩnh mạch xuất phát từ thành phần tá dược nào trong dịch tiêm truyền?"
../raw_data/wavs/voice-1960.wav,Trong các tình huống lâm sàng nào Acarbose được chỉ định là thuốc đơn trị liệu thay vì phối hợp?
../raw_data/wavs/voice-1961.wav,Dexibuprofen là một thuốc chống viêm không steroid (NSAID). Hoạt chất này ức chế tổng hợp prostaglandin thông qua cơ chế nào?
../raw_data/wavs/voice-1962.wav,"Trong bối cảnh dược điển, Levobupivacaine được phân loại là thuốc gây tê loại nào và cơ chế phân bố chính trong huyết tương của nó được thể hiện qua số liệu nào?"
../raw_data/wavs/voice-1963.wav,"Việc sử dụng đồng thời paliperidone với carbamazepine 200 mg hai lần/ngày có cơ sở dược động học nào dẫn đến sự giảm AUC trung bình ở trạng thái ổn định của paliperidone khoảng 37%, và cơ chế chuyển hóa cụ thể nào của paliperidone bị ảnh hưởng?"
../raw_data/wavs/voice-1964.wav,Tại sao việc sử dụng Betaxolol đồng thời với các thuốc ức chế alpha-adrenergic (như phenothiazin) có thể dẫn đến nguy cơ hạ huyết áp quá mức?
../raw_data/wavs/voice-1965.wav,"Theo thang đo FDA về điều chỉnh liều ở bệnh nhân suy gan, nếu chỉ số bilirubin huyết thanh nằm trong khoảng 1.5 - 3 mg/100 ml hoặc AST tăng lên khoảng 60 - 180 đơn vị, cơ chế lâm sàng nào biện minh cho việc giảm 50% liều Vinblastine thay vì ngưng thuốc hoàn toàn?"
../raw_data/wavs/voice-1966.wav,"Đối với bệnh nhân suy gan nhẹ đến vừa, tại sao liều duy nhất tối đa của Sumatriptan chỉ được phép là 50 mg?"
../raw_data/wavs/voice-1967.wav,"Việc đường uống Zinc gluconate ở dạng viên ngậm có thể gây kích ứng miệng cụ thể như thế nào, và tình trạng này khác biệt cơ bản so với các tác dụng phụ tiêu hóa (như buồn nôn, nôn) do cơ chế nào?"
../raw_data/wavs/voice-1968.wav,"Nếu bệnh nhân không thể dung nạp liều lượng quy định do xuất hiện độc tính mức độ 2, 3, hoặc 4 trong một chu kỳ điều trị, luồng xử lý liều lượng cho các chu kỳ tiếp theo được hướng dẫn như thế nào?"
../raw_data/wavs/voice-1969.wav,Tại sao Cyclizine được đề cập trong tương tác thuốc nhưng không có mô tả về tác dụng đối kháng cụ thể?
../raw_data/wavs/voice-1970.wav,Thiếu sót về bằng chứng khoa học nào khiến các nhà sản xuất khuyến cáo phụ nữ mang thai không nên sử dụng Phosphatidyl serine?
../raw_data/wavs/voice-1971.wav,"Dựa trên cơ chế dược lý làm suy nhược hệ thần kinh trung ương, tại sao cần phải điều chỉnh liều lượng quazepam khi dùng đồng thời với các thuốc kháng histamine?"
../raw_data/wavs/voice-1972.wav,"Trong trường hợp quá liều Sumatriptan, tại sao việc thẩm phân máu hoặc màng bụng lại được văn bản lưu ý là chưa biết tác dụng?"
../raw_data/wavs/voice-1973.wav,"Hoạt chất Menthol được mô tả là một dẫn xuất terpene; dựa trên cơ chế dược lý học, tại sao hợp chất này lại có khả năng làm giảm ngưỡng co giật ở hệ thần kinh trung ương?"
../raw_data/wavs/voice-1974.wav,"So với cơ chế chuyển hóa sinh học, Piracetam khác biệt gì về thời gian bán thải trong huyết tương và dịch não tủy?"
../raw_data/wavs/voice-1975.wav,Tại sao Demeclocycline có thể được sử dụng như một phương pháp điều trị thay thế cho các thuốc chống bài niệu (diuretics) trong trường hợp hội chứng tăng tiết hormone chống bài niệu (SIADH)?
../raw_data/wavs/voice-1976.wav,Cơ chế hóa-pharmacodynamic nào khiến Rocuronium bromide bị đối kháng hiệu quả bởi các thuốc ức chế acetylcholinesterase (như Neostigmine) khi có sự hiện diện của các thuốc gây mê giảm đau mạnh?
../raw_data/wavs/voice-1977.wav,Hành động cụ thể nào cần thực hiện ngay lập tức nếu bệnh nhân lỡ quên một liều Nimodipine trong khi khoảng thời gian trôi qua đã vượt quá 4 giờ nhưng vẫn gần với liều tiếp theo?
../raw_data/wavs/voice-1978.wav,Vì sao Sumatriptan không được chỉ định để dự phòng các cơn đau nửa đầu?
../raw_data/wavs/voice-1979.wav,"Khi kê đơn gel bôi da chứa hoạt chất Menthol 2,5% và Long não 0,5%, bác sĩ cần căn dặn bệnh nhân những gì để phòng tránh rủi ro hít phải hơi thuốc vào đường hô hấp hoặc hấp thụ quá liều qua da?"
../raw_data/wavs/voice-1980.wav,Gemifloxacin có khả năng gây nhạy cảm ánh sáng. Biểu hiện lâm sàng cụ thể của tác dụng phụ này trên da là gì?
../raw_data/wavs/voice-1981.wav,Vì sao Iron Dextran chứa chất bảo quản phenol lại chỉ được chỉ định dùng cho đường tiêm bắp mà không được dùng cho đường tiêm tĩnh mạch?
../raw_data/wavs/voice-1982.wav,"Nếu không thể chấm dứt điều trị bằng Haloperidol đột ngột ở bệnh nhân cao tuổi bị sa sút trí tuệ, nguy cơ gì sẽ xảy ra?"
../raw_data/wavs/voice-1983.wav,"Đối với liệu pháp điều trị liên tục, văn bản khuyến nghị thời gian sử dụng diazepam tối đa là bao lâu để tránh nguy cơ nghiện thuốc?"
../raw_data/wavs/voice-1984.wav,"Về mặt cơ chế sinh hóa, norfloxacin gây bất hoạt vi khuẩn thông qua việc ức chế các enzym nào quan trọng cho quá trình tái sinh sản DNA?"
../raw_data/wavs/voice-1985.wav,"Tốc độ truyền tĩnh mạch tối đa của Anidulafungin là bao nhiêu? Nếu vượt quá ngưỡng này, những phản ứng liên quan đến truyền dịch nào có thể xảy ra?"
../raw_data/wavs/voice-1986.wav,"Trong điều trị bệnh giun lươn (Strongyloidiasis), tại sao phác đồ liều duy nhất 50 mg/kg/ngày thường ít được ưu tiên so với phác đồ 2 lần/ngày x 2 ngày liên tiếp bất chấp việc cả hai đều được đề cập?"
../raw_data/wavs/voice-1987.wav,Tại sao Iron Dextran đường tiêm bắp lại chống chỉ định tuyệt đối ở trẻ sơ sinh dưới 4 tháng tuổi?
../raw_data/wavs/voice-1988.wav,Chất chuyển hóa 17-desacetylrocuronium của Rocuronium bromide có vai trò thế nào trong độc tính lâm sàng?
../raw_data/wavs/voice-1989.wav,Thiabendazole sau khi uống sẽ đạt nồng độ đỉnh trong máu trong khoảng thời gian nào?
../raw_data/wavs/voice-1990.wav,"So sánh về bản chất hóa học và nguồn gốc, Permethrin có quan hệ gì với Pyrethrins tự nhiên?"
../raw_data/wavs/voice-1991.wav,Gatifloxacin thuộc nhóm kháng sinh nào và cơ chế diệt khuẩn của nó được thực hiện thông qua việc ức chế những enzym nào cụ thể trong tế bào vi khuẩn?
../raw_data/wavs/voice-1992.wav,"Nếu bệnh nhân lỡ quên uống một liều gemifloxacin và thời điểm nhớ ra đã gần với liều kế tiếp theo lịch trình, hành động đúng theo phác đồ là gì?"
../raw_data/wavs/voice-1993.wav,"Nebivolol có thể che giấu các dấu hiệu lâm sàng nào của tình trạng hạ đường huyết, và tại sao điều này gây nguy hiểm cho bệnh nhân?"
../raw_data/wavs/voice-1994.wav,"Phosphatidyl serine đã được tách chiết từ lipid não gọi là cephalin, vậy cephalin chính bao gồm những phospholipid nào ngoài hoạt chất này?"
../raw_data/wavs/voice-1995.wav,So sánh cơ chế tăng Ngõ vào (Influx) vào tế bào ung thư giữa thuốc Vinblastine và các chất ức chế P-glycoprotein (P-gp) như Dasatinib hoặc Lopinavir khi sử dụng đồng thời?
../raw_data/wavs/voice-1996.wav,"Dựa trên nguồn nguyên liệu ban đầu, hoạt chất Methyl Gluceth-20 được tổng hợp thông qua quá trình metanolysis (phân hủy bằng methanol) của polysaccharide nào?"
../raw_data/wavs/voice-1997.wav,"FDA đã phân loại Zinc chloride vào nhóm nào (A, B, C, D, X) đối với thai kỳ, và cơ sở dữ liệu nghiên cứu nào hiện không có sẵn?"
../raw_data/wavs/voice-1998.wav,Mô tả chi tiết quá trình trao đổi ion ở cấp độ phân tử (thuộc tính hóa học) của Tolevamer tại niêm mạc ruột già để loại bỏ ion Kali ra khỏi cơ thể.
../raw_data/wavs/voice-1999.wav,"Đối với bệnh nhân suy thận có độ thanh thải creatinin (Clcr) dao động trong khoảng 50 đến 79 mL/phút, việc sử dụng paliperidone tablet cần tuân theo quy tắc điều chỉnh liều lượng nào để đảm bảo an toàn?"
../raw_data/wavs/voice-2000.wav,"Người dị ứng với động vật có vỏ cần lựa chọn nguồn gốc chiết xuất Phosphatidyl serine nào để đảm bảo an toàn, và cơ chế sinh hóa nào trong quá trình chuyển hóa ở niêm mạc ruột non?"
../raw_data/wavs/voice-2001.wav,"Thể tích phân bố (Vd) của Nimodipine được ghi nhận nằm trong phạm vi nào, và chỉ số này có ý nghĩa gì đối với khả năng thấm qua hàng rào máu-não?"
../raw_data/wavs/voice-2002.wav,"Nếu một liều glucosamine bị bỏ lỡ và thời gian nhớ ra gần với giờ dùng liều tiếp theo, bệnh nhân nên tuân thủ nguyên tắc nào về phác đồ liều lượng để đảm bảo an toàn dược lý?"
../raw_data/wavs/voice-2003.wav,Phải làm gì nếu việc sử dụng thuốc ức chế acetylcholinesterase để đảo ngược tác dụng của Rocuronium bromide sau quá liều?
../raw_data/wavs/voice-2004.wav,"So với bệnh nhân suy gan, bệnh nhân suy thận mức độ nặng cần điều chỉnh liều Piracetam như thế nào?"
../raw_data/wavs/voice-2005.wav,"Cơ chế nào giải thích cho việc paliperidone, một chất đối kháng D2 thụ thể dopamine, lại có tần suất gây ra tác dụng phụ ngoại tháp (ví dụ: chứng giữ nguyên tư thế) thấp hơn so với các thuốc an thần kinh điển truyền thống?"
../raw_data/wavs/voice-2006.wav,"Dựa trên đặc điểm dược động học, tại sao gadopentetic acid được xem là an toàn để sử dụng ở những bệnh nhân có hàng rào máu não nguyên vẹn?"
../raw_data/wavs/voice-2007.wav,Phụ nữ nuôi con bú cần lưu ý điều gì về cơ chế và bằng chứng nghiên cứu khi sử dụng L-cystine?
../raw_data/wavs/voice-2008.wav,"Trong bối cảnh Diphenoxylate có sinh khả dụng viên nén xấp xỉ 90%, cơ chế chuyển hóa pha I chủ yếu tại gan tạo ra axit diphenoxylic có ảnh hưởng thế nào đến định lượng liều lượng thuốc thải trừ qua phân so với nước tiểu?"
../raw_data/wavs/voice-2009.wav,"Tại sao Cimetidine có thể gây ra tình trạng lú lẫn hồi phục được ở người cao tuổi và người bệnh nặng, liên quan đến động học và dược động học thần kinh trung ương?"
../raw_data/wavs/voice-2010.wav,Mối quan hệ giữa việc sử dụng Piracetam và thuốc kháng đông Warfarin có ảnh hưởng đến thời gian prothrombin của bệnh nhân không?
../raw_data/wavs/voice-2011.wav,"Tổng lượng hoạt tính phóng xạ trong huyết tương sau khi uống một liều đơn Tioguanine được đánh dấu bằng 35S đạt mức cao nhất sau bao nhiêu giờ, và điều này nói lên điều gì về tốc độ hấp thu?"
../raw_data/wavs/voice-2012.wav,"Tại sao Lansoprazole có thể làm giảm sinh khả dụng của các thuốc kháng nấm nhóm azol (như ketoconazol, itraconazol) và các thuốc ức chế protease HIV (như atazanavir)?"
../raw_data/wavs/voice-2013.wav,Biện pháp cấp cứu ban đầu nào được khuyến cáo để xử lý tình trạng quá liều Nimodipine?
../raw_data/wavs/voice-2014.wav,"Nếu một liều Rifaximin bị quên dùng và thời gian nhớ ra gần kề với liều kế tiếp theo lịch trình, bệnh nhân cần tuân thủ chính xác quy tắc nào?"
../raw_data/wavs/voice-2015.wav,Mô hình hai ngăn (two-compartment model) trong dược động học của Zinc chloride cung cấp những thông số nào về chu kỳ bán rã và độ thanh thải?
../raw_data/wavs/voice-2016.wav,"Tại sao không tồn tại thuốc giải độc đặc hiệu cho tình trạng quá liều Semaglutide, và cơ chế nào khiến các biện pháp điều trị triệu chứng trở nên cần thiết?"
../raw_data/wavs/voice-2017.wav,"Vì sao Nebivolol được chỉ định dùng ""trong hoặc ngoài bữa ăn"" và không bị ảnh hưởng bởi thức ăn, trong khi nhiều thuốc chẹn beta khác lại cần lưu ý?"
../raw_data/wavs/voice-2018.wav,"Việc điều trị lâu dài bằng thuốc ức chế bơm proton (PPI) dẫn đến hạ magne máu thông qua cơ chế nào, và Magnesium citrate được dùng để bù trừ hay điều chỉnh cơ chế sinh lý nào trong tình trạng này?"
../raw_data/wavs/voice-2019.wav,Sự khác biệt về nguy cơ té ngã và chấn thương nghiêm trọng khi sử dụng Bromazepam ở nhóm bệnh nhân người cao tuổi so với nhóm người trưởng thành khỏe mạnh là gì?
../raw_data/wavs/voice-2020.wav,"Theo văn bản, việc sử dụng mometason furoat tại chỗ có thể làm nặng thêm các bệnh nhiễm trùng tiềm ẩn nào cụ thể?"
../raw_data/wavs/voice-2021.wav,"Mặc dù có cơ chế kích thích tiết dịch phế quản, tại sao Terpin Hydrate lại có thể gây nguy cơ giữ đờm (sputum retention) cho bệnh nhân mắc bệnh phế quản mãn tính?"
../raw_data/wavs/voice-2022.wav,"Dựa trên các nghiên cứu in vitro, các enzym đồng dạng CYP nào trung gian chuyển hóa Levobupivacaine? Hãy giải thích tại sao việc đồng thời sử dụng các chất ức chế CYP3A4 như Ketoconazole tiềm ẩn nguy cơ tương tác dược lý cần theo dõi chặt chẽ?"
../raw_data/wavs/voice-2023.wav,Liều lượng Cyclophosphamide đường tiêm tĩnh mạch đối với bệnh nhân ung thư ác tính điều trị không liên tục (liều cao) được tính toán dựa trên công thức nào?
../raw_data/wavs/voice-2024.wav,Liên kết protein của kẽm trong huyết tương là bao nhiêu và cơ quan nào lưu trữ hơn 85% lượng kẽm trong cơ thể?
../raw_data/wavs/voice-2025.wav,"Khi sử dụng đồng thời Gliclazide với Miconazole dạng gel bôi miệng (thuốc kháng nấm tại chỗ), cơ chế tương tác dược động học nào xảy ra dẫn đến nguy cơ tăng tác dụng hạ glucose huyết đến mức cần phải điều chỉnh liều?"
../raw_data/wavs/voice-2026.wav,"Ngoài các chỉ định chính thức về suy giảm hydroxyl hóa 1-α, Alfacalcidol còn được sử dụng trong điều trị bệnh còi xương kháng vitamin D. Phân tích cơ chế bệnh sinh của loại còi xương này để giải thích hiệu quả của Alfacalcidol?"
../raw_data/wavs/voice-2027.wav,"Quá trình chuyển hóa của kem bôi bạc sulfadiazine tại chỗ diễn ra như thế nào khi tiếp xúc với mô hoại tử và dịch cơ thể, và vai trò của natri clorid trong phản ứng này là gì?"
../raw_data/wavs/voice-2028.wav,"Tốc độ hấp thu của Vardenafil được thể hiện qua chỉ số sinh khả dụng tuyệt đối đường uống trung bình bao nhiêu phần trăm, và chỉ số này có ý nghĩa gì trong việc so sánh hiệu quả sinh khả dụng giữa đường uống và đường tiêm?"
../raw_data/wavs/voice-2029.wav,Tại sao Clenbuterol có thể gây ra tình trạng tăng đường huyết ở bệnh nhân đái tháo đường?
../raw_data/wavs/voice-2030.wav,"Trong trường hợp bệnh nhân có tiền sử viêm bàng quang xuất huyết hoặc nhiễm khuẩn tiết niệu cấp tính, Cyclophosphamide có được chỉ định hay không?"
../raw_data/wavs/voice-2031.wav,"Trong phác đồ tiệt trừ vi khuẩn H. pylori sử dụng phối hợp 3 thuốc, tại sao tất cả các loại thuốc (Lansoprazole, Amoxicillin, Clarithromycin) đều được yêu cầu uống trước bữa ăn và cách nhau 12 giờ?"
../raw_data/wavs/voice-2032.wav,Permethrin là một chất dẫn xuất tổng hợp thuộc nhóm hợp chất tự nhiên nào có nguồn gốc từ thực vật họ cúc?
../raw_data/wavs/voice-2033.wav,"Dựa trên đặc tính dược động học, tại sao hoạt chất Benzoin trong viên ngậm lại tạo ra tác dụng trị liệu tại chỗ ở khoang miệng mà không cần quá trình hấp thu vào hệ tuần hoàn toàn thân?"
../raw_data/wavs/voice-2034.wav,"Tại sao Zinc chloride lại bị chống chỉ định tiêm bắp, và cơ chế gây kích thích mô nào dẫn đến quyết định này?"
../raw_data/wavs/voice-2035.wav,"Dựa trên cơ sở nào mà Sulbutiamine bị chống chỉ định hoặc không khuyến cáo sử dụng cho đối tượng trẻ em và thanh thiếu niên, trong khi hoạt chất này là dẫn xuất của Vitamin B1 vốn cần thiết cho sự phát triển?"
../raw_data/wavs/voice-2036.wav,"Tại sao Artemisia absinthium chống chỉ định tuyệt đối đối với phụ nữ mang thai, cần phân tích chi tiết dựa trên tương tác dược lý tại cơ quan đích?"
../raw_data/wavs/voice-2037.wav,"Đối với trường hợp quên liều Haloperidol, bệnh nhân có được bù liều bằng cách dùng gấp đôi liều đã quy định hay không?"
../raw_data/wavs/voice-2038.wav,Enzyme CYP450 nào tham gia vào quá trình chuyển hóa Sitagliptin và đặc điểm gì khác biệt về tính chất dược lý của các sản phẩm chuyển hóa này?
../raw_data/wavs/voice-2039.wav,"Tại sao Codeine được cảnh báo là có thể gây ra các triệu chứng cai nghiện opioid ở trẻ sơ sinh khi sử dụng ở giai đoạn cuối thai kỳ, trong khi lại gây nguy cơ dị tật đường hô hấp ở giai đoạn đầu thai kỳ?"
../raw_data/wavs/voice-2040.wav,"Khi norfloxacin bị quá liều dẫn đến kéo dài khoảng QT, cơ chế điều trị triệu chứng và hỗ trợ hiện tại là gì?"
../raw_data/wavs/voice-2041.wav,"Liên quan đến vấn đề an toàn khi dùng thuốc cho phụ nữ có thai, vì sao các hướng dẫn lại ghi nhận 'không có báo cáo' về tác dụng phụ, và điều này có hàm ý gì về việc sử dụng Azelaic acid ở đối tượng này?"
../raw_data/wavs/voice-2042.wav,Sevoflurane làm tăng cả cường độ và thời gian tác dụng giãn cơ của các thuốc giãn cơ không khử cực; cơ chế dược lực học nào giải thích cho sự tương tác này?
../raw_data/wavs/voice-2043.wav,"Hai enzyme gan nội bào nào chủ yếu tham gia vào con đường chuyển hóa Sorbitol, và substrat cuối cùng của các phản ứng này là gì?"
../raw_data/wavs/voice-2044.wav,Điều kiện lý tưởng nào về nồng độ và dạng bào chế được chỉ định cho Polyvinyl alcohol trong điều trị khô mắt?
../raw_data/wavs/voice-2045.wav,"Theo các báo cáo về độc tính gan liên quan đến glucosamine (đơn độc hoặc phối hợp với chondroitin), tình trạng tăng enzym gan thường có xu hướng tiến triển ra sao sau khi ngưng sử dụng thuốc?"
../raw_data/wavs/voice-2046.wav,Việc kiểm tra sinh thiết nội mạc tử cung được chỉ định khi nào đối với bệnh nhân đang điều trị bằng ospemifene?
../raw_data/wavs/voice-2047.wav,"Tại sao Rifaximin không được chỉ định để điều trị các bệnh nhiễm khuẩn toàn thân, ngay cả khi thuốc có khả năng diệt khuẩn?"
../raw_data/wavs/voice-2048.wav,"Nếu bệnh nhân nhớ ra đã bỏ lỡ một liều Demeclocycline nhưng thời điểm đó chỉ cách liều kế tiếp 2 giờ, bệnh nhân nên làm gì?"
../raw_data/wavs/voice-2049.wav,"Khi bệnh nhân bị quá liều Lansoprazole với các triệu chứng như hạ thân nhiệt, co giật và giảm tần số hô hấp, phương pháp điều trị hỗ trợ nào được chỉ định và tại sao?"
../raw_data/wavs/voice-2050.wav,Tại sao Bromazepam được cảnh cáo là không nên dùng đơn lều trong phác đồ điều trị ban đầu các bệnh lý rối loạn tâm thần ở bệnh nhân có triệu chứng trầm cảm?
../raw_data/wavs/voice-2051.wav,Nồng độ hormone sinh dục được thải trừ qua đường nào sau khi Norgestimate được chuyển hóa ở gan?
../raw_data/wavs/voice-2052.wav,"Ngoài chỉ định điều trị chứng chóng mặt, Piracetam còn được dùng để hỗ trợ điều trị cho đối tượng bệnh nhân nào liên quan đến cơ chế hưng trí?"
../raw_data/wavs/voice-2053.wav,"Trong bối cảnh lâm sàng, làm thế nào để tính toán chính xác dung tích pha loãng cần thiết để chuẩn bị liều tiêm truyền tĩnh mạch 100 mg Tigecycline từ các lọ bột đông khô 50 mg, dựa trên quy trình hoàn nguyên ban đầu?"
../raw_data/wavs/voice-2054.wav,Kê đơn colesevelam cho phụ nữ cho con bú cần tuân theo nguyên tắc thận trọng nào khi không có dữ liệu an toàn cụ thể?
../raw_data/wavs/voice-2055.wav,"Tại sao Bromazepam có khả năng lạm dụng lớn hơn một số thuốc benzodiazepin khác theo các chuyên gia tâm thần, và yếu tố dược động học nào tạo ra sự khác biệt này?"
../raw_data/wavs/voice-2056.wav,Vì sao bệnh nhân sử dụng exenatide phóng thích tức thời bị quên liều cần phải bỏ qua liều đó thay vì bù liều sau này?
../raw_data/wavs/voice-2057.wav,Hoạt chất Zinc chloride bị chống chỉ định tiêm trực tiếp vào tĩnh mạch ngoại vi do những rủi ro nào về đặc tính lý hóa và cơ chế gây tổn thương mô?
../raw_data/wavs/voice-2058.wav,"Nếu bệnh nhân lỡ quên một liều capecitabine nhưng thời điểm phát hiện đã rất sát với giờ uống liều kế tiếp theo lịch trình, bệnh nhân có nên bù liều ngay lập tức hay không, và giải thích tại sao?"
../raw_data/wavs/voice-2059.wav,"Khi nào Deferiprone được chỉ định như một liệu pháp kết hợp (combination therapy) thay vì đơn trị liệu trong quản lý quá tải sắt do thalassemia thể nặng, và ngưỡng nồng độ ferritin huyết thanh nào khiến việc kết hợp này trở nên không khuyến cáo?"
../raw_data/wavs/voice-2060.wav,"Điều gì xảy ra với sinh khả dụng của Lovastatin nếu bệnh nhân uống thuốc cùng lúc với nước ép bưởi, và cơ chế nào gây ra sự tương tác này?"
../raw_data/wavs/voice-2061.wav,"Ngoài các triệu chứng như tê, ngứa và nóng rát tại chỗ, Permethrin có thể gây ra những tác dụng dị ứng nghiêm trọng nào khác như sưng nề?"
../raw_data/wavs/voice-2062.wav,"Dựa trên cơ chế ức chế enzym dehydropeptidase I (DHP-I) tại thận, tại sao Cilastatin khi kết hợp với Imipenem lại có thể làm giảm nguy cơ độc tính trên thận so với việc sử dụng Imipenem đơn độc?"
../raw_data/wavs/voice-2063.wav,Nhóm thuốc ức chế CYP3A4/CYP3A5 nào làm tăng nồng độ Saxagliptin trong huyết tương buộc phải điều chỉnh liều?
../raw_data/wavs/voice-2064.wav,"Nếu tự ý ngừng thuốc đột ngột, Piracetam có nguy cơ gây ra biến chứng gì cho bệnh nhân đang điều trị?"
../raw_data/wavs/voice-2065.wav,"Ngoài chỉ định nhiễm khuẩn thông thường, Demeclocycline có hiệu quả cao trong điều trị các bệnh nhiễm trùng do tác nhân nào?"
../raw_data/wavs/voice-2066.wav,"Ngoài việc gây mất ngủ, Phosphatidyl serine ở liều cao có khả năng kích thích nhẹ hay gây ra các thay đổi tâm trạng nào khác?"
../raw_data/wavs/voice-2067.wav,"Sitagliptin làm tăng cường hoạt động của incretin bằng cách nào, và cơ chế nào giúp hormone GLP-1 có khả năng điều hòa glucose một cách phụ thuộc vào nồng độ?"
../raw_data/wavs/voice-2068.wav,"Zafirlukast ức chế các isoenzyme CYP3A4 và CYP2C9 ở nồng độ gần với nồng độ huyết tương trên lâm sàng. Điều này có ý nghĩa gì về tương tác thuốc toàn thân, khác biệt so với cơ chế đối kháng thụ thể leukotriene tại phế quản?"
../raw_data/wavs/voice-2069.wav,So sánh về khả năng chuyển hóa sinh học ở gan và tốc độ thải trừ qua phổi giữa desflurane và isoflurane dựa trên các chỉ số FA/FAO?
../raw_data/wavs/voice-2070.wav,"Dựa trên bản mô tả dược lực học, cơ chế diệt ký sinh trùng của thiabendazole được suy luận như thế nào khi chưa có xác nhận chính thức?"
../raw_data/wavs/voice-2071.wav,Kết quả nồng độ đỉnh trung bình trong huyết thanh (tính bằng nanogam/ml) được ghi nhận sau 6 lần bôi miconazole kem tại âm hộ - âm đạo trong phác đồ 14 ngày là bao nhiêu?
../raw_data/wavs/voice-2072.wav,"Theo phân loại thai kỳ của FDA, kẽm clorua thuộc nhóm nào và sinh vật mẫu nào được dùng để nghiên cứu khả năng gây hại trên thai nhi?"
../raw_data/wavs/voice-2073.wav,Phụ nữ đang cho con bú nếu sử dụng Chlorpropamide sẽ gặp phải vấn đề gì?
../raw_data/wavs/voice-2074.wav,"Tại sao Flumazenil có thể sử dụng để điều trị ngộ độc Benzodiazepin, và nó tương tác thế nào với thụ thể benzodiazepin so với Diazepam? Hãy phân tích cơ chế đối kháng cạnh tranh và ý nghĩa lâm sàng của nó trong xử trí quá liều."
../raw_data/wavs/voice-2075.wav,"Cơ chế enzyme nào của Anidulafungin giải thích cho sự tương tác thuốc giữa nó và Cyclosporin, và tại sao sự tương tác này không đòi hỏi điều chỉnh liều lượng?"
../raw_data/wavs/voice-2076.wav,"So với các thuốc kháng muscarinic (anticholinergic) truyền thống trong điều trị bàng quang tăng hoạt, cơ chế tác động của Mirabegron khác biệt như thế nào và tại sao điều này giúp giảm thiểu tác dụng phụ như khô miệng?"
../raw_data/wavs/voice-2077.wav,Phenoxybenzamine có khả năng 'đảo ngược epinephrine'. Xin giải thích cơ chế dẫn đến sự đảo ngược tác dụng tăng áp của epinephrine và sự khác biệt này so với tương tác của thuốc đối với norepinephrine.
../raw_data/wavs/voice-2078.wav,Lansoprazole được chuyển hóa ở gan bởi hệ enzym cytochrom P450. Cơ chế nào giải thích cho việc Rifampicin (một chất cảm ứng enzym CYP2C19 và CYP3A4) làm giảm nồng độ Lansoprazole trong huyết tương?
../raw_data/wavs/voice-2079.wav,"Sự khác biệt đáng kể giữa thời gian bán thải của Polyvinyl alcohol khi dùng đường nhỏ mắt (khoảng 7,2 phút) so với đường tiêm tĩnh mạch (90 phút) hàm ý điều gì về động học phân bố của thuốc?"
../raw_data/wavs/voice-2080.wav,"Dựa trên đặc điểm thải trừ, cần điều chỉnh liều lượng như thế nào cho bệnh nhân suy gan (Child-Pugh A hoặc B) so với bệnh nhân suy thận?"
../raw_data/wavs/voice-2081.wav,Phân tích vai trò và sự khác biệt hoạt tính dược lý giữa 4-Hydroxyatomoxetine (chuyển hóa chính) và N-Desmethylatomoxetine đối với quá trình ức chế các chất vận chuyển noradrenaline và serotonin.
../raw_data/wavs/voice-2082.wav,"Gemifloxacin ít gây ảnh hưởng đến hệ thống cytochrom P450. Dựa trên đặc điểm này, tương tác thuốc loại nào ít có nguy cơ xảy ra với gemifloxacin?"
../raw_data/wavs/voice-2083.wav,"Trên bệnh nhân bị chứng u tế bào ưa sắc tố chưa được điều trị, Nebivolol gây nguy cơ gì và thuốc nào nên được dùng trước khi bắt đầu liệu pháp chẹn beta?"
../raw_data/wavs/voice-2084.wav,Tại sao cần thận trọng khi dùng đồng thời Rocuronium bromide với các kháng sinhaminosid (như Streptomycin) ở bệnh nhân có chức năng gan-thận bình thường?
../raw_data/wavs/voice-2085.wav,Thay đổi pH nước tiểu ảnh hưởng thế nào đến tốc độ thải trừ của Chlorpropamide?
../raw_data/wavs/voice-2086.wav,"Trong chỉ định kết hợp với insulin nền, exenatide được chỉ định khi nào?"
../raw_data/wavs/voice-2087.wav,Desflurane tác động lên các thụ thể glycine và glutamate trong cơ chế gây mê như thế nào?
../raw_data/wavs/voice-2088.wav,"Ngoài các phản ứng dị ứng như sốc phản vệ, Levobupivacaine có thể gây ra các biến chứng thần kinh tạm thời hoặc vĩnh viễn nào nếu xảy ra tình trạng tiêm nội mạch vô ý hoặc dùng liều lượng lớn?"
../raw_data/wavs/voice-2089.wav,"Trong bối cảnh quản lý y tế thường quy, nếu một bệnh nhân quên uống Pancrelipase vào lúc dùng bữa chính, phương pháp tối ưu để bù lại liều đã quên là gì?"
../raw_data/wavs/voice-2090.wav,"Vì sao Carbamazepine làm giảm đáng kể nồng độ trong huyết tương của Tenofovir alafenamide và sinh khả dụng, và việc điều chỉnh liều tăng lên 50mg/ngày được khuyến cáo dựa trên cơ chế tương tác dược động học nào?"
../raw_data/wavs/voice-2091.wav,"Iloperidone được chuyển hóa chủ yếu bởi những enzym cytochrome P450 nào, và hai chất chuyển hóa chính của thuốc được đặt tên là gì?"
../raw_data/wavs/voice-2092.wav,"Ngoài việc sát trùng vết cắt, hoạt chất Benzoin còn được chỉ định như một chất kết dính để giữ băng tại chỗ. Cấu trúc hóa học nào của Benzoin cho phép nó thực hiện chức năng này?"
../raw_data/wavs/voice-2093.wav,"Tại sao Spinosad được chỉ định sử dụng trên da đầu trong điều kiện tóc khô, và cơ chế ảnh hưởng của việc làm ướt tóc trước khi thoa thuốc lên hoạt tính diệt côn trùng của Spinosyn A và Spinosyn D?"
../raw_data/wavs/voice-2094.wav,Naloxon là antidot được chỉ định trong trường hợp quá liều Codein. Terpin Hydrate có cơ chế tác dụng nào để làm giảm hiệu quả của Naloxon trong việc hồi phục hô hấp?
../raw_data/wavs/voice-2095.wav,"Nếu bệnh nhân quên không dùng liều Levobupivacaine theo kế hoạch, hướng dẫn xử trí c cụ thể là gì và nguyên tắc dược lý nào cản trở việc dùng liều bù?"
../raw_data/wavs/voice-2096.wav,"Ngoài việc kiểm soát huyết áp và lipid máu, bệnh nhân sử dụng Diethylstilbestrol cần tuân thủ những thay đổi lối sống nào khác để giảm thiểu rủi ro biến chứng?"
../raw_data/wavs/voice-2097.wav,"Giả sử một bệnh nhân đang trong phác đồ điều trị lao hàng ngày với liều Pyrazinamide 1.5g/viên, nếu họ quên dùng liều thuốc vào buổi sáng và nhận ra khi đã quá trưa, lời khuyên nào là phù hợp nhất?"
../raw_data/wavs/voice-2098.wav,"Trong dữ liệu dược động học được trích dẫn, glucosamine có sinh khả dụng tuyệt đối qua đường uống là bao nhiêu phần trăm, và nguyên nhân chính giải thích cho giá trị này là gì?"
../raw_data/wavs/voice-2099.wav,Cơ chế hướng đích (target) của desflurane tại hệ thần kinh trung ương liên quan đến các kênh ion và thụ thể nào để tạo ra trạng thái mê?
../raw_data/wavs/voice-2100.wav,Tại sao bệnh nhân cần được thông báo về hiện tượng nước tiểu đổi màu hơi đỏ khi sử dụng Rifaximin?
../raw_data/wavs/voice-2101.wav,Tại sao Dihydrocodeine được chỉ định 'giảm liều' ở người lớn tuổi nhưng lại yêu cầu không dùng cho trẻ em dưới 12 tuổi?
../raw_data/wavs/voice-2102.wav,"Trong bối cảnh y học cá nhân hóa, tại sao việc định lượng nồng độ Creatin Phosphokinase (CK) huyết thanh ở ngưỡng 3-10 lần giới hạn trên bình thường ở bệnh nhân dùng Lovastatin lại chỉ dẫn đến theo dõi hàng tuần thay vì ngay lập tức ngừng thuốc như ở ngưỡng >10 lần?"
../raw_data/wavs/voice-2103.wav,"Trong bối cảnh không có dữ liệu quá liều, cơ chế bảo vệ nào ngăn cản việc Polyvinyl alcohol gây ra các tổn thương toàn thân nghiêm trọng?"
../raw_data/wavs/voice-2104.wav,Phân loại thai kỳ theo FDA cho exenatide là gì?
../raw_data/wavs/voice-2105.wav,"Khi xảy ra quá liều thuốc nhỏ mắt Gatifloxacin, các hướng dẫn điều trị c cụ thể nào được cung cấp trong tài liệu?"
../raw_data/wavs/voice-2106.wav,"Trong điều trị ung thư vú di căn, tại sao sự kết hợp giữa capecitabine và docetaxel lại tạo ra hiệu quả hiệp đồng, và enzyme nào cụ thể trong môi trường khối u được docetaxel làm tăng lên?"
../raw_data/wavs/voice-2107.wav,Khác biệt về nguy cơ 'hội chứng cai thuốc' giữa việc sử dụng Dihydrocodeine ở phụ nữ mang thai so với bệnh nhân cai nghiện thông thường là gì?
../raw_data/wavs/voice-2108.wav,"Đối với bệnh nhân suy giảm chức năng thận (ClCr <30 ml/phút), thay vì hủy thủ thuật, bác sĩ cần tuân theo những biện pháp quản lý rủi ro nào nếu vẫn bắt buộc phải tiêm gadopentetic acid?"
../raw_data/wavs/voice-2109.wav,"Do Bromazepam có khả năng gây suy giảm chức năng tâm thần vận động và trí nhớ ngay sau khi dùng, bệnh nhân cần thực hiện biện pháp phòng ngừa nào để giảm thiểu rủi ro?"
../raw_data/wavs/voice-2110.wav,"Khi glucosamine được kê đơn cho bệnh nhân đang sử dụng warfarin, nguy cơ tương tác thuốc nào có thể xảy ra làm thay đổi mục tiêu điều trị?"
../raw_data/wavs/voice-2111.wav,"Nếu bệnh nhân lỡ quên một liều etanercept và phát hiện ra khi thời điểm tiêm liều kế tiếp đã rất gần, thao tác xử lý đúng theo hướng dẫn là gì?"
../raw_data/wavs/voice-2112.wav,"Dựa trên động lực học của Rimantadine Hydrochloride, cơ chế antiviral của thuốc này được đặc trưng bởi sự can thiệp vào protein M2 của virus cúm A. Cho biết, hoạt động ức chế này ảnh hưởng cụ thể đến quá trình nào của virus?"
../raw_data/wavs/voice-2113.wav,"Khi sử dụng Cyclophosphamide đường uống để ức chế miễn dịch trong bệnh viêm thận lupus, bệnh nhân cần tuân thủ liều lượng và thời gian điều trị nào?"
../raw_data/wavs/voice-2114.wav,"Trong bối cảnh điều trị viêm gan B, điều gì xảy ra với chỉ số Alanin aminotransferase (ALT) huyết thanh ở một số người bệnh sau khi bắt đầu điều trị bằng Tenofovir alafenamide, và nguy cơ này đặc biệt cao ở đối tượng nào?"
../raw_data/wavs/voice-2115.wav,"Glutathione được chỉ định cải thiện chỉ số sinh hóa trong trường hợp nào liên quan đến rối loạn chuyển hóa rượu, và cơ chế nào giúp thuốc bảo vệ tế bào gan trong viêm gan virus B, C, D?"
../raw_data/wavs/voice-2116.wav,"Phân tích cấu trúc IUPAC chính thức của Methyl Gluceth-20 (tên gọi alpha-Hydro-omega-hydroxypoly(oxy-1,2-ethanediyl) ether with methyl beta-D-glucopyranoside) cho thấy vị trí nào trên vòng pyranose của glucose được dùng để gắn ether?"
../raw_data/wavs/voice-2117.wav,"Tại sao Diphenoxylate được chống chỉ định tuyệt đối ở trẻ em dưới 6 tuổi đối với dạng viên nén, và cơ chế sinh bệnh lý nào liên quan đến rủi ro suy hô hấp nặng ở đối tượng này?"
../raw_data/wavs/voice-2118.wav,"Thời gian bán thải (half-life) của Semaglutide kéo dài bao lâu, và cơ sở nào cho phép nó tiêm mỗi tuần một lần?"
../raw_data/wavs/voice-2119.wav,"Nếu một bệnh nhân Parkinson bỏ lỡ việc dùng liều ropinirole phóng thích tức thời vào ban đêm và chỉ nhớ ra vào sáng hôm sau, cơ chế sinh lý nào cần được xem xét khi quyết định không dùng liều bù?"
../raw_data/wavs/voice-2120.wav,"Đối với bệnh nhân suy gan nặng, cần tuân thủ quy định điều chỉnh liều nào khi sử dụng Lansoprazole?"
../raw_data/wavs/voice-2121.wav,gì có phải là do cái cơn khó thở hay là còn có chuyện gì khác đôi khi nó có thể là hai ba nguyên nhân cùng một lúc nó
../raw_data/wavs/voice-2122.wav,phải mang nịt rồi phải đi châm cứu rồi cho uống thuốc kết hợp đông tây luôn
../raw_data/wavs/voice-2123.wav,chưa mạch máu của chúng ta vấn đề gì chưa tim của chúng ta có vấn đề chưa hoặc là chúng ta có cần có những cái
../raw_data/wavs/voice-2124.wav,cho tất cả những khán giả mắc những vấn đề liên quan tới chủ đề của chương trình ngày hôm nay vâng thưa quý vị giao mùa thì
../raw_data/wavs/voice-2125.wav,bài tập nặng mạnh để hi vọng rằng nó vượt qua được nhưng mà thực tế mà nói thì chúng tôi rất là khuyên rằng là
../raw_data/wavs/voice-2126.wav,khớp thì chúng ta thường nói tới đối tượng là người già đúng không ạ và nhất là trong cái thời tiết trở trời như thế này vậy thì như chúng ta có vừa chia sẻ
../raw_data/wavs/voice-2127.wav,giận nó hay đau đau cả cả ngày đêm nhưng
../raw_data/wavs/voice-2128.wav,khớp tại việt nam để sản xuất nên cái thực phẩm bảo vệ sức khỏe viêm xương
../raw_data/wavs/voice-2129.wav,cái hệ cơ xương khớp thật là khỏe mạnh tuy nhiên thì bác cũng đã gặp phải tai nạn rồi cho nên cái việc mà khắc phục
../raw_data/wavs/voice-2130.wav,mổ và đôi khi là nó bị tổn thương như này nhưng mà nếu nếu mà mình mổ mình can thiệp vào trong não nhiều quá thì có khi
../raw_data/wavs/voice-2131.wav,gây ra ảnh hưởng đến các cái chất lượng và về lâu về dài khi mà chúng ta cứ tích lũy đi tích lũy lại như vậy thì bản thân
../raw_data/wavs/voice-2132.wav,thời gian quanh năm thì rất là khỏe mạnh nhưng mà khi mà thay đổi thời tiết thì tự nhiên cơ thể mình trở nên lại rất là
../raw_data/wavs/voice-2133.wav,đầu tiên chúng tôi khuyên là như vậy và cái thứ hai nữa là có lẽ là bác nên có một cái đai thắt lưng để mình bảo vệ cái
../raw_data/wavs/voice-2134.wav,cái chế độ sinh hoạt một cách phù hợp và dựa trên những cái mô tả như thế này sơ bộ chúng tôi cũng cảm giác rằng là cái
../raw_data/wavs/voice-2135.wav,một số các cái giải pháp điều trị nó vừa tin cậy với mình vừa an toàn với mình mà nó có thể đồng hành với mình trong cái
../raw_data/wavs/voice-2136.wav,ra là vô là nằm bẹp luôn ở lại đi chụp hình cột sống thì bác sĩ kết luận nói là
../raw_data/wavs/voice-2137.wav,như này thì người ta lại hoàn toàn có thể làm tất cả những cái việc như vậy thế cho nên là cái việc mà chúng ta đến thăm khám để có cái phác đồ điều trị
../raw_data/wavs/voice-2138.wav,muốn hỗ trợ giảm đau xương khớp thoái hóa nói chung thì phải đáp ứng được ba
../raw_data/wavs/voice-2139.wav,sẽ phải cần để làm những cái thăm dò để có thể khẳng định xem là liệu mình có các cái cái cái nghi ngờ hoặc là là một
../raw_data/wavs/voice-2140.wav,động nhưng không nên đi lại nhiều nghĩa là gì chúng ta nên tập tại chỗ thôi bác ngồi tại chỗ bác tập bác nằm tại chỗ bác
../raw_data/wavs/voice-2141.wav,cái tình trạng này không ạ đúng là một cái vấn đề này khá là khá là phổ biến đặc biệt là trong những cái thời gian
../raw_data/wavs/voice-2142.wav,biểu hiện của cái thoái hóa cột sống của chúng ta dường như nó không phải là quá không phải ở những giai đoạn rất là sớm
../raw_data/wavs/voice-2143.wav,biểu hiện đau nhức xương khớp nó ở từ những cái lứa tuổi rất là sớm tránh nó
../raw_data/wavs/voice-2144.wav,nhiều sức khỏe vâng mỗi người thì lại có một cái vấn đề khác nhau tuy nhiên thì bệnh xương khớp
../raw_data/wavs/voice-2145.wav,của tôi với bác sĩ ạ thì chắc chắn là nhiều người có những cái thắc mắc liên quan tới bệnh xương khớp rồi và vừa rồi
../raw_data/wavs/voice-2146.wav,nhỏ bên trong cột sống này trong các cái thân đốt sống này thì chính vì vậy cho nên quay ngược lại ta lại thấy rằng là
../raw_data/wavs/voice-2147.wav,cái việc vận động đều nó sẽ giúp cho các cái mạch máu nó nuôi dưỡng các cái xương khớp và mang lại các cái nhiệt lượng một
../raw_data/wavs/voice-2148.wav,của chúng ta cần phải đến cái thời điểm chúng ta phải chữa trị cũng như là đến khám bác sĩ rồi ạ cảm ơn cái câu hỏi của
../raw_data/wavs/voice-2149.wav,cái lời khuyên vâng xin mời bác sĩ ạ vâng trước hết thì cũng xin hỏi bác là bác muốn đặt câu hỏi gì cho chương trình
../raw_data/wavs/voice-2150.wav,bệnh đau xương khớp thì nhiều người cũng bị tái phát vậy thì trong cái thời tiết hiện tại thì bác sĩ cũng lời khuyên nào
../raw_data/wavs/voice-2151.wav,một trăm phần trăm đó là cái việc không thể tuy nhiên thì bác cũng có thể nghe theo bác sĩ và sử dụng những cái biện pháp nhẹ nhàng để
../raw_data/wavs/voice-2152.wav,mà tại sao không đi đường này tại sao lại đau thắt lưng nhiều như thế đau gối nhiều như thế đúng không ạ đấy là việc
../raw_data/wavs/voice-2153.wav,rất là nhiều chúng ta thấy nó có hiệu nghiệm cho nên là mình thấy là mình rất là tin tưởng cái sản phẩm tương tác
../raw_data/wavs/voice-2154.wav,xương là vấn đề chắc chắn nó sẽ xảy ra rồi và bây giờ nó đang xảy ra rồi nếu mà vấp ngã lần nữa thì không chắc là lần
../raw_data/wavs/voice-2155.wav,đấy chính là những cái hàng rào để giúp chúng ta ngăn chặn lại những cái tác động của cái việc mà thời tiết nó thay
../raw_data/wavs/voice-2156.wav,cái trường hợp của mình vâng và vừa rồi là phần chia sẻ của bác sĩ
../raw_data/wavs/voice-2157.wav,gì rõ lắm nhưng mà về sau này nó lại ảnh hưởng nhiều hơn kể cả cái câu chuyện là gì ạ đôi khi là cái tư thế vận động tư thế
../raw_data/wavs/voice-2158.wav,lại ngồi một chỗ như vậy thì lại có ảnh hưởng đến cái vấn đề là cơ xương khớp thì chúng ta thấy rằng là bao giờ khi mà
../raw_data/wavs/voice-2159.wav,liên quan đến các cái bệnh lý hoặc là các cái biểu hiện của câu nói cuộc sống giống như bác mô tả đấy thì thực ra là
../raw_data/wavs/voice-2160.wav,hợp này gót chân mà đau mà chúng ta xoa bóp vào đấy quá nhiều đặc biệt là xoa bóp các cái dầu nóng nữa thì rất rất là
../raw_data/wavs/voice-2161.wav,thiện một cách tương đối rồi tránh tình trạng là nó làm cho nó nặng lên và cái thứ hai nữa là nếu mà chúng ta có thể đi
../raw_data/wavs/voice-2162.wav,các nhà khoa học khi mà người ta nghiên cứu chính là để đi tìm câu trả lời cho cái câu hỏi này thì người ta cũng bắt
../raw_data/wavs/voice-2163.wav,nào tôi cũng phải vịn lúc nào tôi cũng phải bán bởi vì sao chẳng may mình sẩy chân chẳng may mình có những câu chuyện
../raw_data/wavs/voice-2164.wav,máu não và thông thường là nó thoáng qua chính vì vậy cho nên những cái trường hợp như vậy thì rất là dễ gây cho chúng
../raw_data/wavs/voice-2165.wav,đoán chính xác là bệnh lý này của chúng ta là đã bị thoái hóa khớp hay chưa thoái hóa ở mức độ nào bệnh nguyên nhân
../raw_data/wavs/voice-2166.wav,ngón chân ngón tay lại hai khớp ở bả vai hai khớp nói chung các
../raw_data/wavs/voice-2167.wav,những cái phần việc rồi thì những cái bác sĩ sau chỉ cần làm những cái việc nho nhỏ còn lại là nó đã ra cái vấn đề
../raw_data/wavs/voice-2168.wav,huyết nó lưu thông chậm chẳng hạn thì khi mà thay đổi thời tiết đặc biệt là chuyển sang trời lạnh thì cái đau nó sẽ
../raw_data/wavs/voice-2169.wav,mình chỉ dám những cái có thể giảm thôi còn những cái vẫn phải làm thì vẫn phải làm đúng không ạ thế thì bằng cách là gì
../raw_data/wavs/voice-2170.wav,bệnh nó liên quan đến cái vùng cột sống cổ là chính những có những cái trường hợp liên quan đến cái vùng cổ tay và
../raw_data/wavs/voice-2171.wav,mà nó rất là hữu ích cho những cái trường hợp mà điều trị thoái hóa khớp như của bác mà nó lại sử dụng một cách
../raw_data/wavs/voice-2172.wav,khắp nơi đấy nhưng mà không chẩn đoán ra bệnh hoặc là điều trị tất cả các kiểu khác nhau nhưng mà không ra được cái kết
../raw_data/wavs/voice-2173.wav,gánh hết đó là cảm thấy buồn mà tuyệt vọng nữa hàng triệu việt nam đang phải
../raw_data/wavs/voice-2174.wav,lại chảy máu não ạ
../raw_data/wavs/voice-2175.wav,nó mềm nó ôm được cái chân của chúng ta nó nâng đỡ cho cái chân của chúng ta và chúng tôi vẫn thường dùng một cái khẩu
../raw_data/wavs/voice-2176.wav,là như lời khuyên ban đầu của chúng tôi là nên hạn chế một cách tối đa chính vì vậy cho nên là tối đa thôi chứ còn cái
../raw_data/wavs/voice-2177.wav,gan thận nó phải xử lý đào thải hoặc là gọi là chuyển hóa các cái chất này thì nó cũng lại phải chịu gánh nặng cho nên
../raw_data/wavs/voice-2178.wav,hay là có thường xuyên không ạ
../raw_data/wavs/voice-2179.wav,đột ngột là mình phải có cái phòng ngừa trong trường hợp của bác thì lại càng phải cẩn thận hơn lúc nào mình cũng phải
../raw_data/wavs/voice-2180.wav,không nên chúng ta lại còn ngâm nước nóng nữa thì cũng lại rất là không nên mà chúng ta nên gượng nhẹ nên tránh các
../raw_data/wavs/voice-2181.wav,không hiểu đau đớn một tí nào cho đến bây giờ thì mình coi rất là là sung
../raw_data/wavs/voice-2182.wav,thông dụng thôi nhưng mà mọi người nên để ý để tránh cái tình trạng là các cái tác động nó cứ tích lũy ngày một ngày
../raw_data/wavs/voice-2183.wav,đấy nó đều có thể bị ảnh hưởng đầu tiên nhất là cái dạ dày nó tiếp nhận nó bị ảnh hưởng bởi nó bị viêm nó bị loét và
../raw_data/wavs/voice-2184.wav,chuyện đấy khi chúng ta ngồi yên như thế này thì cũng là một cái lúc mà cái cơ và khớp của chúng ta nó chịu một cái lực
../raw_data/wavs/voice-2185.wav,một cái quá trình điều trị một cách phù hợp với cái độ tuổi như thế này với cái biểu hiện như anh mô tả đấy thì chúng
../raw_data/wavs/voice-2186.wav,cái phần mô tả của khán giả thì chúng ta thấy rằng là cái đau thắt lưng nó có thể gặp ở rất là nhiều các lứa tuổi khác
../raw_data/wavs/voice-2187.wav,thời tiết mà nó giao mùa như thế này một số các cái lời khuyên mà chúng tôi cho rằng nó rất là quan trọng và hữu ích cho
../raw_data/wavs/voice-2188.wav,khuyên rằng là bác nên đi tìm cái bệnh lý chính xác của mình trước khi mà mình điều trị bất kỳ một cái thuốc gì hay là
../raw_data/wavs/voice-2189.wav,chúng ta ngồi nhiều thứ hai nữa là chúng ta phải gần như là khi mà chúng ta làm việc với máy tính hoặc là các cái công
../raw_data/wavs/voice-2190.wav,việc mà tại sao sau mà chúng tôi lại khuyên cái câu chuyện thần kinh trước là vì như vậy bởi vì cái đấy nó rất là căn
../raw_data/wavs/voice-2191.wav,những cái khó khăn mà bác gặp phải thì cũng rất là nhiều người bệnh người ta cũng đang gặp phải tuy nhiên là người ta
../raw_data/wavs/voice-2192.wav,động này cũng như là do cái cái tư thế đi lại của mình đôi khi là cái tư thế đi lại của mình mà nó không có cân đối thì
../raw_data/wavs/voice-2193.wav,cũng nên là gì ạ trong lúc mà nó đang đau nhiều như này trong lúc mà mình đang không đi lại được như thế này mình cũng
../raw_data/wavs/voice-2194.wav,người rất là trẻ cũng đã có thể là mắc cái bệnh cơ xương khớp rồi nhất là ở cái
../raw_data/wavs/voice-2195.wav,cách để không ảnh hưởng tới những vấn đề khác và giải đáp ngày hôm nay thì chúng ta cũng sẽ nghe những chia sẻ của bác sĩ
../raw_data/wavs/voice-2196.wav,còn nặng hơn rất là nhiều và bản thân tai biến mạch máu não lần một lần hai nó có thể nhẹ nhưng những lần sau nó sẽ
../raw_data/wavs/voice-2197.wav,đối với cái bệnh mà viêm phổi tắc nghẽn mãn tính đấy thì là cái bệnh phổi tắc nghẽn mạn tính này thì nó lại phải sử
../raw_data/wavs/voice-2198.wav,chính của nó là cái gì và sau đó thì chúng ta mới tìm cái cách để điều trị cũng như là có cái phác đồ hoặc là có
../raw_data/wavs/voice-2199.wav,bác sĩ và sau đây thì xin được kết nối ngắn với vị khán giả tiếp theo xin kết
../raw_data/wavs/voice-2200.wav,rất là nặng và càng về sau mà mình càng muộn phát hiện thì cái việc điều trị nó lại càng khó khăn hơn chính vì thế cho
../raw_data/wavs/voice-2201.wav,quá trình mà mình vẫn đang phải làm việc như thế này vâng và bác sĩ cũng đã chia sẻ với mình về
../raw_data/wavs/voice-2202.wav,trở lạnh nhiều hơn thì cái đau nhức nó tăng lên nó khó chịu hơn và nó ảnh hưởng đến cái vận động đến các cái sinh hoạt
../raw_data/wavs/voice-2203.wav,cái thứ hai nữa là mình sẽ cùng tìm một cái cái hướng đi nào đó để có thể góp
../raw_data/wavs/voice-2204.wav,có cái nền tảng từ sâu ở bên trong có những cái trường hợp liên quan đến cái hệ miễn dịch có những trường hợp nó liên
../raw_data/wavs/voice-2205.wav,một cái cái thoái hóa cột sống thắt lưng bác có đau cột sống thắt lưng tuy nhiên ngoài ra lại có cái câu chuyện là đau
../raw_data/wavs/voice-2206.wav,biện pháp phòng ngừa để giảm thiểu những cái rủi ro hay không thì cái việc đấy tôi cho là nó là còn quan trọng nhất trong cái trường hợp này đấy là trường
../raw_data/wavs/voice-2207.wav,điều trị thời ban đầu và sau này khi mà nó muộn rồi cột sống nó dính rồi thì chúng ta lại không thể làm thế nào mà nó
../raw_data/wavs/voice-2208.wav,mà nó ban đêm thì nó bị tình trạng khó ngủ cảm giác nó ê buốt dạ vâng đúng rồi ở đây thì chúng tôi
../raw_data/wavs/voice-2209.wav,mình trước sau đó thì chúng ta sẽ sẽ trả lời cho cái câu hỏi của bác là liệu là chúng ta có nên đi lại nhiều không phải
../raw_data/wavs/voice-2210.wav,mọi cách bạn nâng niu cái bàn chân nâng niu cái gót chân của mình thì cái câu chuyện này của chúng ta nó đã được cải
../raw_data/wavs/voice-2211.wav,chí nó nặng dần lên như vậy nếu mà bác chưa có điều kiện để đi thăm khám nhiều chẳng hạn vậy thế thì bác cũng nên có
../raw_data/wavs/voice-2212.wav,đổi như thế này hoặc là có những cái đợt nhất định nào đó bệnh người ta nặng lên người ta sẽ tập trung chữa rồi là dùng
../raw_data/wavs/voice-2213.wav,hiện tại thì miền bắc cũng đang chuyển mùa rồi đúng không ạ thời tiết nồng ẩm thì khá là nhiều vì vậy là những cái
../raw_data/wavs/voice-2214.wav,nó sẽ nó giống như bây giờ chúng ta điều trị covid nó sẽ phải có từng tầng từng mức một chính vì vậy cho nên cái việc mà
../raw_data/wavs/voice-2215.wav,trong một cái tâm thế là nếu chẳng may bây giờ mình bị ngã thì mình bám vào đâu thì như thế thì mình mới có cái cái cái
../raw_data/wavs/voice-2216.wav,vâng và hiện tại thì thời lượng của chương trình cũng không còn nhiều tuy nhiên còn rất là nhiều khán giả đã gọi điện tới và mong đợi được sự tư vấn của
../raw_data/wavs/voice-2217.wav,khớp gối này bây giờ đi lại không có được này phải ngồi một chỗ này bảy mươi tuổi thì nó cũng là nhiều nhưng không phải là
../raw_data/wavs/voice-2218.wav,mong manh rất là dễ có những cái biểu hiện là như như vậy thế và cái câu hỏi đặt ra của mc mà mà chúng ta sẽ phải trả
../raw_data/wavs/voice-2219.wav,như vậy thì cái việc lặp đi lặp lại như vậy cái tác dụng phụ lúc đầu ở những giai đoạn ngắn có thể là các bác sĩ
../raw_data/wavs/voice-2220.wav,là chúng ta cần phải khám các cái bệnh lý về cơ xương khớp xem là cái bệnh lý cột sống gì hoặc là bệnh lý khớp gối gì
../raw_data/wavs/voice-2221.wav,tương đương các thuốc tân dược đang được sử dụng phổ biến trong điều trị bệnh xương khớp hiện nay ưu điểm vượt
../raw_data/wavs/voice-2222.wav,khác về cái câu chuyện mà chúng ta biết rằng là những người cao tuổi thì cái cái biểu hiện đau nhức xương khớp nó rất là
../raw_data/wavs/voice-2223.wav,không thì ở việt nam chúng ta có củ địa liền là một trong những cái thảo dược mà để điều trị cho cái bệnh lý xương khớp
../raw_data/wavs/voice-2224.wav,cái tác động trực tiếp đó bằng cách là gì ạ chúng ta mặc đủ ấm này bằng cách là chúng ta che chắn vào những cái vùng mà
../raw_data/wavs/voice-2225.wav,nghĩa là không phải chỉ những người cao tuổi mới bị đâu còn rất là nhiều người còn rất là trẻ thậm chí là còn chưa đến
../raw_data/wavs/voice-2226.wav,giả là nó cũng rất là rõ ràng và cái đau này của chúng ta nó không phải chỉ là những cái đau lướt thoáng qua hay chỉ là
../raw_data/wavs/voice-2227.wav,hợp thứ nhất vấn đề thứ nhất mà chúng tôi muốn chia sẻ trường hợp thứ hai chúng ta muốn chia sẻ ở đây là gì ạ khi mà chúng ta bị ngã như vậy thì cái quá
../raw_data/wavs/voice-2228.wav,việc rồi là tất cả các yếu tố khác cho nên là cũng là một cái khó để chúng ta nói một chính xác xem là bệnh lý như thế
../raw_data/wavs/voice-2229.wav,ngày của chúng ta nó cũng sẽ là những cái nguyên nhân mà nó có thể gây lên một số các cái bệnh lý xương khớp cụ thể ở
../raw_data/wavs/voice-2230.wav,cuối cùng cho nên cái việc mà anh đi khám nhiều lần như này chúng tôi rất là ủng hộ anh và chúng tôi vẫn khuyên là gì
../raw_data/wavs/voice-2231.wav,và bởi vì sao bao giờ khi mà cái vấn đề mà phẫu thuật sọ não hoặc là bất kỳ một cái phẫu thuật nào bao giờ các bác sĩ
../raw_data/wavs/voice-2232.wav,chuyện là gì ạ mặc dù cái tác dụng thì rất là mạnh đấy và khi mà chúng ta sử dụng kể cả cái nhóm thuốc corticoid
../raw_data/wavs/voice-2233.wav,tuy nhiên các bác sĩ người ta sẽ phải cân nhắc ở hai khía cạnh thứ nhất là nó đã bị những cái cơn như vậy rồi cái thứ
../raw_data/wavs/voice-2234.wav,rất là vui mừng vì đã mang lại một cái sản phẩm tốt và có hiệu quả cao để hỗ trợ cho hàng triệu người bị đau cơ xương
../raw_data/wavs/voice-2235.wav,nên nghe theo và sẽ có thể là phần nào khắc phục được tình trạng của mình bác nhé điều trị xương khớp thì rõ ràng
../raw_data/wavs/voice-2236.wav,trị dài chính vì vậy cho nên cái việc mà nó an toàn như thế này lại hết sức là quan trọng cảm ơn bác sĩ vâng
../raw_data/wavs/voice-2237.wav,dụng phụ nó cũng lại gì ạ không kém phần long trọng chúng tôi vẫn nói là như vậy nghĩa là nó có rất là nhiều các cái tác
../raw_data/wavs/voice-2238.wav,thuốc thậm chí là đi khám rất đầy đủ tuy nhiên khi mà qua cái những cái giai đoạn đấy rồi thì người ta lại không còn đi
../raw_data/wavs/voice-2239.wav,lứa văn phòng á thì cái bệnh cơ xương khớp nó thường là nó sẽ gặp nhiều ở đốt sống cổ này đốt sống thắt lưng đúng
../raw_data/wavs/voice-2240.wav,mà chúng ta lưu ý cũng như là duy trì các cái biện pháp điều trị duy trì của chúng ta là hết sức là quan trọng bởi
../raw_data/wavs/voice-2241.wav,thì mình có cái giải pháp ngay lập tức là như nào cá nhân tôi chẳng hạn bây giờ tôi chưa bị như bác đâu nhưng mà đi lúc
../raw_data/wavs/voice-2242.wav,ta không nên sờ nắn bóp vào đấy đấy có một cái câu chuyện rất là nhiều người đấy là khi chúng ta đau ở đâu chúng ta hãy bóp vào đấy nhưng mà trong trường
../raw_data/wavs/voice-2243.wav,thời gian đầu là mình uống là một ngày là bốn viên sáng hai viên chiều hai viên
../raw_data/wavs/voice-2244.wav,thì nó cũng có những cái tác dụng phụ lên cái hệ thần kinh trung ương ảnh hưởng đến cái các vấn đề về tâm thần về
../raw_data/wavs/voice-2245.wav,đến cuộc sống thì có cả cột sống cổ này cuộc sống ngực này cột sống lưng này chứ không phải chỉ có mỗi là cuộc sống lưng
../raw_data/wavs/voice-2246.wav,như này thì sử dụng lại rất là hiệu quả và khi nghiên cứu cái củ địa liền này thì người ta nghiên cứu người ta nhận
../raw_data/wavs/voice-2247.wav,khớp và các cái bệnh lý đau nhức xương khớp phổ biến thì nó lại lại đảm bảo cho
../raw_data/wavs/voice-2248.wav,cái câu hỏi thêm như thế này câu hỏi thứ nhất ý là cái đau của mình là anh bảo là nó đau lan lên trên đúng không chứ không
../raw_data/wavs/voice-2249.wav,trường hợp đặc biệt cho nên là những cái thuốc corticoid để điều trị cho bệnh gút phải là những cái trường hợp mà các
../raw_data/wavs/voice-2250.wav,chúng ta vừa là hạn chế được các cái tác dụng của hạn chế được cái diễn biến các cái cũng như là cái triệu chứng của cái
../raw_data/wavs/voice-2251.wav,không được nghỉ ngơi chính vì vậy cho nên là cái lời khuyên của chúng ta trong trường hợp này thì khi mà chúng ta làm
../raw_data/wavs/voice-2252.wav,điều trị một cách phù hợp và nó phải an toàn thì các cái giải pháp ở những cái giai đoạn cấp tính thì chúng ta đến bệnh
../raw_data/wavs/voice-2253.wav,hoặc là thời tiết thay đổi như thế này nên các lên các cái hệ thống xương khớp và các hệ thống
../raw_data/wavs/voice-2254.wav,chính là các cái tác động về mặt vật lý nghĩa là bị quá tải bị chấn động bị các cái vi chấn thương tất cả những cái
../raw_data/wavs/voice-2255.wav,nó cũng rất dễ ảnh hưởng đến cái gót chân và cái thứ hai nữa là các cái dây chằng cũng như là các cái gân ở cái vùng
../raw_data/wavs/voice-2256.wav,dễ có những cái ảnh hưởng đến vừa là các cái khớp ở gót chân vừa là các cái dây chằng và gân ở gót chân chính vì vậy cho
../raw_data/wavs/voice-2257.wav,viện các bác sĩ sẽ có những cái biện pháp điều trị đặc hiệu cho từng cái bệnh nhưng mà sau khi mà qua những cái giai đoạn như vậy mà chúng ta điều trị duy
../raw_data/wavs/voice-2258.wav,thì không phải là của riêng ai cả đối tượng nào chúng ta cũng rất là dễ gặp phải và chúng tôi cũng để ý là có những
../raw_data/wavs/voice-2259.wav,thấy làm sao cả nhưng mà bây giờ nó lại nặng như thế này thì chúng ta cũng cần phải hiểu rằng là rất nhiều trường hợp sau khi ngã xong sau khi thế nọ thế kia
../raw_data/wavs/voice-2260.wav,biến chứng tiếp theo mà chúng tôi cũng muốn cảnh báo với bác là gì ạ sau khi đã bị năm năm bốn năm sáu năm như của bác ấy là ở
../raw_data/wavs/voice-2261.wav,cái trường hợp là năm năm bảy năm đây là những cái nghiên cứu ở nước ngoài là những cái nước phát triển là người ta cũng nhận thấy rằng là phần lớn là mọi người được
../raw_data/wavs/voice-2262.wav,là làm việc hàng ngày để phần nào có thể khắc phục được cái tình trạng mà bác phải di chuyển nhiều như vậy mà cái bệnh
../raw_data/wavs/voice-2263.wav,chải đầu chải tóc tha hồ ngắm nghía bên phải bên trái quay ngược quay xuôi rồi tay mình giơ lên giơ xuống thoải mái
../raw_data/wavs/voice-2264.wav,nhắc một cái câu chuyện cũng không phải là do số má gì đâu mà đôi khi là do gì ạ các bác sĩ trước người ta đã làm hết
../raw_data/wavs/voice-2265.wav,thấy rằng là có một cái hoạt chất nó có cái tác dụng mà chống viêm giảm đau chính là để để phát huy cái tác dụng này
../raw_data/wavs/voice-2266.wav,từ oxy này với tất cả các thứ nó sẽ không đến được với xương khớp của chúng ta một cách đầy đủ và chính vì vậy cho
../raw_data/wavs/voice-2267.wav,gần đây bản thân chúng tôi cũng phải đánh giá là như này thực ra là cái công việc văn phòng cũng là một cái công việc
../raw_data/wavs/voice-2268.wav,với tất cả những cái biểu hiện như vậy thì chúng tôi thấy khá là rõ ràng là nó có khả năng là cái biểu hiện của một cái
../raw_data/wavs/voice-2269.wav,biểu hiện tê bì dọc theo tay hoặc là cái vùng cổ vai gáy này cái thứ ba nữa là nó lại còn liên quan đến cái câu chuyện là
../raw_data/wavs/voice-2270.wav,chương trình là cam kết hoàn lại một trăm phần trăm tiền cho người bệnh nếu như mà sau hai tháng sử dụng mà tình trạng đau nhức
../raw_data/wavs/voice-2271.wav,người bạn đồng hành đáng tin cậy mà lại rất rẻ tiền rất là hợp lý đúng không ạ cái thứ hai nữa là gì ạ cái thứ hai nữa
../raw_data/wavs/voice-2272.wav,kính chào quý vị và các bạn đang theo dõi chương trình tư vấn sức khỏe trực tiếp sống khỏe mỗi ngày được phát vào
../raw_data/wavs/voice-2273.wav,viện và nhiều lần như thế này cũng là một cái câu chuyện rất là có ý nghĩa có rất nhiều người khi mà đến thăm khám với
../raw_data/wavs/voice-2274.wav,giảm cái bệnh tình của mình thì đây cũng như là một cái lời khẳng định cho cái tác dụng của sản phẩm của chúng tôi vừa giới thiệu tới ông và trong thời tiết
../raw_data/wavs/voice-2275.wav,mà cũng có một vài các cái điều mà chúng tôi muốn chia sẻ thứ nhất là để cùng cùng mình mình cùng hiểu cái vấn đề và
../raw_data/wavs/voice-2276.wav,nhất là chúng ta có thể làm một số các cái động tác vươn vai nho nhỏ thì chính những cái động tác như vậy cũng là những
../raw_data/wavs/voice-2277.wav,trạng ở trong người là hàn chẳng hạn thì rõ ràng khi mà gặp cái thời tiết lạnh thì ở bên trong lạnh ở bên ngoài lạnh nó
../raw_data/wavs/voice-2278.wav,bao nhiêu tuổi và sau khi đi bộ đội về thì ạ lâu nay thì bác còn làm
../raw_data/wavs/voice-2279.wav,nhiều người gặp đấy là bệnh viêm cột sống dính khớp và trong trường hợp này của anh thì chúng tôi nghi rằng là anh
../raw_data/wavs/voice-2280.wav,nghĩa là chúng tôi vẫn hay khuyên là gì ạ chúng ta có thể sau một thời gian ba mươi phút một tiếng chúng ta sẽ dậy đi vệ
../raw_data/wavs/voice-2281.wav,người bệnh đấy là gì ạ chúng ta phải làm sao để làm giảm thiểu tối đa những cái tác động của cái việc mà thời tiết lạnh
../raw_data/wavs/voice-2282.wav,câu hỏi của bác trước hết thì chúng ta sẽ chia sẻ một vài các cái lời khuyên và phân tích về cái vấn đề sức khỏe của
../raw_data/wavs/voice-2283.wav,cái tuyến nó thuộc vào cái thận thôi nhưng mà toàn cái thận nó cũng có thể bị suy nghĩa là sau này nó sẽ đến cái đoạn
../raw_data/wavs/voice-2284.wav,lại gì nhiều nữa cái cái việc này cũng rất là là là quan trọng thế và cái cái
../raw_data/wavs/voice-2285.wav,bác thì cũng sẽ cân nhắc cái việc điều trị cho nó phù hợp tránh cái tình trạng là là mình không có hình dung được cái
../raw_data/wavs/voice-2286.wav,tay đau chân mà lại đau ở cái gót chân cơ thì bản thân cái tư thế vận động của chúng ta cũng như là cái sinh hoạt hàng
../raw_data/wavs/voice-2287.wav,phương tức là những cái bài thuốc mà đã được tích lũy để chuyên điều trị cho các cái bệnh lý mà đau nhức xương khớp thoái
../raw_data/wavs/voice-2288.wav,những cái câu chuyện tiếp theo mà chúng tôi cũng muốn cảnh báo trước để thứ nhất là các quý vị khán giả cũng như là của
../raw_data/wavs/voice-2289.wav,đang bị vôi hóa đốt sống lưng cũng như là lồng ngực của bác cũng đang có một vài vấn đề đúng không ạ
../raw_data/wavs/voice-2290.wav,bảo vệ được các cái phần cơ thể đặc biệt là các cái khớp của chúng ta và cái thứ hai nữa là chúng ta nên có cái chế độ
../raw_data/wavs/voice-2291.wav,có những cái biến chứng của cái việc sử dụng chống viêm corticoid rồi đó là chảy máu dạ dày đó là viêm loét dạ dày
../raw_data/wavs/voice-2292.wav,bản và rất là quan trọng và cái thứ hai nó cũng giống như một số các bệnh nhân lúc nãy chúng tôi tư vấn là gì ạ chúng
../raw_data/wavs/voice-2293.wav,theo như bộ phận tiếp nhận của chúng tôi vừa mới chia sẻ thì có vẻ là anh bị thoái hóa đốt sống đúng không ạ vâng vậy
../raw_data/wavs/voice-2294.wav,đấy thì cái câu chuyện là gì ạ đạp xe ở trong nhà nó rất là an toàn nhưng mà đạp xe ra ngoài thì nó lại rất nhiều chuyện
../raw_data/wavs/voice-2295.wav,của bác rất tốt nhưng nếu bác ngã một cái thì có khi tất cả nó lại quay trở lại với vạch xuất phát thì cái điều đấy
../raw_data/wavs/voice-2296.wav,còn phục hồi sụn khớp thoái hóa hiệu quả cứ mười người dùng thì chín người thấy hiệu quả
../raw_data/wavs/voice-2297.wav,biểu hiện của cái bệnh lý thoái hóa khớp và thoái hóa cột sống ở trong trường hợp này chúng ta thấy cái mô tả của quý khán
../raw_data/wavs/voice-2298.wav,đó là đã phải cắt dạ dày thậm chí bây giờ lại tiếp tục viêm loét ở cái miệng nối như vậy thì rõ ràng là cái vấn đề dạ
../raw_data/wavs/voice-2299.wav,hai tay thế trong trường hợp như thế này chúng ta cũng phải cần phải phân biệt rõ là các cái vùng mà cột sống cổ
../raw_data/wavs/voice-2300.wav,không
../raw_data/wavs/voice-2301.wav,sinh này và vươn vai này có thể là uống nước này vân vân hoặc thậm chí có những người không rời được khỏi vị trí thì ít
../raw_data/wavs/voice-2302.wav,là gì chúng ta phải tìm ra cái chẩn đoán chính xác và cuối cùng cho cho anh để có một cái phác đồ điều trị cũng như là có
../raw_data/wavs/voice-2303.wav,tiết và phải khắc phục như thế nào để cái tình trạng đau xương khớp nó không bị tái đi tái lại nhiều lần và bây giờ thì ở thông qua số điện thoại không vay
../raw_data/wavs/voice-2304.wav,trước và chúng ta sẽ phải đương đầu với nó cái vấn đề xương khớp của chúng ta bây giờ khi nó bị loãng xương cho nên nó
../raw_data/wavs/voice-2305.wav,cái bằng chứng để khẳng định được là mình bị cái nhóm bệnh lý này hay không bởi vì sao cái nhóm bệnh lý cột sống này
../raw_data/wavs/voice-2306.wav,chính xác cũng rất là quan trọng để chúng ta có cái định hướng cũng như là có cái phác đồ điều trị một cách phù hợp
../raw_data/wavs/voice-2307.wav,người không biết tới lại có những cái cách điều trị khác nhau cũng như là có thể nói là những cái cách điều trị đó
../raw_data/wavs/voice-2308.wav,động một cách trực tiếp chúng ta cần nhớ rằng là những người làm việc văn phòng mặc dù là không phải là gặp mưa gặp nắng
../raw_data/wavs/voice-2309.wav,là chúng tôi cũng sẽ tư vấn thêm một chút là như này này có hai cái câu chuyện giống như lúc nãy chúng tôi nói câu chuyện thứ nhất là nó bị tai biến
../raw_data/wavs/voice-2310.wav,mà ống cổ tay hay không bởi vì sao bởi vì đối với cái thoái hóa cột sống của chúng ta ấy thông thường cái việc điều
../raw_data/wavs/voice-2311.wav,rằng là chúng ta làm thế nào để phòng tránh làm thế nào để cải thiện được các cái vấn đề của chúng ta thì trong cái
../raw_data/wavs/voice-2312.wav,dạ vâng và cái việc mà bác nói khó như này nó đã có lâu chưa ạ
../raw_data/wavs/voice-2313.wav,mình để thứ nhất là kiểm soát được bệnh và cái thứ hai nữa là phòng tránh những cái biến chứng và một trong những cái
../raw_data/wavs/voice-2314.wav,với cột sống ngực đâu bởi vì là sao bây giờ nó đã có những cái câu chuyện là tê liên quan đến cả tay nữa thậm chí là cả
../raw_data/wavs/voice-2315.wav,bởi vì chúng ta cũng nhận thấy rằng là có nhiều vấn đề chứ không phải là một vấn đề và cái thứ hai nữa là thực sự là
../raw_data/wavs/voice-2316.wav,là chúng ta không bị làm sao cả đấy cái chuyện này nó hết sức là rõ ràng vì sao sau khi mà đi đi thăm khám rất là nhiều
../raw_data/wavs/voice-2317.wav,phổ biến đặc biệt là khi thay đổi thời tiết thì với cái cơ địa của những người ví dụ như có những người là cái cái thể
../raw_data/wavs/voice-2318.wav,một cách trực tiếp nhưng mà khớp và xương thông thường là do các cái mạch máu nó đến và nó thẩm thấu từ xa chúng
../raw_data/wavs/voice-2319.wav,không không thích đâu vâng thế thường thì bác đi khám bệnh viện có nhiều lần
../raw_data/wavs/voice-2320.wav,bê một cái thùng nước cũng bê không nổi luôn thì chạy xe về tới nhà là buôn xe
../raw_data/wavs/voice-2321.wav,ảnh hưởng gì nữa có những người khi tê không để đi bộ được không thể sử dụng cái tay được kể cả như là cầm nắm hoặc
../raw_data/wavs/voice-2322.wav,nó cũng có thể ảnh hưởng lên các cái bệnh lý mà nó đang có dạ vâng chính vì vậy cho nên là cái việc
../raw_data/wavs/voice-2323.wav,là viêm đa khớp hay không và tôi sẽ nên sử dụng thuốc gì dạ vâng thời gian nó
../raw_data/wavs/voice-2324.wav,rằng là tất cả những cái thông tin này thực ra mới chỉ là những cái thông tin ban đầu mà thôi kể cả là mình đã chụp
../raw_data/wavs/voice-2325.wav,phải là đau lan xuống đùi xuống mông xuống chân đúng không vâng cái thứ hai nữa là cái đau của anh
../raw_data/wavs/voice-2326.wav,sáu tư tuổi tôi tôi bị tai nạn bốn năm nay rồi nhưng mà đi lại nó khó nhưng mà bây mấy
../raw_data/wavs/voice-2327.wav,kín đáp ứng trọn vẹn được mục tiêu hỗ trợ điều trị bệnh xương khớp là giảm đau chống viêm và phục hồi sụn khớp thoái
../raw_data/wavs/voice-2328.wav,ý là cái bệnh gút của bác là một trong những cái vấn đề mà nó đã thường trực rồi nó đã xảy ra năm sáu năm nay rồi mặc
../raw_data/wavs/voice-2329.wav,các bác sĩ chuyên khoa cơ xương khớp như chúng tôi chẳng hạn thì là người ta thường thắc mắc thậm chí là phàn nàn là
../raw_data/wavs/voice-2330.wav,ạ chúng ta phải phòng ngừa cho những cái chuyện đó xảy ra giống như lúc nãy tôi nói rằng là đi xe đạp về rất tốt nhưng
../raw_data/wavs/voice-2331.wav,hình quý vị và các bạn cũng có thể nhìn thấy một mã qr code và đây chính là mã qr khi mà quý vị và các bạn quét cái mã
../raw_data/wavs/voice-2332.wav,trước để có những cái thăm dò có những cái đánh giá trước sau đó thì khi mà tham khám như vậy các bác sĩ người ta sẽ
../raw_data/wavs/voice-2333.wav,người ta kiểm soát được nhưng nếu khi mà mình tự ý sử dụng hoặc là đôi khi chúng ta có thể gọi là quá lạm dụng đi chăng
../raw_data/wavs/voice-2334.wav,trở nên rất là rõ ràng lời khuyên chúng tôi đầu tiên việc số một là gì ạ là bác nên thăm khám để đánh giá một cách chính
../raw_data/wavs/voice-2335.wav,bối cảnh và đến lúc mà được chẩn đoán là suy thận thì cái câu chuyện lại quá là muộn để cái việc khắc phục để hồi phục
../raw_data/wavs/voice-2336.wav,kiện để đi thăm khám thì trong trường hợp này thì bác sử dụng một số các cái giải pháp về mặt thảo dược cũng như là
../raw_data/wavs/voice-2337.wav,trị sớm đủ đúng cách thì bạn có thể khỏi hoàn toàn được có nghĩa là gì sau đó hoàn toàn có thể không còn tê không còn
../raw_data/wavs/voice-2338.wav,ta phải rất rất là phòng tránh cái chuyện té ngã bởi vì nếu mà chúng tôi điều trị tất cả các vấn đề xương khớp
../raw_data/wavs/voice-2339.wav,thương ở bên trong não chảy máu não hoặc là dập não thì nó cũng sẽ ảnh hưởng nhiều hơn rất là nhiều tuy nhiên chúng
../raw_data/wavs/voice-2340.wav,vấn trực tiếp đến từ bác sĩ của chúng ta ngày hôm nay thì quý vị và các bạn cũng có thể cải thiện phần nào cái tình trạng
../raw_data/wavs/voice-2341.wav,yếu nó cũng sẽ dẫn đến cái việc mà bác đứng lên đứng xuống nó giảm cho nên cái việc đầu tiên chính là mình phải điều
../raw_data/wavs/voice-2342.wav,việc về văn phòng thường là chúng ta phải ngồi rất là yên tĩnh khá lâu lâu thì tất cả những cái chuyện nọ chuyện
../raw_data/wavs/voice-2343.wav,thời đại chính vì là có rất là nhiều các cái tác dụng phụ như thế này cho nên bản thân các bác sĩ rồi bản thân những cái
../raw_data/wavs/voice-2344.wav,khác nhau cho nên là chúng ta cùng cần phải nhận định một số trường hợp nó có liên quan đến thiếu máu lên não này hội
../raw_data/wavs/voice-2345.wav,biểu hiện bệnh hạn chế được các cái triệu chứng của bệnh và hạn chế được các cái diễn biến của bệnh chính vì vậy cho
../raw_data/wavs/voice-2346.wav,nó rất là phổ biến và cho đến bây giờ ông bà tôi và tất cả những rất là nhiều các cái bệnh nhân cao tuổi của tôi người
../raw_data/wavs/voice-2347.wav,được cái tình trạng của anh hiện tại đúng không ạ chứ ở đây thì chúng tôi cũng chỉ thăm khám qua những cái lời
../raw_data/wavs/voice-2348.wav,không có nắm được như thế này là bao nhiêu lâu nay rồi ạ nó có tê bì nhiều ở cái bàn tay không ạ
../raw_data/wavs/voice-2349.wav,yếu tố giảm đau giảm viêm và nuôi dưỡng sụn khớp đồng thời an toàn khi sử dụng
../raw_data/wavs/voice-2350.wav,cùng các bài thuốc là độc hoạt tăng ký sinh giúp cho giảm đau an toàn hiệu quả mà nó rất an toàn trên đường tiêu hóa
../raw_data/wavs/voice-2351.wav,là chúng tôi hiểu hơn rằng là bác khó nắm chứ không phải là không nắm được đúng không ạ
../raw_data/wavs/voice-2352.wav,ta có thể hiểu một cách nôm na là mạch máu nó đến ở đây nhưng mà xương nó ở đây khớp nó ở đây nghĩa là nó từ chỗ này đến
../raw_data/wavs/voice-2353.wav,lẽ là bác cũng nên sắp xếp một cái thời gian có thể là hợp lý để mình sớm đi thăm khám tìm ra những cái nguyên nhân
../raw_data/wavs/voice-2354.wav,chẹt lại hoặc là nó không bị thông không được thông thoáng thì nó sẽ ảnh hưởng đến cả cái bàn tay và trong những cái
../raw_data/wavs/voice-2355.wav,bác sĩ ơi đang truyền thuốc vào bệnh viện này mắt đang nhìn lên trần tự nhiên cái là cứ thấy cứ quay cuồng lên trong
../raw_data/wavs/voice-2356.wav,cái gì cho nên là ở một mức độ nào đó phải đến một cái cỡ nào đó cái lợi nó nhiều hơn rất là nhiều thì người ta mới
../raw_data/wavs/voice-2357.wav,nó khá là đặc thù và gần đây thì nó cái chúng ta sẽ phải làm việc như thế này nhiều hơn lại với cái mùa dịch covid nữa
../raw_data/wavs/voice-2358.wav,thể chia sẻ với bác sĩ của chúng tôi ngay lập tức bây giờ đấy ạ
../raw_data/wavs/voice-2359.wav,các cái hoạt chất như là kga1 như thế này nó vừa có cái tác dụng chống viêm cho cái phần lý gân cũng như là khớp của
../raw_data/wavs/voice-2360.wav,này là hay bị chuột rút hỏi bác sĩ là uống thuốc gì nó đỡ hay nó khỏi
../raw_data/wavs/voice-2361.wav,như là vôi hóa chẳng hạn thì nó sẽ như thế nào ngay sau đây thì chúng tôi sẽ được kết nối với một vị khán giả đến từ
../raw_data/wavs/voice-2362.wav,cái việc mà thoái hóa đốt sống thì gần như là ở người bệnh cao tuổi gặp phải khá là nhiều tuy nhiên thì ở người trẻ
../raw_data/wavs/voice-2363.wav,có cái vấn đề tương tự như thế này chúng tôi khuyên là chúng ta nên đi khám bệnh để có một cái đánh giá có một cái chẩn
../raw_data/wavs/voice-2364.wav,lâu quá trong cái trường hợp này thì chúng tôi
../raw_data/wavs/voice-2365.wav,và các bạn và trong ngày hôm nay thì bác sĩ sẽ ở đây để có thể tư vấn trực tiếp
../raw_data/wavs/voice-2366.wav,thì nó cũng có cái tác dụng là góp phần là là bổ sung bù lại cái lượng canxi mà
../raw_data/wavs/voice-2367.wav,trạng đau nhức xương khớp lại không thuyên giảm vâng và đặc biệt trong ngày hôm nay thì khách hàng có câu hỏi hay
../raw_data/wavs/voice-2368.wav,lại không phải chỉ có mỗi thời tiết thì nó mới đau thì rõ ràng là trong cơ thể của chúng ta đã có vấn đề rồi các cái
../raw_data/wavs/voice-2369.wav,cách phù hợp và đủ và đúng liều cái thứ hai nữa là các cái biểu hiện về thoái hóa khớp của mình thì chúng ta chắc chắn
../raw_data/wavs/voice-2370.wav,cái người bệnh được một cái câu chuyện là chúng ta ta lại không phải lo cái câu chuyện mà tác dụng phụ lên các cái nội tạng và
../raw_data/wavs/voice-2371.wav,như là theo dõi để làm gì ạ để các bác sĩ thần kinh này các bác sĩ về hô hấp
../raw_data/wavs/voice-2372.wav,vâng chào bác xin lỗi bác vì đã để bác chờ hơi lâu vâng bác ơi ngày hôm nay thì bác có vấn đề gì liên quan tới xương
../raw_data/wavs/voice-2373.wav,này đặc biệt là các bác sĩ về cơ xương khớp người ta sẽ phải đánh giá xem là cái mức độ thoái hóa nặng như thế nào
../raw_data/wavs/voice-2374.wav,trường hợp như của bác chẳng hạn bác bị tê cả hai cái bàn tay thì thông thường chúng tôi rất là cần phải có những cái bác sĩ cơ xương khớp để người ta có
../raw_data/wavs/voice-2375.wav,trình thì rất nhiều khán giả khi mà sử dụng sản phẩm này đều cho thấy cái hiệu quả rõ rệt và đặc biệt là nhãn hàng cũng
../raw_data/wavs/voice-2376.wav,ích và cái thứ hai cái thứ ba nữa là các bác hoặc là các anh chị em phụ nữ thì chúng ta có thể sử dụng các cái khăn để
../raw_data/wavs/voice-2377.wav,chia sẻ của anh thôi chắc chắn là anh sẽ phải đi để thăm khám trực tiếp ở những cái chuyên khoa xương khớp để có thể có
../raw_data/wavs/voice-2378.wav,lại có cái tác động phụ lên cái hệ xương khớp của chúng ta đặc biệt là gây ra các cái loãng xương và bản thân bác cũng đã
../raw_data/wavs/voice-2379.wav,vùng chân và gối thậm chí là nó hạn chế cái việc đi lại thì tất cả ít nhất là ba
../raw_data/wavs/voice-2380.wav,trường hợp có tiền sử bệnh dạ dày đại tràng hay là những bệnh về gan nữa và để có thêm thông tin về sản phẩm mà chúng
../raw_data/wavs/voice-2381.wav,khớp xương lúc làm hay bị chuột rút hai vắt chân hai bắp chân là chuột rút và nó móng cái bắp chân
../raw_data/wavs/voice-2382.wav,mình để có thể sử dụng thuốc một cách an toàn cũng như là cụ thể để có thể đánh trúng vào bệnh của mình khắc phục sớm được cái tình trạng mà mình đã gặp phải
../raw_data/wavs/voice-2383.wav,không được nuôi dưỡng một cách trực tiếp bởi các cái mạch máu ví dụ như cơ của chúng ta chẳng hạn là mạch máu nó đến
../raw_data/wavs/voice-2384.wav,cái bác sĩ về sau này đấy thế và đôi khi chúng ta hay nói rằng là gặp thầy gặp thuốc thì đôi khi chúng ta cũng phải cân
../raw_data/wavs/voice-2385.wav,đi lặp lại nhiều lần rồi cho nên là lời khuyên đầu tiên của chúng tôi là gì ạ bệnh gút của bác không phải là chưa phá
../raw_data/wavs/voice-2386.wav,nên vận động tại chỗ mà thôi ví dụ như bác nằm ở trên giường bác dùng các cái động tác như đạp xe đạp này hoặc là nâng
../raw_data/wavs/voice-2387.wav,không không vấn đề gì tôi cứ tự nhiên đang nằm đang truyền thuốc cái này
../raw_data/wavs/voice-2388.wav,những cái ngày mà bị bệnh của chú thì chú cảm thấy là bây giờ nó như trở lại thời thanh niên đấy phấn khởi lắm ngày
../raw_data/wavs/voice-2389.wav,sau này đúng không ạ và thế và ở đây thì chúng ta cũng biết rằng là không biết là
../raw_data/wavs/voice-2390.wav,hợp mà bị tai nạn thậm chí là nhấc bổng lên và rơi xuống mà lại rách da đầu rồi nhưng mà nó chưa bị chảy máu trong não
../raw_data/wavs/voice-2391.wav,thế này chúng ta cần phải đánh giá cũng như là cần ghi nhớ ở đây có hai việc nguyên nhân mà nó ngã như này nó là cái
../raw_data/wavs/voice-2392.wav,cách đầy đủ cũng là đứng là một cái biện pháp để hạn chế các cái tác động của cái thời tiết và cái thứ ba nữa là cái việc
../raw_data/wavs/voice-2393.wav,trình và chúc bác thật là nhiều sức khỏe vâng vừa rồi thì chúng ta thấy là rất là nhiều người bệnh cao tuổi đúng không ạ
../raw_data/wavs/voice-2394.wav,là suy nhiều thì chúng ta sẽ sử dụng các cái máy thận nhân tạo để lọc thận thay cho kết quả thận đấy ạ thì đấy chính là
../raw_data/wavs/voice-2395.wav,dấu hiệu nhận biết rõ rệt trong thời điểm mà bệnh mới tiến triển người bệnh chỉ tìm tới phương pháp điều trị khi mà
../raw_data/wavs/voice-2396.wav,bác đang gặp phải cũng như là để giảm thiểu cũng như là hỗ trợ điều trị cái việc đau xương khớp của bác đúng không ạ
../raw_data/wavs/voice-2397.wav,như vậy thế tại sao bây giờ mới đặt ra cái câu chuyện là tác dụng phụ thế chính vì vậy cho nên là người ta quay ngược trở lại nghiên cứu những cái loại
../raw_data/wavs/voice-2398.wav,trội của hoạt chất kga1 là được chiết xuất chuẩn hóa từ thảo dược đảm bảo tính an toàn cho người bệnh khi kga1 kết
../raw_data/wavs/voice-2399.wav,chống viêm này có cái nhóm chống viêm liên quan đến corticoid và có cái những cái thuốc chống viêm mà không có corticoid
../raw_data/wavs/voice-2400.wav,ta sẽ đánh giá cả hai vấn đề một cách đầy đủ rồi mà không cần phải làm thêm chẳng hạn thì nó sẽ có cái chẩn đoán
../raw_data/wavs/voice-2401.wav,lúc đó thì tôi thấy sướng lắm tung tăng đi lại nhẹ nhàng rồi là mỗi một lần mình
../raw_data/wavs/voice-2402.wav,tích và bản thân chúng tôi cảm nhận được là là bác nói một cách rất là đầy đủ cho nên gần như là tôi cũng không phải hỏi
../raw_data/wavs/voice-2403.wav,cơ quan khác từ tay chân cho đến xương cột sống mặc dù không bị gãy xương nhưng mà điều đấy nó cũng không có nghĩa rằng
../raw_data/wavs/voice-2404.wav,hóa cộng với cái phá hủy do nó bệnh khớp cộng với do do cái quá trình điều trị không phù hợp dẫn đến kể cả xương nó
../raw_data/wavs/voice-2405.wav,nó bị thiếu và nếu mà những cái chuyện đó mà nó không giúp được nhiều thì rõ ràng chúng ta cần những cái thăm khám một cách chính xác xét nghiệm xem cụ thể
../raw_data/wavs/voice-2406.wav,tính thì nó lại là một trong những cái mà cứu cánh cho nên là cái câu chuyện mà nó ảnh hưởng đến dạ dày chúng ta biết
../raw_data/wavs/voice-2407.wav,chúng ta bị trục trặc mà chẳng qua là cái hệ thần kinh ở trung ương tức là ở sọ não đấy nó không điều khiển được một
../raw_data/wavs/voice-2408.wav,thể chia sẻ kỹ hơn một chút là bác bị tai nạn cách đây lâu chưa tai nạn như thế nào và sau bốn năm rồi ạ vâng và tai
../raw_data/wavs/voice-2409.wav,nạn thì nó bị có bị gãy xương hay là bị cái tổn thương gì đặc biệt không ạ bây giờ đi lại có khó không ạ
../raw_data/wavs/voice-2410.wav,thì tôi cũng đã nhận được một câu hỏi của một vị khán giả đến từ bắc giang với cái nội dung như thế này ạ thưa bác sĩ
../raw_data/wavs/voice-2411.wav,hai tháng sử dụng không thấy hiệu quả và không khắc phục được cái tình trạng đau nhức các xương khớp đặc biệt là trong
../raw_data/wavs/voice-2412.wav,trình mà nó ảnh hưởng không phải chỉ có mỗi gãy xương mà nó còn có những cái vi gãy xương có nghĩa là gãy xương rất là
../raw_data/wavs/voice-2413.wav,bệnh lý thoái hóa cột sống nó đã có từ trước có sẵn rồi và chỉ là những cái thời điểm nhất định thì nó khó chịu tăng
../raw_data/wavs/voice-2414.wav,bác đang gặp phải và cái đai thắt lưng này cũng sẽ là một vật để hỗ trợ bác trong cái việc mà bác di chuyển cũng như
../raw_data/wavs/voice-2415.wav,chẳng hạn một số các cái tôm cua thì đấy cũng là những cái nguồn canxi nó rất là tự nhiên và đặc biệt nếu ở các bác có
../raw_data/wavs/voice-2416.wav,khám nữa người ta không được theo dõi nữa mà người ta hoặc là người ta dùng theo kinh nghiệm hoặc là người ta tiếp
../raw_data/wavs/voice-2417.wav,thứ nhất việc thứ hai chúng ta cũng phải kiểm tra về các cái bệnh lý thần kinh đôi khi các bác sĩ cơ xương khớp người
../raw_data/wavs/voice-2418.wav,cùng xảy ra và cái thứ hai nữa là liệu là cái việc mà chúng ta giống như bác nói là đi khám ngã rồi đi kiểm tra chẳng
../raw_data/wavs/voice-2419.wav,bệnh xương khớp mà nó có liên quan đến thần kinh chúng ta cũng phải điều trị nhưng mà dùng những cái nhóm thuốc này
../raw_data/wavs/voice-2420.wav,cũng như là cổ để vai cánh tay vân vân ấy thì chúng ta rất là gặp trong nhiều các cái nhóm bệnh khác nhau có những
../raw_data/wavs/voice-2421.wav,chỉ là nghỉ được rõ ràng cái đấy cũng là một cái khó đúng không ạ thế chính vì vậy cho nên trong trường hợp này rõ ràng là cái đai thắt lưng lại là một cái
../raw_data/wavs/voice-2422.wav,mình ngã mình sẽ phải phòng tránh mà thôi mình phải luôn luôn nâng cao cái sự ý thức về cái câu chuyện đó và cái thứ
../raw_data/wavs/voice-2423.wav,như thế này và chúng tôi khuyên là bác cũng nên đi thăm khám với các cái bác sĩ
../raw_data/wavs/voice-2424.wav,gót chân này khi chúng ta phải mang vác nặng nhiều này chúng ta phải đi lại nhiều này chúng ta phải leo trèo nhiều
../raw_data/wavs/voice-2425.wav,của bác sĩ đối với dân văn phòng chúng ta vậy thì đối với những cái con những người mà gặp những cái vấn đề khác ví dụ
../raw_data/wavs/voice-2426.wav,mua theo các cái như vậy hoặc đôi khi là do người nọ người kia có kinh nghiệm rồi mách thế và khi mà người ta cứ sử dụng
../raw_data/wavs/voice-2427.wav,cái biểu hiện bác mô tả chúng tôi chưa nghĩ là bệnh lý thoái hóa chưa nghĩ là bệnh lý viêm khớp dạng thấp nhưng cái
../raw_data/wavs/voice-2428.wav,cụ thể hoặc là dễ hiểu hơn đấy là cái bệnh viêm cột sống dính khớp đấy thì rất
../raw_data/wavs/voice-2429.wav,chúng tôi cũng khuyên là gì ạ bác đã đi thăm khám nhiều nơi này đã đi chụp chiếu nhiều này đã uống nhiều loại thuốc rồi giống như bác mô tả cái điều đấy là tốt
../raw_data/wavs/voice-2430.wav,tuyến thượng thận alo đứng lên khó là vì đau lưng hay là vì
../raw_data/wavs/voice-2431.wav,cái việc của bác ít nhất là bác sẽ phải đi khám ba các cái bác sĩ chuyên khoa để có cái đánh giá một cách đầy đủ thứ nhất
../raw_data/wavs/voice-2432.wav,nhiều rồi cho nên là những cái giải pháp mà nó an toàn thì trong những trường hợp như thế này kga1 tôi đoán là một trong
../raw_data/wavs/voice-2433.wav,tôi cũng không có cái tham vọng là có thể trả lời tất cả các cái cái cái cái thắc mắc cũng như là cái câu hỏi nhưng
../raw_data/wavs/voice-2434.wav,trình điều trị duy trì và chính cái việc mà điều trị duy trì này cho nên là chúng ta cũng cần phải tìm những cái biện pháp
../raw_data/wavs/voice-2435.wav,cái chuyện đó và nếu mà chúng ta sử dụng các biện pháp phòng tránh để nó không bị nghẽn mạch máu não thì ít nhất là nó sẽ
../raw_data/wavs/voice-2436.wav,hấp cũng như là các cái hệ cơ xương khớp và kể cả là ăn uống đi chăng nữa thì đặc biệt là đối với cái hệ cơ xương khớp của
../raw_data/wavs/voice-2437.wav,khả năng giảm sưng viêm của kga1 duy trì ở ngưỡng bảy mươi tám phần trăm
../raw_data/wavs/voice-2438.wav,chứng này tôi đã bác đã bị lâu chưa ạ
../raw_data/wavs/voice-2439.wav,cũng bị loạn nó cũng bị yếu thì tất cả những yếu tố đấy nó cũng sẽ làm cho các khớp yếu và đặc biệt là khớp gối nó sẽ
../raw_data/wavs/voice-2440.wav,bệnh viêm khớp thoái hóa khớp và rất nhiều các cái bệnh lý khác thì chúng tôi có rất là nhiều các cái nhóm thuốc khác nhau và nó có những cái cơ chế khác nhau
../raw_data/wavs/voice-2441.wav,các cái vận động nặng trong cái các cái tình huống như này đôi khi có một số quý vị là lại cố tập luyện các thứ các cái
../raw_data/wavs/voice-2442.wav,tái diễn nữa mà nó trở lại là chú thích nào cái gì chú làm cái đấy chú thể thao
../raw_data/wavs/voice-2443.wav,cái quá trình sử dụng không hợp lý như vậy kể cả những cái cơ quan thần kinh như là chúng ta phải điều trị các cái
../raw_data/wavs/voice-2444.wav,cho cái sụn khớp đấy chính là cái collagen tuýp 2 thì cái việc mà chúng ta phối hợp các cái thành phần như thế này vừa phát huy được cái tác dụng mạnh của
../raw_data/wavs/voice-2445.wav,của chúng ta thì khi đó rõ ràng chúng ta biết rằng là chúng ta cần phải điều chỉnh cái bệnh của chúng ta chứ không
../raw_data/wavs/voice-2446.wav,thần kinh tọa của bác nó bị chèn ép nhiều lên không phải nó sẽ đau nhiều đâu mà nó còn có thể liệt luôn chính vì vậy
../raw_data/wavs/voice-2447.wav,chụp vai gáy ở đâu dây thần viêm đốt vai
../raw_data/wavs/voice-2448.wav,ý thì có lúc nào anh thấy nó có đau những cái đợt dài nhưng mà thường nó đau vào buổi sáng sớm hoặc là buổi đêm hay
../raw_data/wavs/voice-2449.wav,cần có những cái tham khảo như vậy và cái việc mà chúng ta điều trị theo đúng cái phác đồ theo đúng cái bệnh lý của
../raw_data/wavs/voice-2450.wav,này cái mức độ loãng xương nặng như thế nào để chúng ta có những cái biện pháp điều trị phối hợp vừa an toàn mà lại vừa
../raw_data/wavs/voice-2451.wav,cũng phải hỏi với bệnh nhân là là là là bản thân bác sĩ nhiều khi trong cái lúc mà chúng tôi hướng dẫn cho người
../raw_data/wavs/voice-2452.wav,thắt lưng là một cái rất là đơn giản thông thường mình sẽ đeo những lúc mà mình đi lại nhiều thông thường là mình
../raw_data/wavs/voice-2453.wav,điều chỉnh phù hợp là rất là quan trọng để thứ nhất là xem bây giờ mức độ nó đến đâu rồi nó đã tiến triển đến đâu rồi đấy
../raw_data/wavs/voice-2454.wav,ta cũng cần phải nhớ rằng là nhiều khi chúng ta không phải mổ không có nghĩa là não của chúng ta không bị làm sao cả đấy
../raw_data/wavs/voice-2455.wav,đã có một cái chương trình đặc biệt là ưu đãi cũng như là để khẳng định cái giá trị của sản phẩm đó chính là hoàn lại
../raw_data/wavs/voice-2456.wav,dụng một số các cái thuốc để hạn chế cái quá trình viêm của cái phổi và một trong những cái thuốc đó là corticoid thì nó
../raw_data/wavs/voice-2457.wav,là cái bệnh này nó không có một cái biểu hiện nào cụ thể vậy thì làm thế nào để chúng ta biết là cái đau nhức xương khớp
../raw_data/wavs/voice-2458.wav,nữa thì cái cái câu chuyện mà tác dụng phụ nó trở nên rất là hiện hữu rất là phổ biến rất là thường gặp và tại sao nó
../raw_data/wavs/voice-2459.wav,thậm chí là chúng tôi có một cái cái hội chứng rất hay gặp là gọi là hội chứng ống cổ tay có nghĩa là tất cả các cái
../raw_data/wavs/voice-2460.wav,làm vận động đi lại làm vận động nhiều hay nó có ảnh hưởng gì không ạ vâng cảm ơn
../raw_data/wavs/voice-2461.wav,rất là nhiều các cái thuốc mạnh và chính vì vậy cho nên là song song với cái việc mà chúng ta sử dụng những cái thuốc mạnh như thế này người bệnh lại vô hình chung
../raw_data/wavs/voice-2462.wav,nắm được hay là nắm nó khó hay là nắm nó không có khỏe chắc chắn lắm không nắm được luôn
../raw_data/wavs/voice-2463.wav,tức là bác đi xe bị ngã phải không ạ dạ vâng và có chấn thương sọ não nhưng
../raw_data/wavs/voice-2464.wav,lại được là rõ ràng có vấn đề rồi chúng ta cần phải tìm cách để điều trị ở đây chúng ta sẽ phải nhận định hai cái việc
../raw_data/wavs/voice-2465.wav,này đã làm thế nào để chúng ta điều trị từ gốc rễ thì lúc đấy chúng ta sẽ có một cái phác đồ cụ thể để có thể khắc phục
../raw_data/wavs/voice-2466.wav,dày của bác là hết sức là quan trọng tuy nhiên chúng ta cũng cần phải nói rằng là mặc dù cái cái thuốc chống viêm corticoid
../raw_data/wavs/voice-2467.wav,nó bị lộ ra ngoài ví dụ như là tay áo mình có thể mặc đã áo dài tay nhưng mà
../raw_data/wavs/voice-2468.wav,phần hoặc là khắc phục một phần những cái vấn đề mà mình đang gặp phải thì ở đây trước hết là chúng tôi sẽ muốn là
../raw_data/wavs/voice-2469.wav,kia như thế này nó sẽ ảnh hưởng rất là nhiều đến các cái khớp các cái xương vì sao vì khi chúng ta không vận động thì
../raw_data/wavs/voice-2470.wav,cả những cái chuyện đó đối với người bình thường đã nặng nhưng mà đối với bác có nguy cơ nặng lên rất nhiều và nếu cái
../raw_data/wavs/voice-2471.wav,các cái câu chuyện liên quan đến cái hệ hô hấp và hệ mạch máu như thế nào thì các cái nguy cơ lên lên lên cái mạch máu
../raw_data/wavs/voice-2472.wav,cái đau thắt lưng thế nhưng mà đối với những cái người ở đặc biệt ở cái lứa tuổi trung niên thì rất là dễ gặp vì
../raw_data/wavs/voice-2473.wav,đến bệnh viện để có cái thăm khám cũng như là đánh giá một cách chính xác thì sẽ rất là tốt và nếu mà bác chưa có điều
../raw_data/wavs/voice-2474.wav,chẳng may bác ngã mà nó lại gãy xương thì tất cả những cái câu chuyện đó nó lại trở nên là không có ý nghĩa cho nên cái
../raw_data/wavs/voice-2475.wav,rất là vui mừng vì đã mang lại một cái sản phẩm tốt và có hiệu quả cao để hỗ trợ cho hàng triệu người bị đau cơ xương
../raw_data/wavs/voice-2476.wav,chúng ta nên hạn chế các cái tác động vào cái vùng gót chân này cụ thể là gì ạ chúng ta không nên đi bộ nhiều này chúng
../raw_data/wavs/voice-2477.wav,cuối cùng nhưng mà còn một cái câu chuyện thứ ba nữa là liên quan đến cái vấn đề mạch máu mạch máu ở cái vùng chi
../raw_data/wavs/voice-2478.wav,còn phục hồi sụn khớp thoái có hiệu quả muốn hỗ trợ giảm đau xương khớp thoái hóa nói chung thì phải đáp ứng được ba
../raw_data/wavs/voice-2479.wav,năm mươi tuổi cũng là cái tuổi mà chúng ta rất là dễ có rất nhiều các cái thoái hóa rồi chỉ có điều là nó ảnh hưởng nhiều như
../raw_data/wavs/voice-2480.wav,đau nhức nhiều hơn tuy nhiên còn một cái câu chuyện khác mà chúng ta phải phân biệt là thế vậy thì thì cái đau mà do cơ
../raw_data/wavs/voice-2481.wav,cái động tác giúp cải thiện cái tuần hoàn của các cái vùng của cơ thể của chúng ta thì bản thân bác sĩ nhiều khi
../raw_data/wavs/voice-2482.wav,gì tôi phải đi khám nhiều nơi quá mà chẳng nơi nào chẩn đoán ra bệnh cả thực ra là gì ạ chúng ta cũng cần nhớ rằng là
../raw_data/wavs/voice-2483.wav,thắt lưng trước rồi sau đó thì mình cũng nên thu xếp một cái thời gian phù để để đi thăm khám nhớ tránh cái tình trạng bị
../raw_data/wavs/voice-2484.wav,kinh nên đi lại khó thì cái việc mà bác sử dụng các cái thuốc mà chống viêm theo cái biện pháp như kga1 như chúng tôi
../raw_data/wavs/voice-2485.wav,nhiều hơn thì rất cần cái đai đó cái thứ hai nữa là chúng ta cũng nên hạn chế cái việc mà đi lại nhiều đây là trả lời
../raw_data/wavs/voice-2486.wav,bây giờ thì ở đầu dây bên kia chúng tôi cũng xin được kết nối với vị khán giả tiếp theo xin được kết nối cho tôi với
../raw_data/wavs/voice-2487.wav,giải pháp làm sao mà nó không có ảnh hưởng đến dạ dày chắc chắn là như vậy bởi vì vốn dĩ là nó cũng đã bị gánh quá
../raw_data/wavs/voice-2488.wav,tăng thêm một số các cái chất mà nó có nhiều canxi hơn ví dụ như một số loài thịt cá
../raw_data/wavs/voice-2489.wav,ở các cái bệnh viện đặc biệt là ở chuyên khoa nếu mà bác có bảo hiểm thì có thể bác đi khám ở các cái bệnh viện gần nhà
../raw_data/wavs/voice-2490.wav,chúng ta nên có cái sự nghỉ ngơi phù hợp có thể là một vài ngày tùy vào cái mức độ bệnh tật hoặc là trong lúc mà chúng
../raw_data/wavs/voice-2491.wav,đau gối ạ nói chung là đau hai gối này lưng này
../raw_data/wavs/voice-2492.wav,chúng ta ngồi nó đỡ hơn đấy là một cái bằng chứng nó rất là là là là phù hợp với các cái bệnh lý thoái hóa cột sống
../raw_data/wavs/voice-2493.wav,thực tế và ngoài ra chúng ta cũng lại có thể phối hợp với các cái bài thuốc cổ
../raw_data/wavs/voice-2494.wav,cái bệnh lý này mà mình lại chỉ đi tìm ở những cái chỗ mà nó hay gặp thì đôi khi mình bỏ sót những cái biểu hiện chính vì
../raw_data/wavs/voice-2495.wav,chân nâng tay ví dụ như vậy hoặc nếu mà bác có thể ngồi dậy được thì bác cũng có thể tập ở cái tư thế thế ngồi nhưng mà
../raw_data/wavs/voice-2496.wav,không biết phải làm như thế nào để giải quyết cho nên cái việc mà bác đặt câu hỏi với chương trình như này thì chúng
../raw_data/wavs/voice-2497.wav,ta vẫn tiếp tục sử dụng ngâm với củ địa liền để xoa bóp các cái xương khớp như thế này đau nhức xương khớp vào cái mùa
../raw_data/wavs/voice-2498.wav,đau nhức ở những mùa rét là nó đau nó kíp ở các
../raw_data/wavs/voice-2499.wav,rất nhiều người là gì ạ chảy máu dạ dày thậm chí là thủng dạ dày thậm chí là ngày xưa thì cái tỷ lệ những cái người
../raw_data/wavs/voice-2500.wav,là dễ gặp ở cái độ tuổi này và cái việc thông thường là gì ạ người ta sẽ được chẩn đoán rất là muộn vì sao có những
../raw_data/wavs/voice-2501.wav,chúng ta đi khám một nơi hai nơi ba nơi nó chưa ra vấn đề nó cũng không phải là không có ích mà nó sẽ có ích cho những
../raw_data/wavs/voice-2502.wav,hà nội thì bác sĩ cũng đã tư vấn khá là chi tiết rồi và bác cũng nên tìm ra cái nguyên nhân sâu xa hơn của bệnh lý của
../raw_data/wavs/voice-2503.wav,nên các cái nhóm thuốc giảm đau trong cái điều trị bệnh lý xương khớp nó có một vai trò hết sức là quan trọng và chúng tôi có hai cái nhóm lớn trong cái
../raw_data/wavs/voice-2504.wav,nó thiếu như nào hệ xương của chúng ta nó bị loãng xương như thế nào để có bác sĩ có cái biện pháp là cho thuốc một
../raw_data/wavs/voice-2505.wav,dù bác bảo là nó chưa phá ra nhưng mà chúng tôi thấy là nó phá ra rất nhiều phá ra cái gì ạ bác đã dùng corticoid
../raw_data/wavs/voice-2506.wav,chú đá bóng rồi chú trồng cây tưới nước thoải mái không phải lo nghĩ gì về cái
../raw_data/wavs/voice-2507.wav,cũng sẽ rất là khó khăn đấy cũng xin mong là bác có thể có được cái liệu trình điều trị phù hợp
../raw_data/wavs/voice-2508.wav,cảm ơn câu hỏi của quý khán giả ở bắc giang ở đây thì chúng ta cũng không biết chính xác là bác bao nhiêu tuổi rồi công
../raw_data/wavs/voice-2509.wav,nào nhưng mà ở đây chúng tôi cũng xin là trình bày theo hai cái vấn đề cái thứ nhất nó liên quan đến cái bệnh lý và cái
../raw_data/wavs/voice-2510.wav,hành phòng chống thoái hóa khớp đấy thì chính là những cái lời khuyên mà chúng tôi cứ nghĩ rằng là mặc dù nó rất là
../raw_data/wavs/voice-2511.wav,dưới cũng là một cái vấn đề rất là quan trọng thường nó có thể gây lên những cái đau ở cái vùng cột sống đau lên đỡ cái
../raw_data/wavs/voice-2512.wav,là trong trường hợp này hoàn toàn là bác nên cân nhắc để sử dụng nhưng chúng ta cần phải có cái tiếp tục thăm khám cũng
../raw_data/wavs/voice-2513.wav,thăm khám đối với những cái người mà có các cái vấn đề như thế này bao giờ chúng tôi cũng xem là cái công việc cũng như
../raw_data/wavs/voice-2514.wav,dành cho khán giả để có thể khắc phục được tình trạng khi mà thời tiết chuyển mùa không ạ rất là cảm ơn cái câu hỏi
../raw_data/wavs/voice-2515.wav,tôi đang nghĩ đến một số các cái nhóm bệnh lý khác mà chúng tôi gọi là những nhóm bệnh lý cột sống huyết thanh âm
../raw_data/wavs/voice-2516.wav,uống phù hợp như thế nào thì thì cái câu hỏi của bác đặt ra rất phù hợp là ở khía cạnh như vậy cho nên lời khuyên đầu tiên
../raw_data/wavs/voice-2517.wav,cho nên là tựu chung lại lời khuyên của chúng tôi bây giờ là thứ nhất là mình nên đi thăm khám ở cái cơ sở chuyên khoa
../raw_data/wavs/voice-2518.wav,tác động một cách liên tục nó không được thay đổi không được tăng giảm cái thứ hai cơ gân của chúng ta nó bị căng mà
../raw_data/wavs/voice-2519.wav,của não lại cũng rất là cao cho nên người ta cũng sẽ phải cân nhắc cái câu chuyện là chúng ta phải phòng tránh những cái nguy cơ đó phòng tránh những
../raw_data/wavs/voice-2520.wav,không phải là một sớm một chiều rồi bác có thể kết được nhiều bài tập này rồi là kết hợp trong cái thói quen sinh hoạt
../raw_data/wavs/voice-2521.wav,dây thần kinh và mạch máu khi đi xuống cái bàn tay nó sẽ đi qua cái vùng cổ tay như thế này và nếu mà cái chỗ này nó bị
../raw_data/wavs/voice-2522.wav,trong cái câu chuyện mà điều trị các cái bệnh gút vì sao bệnh gút nó sẽ gây ra phá hủy rất là nhiều các cái bệnh khớp
../raw_data/wavs/voice-2523.wav,cũng gây ra cái thiếu mạch máu não thiếu oxy lên não và thiếu oxy lên não thì nó cũng gây co thắt cái mạch máu não và
../raw_data/wavs/voice-2524.wav,quan đến hệ gen di truyền ví dụ như vậy có một cái bệnh rất là dễ dễ biết này và
../raw_data/wavs/voice-2525.wav,bệnh lý mà thoái hóa khớp của của bác thì nó cũng có thể là một trong những cái giải pháp có thể giới thiệu cho bác
../raw_data/wavs/voice-2526.wav,nếu nó đã có những cái biểu hiện như vậy một lần hai lần nếu mình không phát hiện ra có nghĩa là những lần tiếp theo nó sẽ
../raw_data/wavs/voice-2527.wav,mạch máu của chúng ta lưu thông ở mức độ nó rất là ít và đã chậm bản thân các cái khớp của chúng ta nó thông thường là
../raw_data/wavs/voice-2528.wav,vâng thế bây giờ mà bác muốn hỏi cái điều gì nhất ạ
../raw_data/wavs/voice-2529.wav,là cái mà mình cố sửa nó nhỏ thôi nhưng mà cái động tác mà mình vào đấy để mình sửa thì nó lại ảnh hưởng nhiều hơn chính
../raw_data/wavs/voice-2530.wav,như bác sĩ nói thì rất là nhiều đối tượng chúng ta đều có thể mắc cái bệnh cơ xương khớp đúng không ạ vậy thì nhiều
../raw_data/wavs/voice-2531.wav,để chúng ta có những cái nhận định một cách là cụ thể hơn và sát sao hơn đấy là cái việc thứ nhất cái việc thứ hai nó
../raw_data/wavs/voice-2532.wav,khác nhau các vị trí khớp khác nhau trong đó có khớp gối và khi mà cái khớp gối cộng với cái tuổi sáu mươi của mình thoái
../raw_data/wavs/voice-2533.wav,những cái khó chịu đơn thuần mà nó ảnh hưởng đến cái việc vận động này không thể ngồi được lâu này đứng lên ngồi xuống nó cũng khó khăn như vậy này thì
../raw_data/wavs/voice-2534.wav,cột sống đau vai gáy đau thần kinh tọa thần kinh liên sườn tê buồn chân tay
../raw_data/wavs/voice-2535.wav,là người ta lại tích lũy một cái kinh nghiệm a dùng thuốc này nó rất là mạnh dùng thuốc này rất là nhanh rất là đỡ và
../raw_data/wavs/voice-2536.wav,là cái lưng cái lưng nó rất là đau bao nhiêu công việc nặng nhọc đồ bà xã phải
../raw_data/wavs/voice-2537.wav,phải chỉ là chữa để cho đỡ khó chịu khi mà thời thời tiết nó thay đổi nữa
../raw_data/wavs/voice-2538.wav,chứng tiền đình bị rối loạn vận động mạch máu não này và đôi khi là có những cái trường trường hợp là tai biến mạch
../raw_data/wavs/voice-2539.wav,gáy nó mới đau nó chèn lên thần kinh tê liệt tay thế uống thuốc nó đỡ làm nhiều lúc mà rét
../raw_data/wavs/voice-2540.wav,tổng đài này thì sẽ có cơ hội nhận được ưu đãi của chương trình vâng và sẽ quay trở lại với chương trình của chúng ta
../raw_data/wavs/voice-2541.wav,xác tôi chưa biết là các bác đã lần trước thì khám để các bác sĩ đã khuyên gì chưa nhưng mà đối với những cái
../raw_data/wavs/voice-2542.wav,mà uống vô nhiều khi sáng uống liền chưa ăn gì hết uống liền cũng không có sao hết không có hại bao tử chút xíu
../raw_data/wavs/voice-2543.wav,trước đây thì tôi bị đau cái phần thắt lưng rất là khó chịu đặc biệt là mấy hôm trời mưa như là mấy hôm trước ạ thì lưng
../raw_data/wavs/voice-2544.wav,hiệu quả nhưng lại tác dụng phụ không có nhiều như vậy không ảnh hưởng đến nội tạng nhiều như vậy và bản thân
../raw_data/wavs/voice-2545.wav,người ta cũng sẽ đặt ra hai cái câu chuyện là cân nhắc giữa cái câu chuyện là mổ thì được lợi gì và không được lợi
../raw_data/wavs/voice-2546.wav,minh tác dụng kết quả cho thấy kga1 có tác dụng ức chế cơn đau lên đến bảy mươi sáu phần trăm
../raw_data/wavs/voice-2547.wav,lên mà thôi cho nên lời khuyên đầu tiên là đối với với quý vị khán giả này ý cũng như là những cái quý vị khán giả mà
../raw_data/wavs/voice-2548.wav,những cái thuốc mà ức chế được cái quá trình viêm đó khi mà nó chống được quá trình viêm thì nó vừa hạn chế được cái
../raw_data/wavs/voice-2549.wav,thì tôi đi làm chạy xe máy nhiều thì thì cho chị đau lưng xong đi
../raw_data/wavs/voice-2550.wav,thì lại không những là dân văn phòng mà kể cả nhiều dân khác lại cũng phải ngồi và làm việc online suốt ngày thì những
../raw_data/wavs/voice-2551.wav,này chúng ta sẽ có thể có thông tin về sản phẩm vâng và tôi cũng xin được nhắc lại tổng đài của chương trình không hai
../raw_data/wavs/voice-2552.wav,mới có thể có những chèn ép có những cái thoái hóa nặng lên và thậm chí là bây giờ bác đau nhiều quá bác đi lại khó khó
../raw_data/wavs/voice-2553.wav,nhiều các cái lý do khác nhau một trong những cái lý do đấy mà chúng ta thấy rằng là rất là phổ biến đấy là những cái
../raw_data/wavs/voice-2554.wav,địa đấy thì chúng ta có thể hiểu rằng là do cái cơ địa của mình nó như vậy nhưng nếu cái đau của chúng ta nó lặp đi lặp
../raw_data/wavs/voice-2555.wav,ngoài cái thoái hóa cột sống ra còn chẩn đoán bệnh gì khác không ạ
../raw_data/wavs/voice-2556.wav,nó lại rất là khó khăn cho nên là và tôi cứ đi ra ngoài mà tôi ngửi thấy cái
../raw_data/wavs/voice-2557.wav,rất là nhiều đấy là một trong những cái thuốc chống viêm chống chỉ định để điều trị trong các bệnh gút trừ phi những cái
../raw_data/wavs/voice-2558.wav,ra mà nó phá rất nhiều đấy là cái việc thứ nhất mà chúng tôi cần phải khuyên cho nên là bác cần đi thăm khám ở các
../raw_data/wavs/voice-2559.wav,bệnh bị biến chứng mà thậm chí tử vong do thủng dạ dày do chảy máu dạ dày rất là cao cái thứ hai nữa là các cái hệ mà
../raw_data/wavs/voice-2560.wav,nguồn từ cái câu chuyện là gì ạ chúng ta đã có kinh nghiệm điều trị hàng ngàn năm nay rồi và chúng ta vẫn đang điều trị
../raw_data/wavs/voice-2561.wav,không vấn đề gì hai gối với lại tất cả các ngón chân ngón tay các khớp ở các
../raw_data/wavs/voice-2562.wav,là vắt hoặc là làm một số các cái động tác như vậy có những người không lái xe được nhưng mà khi chúng ta điều trị khỏi
../raw_data/wavs/voice-2563.wav,cũng cần phải hỏi lại như vậy và trước khi chúng ta có một số các cái lời khuyên đương nhiên chúng ta cần biết
../raw_data/wavs/voice-2564.wav,chẩn đoán muộn ở trung bình là năm năm đấy có nghĩa là gì năm năm đầu là cứ chạy hết
../raw_data/wavs/voice-2565.wav,vận động khá là đều đặn duy trì hàng ngày để mục đích là gì thứ nhất là lưu thông khí huyết cái thứ hai nữa bản thân
../raw_data/wavs/voice-2566.wav,đấy là gì ạ do cơ địa của từng người và khi có những cái cơ địa của từng người như vậy thì rất là có thể có những cái
../raw_data/wavs/voice-2567.wav,chỗ này là nó ngấm từ từ từ chứ nó không đến một cách trực tiếp được thì chính vì vậy cho nên là rõ ràng là nếu mà mạch
../raw_data/wavs/voice-2568.wav,hơn ảnh hưởng tới chất lượng cuộc sống đặc biệt là bệnh xương khớp thường không có nhiều những cái triệu chứng hay là
../raw_data/wavs/voice-2569.wav,đau thì chính vì vậy cho nên là với cơ địa của những cái người hàn những cái người mà lạnh chẳng hạn hoặc là cái khí
../raw_data/wavs/voice-2570.wav,vì vậy cho nên là trong trường hợp này thì chúng tôi vẫn nghĩ rằng là chúng ta vẫn vẫn cần phải biết rằng là khi chúng
../raw_data/wavs/voice-2571.wav,nên là bản thân cái việc nuôi dưỡng kém này nó đã ảnh hưởng đến xương khớp của chúng ta nó đã gây ra đau nhức rồi nó đã
../raw_data/wavs/voice-2572.wav,lâu dài một cách an toàn thì đấy là những cái biện pháp những cái lời khuyên đầu tiên là bác nên có thể áp dụng cho
../raw_data/wavs/voice-2573.wav,cột sống thắt lưng người mắc bệnh viêm khớp thoát vị đĩa đệm gai vôi hóa cột sống đau vai gáy đau thần kinh tọa thần
../raw_data/wavs/voice-2574.wav,mà đi ra ngoài đường là bị ngã cái thì gay cho nên là trường hợp của bác cũng thế thôi nếu bác bắt buộc vẫn phải leo cầu thang đương nhiên là cái công việc
../raw_data/wavs/voice-2575.wav,như là câu hỏi anh đã đặt cho chương trình vâng chúc anh thật là nhiều sức khỏe rất là nhiều những khán giả đã đọc gọi
../raw_data/wavs/voice-2576.wav,tiên ấy chúng tôi rất là khuyên rằng là bác cần phải đi kiểm tra về cái vấn đề là thần kinh sọ não bởi vì sao bởi vì
../raw_data/wavs/voice-2577.wav,hàng ngày để có thể cải thiện được cái tình trạng của mình để tránh tái đi tái lại cũng như là khi mà trở trời thì nó
../raw_data/wavs/voice-2578.wav,trạng là thiếu canxi cái thứ hai nó đôi khi là do chế độ ăn của chúng ta nó cũng thiếu thế cả hai những cái vấn đề này thì chúng ta nên đi khám để có một cái
../raw_data/wavs/voice-2579.wav,tập bác có thể đạp xe tại chỗ ví dụ như vậy thế thì nhiều bác lại bảo là bây giờ tôi có cái xe đạp tôi thích đạp ra ngoài
../raw_data/wavs/voice-2580.wav,tiếng hai tiếng gì đấy nó lại giãn được ra thì cái cái cơn nó lại có thể hồi phục được chính vì vậy chụp không thấy gì cả
../raw_data/wavs/voice-2581.wav,có tư vấn lại có cơ hội nhận được những phần quà giá trị khuyến mại chỉ diễn ra trong ngày vì vậy quý vị hãy nhanh tay
../raw_data/wavs/voice-2582.wav,các cái người bệnh thì chúng tôi cũng nhận thấy rằng là những người mà đã có những cái tiền sử chấn thương từ trước thì người ta lại có những cái sự ảnh
../raw_data/wavs/voice-2583.wav,thấy được nhưng có những trường hợp nó chỉ là thoáng qua nó ví dụ như mạch máu não nó bị co vào như thế này sau độ ba
../raw_data/wavs/voice-2584.wav,thoái hóa khớp đáp ứng tốt trên các bệnh viêm khớp thoát vị đĩa đệm gai vôi hóa
../raw_data/wavs/voice-2585.wav,cuộc sống cổ tuy nhiên nếu là cái bệnh lý của hội chứng ống cổ tay thì cái việc điều trị của chúng ta lại tập trung ở
../raw_data/wavs/voice-2586.wav,những cái lời khuyên về các cái bệnh lý cụ thể của người bệnh thì chúng tôi cũng rất là mong muốn có những cái lời khuyên
../raw_data/wavs/voice-2587.wav,quá trình nó diễn biến thậm chí là càng ngày nó càng có những cái diễn biến nó nó nó nặng hơn so với trước chính vì thế
../raw_data/wavs/voice-2588.wav,cái gì nặng không ạ
../raw_data/wavs/voice-2589.wav,chính vì vậy cho nên là ngoài những cái đợt mà theo dõi với bác sĩ ra thì người ta cứ tự ý người ta bắt đầu lại sử dụng
../raw_data/wavs/voice-2590.wav,để điều trị cho từng bệnh đặc biệt trong đó thì có một cái cơ chế rất là quan trọng là các cái khớp nó bị viêm thì cần
../raw_data/wavs/voice-2591.wav,với bác sĩ ngày hôm nay rồi và ngày hôm nay thì chúng tôi đã có rất là nhiều vị khán giả nhận được sự kết nối trực tiếp từ bác sĩ và rất mong là với những tư
../raw_data/wavs/voice-2592.wav,yếu tố giảm đau giảm viêm và nuôi dưỡng sụn khớp đồng thời an toàn khi sử dụng
../raw_data/wavs/voice-2593.wav,những người cao tuổi chúng ta biết rằng là bản thân họ cũng gặp rất là nhiều các cái vấn đề chứ không phải chỉ riêng mỗi
../raw_data/wavs/voice-2594.wav,ạ trong trường hợp này của anh có lẽ anh vẫn cần phải đến khám với các bác sĩ chuyên khoa về bệnh bệnh lý cơ xương
../raw_data/wavs/voice-2595.wav,thần kinh kiểm tra nhưng người ta có điện tâm đồ tất cả các thứ về thần kinh
../raw_data/wavs/voice-2596.wav,cái phác đồ một cách điều trị một cách phù hợp tránh cái tình trạng là mình lại tiếp tục loay hoay như thế này và đôi
../raw_data/wavs/voice-2597.wav,có định hướng khuyên cho mình là nên đi thăm dò kỹ về cái chuyên khoa nào bởi vì sao ở đây bây bây giờ chúng tôi khuyên
../raw_data/wavs/voice-2598.wav,cũng không có nhiều cho nên xin phép là chúng tôi cũng sẽ tư vấn ngắn gọn như này đi vào các vấn đề chính vấn đề số một
../raw_data/wavs/voice-2599.wav,mạch máu lên lên não ví dụ như mạch cảnh chẳng hạn đây là một cái bệnh lý ở mạch cảnh hẹp mạch cảnh rất là nhiều người bị cái các
../raw_data/wavs/voice-2600.wav,hiệu mà ngày xưa chúng ta vẫn hay phổ biến đấy là gì ạ nâng niu bàn chân việt thì trong trường hợp này của bác bác tìm
../raw_data/wavs/voice-2601.wav,khớp ở chân tay là bị hết và hôm nay câu hỏi của bác là gì ạ thì tôi muốn hỏi bác sĩ đấy nó là tôi thế thì nó có phải
../raw_data/wavs/voice-2602.wav,cái bệnh lý thoái hóa khớp và cái thoái hóa khớp này nó cũng có thể liên quan đến công việc hàng ngày này tư thế vận
../raw_data/wavs/voice-2603.wav,lâu là trước khi bị tai nạn đi ạ
../raw_data/wavs/voice-2604.wav,khi là mình cứ dùng hết cái nọ dùng hết cái kia mà không có một cái chẩn đoán cuối cùng thì sẽ sẽ mất đi cái thời gian
../raw_data/wavs/voice-2605.wav,sẽ phải tiếp xúc này sẽ phải xử lý này và sẽ phải đào thải những câu chuyện đó chính vì vậy tất cả những cái nội tạng
../raw_data/wavs/voice-2606.wav,không ạ có nên là vận động nhiều hay không thế thì chúng ta thấy ở đây là có cả hai vấn đề tức là vấn đề liên quan
../raw_data/wavs/voice-2607.wav,thận và khi mà suy vỏ thượng thận giống như của bác mô tả có nghĩa là nó đã bị lâu rồi đã bị nặng rồi phương pháp lặp
../raw_data/wavs/voice-2608.wav,phục một cách phù hợp nhưng mà việc đầu tiên chúng tôi khuyên ngay lập tức bây giờ thì là bác
../raw_data/wavs/voice-2609.wav,chuột rút đúng không ạ ở đây chuột rút thì chúng ta nhớ rằng là nó cũng có một số các cái nhóm nguyên nhân thông thường chúng ta sẽ nghĩ ngay đến cái câu chuyện
../raw_data/wavs/voice-2610.wav,giảm được cái câu chuyện là loạng choạng ít nhất là giảm được câu chuyện bị té ngã bởi vì sao bởi vì khi mà cái loãng
../raw_data/wavs/voice-2611.wav,lượng không phù hợp thời gian không phù hợp thì nó sẽ dẫn đến một cái bệnh lý kèm theo đấy là bệnh lý mà suy vỏ thượng
../raw_data/wavs/voice-2612.wav,mà cũng bị bệnh gì bác ạ dạ vâng ở đây thì vâng ở đây thì có lẽ
../raw_data/wavs/voice-2613.wav,phẩm của viện hàn lâm này sức khỏe của chú thì rất là tốt rồi đấy so với lại
../raw_data/wavs/voice-2614.wav,mạch máu não rồi nó bị thiếu máu não rồi bị nhồi máu não rồi hoặc một số các cái vấn đề như vậy hẹp mạch máu hoặc là rối
../raw_data/wavs/voice-2615.wav,xưa cái đôi tay của mình và cái vai của mình nó đau đớn thế nào thì bây giờ nó không
../raw_data/wavs/voice-2616.wav,bác sĩ trực tiếp chỉ định và với một cái thời gian cụ thể không bao giờ được dùng quá dài không được dùng lạm dụng không
../raw_data/wavs/voice-2617.wav,nhau và cái lứa tuổi mà trung niên là cái lứa tuổi gặp khá là phổ biến còn
../raw_data/wavs/voice-2618.wav,nên là trong đông y chúng tôi vẫn thường có một quan niệm là gì ạ chỗ nào mà nó không thông thì thì nó sẽ đau nghĩa là
../raw_data/wavs/voice-2619.wav,mình đang căng nên nó rút nó mỏng ra đấy dạ vâng thế thì ở đây chúng ta thấy rằng là
../raw_data/wavs/voice-2620.wav,tác dụng phụ lên đường tiêu hóa lên các cái hệ nội tạng chính vì vậy cho nên đấy là một trong những cái hướng mà tiếp cận
../raw_data/wavs/voice-2621.wav,Giải thích cơ chế sinh học dẫn đến hiện tượng 'loại nhanh khỏi huyết tương để phân bố ưu tiên vào nhu mô gan' của Vitamin B12 sau khi hấp thu?
../raw_data/wavs/voice-2622.wav,Tại sao bệnh nhân có tiền sử bệnh gan hoặc đang sử dụng rượu bia lại nằm trong nhóm nguy cơ cần thận trọng khi dùng Eperisone?
../raw_data/wavs/voice-2623.wav,"Nếu bệnh nhân lỡ quên một liều vigabatrin và thuốc đã không được hấp thu hoàn toàn (ví dụ: nôn hoặc khạc ra), hành động tiếp theo được khuyến cáo là gì?"
../raw_data/wavs/voice-2624.wav,"Trong quy trình điều chế công nghiệp hai bước, phương trình hóa học nào biểu diễn quá trình trung hòa một phần monosodium phosphate (NaH2PO4) để tạo ra muối photphat trung tính cuối cùng?"
../raw_data/wavs/voice-2625.wav,Tại sao Quinethazone được xếp vào loại thuốc lợi tiểu thiazide nhưng lại có khả năng làm tăng nồng độ acid uric trong huyết thanh?
../raw_data/wavs/voice-2626.wav,"So sánh cơ chế tác dụng của Atomoxetine với các chất kích thích tâm thần (stimulants) điển hình trong điều trị ADHD: Both đều làm tăng nồng độ dẫn truyền thần kinh, nhưng sự khác biệt cốt lõi về vị trí tác động (site of action) là gì?"
../raw_data/wavs/voice-2627.wav,Tại sao chỉ số sinh khả dụng đường uống của atropine chỉ khoảng 50%?
../raw_data/wavs/voice-2628.wav,"Khi gây ra tình trạng tan máu và chảy máu lâm sàng, cefamandole ảnh hưởng trực tiếp đến cơ chế sinh lý nào của quá trình đông máu?"
../raw_data/wavs/voice-2629.wav,"Nếu một bệnh nhân quên uống liều alfuzosin 2.5 mg vào buổi sáng nhưng phát hiện ra lúc 10 giờ tối, và liều kế hoạch tiếp theo là vào sáng hôm sau, thì theo hướng dẫn quản lý quên liều, hành động tối ưu nhất là gì?"
../raw_data/wavs/voice-2630.wav,Tốc độ bán thải trung bình của bromfenac trong thủy dịch sau khi nhỏ mắt?
../raw_data/wavs/voice-2631.wav,Tại sao việc sử dụng chloramphenicol trong giai đoạn cuối thai kỳ hoặc khi chuyển dạ được cảnh báo là có thể gây hội chứng xám ở trẻ sơ sinh?
../raw_data/wavs/voice-2632.wav,"Giải thích cơ chế mà qua đó exenatide làm giảm nồng độ glucagon từ các tế bào alpha đảo tụy, và hệ quả của việc glucagon thấp hơn này đối với sản lượng glucose ở gan."
../raw_data/wavs/voice-2633.wav,"Trong phác đồ phối hợp với 5-fluorouracil để điều trị ung thư đại-trực tràng, Acid Folinic được sử dụng với liều lượng chuẩn nào (tính bằng mg/m2) để tối ưu hóa tác dụng độc tế bào?"
../raw_data/wavs/voice-2634.wav,"Trong bối cảnh lâm sàng, Durvalumab được tiêm truyền tĩnh mạch với thời gian bao lâu?"
../raw_data/wavs/voice-2635.wav,Việc anakinra là một phân tử protein lớn có khối lượng phân tử khoảng 17.3 kDa và không qua chuyển hóa qua hệ enzym CYP450 có ý nghĩa gì đối với nguy cơ tương tác dược lý và độc tính thai nghén so với các thuốc nhỏ hơn?
../raw_data/wavs/voice-2636.wav,"Trong bối cảnh Cetylpyridinium là thuốc dùng tại chỗ không đường uống, tại sao khái niệm 'quên liều' lại không được áp dụng?"
../raw_data/wavs/voice-2637.wav,Tại sao việc rửa dạ dày thường được ưu tiên hơn biện pháp gây nôn khi xử lý các ca ngộ độc diphenhydramine?
../raw_data/wavs/voice-2638.wav,"Tại sao Acebutolol khi phối hợp với Clonidine lại chống chỉ định việc dừng Clonidine trước, và cơ chế đối lập giao cảm nào khiến bệnh nhân tăng nguy cơ tăng huyết áp cấp tính?"
../raw_data/wavs/voice-2639.wav,"Trong bảng liều dùng cho trẻ em từ 10 đến dưới 15 kg, nồng độ dung dịch Darunavir được quy định là 100mg/ml. Nếu cần kê đơn liều Darunavir 35mg/kg cho bệnh nhân nặng 12kg, cần bao nhiêu ml dung dịch?"
../raw_data/wavs/voice-2640.wav,"Theo bảng điều chỉnh liều PTH - Vitamin D - Calci, bệnh nhân có nồng độ calci huyết thanh trước khi tiêm > 2,55 mmol/L cần điều chỉnh TTH theo thứ tự ưu tiên nào?"
../raw_data/wavs/voice-2641.wav,Cơ chế đối kháng cạnh tranh của Zafirlukast trên các thụ thể cysteinyl leukotriene (cLTr) có liên quan như thế nào đến quá trình hình thành phù nề niêm mạc đường thở?
../raw_data/wavs/voice-2642.wav,"Thay đổi nào sau đây trên tế bào gan có thể được quan sát thấy ở bệnh nhân sử dụng estrogen liên hợp liều cao, liên quan trực tiếp đến chỉ định ung thư tuyến tiền liệt?"
../raw_data/wavs/voice-2643.wav,Ospemifene chứa 4'-hydroxyospemifene và 4-hydroxyospemifene là chất chuyển hóa chính. Quá trình glucuronid hóa do các enzyme UGT1A3 và UGT1A9 ức chế có thể gây tương tác thuốc gì?
../raw_data/wavs/voice-2644.wav,"Dựa trên cơ chế dược lý, iloperidone tạo ra hiệu quả điều trị tâm thần phân liệt thông qua sự kết hợp của hai hoạt tính đối kháng nào tại các thụ thể?"
../raw_data/wavs/voice-2645.wav,"Dựa trên đặc điểm phân tử là protein, cơ chế chuyển hóa chính của hoạt chất Protease sau khi thực hiện chức năng sinh học là gì và các sản phẩm cuối cùng được thải trừ ra sao?"
../raw_data/wavs/voice-2646.wav,"Cơ chế nào giải thích cho việc Barium sulfate có thể hoạt động như một chất cản quang hiệu quả trong các xét nghiệm X-quang đường tiêu hóa, dựa trên đặc tính hóa lý của kim loại này?"
../raw_data/wavs/voice-2647.wav,Bản chất hóa học của Quinethazone giúp nó ức chế quá trình tái hấp thu ions nào ở ống lượn xa của nephron?
../raw_data/wavs/voice-2648.wav,"Dựa trên cơ chế chuyển hóa qua gan và thời gian bán thải từ 9 đến 12 giờ, tần suất dùng liều Azatadine tối ưu để duy trì nồng độ thuốc trong therapeutic index là bao nhiêu?"
../raw_data/wavs/voice-2649.wav,"Theo tổ chức BACOG, Zafirlukast được xem là lựa chọn thay thế cho loại thuốc giãn phế quản nào trên phụ nữ mang thai bị hen dai dẳng?"
../raw_data/wavs/voice-2650.wav,"Theo hệ thống phân loại của FDA, thai kỳ loại C của Citalopram có nghĩa là gì?"
../raw_data/wavs/voice-2651.wav,"Tình trạng tăng huyết áp nội sọ lành tính (khối u não giả) được xếp vào loại tác dụng phụ nào, và triệu chứng này đặc biệt phổ biến ở dạng bào chế nào của cysteamine?"
../raw_data/wavs/voice-2652.wav,"Tại sao Ketazolam có thể gây ra chứng hay quên (mất trí nhớ) sau vài giờ uống thuốc, và việc đảm bảo ngủ đủ 7-8 giờ liên tục có vai trò gì trong việc giảm thiểu rủi ro này?"
../raw_data/wavs/voice-2653.wav,"Tại sao việc sử dụng phenobarbital đồng thời có thể làm giảm nồng độ chloramphenicol trong huyết tương, trong khi đó rifampin cũng có tác dụng tương tự?"
../raw_data/wavs/voice-2654.wav,Tại sao flumazenil được cân nhắc sử dụng trong điều trị quá liều clobazam?
../raw_data/wavs/voice-2655.wav,"Tại sao cơ chế chuyển hóa của Bumetanide không tạo ra chất chuyển hóa có hoạt tính, và điều này ảnh hưởng như thế nào đến đặc điểm thải trừ của thuốc so với các thuốc lợi tiểu quai khác?"
../raw_data/wavs/voice-2656.wav,Cơ chế phân tử nào khiến Parathyroid hormone (PTH) có khả năng làm tăng nồng độ calci huyết thanh thông qua việc kích hoạt các thụ thể protein ghép đôi ở hệ thống ống thận?
../raw_data/wavs/voice-2657.wav,"Ngoài các triệu chứng rối loạn vận động và thần kinh, Ammonium molybdate có thể gây ra những bất thường sinh hóa cụ thể nào liên quan đến chuyển hóa purine và sulfur thể hiện qua các chỉ số xét nghiệm cận lâm sàng?"
../raw_data/wavs/voice-2658.wav,"Ngoài các chỉ định điển hình như còi xương và nhuyễn xương, Calcium Phosphate được chỉ định cụ thể nào trong bối cảnh lâm sàng liên quan đến việc sử dụng thuốc chống co giật?"
../raw_data/wavs/voice-2659.wav,Tại sao bệnh nhân có tiền sử nhược cơ (myasthenia gravis) bị chống chỉ định sử dụng Ketazolam?
../raw_data/wavs/voice-2660.wav,"Đối với phụ nữ mang thai hoặc cho con bú, hướng dẫn sử dụng Eucalyptol được quy định như thế nào về liều lượng và tần suất so với người lớn thông thường?"
../raw_data/wavs/voice-2661.wav,"Ngoài các tác dụng phụ thường gặp như buồn nôn hay tiêu chảy, Oxytetracycline còn liên quan đến những bất thường toàn thân nghiêm trọng nào liên quan đến quá trình lưu giữ thuốc trong các mô chuyên biệt?"
../raw_data/wavs/voice-2662.wav,So sánh đặc điểm giải phóng Nitric Oxide (NO) ở nhóm thuốc ức chế men chuyển angiotensin (ACEI) như Imidapril và nhóm chẹn kênh Canxi (CCB) nhóm DHP. Câu trả lời cần đề cập đến vai trò của Bradykinin trong cơ chế của Imidapril?
../raw_data/wavs/voice-2663.wav,"Tại sao equilin sulfat (một thành phần của estrogen liên hợp) có khả năng gắn kết với globulin chuyên gắn kết hormone sinh dục (SHBG) khác biệt so với estradiol, và điều này ảnh hưởng thế nào đến hiệu quả sinh học toàn thân?"
../raw_data/wavs/voice-2664.wav,"Dựa trên các thông số dược động học, giải thích cơ chế nào khiến Methoxyflurane có thể dẫn đến tình trạng thải trừ thuốc kéo dài (trace release) trong nhiều ngày?"
../raw_data/wavs/voice-2665.wav,"Mặc dù các ion bạc liên kết với protein không có tác dụng kháng khuẩn, nhưng chúng lại có thể đóng vai trò trong độc tính mãn tính. Dựa trên các tương tác ion và cấu trúc hóa học, cơ chế nào giải thích cho sự tích tụ và độc tính này?"
../raw_data/wavs/voice-2666.wav,Tại sao việc sử dụng clobazam bị chống chỉ định tuyệt đối ở những bệnh nhân có tiền sử nghiện ma túy hoặc rượu?
../raw_data/wavs/voice-2667.wav,Tại sao bệnh nhân đang điều trị bằng Darunavir tăng cường ritonavir phải tránh sử dụng đồng thời các chất cảm ứng CYP3A mạnh như Rifampin?
../raw_data/wavs/voice-2668.wav,Tương kỵ thuốc giữa atropine sulfat và dung dịch natri methohexital biểu hiện ra sao và cơ chế nào dẫn đến hiện tượng này?
../raw_data/wavs/voice-2669.wav,Xác định tỷ lệ gắn kết protein huyết tương (%) và hệ số khuếch tán qua hàng rào máu não của Praziquantel dựa trên nồng độ trong dịch não tủy so với huyết tương?
../raw_data/wavs/voice-2670.wav,"Đối với bệnh nhân suy thận, thay đổi nào trong dược động học của Zileuton yêu cầu phải điều chỉnh liều?"
../raw_data/wavs/voice-2671.wav,Cơ chế diệt khuẩn của Cefalexin liên quan đến protein gắn penicilin (PBP) và autolysin như thế nào?
../raw_data/wavs/voice-2672.wav,"Nếu bệnh nhân phát hiện ra đã quên một liều Tetryzoline vào lúc 10 giờ sáng, nhưng tới 15 giờ cùng ngày mới nhớ ra, bệnh nhân nên làm gì?"
../raw_data/wavs/voice-2673.wav,Tại sao Protease có thể làm tăng nguy cơ chảy máu khi dùng đồng thời với thuốc chống đông máu warfarin?
../raw_data/wavs/voice-2674.wav,"Về đặc điểm dược động học của Abacavir, nồng độ thuốc trong dịch não tủy đạt được khoảng bao nhiêu % so với nồng độ trong huyết tương?"
../raw_data/wavs/voice-2675.wav,Tại sao Darunavir tăng cường ritonavir hoặc cobicistat bị chống chỉ định dùng đồng thời với Alfuzosin?
../raw_data/wavs/voice-2676.wav,"Thể tích phân bố (Vd) của Ethambutol là 1,6 lít/kg, điều này hàm ý gì về sự khuếch tán của thuốc vào các mô nhất là khi so sánh nồng độ thuốc trong dịch não tủy (0,15 - 2,0 μg/ml) sau liều 25 mg/kg so với nồng độ trong huyết thanh (2 - 5 μg/ml)?"
../raw_data/wavs/voice-2677.wav,"Tamoxifen có thể sảy thai tự phát, khuyết tật thai nhi và chảy máu âm đạo. Tuy nhiên, tại sao thuốc vẫn có khả năng gây phóng noãn?"
../raw_data/wavs/voice-2678.wav,"Trong hướng dẫn sử dụng thuốc xịt mũi Olopatadine, tại sao người dùng cần thực hiện thao tác 'ấn và nhả đầu bơm năm lần' đối với bình xịt lần đầu sử dụng, và thao tác này đảm bảo yếu tố kỹ thuật nào?"
../raw_data/wavs/voice-2679.wav,"Tại sao cinoxacin lại gây tăng nhạy cảm với ánh sáng, và cơ chế sinh bệnh học nào dẫn đến các phản ứng da nghiêm trọng khi bệnh nhân tiếp xúc với tia UV?"
../raw_data/wavs/voice-2680.wav,Tetryzoline có tương tác hiệp đồng hay đối kháng thế nào với các thuốc ức chế MAO?
../raw_data/wavs/voice-2681.wav,"Nồng độ chloramphenicol trong huyết tương thường vượt quá ngưỡng nào thì nguy cơ gây ức chế tủy xương phụ thuộc liều (thiếu máu, giảm hồng cầu lưới) bắt đầu xảy ra ở người lớn?"
../raw_data/wavs/voice-2682.wav,Chỉ định lâm sàng chính của Acetylcholine trong phẫu thuật đoạn trước là gì?
../raw_data/wavs/voice-2683.wav,"Enzyme mang enoyl-acyl (ENR) đóng vai trò như thế nào trong cơ chế tác dụng diệt khuẩn của Triclosan, và tại sao màng tế bào bị suy yếu sau khi enzyme này bị ức chế?"
../raw_data/wavs/voice-2684.wav,Vì sao Ceftazidime được chỉ định tiêm truyền tĩnh mạch liên tục trong 30 phút đối với các trường hợp nhiễm khuẩn nặng?
../raw_data/wavs/voice-2685.wav,"Trong bối cảnh quản lý dược lý lâm sàng, tại sao việc thiết lập một lịch trình giảm liều kéo dài hàng tuần lại là bắt buộc đối với bệnh nhân đang dùng guanabenz, và cơ chế điều hòa thụ thể adrenergic nào đóng vai trò then chốt?"
../raw_data/wavs/voice-2686.wav,"So với Zileuton dạng phóng thích tức thời, sự khác biệt về chỉ định bữa ăn và độ nhạy cảm liên quan đến tăng men gan ở bệnh nhân cao tuổi là gì?"
../raw_data/wavs/voice-2687.wav,"Dựa trên đặc điểm sinh hóa, khi succinylcholine được chuyển hóa thành succinylmonocholine, hoạt tính dược lý của chất chuyển hóa này so với succinylcholine nguyên gốc cụ thể như thế nào và nó tác động ra sao đến loại chẹn thần kinh - cơ?"
../raw_data/wavs/voice-2688.wav,Phân tích vai trò của các enzyme COX-2 và 5-LOX trong việc chuyển hóa DHA thành các chất dẫn xuất 17-hydroperoxy-DHA có ý nghĩa gì đối với hoạt động sinh học của nó?
../raw_data/wavs/voice-2689.wav,"Nếu một bệnh nhân quên dùng liều nimesulide và thời điểm nhớ ra đã gần kề với giờ uống liều tiếp theo, tại sao quy tắc 'bỏ qua liều đã quên' lại có cơ sở dược lý học để tránh tình trạng?"
../raw_data/wavs/voice-2690.wav,Tại sao Thioctic acid lại được xem là một đồng yếu tố cần thiết cho các quá trình sinh năng lượng Ty thể?
../raw_data/wavs/voice-2691.wav,"Darunavir có sinh khả dụng đường uống tuyệt đối là 82%, nhưng tại sao chỉ số này lại tăng 30% đến 40% khi uống cùng thức ăn so với khi uống lúc đói?"
../raw_data/wavs/voice-2692.wav,Tại sao FDA khuyến cáo hạn chế sử dụng các chế phẩm kháng histamin đơn độc hay phối hợp ở trẻ em dưới 2 tuổi?
../raw_data/wavs/voice-2693.wav,Tại sao atovaquone chỉ có hiệu quả lâm sàng cao nhất đối với các sinh vật có ty thể (như Pneumocystis jiroveci) nhưng lại không có hoạt tính kháng virus?
../raw_data/wavs/voice-2694.wav,Tại sao bệnh nhân được hướng dẫn không tự ý quên liều Heparin?
../raw_data/wavs/voice-2695.wav,"So với các thuốc lợi tiểu quai (như furosemid), thuốc lợi tiểu thiazid có sự khác biệt nào trong cơ chế ảnh hưởng đến quá trình tái hấp thu ion canxi ở ống thận, dẫn đến sự thay đổi đối lập về nồng độ canxi huyết?"
../raw_data/wavs/voice-2696.wav,Tình trạng quá liều Ketazolam thường gây ra các triệu chứng như giảm trương lực cơ và ức chế hô hấp; cơ chế sinh lý bệnh nào lý giải tại sao việc sử dụng đồng thời rượu hoặc thuốc ức chế thần kinh trung ương lại làm tăng nguy cơ đe dọa tính mạng trong trường hợp quá liều?
../raw_data/wavs/voice-2697.wav,Tại sao Protease được chỉ định để cải thiện tiêu hóa protein ở bệnh nhân mắc xơ nang hoặc viêm tụy mãn tính?
../raw_data/wavs/voice-2698.wav,"Trong phân loại thai kỳ FDA, exenatide thuộc loại C. Giải thích chi tiết về nguy cơ và cơ chế gây hại tiềm ẩn cho thai nhi, và tại sao thuốc này lại được chỉ định thay thế bằng insulin cho phụ nữ mang thai?"
../raw_data/wavs/voice-2699.wav,Khi nào thì chỉ định sử dụng Atropine sulphat như một biện pháp đối kháng trong trường hợp quá liều Acetylcholine chloride?
../raw_data/wavs/voice-2700.wav,"Tính chất dược lý nào của estrogen liên hợp cho thấy nguy cơ gây độc cho thai nhi, dù là thai kỳ mong muốn hay không?"
../raw_data/wavs/voice-2701.wav,Tại sao cần tính liều Tamoxifen theo dạng base thay vì dạng citrat trong công thức bào chế?
../raw_data/wavs/voice-2702.wav,Tốc độ thải trừ Sofosbuvir qua nước urine chiếm tỷ lệ bao nhiêu phần trăm so với tổng số thuốc được loại bỏ khỏi cơ thể?
../raw_data/wavs/voice-2703.wav,"Dựa trên các đặc tính tác dụng phụ của Calcium Phosphate, yếu tố nào trong quá trình điều trị lâu dài là chỉ báo quan trọng nhất để bác sĩ cân nhắc việc giảm liều hoặc ngưng điều trị nhằm phòng ngừa biến chứng sỏi thận?"
../raw_data/wavs/voice-2704.wav,"Tại sao liều Dextran 1 (0,3 ml/kg) cho trẻ em được bác sĩ chỉ định tiêm nhanh vào tĩnh mạch 1-2 phút trước khi truyền Dextran cao phân tử, và cơ chế hapten của Dextran 1 giúp bảo vệ trẻ em tránh phản ứng phản vệ như thế nào?"
../raw_data/wavs/voice-2705.wav,"Cơ chế hoạt động của Olopatadine liên quan đến quá trình khử cảm ứng histamin và ổn định tế bào mast thông qua các enzym cụ thể nào, và enzym đó xúc tác phản ứng chuyển hóa thành chất chuyển hóa nào?"
../raw_data/wavs/voice-2706.wav,"Chloramphenicol có khả năng làm tăng tác dụng của các thuốc chống đông máu (như dicumarol) và thuốc hạ đường huyết sulfonylurea (như clorpropamid, tolbutamid) thông qua cơ chế ức chế enzym nào ở gan?"
../raw_data/wavs/voice-2707.wav,"Triệu chứng lâm sàng của tình trạng quá liều Oxytetracycline bao gồm những gì, và cần thực hiện các biện pháp xử trí cấp cứu ban đầu nào?"
../raw_data/wavs/voice-2708.wav,"Đối với dạng viên nang mềm chứa N-Acetylglucosamine, người dùng cần tuân thủ nguyên tắc nào nếu chẳng may quên một liều và thời điểm nhớ ra liều thuốc bị quên đã sát với liều kế tiếp theo lịch trình?"
../raw_data/wavs/voice-2709.wav,"Tại sao việc theo dõi số lượng bạch cầu trung tính (ANC) lại cần được thực hiện hàng tháng trong 3 tháng đầu điều trị bằng anakinra, và nguy cơ lâm sàng chính cần được phát hiện thông qua xét nghiệm này là gì?"
../raw_data/wavs/voice-2710.wav,Nguy cơ quái thai tiềm ẩn từ Ribavirin yêu cầu biện pháp tránh thai kéo dài bao lâu sau liều cuối cùng để phòng ngừa?
../raw_data/wavs/voice-2711.wav,"Cimetidine ảnh hưởng đến nồng độ azelastine trong huyết thanh bằng cơ chế nào trên hệ thống enzym cytochrome P450, và làm thế nào điều này liên quan đến nguy cơ quá liều?"
../raw_data/wavs/voice-2712.wav,"Trong trường hợp bệnh nhân không may dùng quá liều Tetryzoline, tại sao có thể cân nhắc sử dụng Naloxone?"
../raw_data/wavs/voice-2713.wav,"Căn cứ vào quy trình điều trị cho bệnh nhi từ 3 tuổi trở lên bị u thần kinh đệm ác tính tái phát, chu kỳ 28 ngày được cấu thành như thế nào?"
../raw_data/wavs/voice-2714.wav,"Nếu bệnh nhân không thể thực trị định kỳ theo lịch, không có hướng dẫn cụ thể nào trong tài liệu về việc xử lý liều đã quên của vincristine vì lý do nào?"
../raw_data/wavs/voice-2715.wav,"Đối với trường hợp nhiễm Brucella ở người lớn, phác đồ điều trị chuẩn bằng Oxytetracycline yêu cầu người bệnh phải tuân thủ liều lượng và thời gian điều trị như thế nào?"
../raw_data/wavs/voice-2716.wav,"Tại sao Clofarabine được chỉ định là chống chỉ định tuyệt đối trong thai kỳ 3 tháng đầu, mặc dù chưa có báo cáo cụ thể về việc sử dụng ở phụ nữ có thai?"
../raw_data/wavs/voice-2717.wav,Lợi ích của đặc điểm 'ít chuyển hóa qua hệ Cytochrom P450' của Fexofenadine mang lại cho độ an toàn tương tác thuốc so với các kháng histamin thế hệ 2 khác?
../raw_data/wavs/voice-2718.wav,"Theo văn bản, các thông số sinh lý hô hấp nào dùng để phân loại cụ thể bệnh viêm phổi do Pneumocystis (PCP) từ nhẹ đến trung bình để phù hợp với chỉ định điều trị bằng atovaquone?"
../raw_data/wavs/voice-2719.wav,"Nếu một bệnh nhân bỏ lỡ liều azelastine lần thứ hai trong một ngày do lịch trình bất thường, việc điều chỉnh liều lượng sau đó nên tuân theo nguyên tắc dược động học nào để tránh tích lũy?"
../raw_data/wavs/voice-2720.wav,Việc Ketazolam không được phê duyệt cho bệnh nhân dưới 18 tuổi là do những đặc điểm sinh lý và dược lý nào?
../raw_data/wavs/voice-2721.wav,"Trong bối cảnh Leucovorin được sử dụng dưới sự giám sát chặt chẽ của nhân viên y tế, lý do nào khiến khả năng quên liều được xem là không xảy ra?"
../raw_data/wavs/voice-2722.wav,"Thể tích phân bố (Vd) trung bình của Irinotecan và chất chuyển hóa hoạt tính SN-38 là bao nhiêu, và phần lớn thuốc được gắn với protein nào trong huyết tương?"
../raw_data/wavs/voice-2723.wav,"Vì sao Dicetyl Phosphate (DCP) được mô tả là một phần của hỗn hợp với 'rượu béo' (fatty alcohols) thay vì là một chất tinh khiết tuyệt đối, và cấu trúc hóa học nào của 1-Hexadecanol (cetyl alcohol) khi được ester hóa với acid phosphoric tạo ra khả năng hoạt động như một chất hoạt động bề mặt?"
../raw_data/wavs/voice-2724.wav,Giải thích cơ chế liên kết tại receptor và sự thay đổi ái lực với GABA giúp Flurazepam tạo ra tác dụng ức chế thần kinh trung ương như thế nào?
../raw_data/wavs/voice-2725.wav,Vì sao estrogen liên hợp được chỉ định để dự phòng loãng xương ở phụ nữ sau mãn kinh?
../raw_data/wavs/voice-2726.wav,Cơ chế ức chế tổng hợp protein của acid fusidic tại mức độ phân tử cụ thể nào khác biệt so với các kháng sinh ức chế ribosome phổ biến khác (như aminoglycoside hay macrolide)?
../raw_data/wavs/voice-2727.wav,"Ngoài các nhiễm trùng hô hấp và tiết niệu, Cefalexin còn được chỉ định điều trị nhiễm trùng ở hệ thống cơ quan nào khác?"
../raw_data/wavs/voice-2728.wav,So sánh sự khác biệt về khả năng và cơ chế xâm nhập qua hàng rào máu não giữa phức hợp protein-bạc (albumin/globulin) và dạng kết tủa trơ của bạc?
../raw_data/wavs/voice-2729.wav,"Trong tình huống quá liều Acetylcholine gây ra các tác dụng hệ thống nghiêm trọng như hạ huyết áp và co thắt phế quản, tại sao việc sử dụng Adrenaline được đề xuất?"
../raw_data/wavs/voice-2730.wav,Vì sao cần phải điều chỉnh liều Bumetanide khi sử dụng đồng thời với Digitalis (glycoside tim) so với các thuốc lợi tiểu quai khác?
../raw_data/wavs/voice-2731.wav,"Bên cạnh chỉ định cải thiện trí nhớ trong Alzheimer, citicoline được chỉ định cụ thể trong giai đoạn cấp của cơn thiếu máu não cấp tính để điều trị những loại rối loạn chức năng nhận thức và thần kinh nào?"
../raw_data/wavs/voice-2732.wav,"Tại sao benzyl alcohol, một tá dược có thể có trong chế phẩm atovaquone, lại là mối quan tâm an toàn đặc biệt đối với trẻ sơ sinh dưới 4 tuần tuổi?"
../raw_data/wavs/voice-2733.wav,"So với các đối kháng alpha 1-adrenergic khác là prazosin, terazosin và tamsulosin, alfuzosin có đặc điểm nào nổi bật trong tỷ lệ chọn lọc đối với mô tuyến tiền liệt so với mô mạch máu, và điều này có thay đổi theo tuổi của người bệnh không?"
../raw_data/wavs/voice-2734.wav,"Trong liệu pháp giải cứu methotrexate liều cao (> 500 mg/m2), cơ chế nào cho phép điều chỉnh liều Canxi Folinate dựa trên nồng độ methotrexate trong huyết tương sau 48 giờ, và giá trị nồng độ methotrexate ngưỡng cụ thể nào (tính bằng μmol/lít) yêu cầu phải tăng liều Canxi Folinate lên mức 100 mg/m2?"
../raw_data/wavs/voice-2735.wav,"Nếu một bệnh nhân phát hiện mắt bị loét giác mạc dai dẳng trong khi đang điều trị dài hạn bằng Rimexolone, bác sĩ cần phải cảnh báo cao nhất về nguy cơ nhiễm trùng nào?"
../raw_data/wavs/voice-2736.wav,Việc sử dụng Acid alpha lipoic ở liều lượng cao hơn liều đã quên có thể ảnh hưởng đến sinh khả dụng so với liều mục tiêu như thế nào?
../raw_data/wavs/voice-2737.wav,"Tại sao Acamprosate lại bị chống chỉ định tuyệt đối ở những bệnh nhân có độ thanh thải creatinin ≤ 30 mL/phút, và mối liên hệ nào giữa sinh khả dụng thấp (11%) và sự tích lũy thuốc ở bệnh nhân suy thận?"
../raw_data/wavs/voice-2738.wav,"Dựa trên dược động học, cơ quan nào là chính chịu trách nhiệm loại bỏ anakinra ra khỏi cơ thể, và mối liên hệ giữa độ thanh thải creatinin và độ thanh thải của anakinra có ý nghĩa gì trong điều chỉnh liều ở bệnh nhân suy thận?"
../raw_data/wavs/voice-2739.wav,"Mặc dù chưa có bằng chứng gây quái thai trên người, tại sao acid fusidic vẫn được các hướng dẫn lâm sàng chỉ định là thuốc chống chỉ định thai kỳ?"
../raw_data/wavs/voice-2740.wav,"Cơ chế sinh bệnh học nào giải thích cho nguy cơ suy hô hấp là tác dụng không mong muốn thường gặp nhất khi sử dụng Oxycodone, đặc biệt ở bệnh nhân cao tuổi và suy nhược?"
../raw_data/wavs/voice-2741.wav,"Theo phác đồ điều trị nhiễm HIV ở trẻ em, mức độ thay đổi liều Abacavir nào là hợp lý nhất cho một bệnh nhân nặng 25kg nếu chuyển từ dạng uống bột sang viên nén 300mg?"
../raw_data/wavs/voice-2742.wav,"Dựa trên lập luận về nồng độ homocysteine máu liên quan đến chuyển hóa methionine, Racemethionine được chống chỉ định tuyệt đối ở bệnh nhân đang mắc phải những bệnh lý di truyền cụ thể nào liên quan đến chuyển hóa amino acid?"
../raw_data/wavs/voice-2743.wav,Thời gian bán thải cuối cùng (half-life) của các chất chuyển hóa có hoạt tính của Canxi Folinate đối với đường dùng ngoài tiêu hóa được ước tính là bao nhiêu giờ?
../raw_data/wavs/voice-2744.wav,"Cơ chế nào giải thích cho việc Ceftazidime có thể đạt được nồng độ điều trị trong dịch não tủy khi màng não bị viêm, trong khi chỉ gắn với protein huyết tương ở tỷ lệ rất thấp (5-24%)?"
../raw_data/wavs/voice-2745.wav,"Dựa trên các chỉ định đã biết, cơ chế nào khiến Sofosbuvir được chỉ định hiệu quả trong điều trị viêm gan C mãn tính ở bệnh nhân có genotypes 1-6, bất kể tình trạng xơ gan?"
../raw_data/wavs/voice-2746.wav,Mô tả cơ chế tương tác dược lý giữa Cycloserine và Ethionamid dẫn đến việc gia tăng độc tính trên hệ thần kinh trung ương.
../raw_data/wavs/voice-2747.wav,Các enzym CYP 450 nào tham gia vào giai đoạn chuyển hóa Methoxyflurane và sản phẩm chuyển hóa nào trong số đó có nguy cơ gây độc cho thận?
../raw_data/wavs/voice-2748.wav,"Trong chỉ định carcinom tuyến tiền liệt, tại sao Ethinylestradiol còn được chỉ định tạm thời cho các trường hợp không thể phẫu thuật?"
../raw_data/wavs/voice-2749.wav,"Tại sao Mycophenolic acid bị chống chỉ định tuyệt đối trong thai kỳ trừ khi không có phương pháp điều trị thay thế, và cần thực hiện các biện pháp tránh thai nào sau khi ngừng thuốc để ngăn ngừa nguy cơ gây quái thai?"
../raw_data/wavs/voice-2750.wav,"Nếu bệnh nhân lỡ quên nhỏ thuốc Carteolol theo liều lượng quy định và chỉ nhớ ra khi đã đến giờ nhỏ thuốc tiếp theo, nguyên tắc xử trí nào phải được tuân thủ nghiêm ngặt?"
../raw_data/wavs/voice-2751.wav,"L-Cystine có liên quan đến quá trình chuyển hóa methionin. So với L-Cysteine (monomer), L-Cystine (dimer) có vai trò gì khác biệt trong việc duy trì cấu trúc protein thông qua liên kết disulfide?"
../raw_data/wavs/voice-2752.wav,Roniciclib khác biệt cơ bản nào so với hóa trị truyền thống trong đặc tính chọn lọc tế bào đích?
../raw_data/wavs/voice-2753.wav,Vì sao Streptozocin thường được chỉ định tiêm truyền tĩnh mạch kéo dài từ 30 phút đến 4 giờ thay vì bolus nhanh?
../raw_data/wavs/voice-2754.wav,"Ngoài chỉ định chính là phòng ngừa biến chứng thiếu máu cục bộ trong can thiệp mạch vành qua da (PCI), abciximab còn được chỉ định hỗ trợ cho bệnh nhân nào không?"
../raw_data/wavs/voice-2755.wav,Vì sao Fluvastatin không gây tương tác với nước bưởi trong khi nhiều Statatin khác (như Atorvastatin) lại bị chống chỉ định?
../raw_data/wavs/voice-2756.wav,"Đối với chỉ định ung thư tế bào đáy lớp nông (superficial basal cell carcinoma), tần suất bôi kem imiquimod được khuyến cáo cụ thể là bao nhiêu lần mỗi tuần và trong tổng thời gian điều trị là bao nhiêu tuần?"
../raw_data/wavs/voice-2757.wav,"Trong điều trị ung thư bàng quang tiến triển, Atezolizumab được chỉ định đơn trị khi nào?"
../raw_data/wavs/voice-2758.wav,"Tại sao Paroxetine được khuyến cáo chống chỉ định tuyệt đối với các thuốc ức chế MAO và cần thời gian washout ít nhất 2 tuần, cơ chế hóa dược lý dẫn đến tình trạng cường serotonin nào có thể xảy ra?"
../raw_data/wavs/voice-2759.wav,"Tại sao thử nghiệm Coombs dương tính lại là một tác dụng phụ thường gặp của Cefoperazone, và cơ chế sinh học nào tiềm ẩn đằng sau hiện tượng này?"
../raw_data/wavs/voice-2760.wav,"Thời gian bán thải của corticotropin sau khi tiêm bắp hoặc dưới da là bao lâu, và hormone này có đặc điểm thải trừ như thế nào qua nước tiểu?"
../raw_data/wavs/voice-2761.wav,"Căn cứ vào cơ chế ức chế tập kết tiểu cầu do PAF và ức chế dòng eosinophil, Ketotifen mang lại hiệu quả đặc biệt nào trong bệnh hen phế quản so với các thuốc giãn phế quản tác dụng nhanh?"
../raw_data/wavs/voice-2762.wav,Chế độ bù liều Felbamate cho trẻ em nếu quên dùng thuốc có khác biệt gì so với phác đồ giảm liều?
../raw_data/wavs/voice-2763.wav,"Mặc dù Tixocortol là thuốc tại chỗ, tại sao nó lại chống chỉ định ở bệnh nhân zona hoặc thủy đậu?"
../raw_data/wavs/voice-2764.wav,"Trong các nghiên cứu giai đoạn I về quá liều Roflumilast, các triệu chứng nào đã xuất hiện sau khi uống liều duy nhất 5.000 microgam (gấp 10 lần liều khuyến cáo)?"
../raw_data/wavs/voice-2765.wav,Loại thuốc nào sau đây không được phép phối hợp với Deserpidine do nguy cơ làm tăng mẫn cảm với adrenalin và các thuốc tác dụng trực tiếp trên thần kinh giao cảm?
../raw_data/wavs/voice-2766.wav,Các tác dụng phụ thường gặp được ghi nhận bao gồm những phản ứng nào liên quan đến đường tiêm và phản ứng toàn thân?
../raw_data/wavs/voice-2767.wav,Tình trạng quên liều acetylcysteine trong phác đồ giải độc paracetamol có thể dẫn đến nguy cơ suy gan cấp tính. Tại sao việc uống bù một liều thuốc bị trễ (thay vì bỏ qua) thường không được khuyến cáo trong phác đồ này?
../raw_data/wavs/voice-2768.wav,Tại sao cần điều chỉnh liều aminophylline ở bệnh nhân đang dùng erythromycin?
../raw_data/wavs/voice-2769.wav,Triệu chứng lâm sàng nào thường xuất hiện đầu tiên khi bệnh nhân gặp tình trạng quá liều repaglinide?
../raw_data/wavs/voice-2770.wav,"Ngoài các bệnh lý về thần kinh và tim mạch, hoạt chất Deserpidine được chỉ định cụ thể cho những nhóm bệnh nhân nào đang điều trị bằng liệu pháp sốc điện?"
../raw_data/wavs/voice-2771.wav,Vì sao Anagrelide được xem là một chất ức chế PDE III nhưng lại có hiệu quả giảm tiểu cầu ở liều thấp hơn nhiều so với liều cần thiết để ức chế kết tập tiểu cầu?
../raw_data/wavs/voice-2772.wav,"Về tác dụng dược lý, cơ chế ức chế các chất trung gian gây viêm (kinin, histamin, liposomal enzyme, prostaglandin) của flunisolide giúp ích gì cho việc phòng ngừa cơn hen cấp tính?"
../raw_data/wavs/voice-2773.wav,"Trong bối cảnh bệnh nhân đã quên một liều thuốc tramadol hydrochloride và thời điểm nhớ ra đã rất sát với liều kế tiếp theo toa, tại sao việc dùng gấp đôi liều để bù lại là một sai lầm nghiêm trọng, và cơ chế nào khiến liều tiếp theo vẫn được duy trì?"
../raw_data/wavs/voice-2774.wav,Tỷ lệ dung dịch natri bicarbonat ưu trương phải pha loãng với nước cất vô khuẩn theo tỷ lệ 1:1 cho trẻ em là bao nhiêu?
../raw_data/wavs/voice-2775.wav,"Nếu bệnh nhân quên dùng liều Butoconazole và phát hiện ra khi thời gian đã trôi qua quá nửa quãng thời gian trước liều kế tiếp, nguyên tắc dược lý nào ngăn cản việc dùng liều gấp đôi?"
../raw_data/wavs/voice-2776.wav,"Mặc dù Esomeprazole là thuốc ức chế bơm proton ưu tiên, cơ chế nào đảm bảo hoạt động ức chế H+/K+-ATPase hiệu quả hơn so với đồng phân R của nó, và tại sao điều này không loại trừ khả năng tương tác với CYP2C19?"
../raw_data/wavs/voice-2777.wav,"Trong bối cảnh Calcium glubionate, cơ chế nào giải thích cho việc khả năng hấp thu calci tăng gấp đôi khi phụ nữ mang thai, và vai trò của calcitriol trong quá trình này là gì?"
../raw_data/wavs/voice-2778.wav,"Ngoài các tác dụng phụ thường gặp như chóng mặt, Minocycline có nguy cơ gây ra các bất thường da liễu đặc trưng nào liên quan đến quá trình tăng sắc tố sau viêm hoặc do tích lũy thuốc trong mô, và cơ chế gây ra chúng là gì?"
../raw_data/wavs/voice-2779.wav,"Trong bối cảnh bệnh nhân đang điều trị PAH bằng sildenafil, nếu họ lỡ quên một liều và thời gian nhớ ra đã gần kề với liều kế tiếp, quy trình xử lý theo lý thuyết dược lý lâm sàng là gì?"
../raw_data/wavs/voice-2780.wav,"Cơ chế dược lý nào giải thích cho việc tại sao Carteolol có thể che giấu các dấu hiệu lâm sàng của cơn bão giáp (thyroid storm) khi bệnh nhân đột ngột ngừng thuốc, và nguy cơ này liên quan đến cơ chế bù trừ nào?"
../raw_data/wavs/voice-2781.wav,Tại sao các dấu hiệu hạ đường huyết ở bệnh nhân cao tuổi dùng repaglinide thường bị che lấp khi họ sử dụng đồng thời thuốc chẹn beta?
../raw_data/wavs/voice-2782.wav,So sánh về cơ chế điều hòa tăng sinh megakaryocyte giữa Anagrelide và các chất ức chế PDE III khác như Milrinone trong việc kiểm soát số lượng tiểu cầu.
../raw_data/wavs/voice-2783.wav,"Theo quan sát lâm sàng, các phản ứng có hại tiêu hóa như tiêu chảy, buồn nôn và đau bụng có xu hướng biến đổi tần suất và mức độ nghiêm trọng như thế nào trong quá trình điều trị dài hạn bằng Roflumilast?"
../raw_data/wavs/voice-2784.wav,"Tương tác dược lý giữa Valganciclovir và Zidovudine có cơ chế cộng hợp gì dẫn đến nguy cơ suy tủy cao hơn mong đợi, khác biệt thế nào so với cơ chế tương tác với Didanosine?"
../raw_data/wavs/voice-2785.wav,"So sánh cơ chế làm long đờm của acetylcysteine với các thuốc long đờm mucoactive khác (như guaifenesin), điểm khác biệt hóa học nào ở acetylcysteine khiến nó có hiệu quả đặc biệt cao trong việc làm giảm độ quánh của đờm trong bệnh phổi mạn tính?"
../raw_data/wavs/voice-2786.wav,"Trong bối cảnh bệnh nhân bị chứng liệt dương hoặc giảm ham muốn tình dục do Acamprosate, cần cân nhắc những yếu tố lâm sàng nào để quyết định giữa việc duy trì điều trị cai nghiện hay ngưng thuốc?"
../raw_data/wavs/voice-2787.wav,"Trong trường hợp ngộ độc corticoid mạn tính do Tixocortol, phương pháp điều trị nào được khuyến cáo trước khi ngừng thuốc hoàn toàn?"
../raw_data/wavs/voice-2788.wav,"Nếu một liều Deserpidine bị bỏ lỡ, bệnh nhân có nên bù lại bằng cách uống gấp đôi liều tiếp theo không? Hãy viện dẫn nguyên tắc xử trí quên liều."
../raw_data/wavs/voice-2789.wav,Deserpidine thực hiện cơ chế kiểm soát các xung thần kinh bằng cách ức chế loại bơm ion nào ở nơ-ron trước synap?
../raw_data/wavs/voice-2790.wav,"Đối với điều trị co thắt ở trẻ sơ sinh, các khuyến cáo về phác đồ liều lượng corticotropin nào được đề cập (bao gồm cả liều khởi đầu và quá trình giảm liều) để đạt hiệu quả tối ưu?"
../raw_data/wavs/voice-2791.wav,"Liều lượng Pentoxifylline tối đa an toàn cho một bệnh nhân trưởng thành nặng 70kg bị suy thận mức độ nặng (GFR < 30 ml/phút/1,73 m2), khi cân bằng giữa nguy cơ tích lũy chất chuyển hóa có hoạt tính và yêu cầu duy trì hiệu quả điều trị chứng đau cách hồi?"
../raw_data/wavs/voice-2792.wav,"Tại sao khi chỉ định bicarbonat cho bệnh nhân đang dùng sucralfat, bác sĩ cần lưu ý về hiệu quả điều trị?"
../raw_data/wavs/voice-2793.wav,Yếu tố chuyển hóa nào (acidosis hay hạ oxy máu) làm giảm hiệu quả điều trị của phenylephrine?
../raw_data/wavs/voice-2794.wav,Cơ chế nào giải thích cho tác dụng nhuận tràng khi magnesium citrate được dùng ở liều cao?
../raw_data/wavs/voice-2795.wav,Cơ chế nào giải thích cho nguy cơ dị tật bẩm sinh hệ tim mạch ở thai nhi khi người mẹ dùng Paroxetine liều > 25 mg/ngày trong 3 tháng đầu thai kỳ?
../raw_data/wavs/voice-2796.wav,"Dựa vào cơ chế chuyển hóa ở level enzym, tại sao Valganciclovir không thể hiện tương tác đáng kể với các thuốc ức chế hay induc enzym Cytochrome P450, và điều này có ý nghĩa gì trong việc dự đoán tương tác với thuốc kháng retrovirus?"
../raw_data/wavs/voice-2797.wav,Hoạt chất Fluvastatin có khả năng gây ra các biến chứng nghiêm trọng về cơ xương như tiêu cơ vân (rhabdomyolysis) thông qua cơ chế nào ở cấp độ phân tử?
../raw_data/wavs/voice-2798.wav,"Nếu bệnh nhân lỡ dùng quá liều Carteolol qua đường nhỏ mắt và gặp phải tình trạng co thắt phế quản, phác đồ điều trị cấp cứu dựa trên đặc tính dược lý nào được đề xuất?"
../raw_data/wavs/voice-2799.wav,Cơ chế nào khiến nước bưởi làm tăng nồng độ trong huyết tương của repaglinide?
../raw_data/wavs/voice-2800.wav,Tỷ lệ liên kết với protein huyết tương (albumin) của Calcium glubionate trong huyết tương là bao nhiêu phần trăm?
../raw_data/wavs/voice-2801.wav,"Trong bối cảnh quá liều Tolevamer, cơ chế sinh lý nào gây ra các triệu chứng thần kinh như kích thích, lú lẫn và yếu cơ?"
../raw_data/wavs/voice-2802.wav,Việc tăng nồng độ creatine kinase (CK/CPK) huyết thanh và tăng BUN/creatinine ở bệnh nhân dùng Aliskiren có liên quan trực tiếp đến cơ chế sinh học nào của thuốc?
../raw_data/wavs/voice-2803.wav,"Trong hướng dẫn quản lý bệnh nhân không tuân thủ phác đồ giải độc paracetamol đường uống, một liều nạp lại (liều bù) thường được cân nhắc nếu thời gian quên liều kéo dài. Cụ thể, nếu một liều bị bỏ lỡ và bệnh nhân nhớ ra sau nhiều giờ, nguyên tắc dược lý lâm sàng nào biện minh cho việc không uống gấp đôi liều tiếp theo?"
../raw_data/wavs/voice-2804.wav,Clofarabine có ái lực cao với enzyme deoxycytidine kinase. Cơ chế nào trong 3 cơ chế dược lực học của thuốc cho phép nó gây ra quá trình apoptosis (chết tế bào theo chương trình) ngay cả ở các tế bào lympho không phân chia?
../raw_data/wavs/voice-2805.wav,"Trong thành phần chất chuyển hóa của Amodiaquine, desethylamodiaquine có nồng độ trong máu toàn phần cao hơn bao nhiêu lần so với huyết tương?"
../raw_data/wavs/voice-2806.wav,So sánh sự chọn lọc của Citalopram đối với các chất dẫn truyền thần kinh nào khác ngoài serotonin?
../raw_data/wavs/voice-2807.wav,"Ngoài các tác dụng phụ trên tiêu hóa và thần kinh, tài liệu đề cập đến bất thường giảm bạch cầu và bệnh hạch bạch huyết tần suất nào trong hệ thống tạo máu?"
../raw_data/wavs/voice-2808.wav,"Tại sao bệnh nhân có tiền sử hen suyễn do NSAID (Aspirin-induced asthma) cần kiểm tra cẩn thận trước khi sử dụng Dexibuprofen, và cơ chế sinh học nào của Dexibuprofen có thể kích hoạt cơn hen cấp tính?"
../raw_data/wavs/voice-2809.wav,"Mặc dù Acamprosate có sinh khả dụng đường uống rất thấp (11%), tại sao quá liều cấp tính lại chỉ gây ra tiêu chảy chứ không gây tăng canxi huyết, và giải thích nào cho sự an toàn này?"
../raw_data/wavs/voice-2810.wav,Decamethonium được mô tả là một chất chủ vận một phần của thụ thể nicotinic acetylcholine. Điều này ngụ ý gì về trạng thái hoạt động của thụ thể sau khi Decamethonium liên kết so với khi acetylcholine tự nhiên liên kết?
../raw_data/wavs/voice-2811.wav,Phenylephrine có sinh khả dụng qua đường uống bao nhiêu phần trăm?
../raw_data/wavs/voice-2812.wav,"Nồng độ ổn định (Steady-state) của Fluconazole trong huyết tương thường đạt được sau bao nhiêu ngày điều trị liên tục, và đặc điểm sinh khả dụng đường uống của thuốc so với đường tiêm tĩnh mạch là bao nhiêu?"
../raw_data/wavs/voice-2813.wav,Oxacillin được chỉ định điều trị các nhiễm khuẩn do tụ cầu đã kháng benzyl penicillin nhưng vẫn nhạy cảm; dựa trên đặc điểm nào của thuốc mà nó có thể thay thế benzyl penicillin trong các trường hợp này?
../raw_data/wavs/voice-2814.wav,Sự chuyển hóa bão hòa của Ethotoin dẫn đến hình thành những chất chuyển hóa chính nào?
../raw_data/wavs/voice-2815.wav,Phân tích cơ chế sinh học giải thích tại sao liều dùng Fluvastatin được tối ưu hóa vào buổi tối (thay vì buổi sáng)?
../raw_data/wavs/voice-2816.wav,Tại sao chỉ định sử dụng Carteolol ở phụ nữ có thai chỉ được cân nhắc khi lợi ích điều trị vượt trội so với nguy cơ tiềm ẩn cho thai nhi?
../raw_data/wavs/voice-2817.wav,"Mặc dù việc sử dụng nồng độ Methyl Gluceth-20 trên 2% có thể gây cảm giác nóng da, tại sao văn bản lại kết luận rằng hiện tượng này không cấu thành phản ứng kích ứng (irritation) hoặc dị ứng (allergy) theo định nghĩa dược lý học?"
../raw_data/wavs/voice-2818.wav,"So sánh về khả năng thanh thải: Tirofiban được thải trừ chủ yếu qua thận và mật ở dạng không đổi, trong khi Enoxaparin (một heparin trọng lượng phân tử thấp) có cơ chế loại bỏ khác. Điểm khác biệt nào trong dược động học này dẫn đến việc không cần điều chỉnh liều Tirofiban cho bệnh nhân suy gan nặng?"
../raw_data/wavs/voice-2819.wav,Phương pháp điều trị quá liều Flunarizine hiện tại là gì?
../raw_data/wavs/voice-2820.wav,"Ngoài các xét nghiệm chức năng gan bắt buộc trước khi điều trị, phụ nữ đang trong giai đoạn cho con bú có được phép sử dụng terbinafine (kể cả dạng bôi ngoài) không?"
../raw_data/wavs/voice-2821.wav,Tại sao Ketotifen có sinh khả dụng đường uống chỉ khoảng 50% mặc dù có khả năng hấp thu qua tiêu hóa trên 60%?
../raw_data/wavs/voice-2822.wav,"Tại sao lithium carbonate lại có khả năng tương tác hiệp đồng với các chế phẩm bổ sung chứa i-ốt để gây ra tình trạng suy giáp, và cơ chế sinh lý nào nằm dưới sự hiệp đồng này?"
../raw_data/wavs/voice-2823.wav,"Tại sao Butoconazole được chỉ định cho các trường hợp nhiễm nấm Candida âm hộ/âm đạo không biến chứng ở phụ nữ có khả năng miễn dịch đầy đủ, nhưng lại cần thận trọng khi chỉ định cho phụ nữ mắc bệnh nền tiềm ẩn như đái tháo đường không kiểm soát?"
../raw_data/wavs/voice-2824.wav,"Liên quan đến các tác dụng ngoại ý về tâm thần, Roflumilast có liên quan đến việc làm trầm trọng thêm các triệu chứng ở những bệnh nhân có tiền sử bệnh lý nào?"
../raw_data/wavs/voice-2825.wav,Cơ chế enzyme nào mà Allopurinol tác động để làm tăng nồng độ của Azathioprin và Mercaptopurin trong tương tác dược lý?
../raw_data/wavs/voice-2826.wav,Tại sao Rizatriptan được chống chỉ định ở bệnh nhân đang điều trị bằng các chất ức chế MAO hoặc đã ngừng điều trị MAOI trong vòng 2 tuần trước đó?
../raw_data/wavs/voice-2827.wav,"Khi so sánh chỉ định điều trị loạn chức năng cương dương (ED) và tăng huyết áp động mạch phổi (PAH), sự khác biệt nào về liều lượng tối đa và tần suất dùng thuốc sildenafil trong 24 giờ?"
../raw_data/wavs/voice-2828.wav,Chống chỉ định dùng bicarbonat cho bệnh nhân đang trong giai đoạn nào của quá trình trung hóa acid vô cơ mạnh?
../raw_data/wavs/voice-2829.wav,"Phần trăm liều Methenamine bài tiết nguyên vẹn qua nước tiểu trong vòng 24 giờ sau khi uống một liều duy nhất, và quá trình bài tiết này diễn ra chủ yếu tại đâu?"
../raw_data/wavs/voice-2830.wav,"Trên bao bì sản phẩm, Tolevamer được định danh là một loại thuốc với gốc hoạt chất hóa học và dạng bào chế cụ thể nào?"
../raw_data/wavs/voice-2831.wav,Tại sao bệnh nhân cần uống magnesium citrate cách xa thời điểm dùng các chế phẩm chứa xenluloza natri photphat ít nhất 1 giờ?
../raw_data/wavs/voice-2832.wav,Điều kiện nào ở bệnh nhân suy gan hoặc suy thận đòi hỏi phải điều chỉnh liều Rizatriptan?
../raw_data/wavs/voice-2833.wav,Các sinh vật vi sinh vật nào mà Griseofulvin không có tác dụng?
../raw_data/wavs/voice-2834.wav,"Dựa trên dữ liệu dược lý hiện tại, cơ chế chuyển hóa hoặc thải trừ nào giải thích cho việc bài tiết qua nước tiểu chiếm tỷ lệ rất nhỏ (< 3%) liều dùng dưới dạng imiquimod và các chất chuyển hóa, trong khi thuốc hấp thu tối thiểu?"
../raw_data/wavs/voice-2835.wav,"Về mặt sinh học phân tử, Durvalumab được chỉ định điều trị cho bệnh nhân ung thư có biến đổi gen hay không?"
../raw_data/wavs/voice-2836.wav,"Ngoài các tác dụng phụ không xác định tần suất như tiêu chảy hay đau đầu, bệnh nhân cần báo cáo ngay lập tức cho bác sĩ khi xuất hiện dấu hiệu lâm sàng nào cho thấy phản ứng dị ứng nghiêm trọng?"
../raw_data/wavs/voice-2837.wav,"So với Salbutamol viên nén thường, cơ chế bào chế viên nén giải phóng chậm ảnh hưởng thế nào đến nồng độ đỉnh huyết tương và thời gian đạt nồng độ đỉnh?"
../raw_data/wavs/voice-2838.wav,"Với tỷ lệ thanh thải thận chiếm 97% (trong đó 50-75% dưới dạng không đổi), cơ chế bù trừ nào có thể xảy ra ở bệnh nhân suy thận mức độ nặng (CrCl < 20 mL/phút) khi chỉ định liều 250mg/ngày, và enzyme gan nào chịu trách nhiệm chuyển hóa phần thuốc còn lại?"
../raw_data/wavs/voice-2839.wav,"So với sildenafil dạng uống, cơ chế sinh học của sildenafil tiêm tĩnh mạch trong điều trị tăng huyết áp động mạch phổi (PAH) có khác biệt gì về mục tiêu tác động?"
../raw_data/wavs/voice-2840.wav,"Tại sao sulfonic acid group (-SO3H) vẫn được duy trì trên phân tử Sulisobenzone trong khi các chất chuyển hóa khác của Benzophenones có thể khử nhóm hydroxyl, và điều này ám chỉ cơ chế chuyển hóa thuốc gì ở hệ thống enzym glucuronidation?"
../raw_data/wavs/voice-2841.wav,Phân tích dược động học quần thể cho thấy Atezolizumab có độ thanh thải trung bình bao nhiêu và thời gian bán thải là bao lâu?
../raw_data/wavs/voice-2842.wav,"Nếu bệnh nhân quên không tra gel Pilocarpine Hydrocloride 4% vào lúc đi ngủ, việc xử trí ""càng sớm càng tốt"" có thể gây ra vấn đề gì nếu áp dụng vào ban ngày?"
../raw_data/wavs/voice-2843.wav,Ngưỡng ngưng điều trị đối với calci niệu được chỉ định cụ thể trong văn bản là bao nhiêu (mmol/kg/24 giờ) khi sử dụng Calcium glubionate ở trẻ em và bệnh nhân đang dùng vitamin D?
../raw_data/wavs/voice-2844.wav,"Dựa trên các thông số động học, thời gian bán thải huyết tương của Cetirizin có sự thay đổi thế nào ở bệnh nhân suy gan mãn tính so với người khỏe mạnh?"
../raw_data/wavs/voice-2845.wav,Tại sao Ketotifen không thể thay thế các thuốc cắt cơn cấp tính (như Salbutamol) trong điều trị cơn hen suyễn?
../raw_data/wavs/voice-2846.wav,"Nếu theophylline chủ yếu gây ra tác dụng dược lý thông qua đối kháng thụ thể adenosin, tại sao thuốc vẫn gây ra các rối loạn chuyển hóa điện giải như hạ kali máu, hạ phospho máu và hạ natri máu?"
../raw_data/wavs/voice-2847.wav,"Trong phác đồ điều trị trimetrexate, tại sao bệnh nhân cần ngưng sử dụng zidovudine trong thời gian điều trị?"
../raw_data/wavs/voice-2848.wav,"So với cortisol, thể tích phân bố của Tixocortol được ghi nhận lớn hơn bao nhiêu? Số liệu này có ý nghĩa gì về mặt dược động học?"
../raw_data/wavs/voice-2849.wav,Làm thế nào azelastine có thể thiêt lập một cơ chế bảo vệ kép (dual mechanism) bằng cách nhắm mục tiêu vào histamine và các trung gian hóa học khác như leukotriene?
../raw_data/wavs/voice-2850.wav,Giải thích tại sao Methoxyflurane lại có xu hướng khuếch tán vào các mô mỡ và quá trình này ảnh hưởng thế nào đến thời gian tác dụng của thuốc?
../raw_data/wavs/voice-2851.wav,"Dựa trên đặc tính ức chế enzym P450, cơ chế tương tác thuốc giữa cimetidin và trimetrexate được ghi nhận cụ thể như thế nào trong môi trường in vitro, và điều này nguy hiểm ra sao?"
../raw_data/wavs/voice-2852.wav,Tại sao trung tâm sinh sản được cảnh báo về việc xuất hiện các dấu hiệu hạ glucose huyết như run rẩy hoặc tim đập nhanh?
../raw_data/wavs/voice-2853.wav,"Do Acetylcholine chloride chỉ được sử dụng tại bệnh viện bởi nhân viên y tế, việc xử lý 'quên liều' được thực hiện như thế nào?"
../raw_data/wavs/voice-2854.wav,"Đối với bệnh nhân có tiền sử bệnh Parkinson, Deserpidine có được chỉ định làm thuốc chống tăng huyết áp hay không? Hãy giải thích dựa trên các chống chỉ định được liệt kê."
../raw_data/wavs/voice-2855.wav,"Khi chỉ định Ammonium molybdate cho phụ nữ mang thai, các bác sĩ cần cân nhắc những rủi ro tiềm ẩn nào về mặt thai sản dựa trên dữ liệu an toàn còn hạn chế?"
../raw_data/wavs/voice-2856.wav,Việc lactulose được thải trừ chủ yếu qua phân với tỷ lệ dưới 3% liều uống được bài tiết qua nước tiểu ở dạng không chuyển hóa trong vòng 24 giờ cung cấp manh mối nào về quỹ đạo thải trừ chính (elimination pathway) của hoạt chất này và vai trò của hệ vi khuẩn ruột già trong quá trình chuyển hóa?
../raw_data/wavs/voice-2857.wav,"Ngoài chỉ định giảm ho khan do kích thích phế quản và họng, Dextromethorphan được đánh giá có hiệu lực tương đương với thuốc giảm ho nào (theo thông tin trong bài) trong điều trị ho mạn tính?"
../raw_data/wavs/voice-2858.wav,"Mặc dù cơ chế bảo vệ gan chính xác của acetylcysteine vẫn chưa được làm rõ hoàn toàn, giả thuyết nào sau đây mô tả đầy đủ và chính xác nhất về vai trò chuyển hóa khử độc của nó đối với chất chuyển hóa trung gian NAPQI (N-acetyl-p-benzoquinone imine) gây độc tế bào gan?"
../raw_data/wavs/voice-2859.wav,"Trong dược động học, enzyme Cytochrom P450 (CYP450) ở gan đóng vai trò quan trọng nhất trong giai đoạn nào của Chlorpheniramine Maleate?"
../raw_data/wavs/voice-2860.wav,Khi nào alfentanil được chỉ định để duy trì cơn mê bằng barbiturat/nitơ oxid/oxid?
../raw_data/wavs/voice-2861.wav,"Dựa trên cơ chế ức chế hai enzyme thiết yếu là ribonucleotid reductase và DNA polymerase, giả thuyết nào có thể được đặt ra để giải thích tại sao sự phosphory hóa gemcitabine thành monophosphat lại là bước then chốt quyết định hiệu quả cytotoxic so với các chất chuyển hóa không được phosphory hóa?"
../raw_data/wavs/voice-2862.wav,"Khi xảy ra quá liều phenylephrine dẫn đến tăng huyết áp, cơ chế antagonist α-adrenergic nào được đề xuất sử dụng để điều trị triệu chứng?"
../raw_data/wavs/voice-2863.wav,Nồng độ đỉnh trong huyết tương của Cefalexin có sự chênh lệch như thế nào giữa người lớn uống lúc đói và người lớn uống cùng thức ăn?
../raw_data/wavs/voice-2864.wav,"Khi Isosorbide Mononitrate được kê đơn, cGMP (cyclic guanosine monophosphate) đóng vai trò nào trong việc điều hòa nồng độ canxi nội bào để gây ra sự thư giãn cơ trơn?"
../raw_data/wavs/voice-2865.wav,"Tại sao việc điều trị bệnh ấu trùng sán lợn ở não (neurocysticercosis) bằng Praziquantel lại tiềm ẩn nguy cơ tăng áp lực nội sọ cấp tính, và vai trò của corticosteroid phối hợp trong cơ chế giảm thiểu rủi ro này là gì?"
../raw_data/wavs/voice-2866.wav,"Cơ chế chuyển hóa của Fluvastatin ở gan do đặc tính nào của thuốc mà các statin khác không có, dẫn đến sự an toàn cao hơn khi phối hợp với các thuốc ức chế CYP3A4?"
../raw_data/wavs/voice-2867.wav,"Ngoài nhiễm nấm Candida, những tổn thương nào ở mắt có thể xuất hiện như một tác dụng phụ hiếm gặp khi dùng Fluticasone Propionate theo đường phun mũi hoặc hít?"
../raw_data/wavs/voice-2868.wav,Cơ chế sinh sản độc tính của Roniciclib đối với thai nhi được đề cập trong văn bản là gì?
../raw_data/wavs/voice-2869.wav,Quá trình chuyển hóa Anagrelide qua CYP1A2 tạo ra chất chuyển hóa nào có hoạt tính dược lý và chất chuyển hóa không hoạt tính là gì?
../raw_data/wavs/voice-2870.wav,Cơ chế tác động dược lý của alfuzosin giúp giảm các triệu chứng phì đại tuyến tiền liệt thông qua việc chọn lọc đối kháng thụ thể alpha 1-adrenergic ở những vị trí cụ thể nào của hệ tiết niệu?
../raw_data/wavs/voice-2871.wav,Fluticasone Propionate có được chỉ định làm thuốc đầu tay để xử lý cơn hen cấp tính không?
../raw_data/wavs/voice-2872.wav,"Vì sao repaglinide được chỉ định cho bệnh nhân đái tháo đường type II có HbA1c ≥ 8% với liều khởi đầu cao hơn (1-2 mg) so với bệnh nhân có HbA1c < 8% (0,5 mg)?"
../raw_data/wavs/voice-2873.wav,"So với cơ chế ức chế neuraminidase của các thuốc kháng virus cúm thế hệ mới (như Oseltamivir), cơ chế ức chế bơm proton M2 protein của Amantadine có điểm khác biệt cốt lõi nào về mục tiêu tác động virus?"
../raw_data/wavs/voice-2874.wav,"Dựa trên cơ chế dược lý của Clonidine, việc sử dụng các thuốc chống trầm cảm 3 vòng sẽ đối kháng với tác dụng hạ huyết áp của Clonidine thông qua cơ chế nào?"
../raw_data/wavs/voice-2875.wav,"Nếu bệnh nhân sử dụng alfentanil sau đó xuất hiện tình trạng bí tiểu cấp tính, cơ chế dược lý học nào giải thích cho tác dụng phụ này?"
../raw_data/wavs/voice-2876.wav,"Điều kiện tiên quyết nào về huyết động học phải được đáp ứng trước khi bắt đầu truyền Dopamine, và tại sao?"
../raw_data/wavs/voice-2877.wav,"Liên quan đến cơ chế chuyển hóa enzym CYP3A4, tại sao flunisolide hít qua đường miệng lại có nguy cơ tương tác thuốc thấp hơn so với các corticosteroid toàn thân có cấu trúc hóa học tương tự?"
../raw_data/wavs/voice-2878.wav,Một tác dụng không mong muốn phổ biến của Dextromethorphan là giải phóng histamine. Điều này đòi hỏi thận trọng như thế nào ở nhóm đối tượng bệnh nhân cụ thể nào?
../raw_data/wavs/voice-2879.wav,Insulin Aspart được sản xuất bằng công nghệ biến đổi gen nào trên nấm men Saccharomyces cerevisiae?
../raw_data/wavs/voice-2880.wav,"Nếu một bệnh nhân suy thận nặng (ClCr < 10 mL/phút) không thể thẩm phân máu quên một liều quinine đường uống ban đầu đã được điều chỉnh, người bệnh nên xử lý như thế nào để đảm bảo an toàn dược lý, và tần suất liều duy trì sau đó là bao lâu?"
../raw_data/wavs/voice-2881.wav,"Trong trường hợp quá liều Clonidine gây ra tình trạng ức chế hệ thần kinh trung ương và ngạt thở, cơ chế tác dụng nào cho thấy Naloxon có thể được sử dụng để điều trị?"
../raw_data/wavs/voice-2882.wav,"Ngoài cơ chế cạnh tranh với histamine tại thụ thể H1, Azatadine còn tác động đối kháng thụ thể nào khác (đặc tính kháng muscarinic và kháng serotonin) dẫn đến các tác dụng phụ đặc hiệu?"
../raw_data/wavs/voice-2883.wav,"Một bệnh nhân trót uống nhầm 5 mg Anagrelide một lần, liệu có nguy cơ gì nghiêm trọng và cơ chế gây hạ huyết áp bất thường ở liều này là gì?"
../raw_data/wavs/voice-2884.wav,"Phụ nữ mang thai hoặc cho con bú có nên sử dụng alfuzosin không, và cơ sở khoa học nào được đưa ra để hỗ trợ cho quyết định này?"
../raw_data/wavs/voice-2885.wav,"Bên cạnh các tác dụng không mong muốn trên hệ thần kinh trung ương, Oxycodone còn có khả năng gây độc trên các cơ quan nào khác và cơ chế nào dẫn đến tình trạng phù nề hay hội chứng cai thuốc?"
../raw_data/wavs/voice-2886.wav,"Tại sao Tixocortol lại có sinh khả dụng đường uống rất thấp (chỉ 10-20%) và được chuyển hóa chủ yếu ở gan thành chất chuyển hóa không còn tác dụng, trong khi cortisol lại có hoạt tính toàn thân?"
../raw_data/wavs/voice-2887.wav,"Tình trạng da chuyển sang màu xanh xám vĩnh viễn do tích tụ bạc được gọi là gì, và cơ chế hóa học nào dẫn đến sự lắng đọng của các phức hợp protein-bạc hoặc bạc sulfide trong các mô liên kết?"
../raw_data/wavs/voice-2888.wav,"Nếu bệnh nhân lỡ quên dùng một liều Fluticasone Propionate đường hít và thời điểm nhớ ra đã rất gần với liều kế tiếp theo lịch trình, quy tắc xử lý nào là bắt buộc phải tuân thủ?"
../raw_data/wavs/voice-2889.wav,"Cơ chế sinh học phân tử nào của Fluconazole giải thích cho hoạt tính kháng nấm phổ rộng, và enzymspecific nào trong chuỗi sinh tổng hợp sterol của tế bào nấm bị thuốc ức chế để dẫn đến tích lũy các tiền chất?"
../raw_data/wavs/voice-2890.wav,Nồng độ thuốc trong dung dịch truyền tối đa được phép là bao nhiêu mg/ml khi pha loãng gemcitabine từ dạng bột?
../raw_data/wavs/voice-2891.wav,"Nếu flunisolide hít qua đường miệng bị quá liều cấp tính, bệnh nhân có nguy cơ cao nhất đối với tình trạng lâm sàng nào khác biệt so với quá liều corticosteroid toàn thân?"
../raw_data/wavs/voice-2892.wav,Bretylium ảnh hưởng đến sự giải phóng norepinephrine ở các đầu tận cùng thần kinnhư thế nào?
../raw_data/wavs/voice-2893.wav,Điều kiện chống chỉ định đối với bệnh nhân có nồng độ creatinin huyết thanh tăng cao nào cần được tuân thủ?
../raw_data/wavs/voice-2894.wav,"Về mặt cơ chế sinh học, tại sao Capecitabine (một tiền dược) lại cho thấy hiệu quả điều trị cao hơn trên các mô ung thư so với các mô lành?"
../raw_data/wavs/voice-2895.wav,"Dựa trên các báo cáo về nguy cơ tự sát liên quan đến thuốc chống co giật, cơ chế thời gian nào được mô tả cho sự xuất hiện của nguy cơ này sau khi bắt đầu điều trị bằng Felbamate và liệu nó có duy trì không?"
../raw_data/wavs/voice-2896.wav,"Theo nguyên tắc dược lý lâm sàng, tại sao việc bù liều alfentanil đã bị bỏ lỡ lại không được thực hiện bằng cách tiêm bổ sung liều gấp đôi liều thường dùng?"
../raw_data/wavs/voice-2897.wav,So sánh cơ chế gây trung gian kháng khuẩn ở nivel phân tử giữa các ion bạc tự do và các hạt nano bạc (silver nanoparticles) dựa trên khả năng tạo stress oxy hóa?
../raw_data/wavs/voice-2898.wav,"Theo cơ chế opsonization và hệ thống lưới nội mô, abciximab có thời gian bán thải pha 2 bao lâu?"
../raw_data/wavs/voice-2899.wav,"Isradipine được chỉ định chính cho tình trạng tăng huyết áp, nhưng trên lâm sàng tại sao thuốc này có thể được sử dụng phối hợp với các thuốc chẹn beta, thuốc lợi tiểu hoặc thuốc ức chế men chuyển?"
../raw_data/wavs/voice-2900.wav,Phenylephrine có khả năng đi qua nhau thai hay không và các bằng chứng nghiên cứu hiện có về vấn đề này là gì?
../raw_data/wavs/voice-2901.wav,"Ngoài các phản ứng dị ứng da như ban đỏ và mày đay, cơ chế nào gây ra các triệu chứng thần kinh trung ương như lú lẫn, kích động và co giật khi Glipizide gây hạ đường huyết?"
../raw_data/wavs/voice-2902.wav,"Tại sao Racemethionine có thể sử dụng để điều trị rụng tóc do nội tiết tố ở người lớn, trong khi cơ chế bảo vệ gan lại chủ yếu dựa vào việc tái lập nồng độ glutathione?"
../raw_data/wavs/voice-2903.wav,Tại sao bệnh nhân được khuyến cáo dùng Roniciclib vào cùng một thời điểm cố định mỗi ngày?
../raw_data/wavs/voice-2904.wav,"Khi bệnh nhân bị quá liều Nicergoline, các triệu chứng cụ thể xuất hiện sẽ nằm trong nhóm nào?"
../raw_data/wavs/voice-2905.wav,"Khi so sánh sinh khả dụng đường uống (bioavailability) giữa flunisolide hít qua đường miệng và các corticosteroid toàn thân, sự chênh lệch này có ảnh hưởng thế nào đến nguy cơ gây ức chế trục HPA?"
../raw_data/wavs/voice-2906.wav,"Theo đặc tính chất hoạt động bề mặt mang điện tích dương, tại sao Cetylpyridinium chloride lại chống chỉ định trên các niêm mạc có vết loét sâu hay vết thương rộng, và cơ chế nào gây ra tình trạng bỏng rát?"
../raw_data/wavs/voice-2907.wav,Tại sao việc xác định liều lượng Sofosbuvir cụ thể để điều trị quá liều là không khả thi dựa trên bằng chứng hiện tại?
../raw_data/wavs/voice-2908.wav,"Tại sao bạc được cảnh cáo là không an toàn cho phụ nữ mang thai, và nồng độ bạc tăng trong máu ảnh hưởng cụ thể đến sự phát triển thai nhi như thế nào?"
../raw_data/wavs/voice-2909.wav,"Dựa trên mô tả các tác dụng phụ thường gặp, nhiễm nấm Candida hầu họng là biến chứng phổ biến nào của việc sử dụng Fluticasone Propionate theo đường hô hấp?"
../raw_data/wavs/voice-2910.wav,Roniciclib tiềm năng điều trị ung thư phổi tế bào nhỏ (SCLC) dựa trên khả năng ức chế các chu kỳ tế bào cụ thể nào?
../raw_data/wavs/voice-2911.wav,"Nếu một bệnh nhân quên uống liều Deserpidine và chỉ nhớ ra khi đã gần đến giờ uống liều kế tiếp, họ nên xử lý như thế nào để đảm bảo an toàn?"
../raw_data/wavs/voice-2912.wav,Thời gian bán thải (thời gian để nồng độ thuốc giảm một nửa trong huyết tương) của Dexibuprofen nằm trong khoảng thời gian bao lâu?
../raw_data/wavs/voice-2913.wav,"Các triệu chứng tác dụng phụ 'thường gặp' như đau ngực và khó thở khi dùng thiamine có phải là dấu hiệu của một phản ứng dị ứng tức thì hay không, và bệnh nhân cần làm gì nếu xuất hiện các triệu chứng này?"
../raw_data/wavs/voice-2914.wav,Tại sao phenylephrine hydroclorid không được dùng như một liệu pháp điều trị duy nhất ở bệnh nhân bị giảm thể tích máu?
../raw_data/wavs/voice-2915.wav,"Ngoài điều trị viêm mũi dị ứng và mày đay, Chlorpheniramine Maleate còn được chỉ định bổ sung trong điều trị tình trạng nào?"
../raw_data/wavs/voice-2916.wav,"Ngoài chỉ định giải độc paracetamol, acetylcysteine còn được sử dụng để phòng ngừa tổn thương thận cấp tính (CIN) do thuốc cản quang gây ra. Dựa trên đặc tính dược lý học, cơ chế nào dưới đây được cho là nền tảng cho hiệu quả bảo vệ thận này?"
../raw_data/wavs/voice-2917.wav,"Cơ chế nào giải thích sự tăng nồng độ Fluticasone trong huyết tương khi bệnh nhân dùng đồng thời với Ketoconazole (dưới 200 mg/ngày), liên quan đến isoenzym cytochrom P450 nào?"
../raw_data/wavs/voice-2918.wav,"Tại sao tốc độ tăng natri huyết thanh (> 12 mEq/L trong 24 giờ) lại gây ra hội chứng khử men thẩm thấu, và những nhóm bệnh nhân nào được khuyến nghị cần điều chỉnh tốc độ này chậm hơn?"
../raw_data/wavs/voice-2919.wav,"Trong bối cảnh bệnh nhân suy gan nặng, cơ chế sinh học nào khiến liều lượng Zopiclone cần được điều chỉnh giảm xuống mức 3.75 mg, tách biệt với liều chuẩn 7.5 mg ở người bình thường?"
../raw_data/wavs/voice-2920.wav,"Dựa trên đặc điểm dược động học, tại sao Oxycodone có sinh khả dụng đường uống cao (khoảng 60-87%) so với một liều tiêm, và cơ chế chuyển hóa trước hệ thống nào chịu trách nhiệm cho hiện tượng này?"
../raw_data/wavs/voice-2921.wav,Tương tác giữa Sofosbuvir và chất cảm ứng P-glycoprotein/ABCB1 liên quan đến cơ chế nào làm giảm nồng độ Sofosbuvir trong huyết thanh?
../raw_data/wavs/voice-2922.wav,So sánh liều điều trị duy trì bằng đường uống (sau khi tiêm bắp) giữa hai nhóm bệnh nhân là trẻ em dưới 8 tuổi và trẻ em từ 8 tuổi trở lên?
../raw_data/wavs/voice-2923.wav,"Tại sao việc sử dụng Racemethionine để giải độc paracetamol cần phải tuân thủ khung thời gian 10-12 giờ đầu, và cơ chế dự phòng hoại tử gan thông qua chuyển hóa D-methionine hoạt động như thế nào?"
../raw_data/wavs/voice-2924.wav,"Rối loạn hành vi erkynesia (chuyển động lặp đi lặp lại không kiểm soát) là một tác dụng phụ hiếm gặp. Dựa trên cơ chế dược lý, tại sao các triệu chứng này lại có đặc điểm là các chuyển động phối hợp bất thường của lưỡi, môi và chi?"
../raw_data/wavs/voice-2925.wav,"Nếu Dopamine bị tiêm lọt ra ngoài tĩnh mạch, thuốc giải độc đặc hiệu nào cần tiêm ngấm vùng xung quanh để hạn chế hoại tử?"
../raw_data/wavs/voice-2926.wav,"Với bệnh nhân bị đau bụng kinh nguyên phát, cơ chế dược lý nào của Dexibuprofen giúp ức chế sự co bóp cơ trơn tử cung hiệu quả?"
../raw_data/wavs/voice-2927.wav,Khi nào Ferrous Bisglycinate mới được chỉ định cho phụ nữ mang thai?
../raw_data/wavs/voice-2928.wav,"Mặc dù Glipizide làm tăng tính nhạy cảm của tế bào đích ngoại biên với insulin, tại sao loại thuốc sulfonylurê thế hệ 2 này lại có hiệu quả điều trị lâu dài ở những bệnh nhân có thể chất beta-tế bào tuyến tụy còn hoạt động?"
../raw_data/wavs/voice-2929.wav,"Trong bối cảnh dược lý, Adapalene được chống chỉ định tuyệt đối ở phụ nữ mang thai hoặc có kế hoạch mang thai do những lo ngại cụ thể nào? Căn cứ vào văn bản, hãy giải thích lý do tại sao việc điều trị phải ngay lập tức ngưng nếu bệnh nhân có thai?"
../raw_data/wavs/voice-2930.wav,"Tại sao Spectinomycin bị chống chỉ định tuyệt đối ở trẻ sơ sinh do chứa cồn benzylic, và cơ chế sinh bệnh học nào của chất bảo quản này dẫn đến hội chứng thở gấp?"
../raw_data/wavs/voice-2931.wav,"So sánh về tốc độ thải trừ, MMDL (lumilysergol) khác biệt gì so với MDL (demethyllumilysergol) trong cơ thể?"
../raw_data/wavs/voice-2932.wav,"Việc sử dụng đồng thời lactulose với các thuốc kháng khuẩn có thể ảnh hưởng đến hiệu quả nhuận tràng của nó do hệ vi khuẩn đường ruột bị thay đổi, nhưng tại sao neomycin lại có thể được chỉ định kết hợp trong điều trị bệnh não do gan?"
../raw_data/wavs/voice-2933.wav,"Nếu xảy ra tình trạng ngất hoặc hạ huyết áp nặng do quá liều Prazosin, cơ chế nào khiến việc lọc máu không hiệu quả trong việc loại bỏ hoạt chất này ra khỏi cơ thể?"
../raw_data/wavs/voice-2934.wav,"Đối với bệnh nhân tăng lipid máu đang dùng Orlistat, tại sao việc uống vitamin A tan trong dầu cần phải liều cách nhau tối thiểu 2 giờ?"
../raw_data/wavs/voice-2935.wav,"Tại sao Sodium Citrate lại chống chỉ định tuyệt đối đối với bệnh nhân có tiền sử nhiễm kiềm chuyển hóa, và cơ chế bù trừ nào cần được kích hoạt nếu bệnh nhân bị quá liều?"
../raw_data/wavs/voice-2936.wav,"Vì lí do an toàn nào Trimetrexate bị chống chỉ định tuyệt đối ở bệnh nhân có tiền sử nhạy cảm với Methotrexate, trong khi cả hai đều là chất đối kháng folate?"
../raw_data/wavs/voice-2937.wav,Thời gian bán thải (half-life) của Peginterferon alfa-2b ở bệnh nhân viêm gan C mạn tính được ghi nhận là bao lâu?
../raw_data/wavs/voice-2938.wav,"Nếu một bệnh nhân uống liều lượng papaverin hydroclorid lên đến 15 gram, những bất loạn chuyển hóa huyết học cụ thể nào có thể được quan sát thấy?"
../raw_data/wavs/voice-2939.wav,Mô tả sự khác biệt về biểu hiện lâm sàng khi quá liều Cycloserine ở mức độ nhẹ so với tình trạng ngộ độc thần kinh nặng nécessitating sử dụng Pyridoxin hydroclorid.
../raw_data/wavs/voice-2940.wav,"Acetylcysteine bị tương kỵ hóa học với các chất oxy hóa và các kim loại chuyển hóa cụ thể. Nếu dung dịch acetylcysteine được tiếp xúc với máy phun mù có chứa linh kiện bằng đồng hoặc sắt, phản ứng redox nào có thể xảy ra dẫn đến mất hoạt tính sinh học của thuốc?"
../raw_data/wavs/voice-2941.wav,"So sánh nồng độ Acetic acid trong dung dịch rửa bàng quang (0,25%) với dung dịch xịt/tai (2%) và gel bôi âm đạo (0,9%), cơ sở dược lý nào cho sự chênh lệch nồng độ này trong điều trị các vị trí nhiễm khuẩn khác nhau?"
../raw_data/wavs/voice-2942.wav,Tirofiban có độ liên kết với protein huyết tương khoảng 35% và thể tích phân phối khoảng 30 lít. Những thông số dược động học này gợi ý điều gì về khả năng loại bỏ thuốc bằng thẩm tách máu so với các thuốc có độ liên kết protein cao (>90%)?
../raw_data/wavs/voice-2943.wav,"So sánh tác động của Dopamine lên thụ thể alpha và beta-adrenergic:, cơ chế nào Dopamine sử dụng để gây giãn mạch thận ở liều thấp?"
../raw_data/wavs/voice-2944.wav,"Điều trị thay thế hormon ở phụ nữ mãn kinh thường sử dụng Estrogen liên hợp (conjugated estrogens). Nếu một bệnh nhân đang dùng Estrogen liên hợp với liều 625 microgam/ngày được chuyển đổi sang Ethinylestradiol, t tỷ lệ tương đương về hiệu lực lâm sàng là bao nhiêu?"
../raw_data/wavs/voice-2945.wav,"Bệnh nhân suy thận nặng với mức lọc cầu thận <25 ml · min^-1 · 1,73 m^-2 cần điều chỉnh liều hàng ngày tối đa như thế nào so với bệnh nhân bình thường?"
../raw_data/wavs/voice-2946.wav,"Trong bối cảnh N-Acetylglucosamine có khả năng tham gia vào quá trình sinh tổng hợp Prostaglandin và Leukotriene, những đối tượng nào có tiền sử ung thư phụ thuộc vào estrogen bị cấm sử dụng?"
../raw_data/wavs/voice-2947.wav,"Thời gian bán hủy loại trừ cuối cùng của Sofosbuvir là bao lâu, và cơ chế thải trừ nào chiếm ưu thế?"
../raw_data/wavs/voice-2948.wav,"Trong trường hợp bệnh nhân quên tiêm một liều anakinra và thời điểm nhớ ra đã gần với giờ tiêm của liều kế tiếp, tại sao lại chống chỉ định việc tiêm bù một liều gấp đôi mà chỉ nên bỏ qua liều đã quên?"
../raw_data/wavs/voice-2949.wav,Tại sao việc ngưng sử dụng các thuốc lợi tiểu thiazide và glycosid tim là cần thiết ngay lập tức trong phác đồ xử trí cơn tăng canxi huyết cấp do quá liều Calcium Phosphate?
../raw_data/wavs/voice-2950.wav,"Trong bối cảnh điều trị quá liều Isosorbide Mononitrate gây methaemoglobinaemia, tại sao xanh methylen (methylene blue) lại là tác nhân ưu tiên để đảm bảo oxy hóa lại Hemoglobin?"
../raw_data/wavs/voice-2951.wav,"Trong quá trình chuyển hóa ở gan, quinine sulfate được chuyển thành 4 chất chính. Chuyển hóa thể nào là phổ biến nhất và tạo ra chất chuyển hóa có hoạt tính dược lý yếu hơn?"
../raw_data/wavs/voice-2952.wav,"Ngoài các tác dụng phụ thường gặp như buồn nôn hay ngủ gà, Racemethionine có thể gây ra những bất loạn chuyển hóa nghiêm trọng nào ở bệnh nhân suy thận, và quá trình sinh bệnh học (pathophysiology) nào dẫn đến tình trạng tăng nitơ huyết?"
../raw_data/wavs/voice-2953.wav,Vì sao Acid Folinic có thể làm giảm độc tính trên huyết học của Pyrimethamin mà không ảnh hưởng đến tác dụng kháng vi sinh vật của thuốc này?
../raw_data/wavs/voice-2954.wav,"Miconazole là thuốc chống nấm nhóm azole duy nhất hoạt động thông qua ba cơ chế. Trong đó, cơ chế nào liên quan đến việc ngăn chặn Candida chuyển đổi từ dạng nấm men sang nấm sợi?"
../raw_data/wavs/voice-2955.wav,"Lý do khoa học nào khiến Praziquantel bị chống chỉ định tuyệt đối trong các trường hợp nang sán ở mắt và tủy sống, bất kể giai đoạn phát triển của ký sinh trùng?"
../raw_data/wavs/voice-2956.wav,"Antihemophilic Factor, Human Recombinant là một chuỗi polypeptit đơn có miền B bị cắt ngắn, vậy cơ chế ổn định hóa yếu tố VIII (FVIII) của thuốc này đối với VWF (yếu tố von Willebrand) có khác biệt gì so với FVIII có chiều dài đầy đủ?"
../raw_data/wavs/voice-2957.wav,Tại sao bệnh nhân cần được hướng dẫn không được nhai hoặc nghiền nát viên nén phóng thích kéo dài Isosorbide Mononitrate?
../raw_data/wavs/voice-2958.wav,Tiêu chí công thức máu cụ thể nào buộc bác sĩ phải tạm ngừng phác đồ Temozolomide liều 75 mg/m²/ngày trong giai đoạn phối hợp với xạ trị?
../raw_data/wavs/voice-2959.wav,Tỷ lệ phần trăm của liều citicoline được thải trừ hoàn toàn qua phân và nước tiểu là bao nhiêu?
../raw_data/wavs/voice-2960.wav,"Đối với bệnh nhân đang chờ ghép gan mắc ung thư biểu mô tế bào gan do HCV, phác đồ Sofosbuvir và Ribavirin kéo dài tối đa bao lâu?"
../raw_data/wavs/voice-2961.wav,"Trong cơ chế ức chế protease của HIV-1 và HIV-2, Ritonavir có tính chất cạnh tranh và đảo ngược được. Phephone (hệ số gắn bó) của Ritonavir so với substrat tự nhiên của protease HIV thay đổi như thế nào khi virus phát sinh cơ chế kháng thuốc chéo với các thuốc ức chế protease khác?"
../raw_data/wavs/voice-2962.wav,"Nếu một liều Oxycodone bị quên uống và phát hiện gần với thời điểm của liều kế tiếp, bệnh nhân cần tuân thủ quy tắc xử trí nào để tránh nguy cơ quá liều?"
../raw_data/wavs/voice-2963.wav,Tại sao chứng hay quên là một tác dụng phụ thường gặp khi sử dụng?
../raw_data/wavs/voice-2964.wav,"Ngoài công dụng điều hòa amoniac, Racemethionine được chỉ định sử dụng kết hợp với cysteine hydrochloride với mục đích dược lý cụ thể nào đối với cấu trúc da và tóc?"
../raw_data/wavs/voice-2965.wav,"Tương tác dược lý giữa Parathyroid hormone và glycoside tim (digoxin) nguy hiểm như thế nào, và bệnh nhân cần được theo dõi chỉ số lâm sàng nào khi dùng đồng thời?"
../raw_data/wavs/voice-2966.wav,"Tại sao Anagrelide có thể gây ra các tác dụng phụ về tim mạch như hạ huyết áp tư thế và nhồi máu cơ tim, dù cơ chế chính là ức chế sinh sản tiểu cầu?"
../raw_data/wavs/voice-2967.wav,"Fenfluramine được báo cáo là gây ra các bất thường trên siêu âm tim, bao gồm bệnh lý van tim và tăng áp phổi. Dựa trên cơ chế dược lý serotoninergic của nó, cơ chế sinh lý bệnh nào giải thích tại sao thuốc lại có nguy cơ gây ra các thay đổi mô cơ học này, và tại sao liều lượng lại đóng vai trò quan trọng?"
../raw_data/wavs/voice-2968.wav,"Nếu một liều Bretylium bị bỏ lỡ và chỉ được phát hiện khi thời gian của liều sau đã cận kề, bệnh nhân nên tuân thủ quy tắc nào về liều lượng?"
../raw_data/wavs/voice-2969.wav,"Trong phạm vi điều trị bệnh thần kinh do tiểu đường, dải liều lượng Acid alpha lipoic đường tiêm được khuyến nghị cho người lớn là bao nhiêu?"
../raw_data/wavs/voice-2970.wav,"Tại sao các tài liệu đã loại trừ khả năng gây ra phản ứng dị ứng sulfa khi sử dụng glucosamine sulfate, ngay cả khi glucosamine sulfate có chứa gốc sunfat?"
../raw_data/wavs/voice-2971.wav,"Dựa trên bảng mô tả triệu chứng quá liều Azatadine, hiện tượng 'đồng tử lớn' xuất phát từ cơ chế kháng muscarinic hay đối kháng histamine?"
../raw_data/wavs/voice-2972.wav,"Trong trường hợp bệnh nhân quên dùng một liều Nicergoline và thời điểm đó gần với liều kế tiếp theo kế hoạch, lời khuyên cụ thể về việc bỏ qua liều đã quên là gì?"
../raw_data/wavs/voice-2973.wav,Hiện tượng bất thường nào trên đại tiện được xem là dấu hiệu dược lý học phổ biến nhưng không gây hại khi sử dụng Ferrous Bisglycinate?
../raw_data/wavs/voice-2974.wav,"Nếu bệnh nhân quá liều alfuzosin dẫn đến hạ huyết áp nặng, tại sao các biện pháp thẩm phân máu hoặc lọc máu lại không hiệu quả trong việc loại bỏ thuốc ra khỏi cơ thể?"
../raw_data/wavs/voice-2975.wav,"Trong các trường hợp loạn nhịp tim đe dọa tính mạng, tại sao Bretylium lại bị chống chỉ định nếu nguyên nhân được cho là do Digitalis?"
../raw_data/wavs/voice-2976.wav,Tại sao dung dịch Acetylcholine sau khi pha bắt buộc phải được tiêm ngay lập tức và không được tiêm qua cùng một bộ lọc?
../raw_data/wavs/voice-2977.wav,Triệu chứng loạn nhịp tim có thể xảy ra khi overdose Chlorpheniramine Maleate thường điều trị bằng thuốc tiêm tĩnh mạch nào?
../raw_data/wavs/voice-2978.wav,"Bên cạnh hội chứng loạn sản tủy, Temozolomide còn có thể gây ra các tổn thương thần kinh trung ương nào?"
../raw_data/wavs/voice-2979.wav,Tại sao Probenecid làm tăng nồng độ Cefalexin trong huyết tương?
../raw_data/wavs/voice-2980.wav,"Thời gian bán thải (t½) của Sertraline khoảng 26 giờ. Dựa trên thông số động học này, giải thích tại sao thuốc cần thời gian từ 4.5 đến 8.4 giờ để đạt nồng độ đỉnh trong huyết tương sau khi uống?"
../raw_data/wavs/voice-2981.wav,"Trên phương diện dược động học, cơ chế chuyển hóa của Abacavir tại gan khác biệt thế nào so với các thuốc ức chế phiên mã ngược nucleosid khác (ví dụ như Zidovudin) liên quan đến hệ enzym cytochrom P450, và điều này ảnh hưởng ra sao đến nguy cơ tương tác thuốc?"
../raw_data/wavs/voice-2982.wav,"Một bệnh nhân đang điều trị tăng huyết áp bằng Clonidine dạng miếng dán giải phóng 0.1 mg/24 giờ. Nếu bóc bỏ miếng dán sau 7 ngày, nồng độ thuốc trong huyết tương sẽ biến đổi ra sao trong khoảng thời gian 8 giờ đầu tiên sau đó?"
../raw_data/wavs/voice-2983.wav,"Ngoài hạ huyết áp thế đứng, Nicergoline thường gây ra các tổn thương da đặc hiệu nào?"
../raw_data/wavs/voice-2984.wav,"Mô tả cơ chế sinh học phân tử mà qua đó Conivaptan làm tăng bài tiết nước tự do, liên quan đến các kênh aquaporin ở màng đỉnh của ống góp thận."
../raw_data/wavs/voice-2985.wav,"Trong bối cảnh bệnh ấu trùng sán lợn thần kinh, việc chỉ định sử dụng Praziquantel có yêu cầu bắt buộc về thăm khám tiền phẫu thuật loại trừ bệnh ở vị trí nào của cơ thể không?"
../raw_data/wavs/voice-2986.wav,"Vai trò của Canxi liên kết với protein (đặc biệt là albumin) trong huyết tương ảnh hưởng như thế nào đến nồng độ Canxi ion hóa tự do (free ionized calcium), và tại sao chỉ số này lại có ý nghĩa sinh lý cao nhất?"
../raw_data/wavs/voice-2987.wav,"Trong bối cảnh quá liều Sugammadex, tại sao phương pháp lọc máu tốc độ cao (high-flux hemodialysis) lại hiệu quả hơn so với lọc máu tốc độ thấp trong việc loại bỏ thuốc?"
../raw_data/wavs/voice-2988.wav,"Clonidine có thể tích phân bố rất lớn (2,1 kg) và tan tốt trong lipid. Đặc điểm này ảnh hưởng như thế nào đến hiệu quả loại bỏ Clonidine ra khỏi cơ thể bằng phương pháp thẩm tách máu?"
../raw_data/wavs/voice-2989.wav,"Dựa trên đặc điểm sinh sản lưỡng tính của Schistosoma, cơ chế dược lý nào giải thích cho sự chênh lệch nhạy cảm giữa sán đực và sán cái đối với Praziquantel (sán đực S. mansoni nhạy hơn, trong khi sán cái S. haematobium nhạy hơn)?"
../raw_data/wavs/voice-2990.wav,"Cơ chế ức chế các phospholipase A1, A2 C và D của citicoline có vai trò gì trong việc duy trì hệ thống chống oxy hóa Glutathione và ngăn chặn quá trình phá huỷ hệ thống màng?"
../raw_data/wavs/voice-2991.wav,"Cơ chế kháng thuốc chính xác của Neisseria gonorrhoeae đối với Spectinomycin vẫn chưa được xác định đầy đủ, tuy nhiên các nghiên cứu trên văn bản chỉ ra biến đổi nào ở cấp độ phân tử?"
../raw_data/wavs/voice-2992.wav,"Nếu bệnh nhân bị quá liều Pemetrexed và desarrolla suy tủy, chiến lược điều trị chính xác là gì?"
../raw_data/wavs/voice-2993.wav,"Trong bối cảnh các nghiên cứu về giảm đau sản khoa, Methoxyflurane có báo cáo về những rủi ro gì cho thai nhi và điều kiện nào cần được duy trì để giảm thiểu?"
../raw_data/wavs/voice-2994.wav,"Trong giai đoạn chuyển hóa ở gan, Sertraline là cơ chất (substrate) của các enzym CYP3A4, CYP2C19 và CYP2B6. Điều này có ý nghĩa gì đối với nguy cơ tương tác thuốc khi dùng chung với các chất ức chế các enzym này?"
../raw_data/wavs/voice-2995.wav,Phân tích nguy cơ khi sử dụng quinine cho bệnh nhân có tiền sử bệnh nhược cơ (myasthenia gravis); cơ chế dược lý học nào của quinine làm trầm trọng thêm tình trạng yếu cơ và blockade thần kinh cơ ở đối tượng này?
../raw_data/wavs/voice-2996.wav,Cơ chế hoạt động của N-Acetylglucosamine trong việc hỗ trợ điều trị viêm xương khớp liên quan trực tiếp đến việc tham gia chuyển hóa glycoprotein; vậy Aggrecan là gì và tại sao sự suy giảm sinh tổng hợp nó trong giai đoạn muộn của bệnh lại dẫn đến mất đi tính phục hồi của sụn?
../raw_data/wavs/voice-2997.wav,Nồng độ CO2 thải trừ qua hơi thở của citicoline có sự thay đổi tốc độ như thế nào qua các giai đoạn sau khi uống thuốc?
../raw_data/wavs/voice-2998.wav,Đâu là lý do chính dẫn đến việc Denileukin diftitox bị chống chỉ định tuyệt đối ở những bệnh nhân quá mẫn với độc tố bạch hầu (diphtheria toxin) hoặc Interleukin-2?
../raw_data/wavs/voice-2999.wav,"Vì sao bệnh nhân bị loét dạ dày cần phải thận trọng khi sử dụng phentolamine, và cơ chế nào gây ra tình trạng làm nặng thêm tổn thương loét?"
../raw_data/wavs/voice-3000.wav,Succinylcholine được xếp vào loại thuốc chẹn thần kinh - cơ khử cực. Điều gì khác biệt về khả năng bị đối kháng bằng thuốc kháng cholinesterase (như neostigmine) so với các thuốc chẹn thần kinh - cơ không khử cực (như pancuronium)?
../raw_data/wavs/voice-3001.wav,"Cơ chế sinh bệnh học nào giải thích cho việc diazepam có thể gây ra các dị tật khuyết tật (sứt môi, khuyết tật hệ thần kinh trung ương) trên súc vật thí nghiệm, và điều này có liên quan gì đến thời gian bán thải dài của các chất chuyển hóa có hoạt tính?"
../raw_data/wavs/voice-3002.wav,Tại sao việc thải trừ clobazam qua thận không hiệu quả?
../raw_data/wavs/voice-3003.wav,Liều lượng Triclosan tắm cho trẻ sơ sinh từ 6 tháng tuổi trở lên được chỉ định cụ thể là bao nhiêu mililit cho một chậu nước tắm 15 lít?
../raw_data/wavs/voice-3004.wav,Roniciclib đang được nghiên cứu chỉ định điều trị cho bệnh ung thư nào đặc trưng bởi sự phụ thuộc mạnh mẽ vào con đường chống apoptotic MCL-1?
../raw_data/wavs/voice-3005.wav,Tại sao Denileukin diftitox được gọi là một 'protein dung hợp' (fusion protein) và nó được thiết kế để nhắm mục tiêu vào những tế bào nào?
../raw_data/wavs/voice-3006.wav,"Nguy cơ ngộ độc nào có thể xảy ra khi phối hợp acid fusidic với các thuốc ức chế protease virus HIV như ritonavir, và cơ chế tương tác chuyển hóa nào gây ra tình trạng này?"
../raw_data/wavs/voice-3007.wav,"Theo các đặc điểm dược động học, alfuzosin được thải trừ ra khỏi cơ thể chủ yếu qua đường nào và bao nhiêu phần trăm lượng thuốc không đổi được tìm thấy trong nước tiểu?"
../raw_data/wavs/voice-3008.wav,Methoxyflurane được chỉ định để điều trị loại cơn đau nào và ở đối tượng bệnh nhân nào?
../raw_data/wavs/voice-3009.wav,"Mặc dù cả hai đều là thuốc giãn cơ nhóm steroid, tại sao Sugammadex lại có ái lực liên kết mạnh hơn với Rocuronium so với Vecuronium, và điều này ảnh hưởng thế nào đến hiệu quả đảo ngược?"
../raw_data/wavs/voice-3010.wav,"Tỷ lệ liên kết Sofosbuvir với protein huyết tương người nằm trong khoảng nào, và Sofosbuvir có khả năng làm tăng nồng độ huyết thanh của thuốc nào sau đây?"
../raw_data/wavs/voice-3011.wav,Cơ chế phân tử cụ thể mà Denileukin diftitox sử dụng để ức chế quá trình tổng hợp protein và gây chết tế bào ác tính là gì?
../raw_data/wavs/voice-3012.wav,"Việc sử dụng Ammonium molybdate trong dung dịch tiêm truyền TPN có tiềm ẩn nguy cơ gây độc tính thần kinh trung ương do nguyên tố nào kèm theo, và cơ chế nào khiến nguy cơ này tăng cao ở bệnh nhân suy thận?"
../raw_data/wavs/voice-3013.wav,Methoxyflurane được chỉ định cho đối tượng bệnh nhân nào cụ thể? Đâu là lý do thuốc chỉ định dùng cho người lớn còn chống chỉ định cho trẻ em dưới 18 tuổi?
../raw_data/wavs/voice-3014.wav,"Ngoài các tác dụng phụ thường gặp như buồn nôn hay nhịp tim chậm, Sugammadex còn gây ra các phản ứng nghiêm trọng nào liên quan đến thị giác?"
../raw_data/wavs/voice-3015.wav,Thời gian bán thải của amphetamine phụ thuộc vào đồng phân (d-amphetamine: 9-11 giờ; l-amphetamine: 11-14 giờ) và tốc độ thải trừ qua nước tiểu phụ thuộc vào pH. Giải thích cơ chế sinh hóa tại sao acid hóa nước tiểu (ví dụ: ammonium chloride) lại làm tăng đáng kể tốc độ bài tiết amphetamine so với điều kiện pH nước tiểu kiềm?
../raw_data/wavs/voice-3016.wav,"Trên cơ sở dược động học, miconazole nitrat khi bôi tại chỗ ở bệnh nhi từ 1-24 tháng tuổi trong 7 ngày thường cho nồng độ trong huyết tương ở mức nào?"
../raw_data/wavs/voice-3017.wav,Zafirlukast có khả năng kiểm soát triệt để triệu chứng co thắt phế quản trong các cơn hen cấp tính hay không?
../raw_data/wavs/voice-3018.wav,Hãy so sánh sự khác biệt về thời gian bán thải giữa Pemetrexed dưới dạng không đổi trong huyết tương và các chất chuyển hóa polyglutamat của nó trong tế bào.
../raw_data/wavs/voice-3019.wav,Nồng độ trong huyết tương của iloperidone tăng lên bao nhiêu lần (khoảng) khi dùng đồng thời với fluoxetine?
../raw_data/wavs/voice-3020.wav,Liều lượng Thioctic acid tromethamine nào được báo cáo là gây ra tình trạng nhiễm độc nặng dẫn đến tử vong?
../raw_data/wavs/voice-3021.wav,Điều kiện tiên quyết nào về tình trạng vô trùng của lọ thuốc Acetylcholine chloride cần được kiểm tra trước khi pha?
../raw_data/wavs/voice-3022.wav,"Nếu một bệnh nhân nuốt phải một lượng lớn dung dịch thuốc nhỏ mắt Olopatadine, cơ chế sinh học nào giải thích việc tại sao độc tính hệ thống lại được cho là không gây nguy hiểm và phương pháp điều trị ưu tiên là gì?"
../raw_data/wavs/voice-3023.wav,Biểu hiện lâm sàng nào của tình trạng quá liều Ceftazidime thường gặp ở bệnh nhân suy thận?
../raw_data/wavs/voice-3024.wav,Tại sao Zafirlukast được khuyến cáo chỉ nên dùng ít nhất 1 giờ trước hoặc 2 giờ sau bữa ăn?
../raw_data/wavs/voice-3025.wav,"Nếu bệnh nhân nhớ ra việc quên liều Cefalexin nhưng thời điểm đó đã gần với liều kế tiếp theo quy định, nguyên tắc xử lý dược lý là gì?"
../raw_data/wavs/voice-3026.wav,"Tại sao nồng độ diazepam trong huyết tương sau khi tiêm bắp có thể thay đổi thất thường và chậm hơn so với tiêm vào cơ delta, và cơ chế sinh học nào giải thích cho sự khác biệt hấp thu này?"
../raw_data/wavs/voice-3027.wav,Phân biệt cơ chế gây co đồng tử của Acetylcholine so với các chất chủ vận alpha-adrenergic dựa trên hệ thống thần kinh tự chủ.
../raw_data/wavs/voice-3028.wav,"Dựa trên đặc điểm dược lý, tại sao Conivaptan được chỉ định cụ thể cho tình trạng hạ natri máu bình thể tích hoặc tăng thể tích, nhưng lại chống chỉ định trong trường hợp hạ natri máu giảm thể tích?"
../raw_data/wavs/voice-3029.wav,Dopamine có thời gian bán thải pha alpha và beta là bao lâu? Giải thích cơ chế chuyển hóa cho tác dụng này?
../raw_data/wavs/voice-3030.wav,"Liên quan đến việc tiêm truyền tĩnh mạch, tại sao dung dịch acid fusidic lại có nguy cơ gây hạ calci huyết, và thành phần tá dược nào trong chế phẩm là nguyên nhân trực tiếp của cơ chế này?"
../raw_data/wavs/voice-3031.wav,Cefalexin chống chỉ định tuyệt đối ở những bệnh nhân nào?
../raw_data/wavs/voice-3032.wav,Dược chất Fluticasone Propionate có đặc điểm hóa học cấu trúc nào đặc biệt khác biệt so với các corticosteroid tự nhiên?
../raw_data/wavs/voice-3033.wav,"Tại sao Acetylcholine được xếp vào nhóm chủ vận cholinergic muscarinic và nicotinic, và tại sao nó lại gây ra các tác dụng hệ thống nguy hiểm khi hấp thu toàn thân?"
../raw_data/wavs/voice-3034.wav,Clofarabine được chỉ định điều trị bệnh bạch cầu nguyên bào lympho cấp tính ở đối tượng bệnh nhân nào cụ thể về độ tuổi và tiền sử điều trị?
../raw_data/wavs/voice-3035.wav,Làm thế nào mà Temozolomide có thể xâm nhập hàng rào máu não hiệu quả trong khi tỷ lệ gắn kết với protein huyết tương của thuốc mẹ chỉ khoảng 15%?
../raw_data/wavs/voice-3036.wav,Điều gì sẽ xảy ra với quá trình viêm và các chỉ số sinh học (như CRP/SAA) nếu một bệnh nhân được điều trị bằng anakinra nhưng không tuân thủ liều lượng đúng cách (ví dụ: tiêm muộn hoặc thiếu liều)?
../raw_data/wavs/voice-3037.wav,Pemetrexed có tỷ lệ liên kết với protein huyết thanh bao nhiêu?
../raw_data/wavs/voice-3038.wav,"Cơ chế sinh học nào giải thích cho tình trạng giảm natri huyết (hyponatremia) quan sát được ở bệnh nhân cao tuổi sử dụng Sertraline, và tại sao nhóm đối tượng này lại có nguy cơ cao hơn?"
../raw_data/wavs/voice-3039.wav,"Ngoài chỉ định điều trị nhiễm HIV, Abacavir còn được chỉ định sử dụng trong tình huống lâm sàng nào liên quan đến phòng ngừa phơi nhiễm?"
../raw_data/wavs/voice-3040.wav,"Khi thiết lập phác đồ điều trị cho bệnh nhân < 20 kg, tại sao việc kéo dài thời gian truyền tĩnh mạch (> 2 giờ) lại là một khuyến cáo an toàn quan trọng?"
../raw_data/wavs/voice-3041.wav,Phân tích cơ chế ức chế protein của Spectinomycin trên lậu cầu: Thuốc tác động lên tiểu phần ribosom nào để gây thay đổi hình thái bề mặt và vi khuẩn tự ly giải?
../raw_data/wavs/voice-3042.wav,Nicergoline được chỉ định điều trị cho các rối loạn thính giác và thăng bằng khi nguyên nhân gốc rễ là gì?
../raw_data/wavs/voice-3043.wav,"Cơ chế phân tử nào giải thích sự gia tăng tác dụng an thần khi kết hợp guanabenz với các thuốc ức chế thần kinh trung ương khác, và tại sao điều này lại đặc biệt nguy hiểm khi lái xe hoặc vận hành máy móc?"
../raw_data/wavs/voice-3044.wav,"Thành phần tá dược Edetate khan Canxi Dinatri trong thuốc Antihemophilic Factor, Human Recombinant có thể gây ra những phản ứng/thay đổi gì nếu thuốc được dùng quá liều cho phép?"
../raw_data/wavs/voice-3045.wav,Làm thế nào mà quá trình chuyển hóa phân tử Acid alpha lipoic từ dạng oxy hóa (với cầu nối disulfide) sang dạng khử (dihydrolipoic acid) cho phép thực hiện vai trò dọn dẹp các gốc tự do hydroxyl?
../raw_data/wavs/voice-3046.wav,"Cơ chế dược lý của Chlorpheniramine Maleate thể hiện qua quá trình nào đối với histamin tại các mô tiêu hóa, thành mạch và hô hấp?"
../raw_data/wavs/voice-3047.wav,"Ngoài chỉ định chính là rối loạn trầm cảm nặng, Trimipramine còn được chỉ định để điều trị triệu chứng nào khác liên quan đến chức năng bàng quang?"
