file_path,duration_sec,sample_rate,channels,sample_width_bytes,frame_count,peak_amplitude,rms_amplitude,crest_factor,silence_ratio,clipping_ratio,zero_crossing_rate,source_path,resolved_path
..\notebooks\finetune-wav2vec2\train_set\wavs\voice-0001.wav,14.0584375,16000,1,2,224935,0.970611572265625,0.15928193926811218,6.093669983712578,0.44590659523862447,0.0,0.07712039976170788,../raw_data/wavs/voice-0001.wav,..\notebooks\finetune-wav2vec2\train_set\wavs\voice-0001.wav
..\notebooks\finetune-wav2vec2\train_set\wavs\voice-0002.wav,13.1976875,16000,1,2,211163,0.999969482421875,0.15710167586803436,6.365110218568584,0.3705620776367072,2.3678390627145853e-05,0.07356437237760582,../raw_data/wavs/voice-0002.wav,..\notebooks\finetune-wav2vec2\train_set\wavs\voice-0002.wav
..\notebooks\finetune-wav2vec2\train_set\wavs\voice-0003.wav,13.44075,16000,1,2,215052,1.0,0.1637255847454071,6.107780903974157,0.4330720011904098,3.7200305042501346e-05,0.07528911746515943,../raw_data/wavs/voice-0003.wav,..\notebooks\finetune-wav2vec2\train_set\wavs\voice-0003.wav
..\notebooks\finetune-wav2vec2\train_set\wavs\voice-0004.wav,10.6934375,16000,1,2,171095,0.9969482421875,0.1871221661567688,5.327793401837109,0.3835705309915544,5.844706157397936e-06,0.08874653699136148,../raw_data/wavs/voice-0004.wav,..\notebooks\finetune-wav2vec2\train_set\wavs\voice-0004.wav
..\notebooks\finetune-wav2vec2\train_set\wavs\voice-0005.wav,16.2454375,16000,1,2,259927,0.99627685546875,0.17662101984024048,5.64076040535784,0.3620824308363502,1.538893612437338e-05,0.08043443133815009,../raw_data/wavs/voice-0005.wav,..\notebooks\finetune-wav2vec2\train_set\wavs\voice-0005.wav
..\notebooks\finetune-wav2vec2\train_set\wavs\voice-0006.wav,18.7398125,16000,1,2,299837,0.999969482421875,0.16791188716888428,5.955322754583269,0.42009158309348077,1.6675727145082162e-05,0.09580237196333996,../raw_data/wavs/voice-0006.wav,..\notebooks\finetune-wav2vec2\train_set\wavs\voice-0006.wav
..\notebooks\finetune-wav2vec2\train_set\wavs\voice-0007.wav,12.1724375,16000,1,2,194759,0.99993896484375,0.16076810657978058,6.219759541346181,0.4633880847611664,5.1345509065049624e-06,0.08371414781421045,../raw_data/wavs/voice-0007.wav,..\notebooks\finetune-wav2vec2\train_set\wavs\voice-0007.wav
..\notebooks\finetune-wav2vec2\train_set\wavs\voice-0008.wav,13.2375,16000,1,2,211800,1.0,0.16097496449947357,6.21214611296448,0.37109065155807364,1.8885741265344665e-05,0.06978314345204652,../raw_data/wavs/voice-0008.wav,..\notebooks\finetune-wav2vec2\train_set\wavs\voice-0008.wav
..\notebooks\finetune-wav2vec2\train_set\wavs\voice-0009.wav,11.7576875,16000,1,2,188123,0.961090087890625,0.1754978448152542,5.4763640482443545,0.33866140769602865,0.0,0.08531697515442106,../raw_data/wavs/voice-0009.wav,..\notebooks\finetune-wav2vec2\train_set\wavs\voice-0009.wav
..\notebooks\finetune-wav2vec2\train_set\wavs\voice-0010.wav,13.7215625,16000,1,2,219545,0.990081787109375,0.1883707493543625,5.256027225579679,0.35117629643125553,9.109749709626728e-06,0.07428579236963889,../raw_data/wavs/voice-0010.wav,..\notebooks\finetune-wav2vec2\train_set\wavs\voice-0010.wav
..\notebooks\finetune-wav2vec2\train_set\wavs\voice-0011.wav,11.2,16000,1,2,179200,0.99993896484375,0.19046089053153992,5.250101278289268,0.39804129464285715,1.674107142857143e-05,0.08548596811366135,../raw_data/wavs/voice-0011.wav,..\notebooks\finetune-wav2vec2\train_set\wavs\voice-0011.wav
..\notebooks\finetune-wav2vec2\train_set\wavs\voice-0012.wav,23.402125,16000,1,2,374434,1.0,0.17209291458129883,5.81081448026489,0.39442732230513255,1.335348819818713e-05,0.08199063650906838,../raw_data/wavs/voice-0012.wav,..\notebooks\finetune-wav2vec2\train_set\wavs\voice-0012.wav
..\notebooks\finetune-wav2vec2\train_set\wavs\voice-0013.wav,11.3995,16000,1,2,182392,0.9849853515625,0.176327183842659,5.586123081517743,0.3557776656870915,5.482696609500417e-06,0.07709261970163002,../raw_data/wavs/voice-0013.wav,..\notebooks\finetune-wav2vec2\train_set\wavs\voice-0013.wav
..\notebooks\finetune-wav2vec2\train_set\wavs\voice-0014.wav,10.1026875,16000,1,2,161643,0.970977783203125,0.1628303974866867,5.96312358251483,0.3516143600403358,0.0,0.08380866358990856,../raw_data/wavs/voice-0014.wav,..\notebooks\finetune-wav2vec2\train_set\wavs\voice-0014.wav
..\notebooks\finetune-wav2vec2\train_set\wavs\voice-0015.wav,11.882,16000,1,2,190112,0.972900390625,0.17855362594127655,5.448785402683289,0.3976024659148292,0.0,0.07274171405126478,../raw_data/wavs/voice-0015.wav,..\notebooks\finetune-wav2vec2\train_set\wavs\voice-0015.wav
..\notebooks\finetune-wav2vec2\train_set\wavs\voice-0016.wav,10.2918125,16000,1,2,164669,0.997528076171875,0.1844509243965149,5.408094751683027,0.36462843643915976,6.072788442269037e-06,0.091359584132922,../raw_data/wavs/voice-0016.wav,..\notebooks\finetune-wav2vec2\train_set\wavs\voice-0016.wav
..\notebooks\finetune-wav2vec2\train_set\wavs\voice-0017.wav,7.4470625,16000,1,2,119153,0.961639404296875,0.18009988963603973,5.33947803210892,0.3483084773358623,0.0,0.09013696790653955,../raw_data/wavs/voice-0017.wav,..\notebooks\finetune-wav2vec2\train_set\wavs\voice-0017.wav
..\notebooks\finetune-wav2vec2\train_set\wavs\voice-0018.wav,14.93,16000,1,2,238880,0.979461669921875,0.17336006462574005,5.649869086265022,0.3429211319490958,0.0,0.08426441838755186,../raw_data/wavs/voice-0018.wav,..\notebooks\finetune-wav2vec2\train_set\wavs\voice-0018.wav
..\notebooks\finetune-wav2vec2\train_set\wavs\voice-0019.wav,9.85,16000,1,2,157600,1.0,0.19998522102832794,5.00036950159607,0.3527855329949239,1.2690355329949238e-05,0.0775639439336544,../raw_data/wavs/voice-0019.wav,..\notebooks\finetune-wav2vec2\train_set\wavs\voice-0019.wav
..\notebooks\finetune-wav2vec2\train_set\wavs\voice-0020.wav,11.21,16000,1,2,179360,0.976593017578125,0.17450812458992004,5.596261032963591,0.32750892060660125,0.0,0.08659169598403202,../raw_data/wavs/voice-0020.wav,..\notebooks\finetune-wav2vec2\train_set\wavs\voice-0020.wav
..\notebooks\finetune-wav2vec2\train_set\wavs\voice-0021.wav,6.85,16000,1,2,109600,0.996612548828125,0.19189557433128357,5.193515026602952,0.3315602189781022,1.8248175182481753e-05,0.08596793766366481,../raw_data/wavs/voice-0021.wav,..\notebooks\finetune-wav2vec2\train_set\wavs\voice-0021.wav
..\notebooks\finetune-wav2vec2\train_set\wavs\voice-0022.wav,15.41,16000,1,2,246560,0.999969482421875,0.1723722517490387,5.801220743334936,0.394265087605451,1.216742375081116e-05,0.07695926735588642,../raw_data/wavs/voice-0022.wav,..\notebooks\finetune-wav2vec2\train_set\wavs\voice-0022.wav
..\notebooks\finetune-wav2vec2\train_set\wavs\voice-0023.wav,11.4803125,16000,1,2,183685,0.979217529296875,0.1583411991596222,6.184224538490046,0.353409369300705,0.0,0.0709261557892903,../raw_data/wavs/voice-0023.wav,..\notebooks\finetune-wav2vec2\train_set\wavs\voice-0023.wav
..\notebooks\finetune-wav2vec2\train_set\wavs\voice-0024.wav,9.0471875,16000,1,2,144755,0.97015380859375,0.17650097608566284,5.496591747588389,0.355497219439743,0.0,0.08374898102988518,../raw_data/wavs/voice-0024.wav,..\notebooks\finetune-wav2vec2\train_set\wavs\voice-0024.wav
..\notebooks\finetune-wav2vec2\train_set\wavs\voice-0025.wav,8.3234375,16000,1,2,133175,0.999969482421875,0.1536112278699875,6.509742134658431,0.37312558663412804,3.0035667354984045e-05,0.0833270758556475,../raw_data/wavs/voice-0025.wav,..\notebooks\finetune-wav2vec2\train_set\wavs\voice-0025.wav
..\notebooks\finetune-wav2vec2\train_set\wavs\voice-0026.wav,10.3138125,16000,1,2,165021,0.999969482421875,0.15805593132972717,6.326681156531838,0.4061058895534508,6.059834808903109e-06,0.0795964125560538,../raw_data/wavs/voice-0026.wav,..\notebooks\finetune-wav2vec2\train_set\wavs\voice-0026.wav
..\notebooks\finetune-wav2vec2\train_set\wavs\voice-0027.wav,13.9233125,16000,1,2,222773,0.281097412109375,0.01888827607035637,14.882110525191592,0.8260785642784358,0.0,0.24154741170344568,../raw_data/wavs/voice-0027.wav,..\notebooks\finetune-wav2vec2\train_set\wavs\voice-0027.wav
..\notebooks\finetune-wav2vec2\train_set\wavs\voice-0028.wav,8.5646875,16000,1,2,137035,0.95037841796875,0.1602398157119751,5.930975480382595,0.3310978946984347,0.0,0.06844286819329509,../raw_data/wavs/voice-0028.wav,..\notebooks\finetune-wav2vec2\train_set\wavs\voice-0028.wav
..\notebooks\finetune-wav2vec2\train_set\wavs\voice-0029.wav,8.70075,16000,1,2,139212,0.999969482421875,0.17656852304935455,5.663350778226552,0.3721087262592305,6.464959917248513e-05,0.07062660278282606,../raw_data/wavs/voice-0029.wav,..\notebooks\finetune-wav2vec2\train_set\wavs\voice-0029.wav
..\notebooks\finetune-wav2vec2\train_set\wavs\voice-0030.wav,8.33,16000,1,2,133280,0.996429443359375,0.1632837951183319,6.1024392692322085,0.43240546218487397,2.2509003601440575e-05,0.07531569114414123,../raw_data/wavs/voice-0030.wav,..\notebooks\finetune-wav2vec2\train_set\wavs\voice-0030.wav
..\notebooks\finetune-wav2vec2\train_set\wavs\voice-0031.wav,14.91,16000,1,2,238560,0.999969482421875,0.1482817828655243,6.743710947478561,0.41684691482226693,4.191817572099262e-06,0.0728331356184424,../raw_data/wavs/voice-0031.wav,..\notebooks\finetune-wav2vec2\train_set\wavs\voice-0031.wav
..\notebooks\finetune-wav2vec2\train_set\wavs\voice-0032.wav,3.92725,16000,1,2,62836,0.974761962890625,0.21088865399360657,4.622164087216264,0.3541122923165065,0.0,0.0770430492559879,../raw_data/wavs/voice-0032.wav,..\notebooks\finetune-wav2vec2\train_set\wavs\voice-0032.wav
..\notebooks\finetune-wav2vec2\train_set\wavs\voice-0033.wav,10.6455625,16000,1,2,170329,0.999176025390625,0.1776057332754135,5.62580952181989,0.4007186092796881,5.870990847125269e-06,0.0709278568409187,../raw_data/wavs/voice-0033.wav,..\notebooks\finetune-wav2vec2\train_set\wavs\voice-0033.wav
..\notebooks\finetune-wav2vec2\train_set\wavs\voice-0034.wav,8.8964375,16000,1,2,142343,0.964447021484375,0.18143323063850403,5.315713213562205,0.3262893152455688,0.0,0.06704275617878068,../raw_data/wavs/voice-0034.wav,..\notebooks\finetune-wav2vec2\train_set\wavs\voice-0034.wav
..\notebooks\finetune-wav2vec2\train_set\wavs\voice-0035.wav,14.566,16000,1,2,233056,0.994354248046875,0.17142467200756073,5.800531722779197,0.3884087944528354,8.581628449814637e-06,0.08574799939928343,../raw_data/wavs/voice-0035.wav,..\notebooks\finetune-wav2vec2\train_set\wavs\voice-0035.wav
..\notebooks\finetune-wav2vec2\train_set\wavs\voice-0036.wav,25.942,16000,1,2,415072,0.27117919921875,0.017190422862768173,15.775016204289114,0.8363850127206846,0.0,0.23219160095501734,../raw_data/wavs/voice-0036.wav,..\notebooks\finetune-wav2vec2\train_set\wavs\voice-0036.wav
..\notebooks\finetune-wav2vec2\train_set\wavs\voice-0037.wav,9.2603125,16000,1,2,148165,0.196380615234375,0.017437709495425224,11.261835465598011,0.8384571255019742,0.0,0.18259496233902972,../raw_data/wavs/voice-0037.wav,..\notebooks\finetune-wav2vec2\train_set\wavs\voice-0037.wav
..\notebooks\finetune-wav2vec2\train_set\wavs\voice-0038.wav,7.5393125,16000,1,2,120629,0.928466796875,0.15564586222171783,5.965252038325293,0.31567036119009523,0.0,0.07785091355240906,../raw_data/wavs/voice-0038.wav,..\notebooks\finetune-wav2vec2\train_set\wavs\voice-0038.wav
..\notebooks\finetune-wav2vec2\train_set\wavs\voice-0039.wav,10.947125,16000,1,2,175154,0.9664306640625,0.14954917132854462,6.462293675565398,0.3412711099946333,0.0,0.09293589033587778,../raw_data/wavs/voice-0039.wav,..\notebooks\finetune-wav2vec2\train_set\wavs\voice-0039.wav
..\notebooks\finetune-wav2vec2\train_set\wavs\voice-0040.wav,18.1245625,16000,1,2,289993,1.0,0.17133358120918274,5.836567431454613,0.3695261609762994,1.0345077294969189e-05,0.07951943501889708,../raw_data/wavs/voice-0040.wav,..\notebooks\finetune-wav2vec2\train_set\wavs\voice-0040.wav
..\notebooks\finetune-wav2vec2\train_set\wavs\voice-0041.wav,11.0074375,16000,1,2,176119,0.976226806640625,0.1772109419107437,5.508840459368043,0.3439322276415378,0.0,0.08486355738766055,../raw_data/wavs/voice-0041.wav,..\notebooks\finetune-wav2vec2\train_set\wavs\voice-0041.wav
..\notebooks\finetune-wav2vec2\train_set\wavs\voice-0042.wav,21.683125,16000,1,2,346930,0.998626708984375,0.17683346569538116,5.6472721668229955,0.3982013662698527,5.7648516991900385e-06,0.08371165281657053,../raw_data/wavs/voice-0042.wav,..\notebooks\finetune-wav2vec2\train_set\wavs\voice-0042.wav
..\notebooks\finetune-wav2vec2\train_set\wavs\voice-0043.wav,15.3500625,16000,1,2,245601,0.96826171875,0.1663200408220291,5.821677976775446,0.38771829104930355,0.0,0.07883957654723127,../raw_data/wavs/voice-0043.wav,..\notebooks\finetune-wav2vec2\train_set\wavs\voice-0043.wav
..\notebooks\finetune-wav2vec2\train_set\wavs\voice-0044.wav,9.851375,16000,1,2,157622,0.3299560546875,0.01830657385289669,18.023910827819392,0.8187943307406327,0.0,0.1702120910284797,../raw_data/wavs/voice-0044.wav,..\notebooks\finetune-wav2vec2\train_set\wavs\voice-0044.wav
..\notebooks\finetune-wav2vec2\train_set\wavs\voice-0045.wav,12.334375,16000,1,2,197350,0.979949951171875,0.17562364041805267,5.579829394489332,0.4032227007854066,0.0,0.09196904975449584,../raw_data/wavs/voice-0045.wav,..\notebooks\finetune-wav2vec2\train_set\wavs\voice-0045.wav
..\notebooks\finetune-wav2vec2\train_set\wavs\voice-0046.wav,13.2390625,16000,1,2,211825,0.999969482421875,0.14871659874916077,6.723993762851694,0.3907376372005193,9.441756166646996e-06,0.0825874310748546,../raw_data/wavs/voice-0046.wav,..\notebooks\finetune-wav2vec2\train_set\wavs\voice-0046.wav
..\notebooks\finetune-wav2vec2\train_set\wavs\voice-0047.wav,7.1016875,16000,1,2,113627,1.0,0.17305338382720947,5.7785636887544545,0.3485175178434703,4.400362589877406e-05,0.07603013394821607,../raw_data/wavs/voice-0047.wav,..\notebooks\finetune-wav2vec2\train_set\wavs\voice-0047.wav
..\notebooks\finetune-wav2vec2\train_set\wavs\voice-0048.wav,4.6140625,16000,1,2,73825,0.990936279296875,0.18913033604621887,5.239435936151005,0.2930849983068066,2.709109380291229e-05,0.096675877763329,../raw_data/wavs/voice-0048.wav,..\notebooks\finetune-wav2vec2\train_set\wavs\voice-0048.wav
..\notebooks\finetune-wav2vec2\train_set\wavs\voice-0049.wav,11.4899375,16000,1,2,183839,0.99566650390625,0.18708674609661102,5.321951045062758,0.3557297417849314,5.439542208127764e-06,0.09780350090840849,../raw_data/wavs/voice-0049.wav,..\notebooks\finetune-wav2vec2\train_set\wavs\voice-0049.wav
..\notebooks\finetune-wav2vec2\train_set\wavs\voice-0050.wav,19.9038125,16000,1,2,318461,0.962554931640625,0.17047220468521118,5.64640396021187,0.3507368249173368,0.0,0.07937574577654964,../raw_data/wavs/voice-0050.wav,..\notebooks\finetune-wav2vec2\train_set\wavs\voice-0050.wav
..\notebooks\finetune-wav2vec2\train_set\wavs\voice-0051.wav,7.55275,16000,1,2,120844,0.46478271484375,0.015821458771824837,29.376729513175114,0.8611350170467711,0.0,0.19012272121678542,../raw_data/wavs/voice-0051.wav,..\notebooks\finetune-wav2vec2\train_set\wavs\voice-0051.wav
..\notebooks\finetune-wav2vec2\train_set\wavs\voice-0052.wav,12.575625,16000,1,2,201210,0.967681884765625,0.150281623005867,6.439123196905098,0.38690422941205704,0.0,0.08141782922235088,../raw_data/wavs/voice-0052.wav,..\notebooks\finetune-wav2vec2\train_set\wavs\voice-0052.wav
..\notebooks\finetune-wav2vec2\train_set\wavs\voice-0053.wav,11.520125,16000,1,2,184322,0.98895263671875,0.17831477522850037,5.546105954772748,0.36199694013736833,5.425288354076019e-06,0.07128867573418113,../raw_data/wavs/voice-0053.wav,..\notebooks\finetune-wav2vec2\train_set\wavs\voice-0053.wav
..\notebooks\finetune-wav2vec2\train_set\wavs\voice-0054.wav,14.445375,16000,1,2,231126,0.97515869140625,0.1779981255531311,5.478477306297096,0.4302761264418542,0.0,0.1018842617631152,../raw_data/wavs/voice-0054.wav,..\notebooks\finetune-wav2vec2\train_set\wavs\voice-0054.wav
..\notebooks\finetune-wav2vec2\train_set\wavs\voice-0055.wav,14.9580625,16000,1,2,239329,0.999969482421875,0.17145705223083496,5.832186366272077,0.37071980411901606,1.2535045899159733e-05,0.07768418237732318,../raw_data/wavs/voice-0055.wav,..\notebooks\finetune-wav2vec2\train_set\wavs\voice-0055.wav
..\notebooks\finetune-wav2vec2\train_set\wavs\voice-0056.wav,6.75525,16000,1,2,108084,0.982818603515625,0.15697088837623596,6.261152075281338,0.44440435217053403,9.252063210095851e-06,0.08306579203019901,../raw_data/wavs/voice-0056.wav,..\notebooks\finetune-wav2vec2\train_set\wavs\voice-0056.wav
..\notebooks\finetune-wav2vec2\train_set\wavs\voice-0057.wav,7.112875,16000,1,2,113806,0.93621826171875,0.1531020700931549,6.114994141810808,0.3749714426304413,0.0,0.07459250472299109,../raw_data/wavs/voice-0057.wav,..\notebooks\finetune-wav2vec2\train_set\wavs\voice-0057.wav
..\notebooks\finetune-wav2vec2\train_set\wavs\voice-0058.wav,14.2915625,16000,1,2,228665,0.966552734375,0.15064191818237305,6.4162269442483675,0.41631207224542455,0.0,0.07758982612042123,../raw_data/wavs/voice-0058.wav,..\notebooks\finetune-wav2vec2\train_set\wavs\voice-0058.wav
..\notebooks\finetune-wav2vec2\train_set\wavs\voice-0059.wav,15.62125,16000,1,2,249940,0.96954345703125,0.16315053403377533,5.942631219524759,0.3916099863967352,0.0,0.08123982251669408,../raw_data/wavs/voice-0059.wav,..\notebooks\finetune-wav2vec2\train_set\wavs\voice-0059.wav
..\notebooks\finetune-wav2vec2\train_set\wavs\voice-0060.wav,12.474125,16000,1,2,199586,0.985198974609375,0.18447814881801605,5.3404643364090445,0.3533965308187949,5.010371468940707e-06,0.07786657313926397,../raw_data/wavs/voice-0060.wav,..\notebooks\finetune-wav2vec2\train_set\wavs\voice-0060.wav
..\notebooks\finetune-wav2vec2\train_set\wavs\voice-0061.wav,15.630875,16000,1,2,250094,0.2867431640625,0.014918675646185875,19.220416802600642,0.8589450366662135,0.0,0.185718912564526,../raw_data/wavs/voice-0061.wav,..\notebooks\finetune-wav2vec2\train_set\wavs\voice-0061.wav
..\notebooks\finetune-wav2vec2\train_set\wavs\voice-0062.wav,24.2095625,16000,1,2,387353,0.97100830078125,0.1677837073802948,5.787262159968752,0.3707316065707507,0.0,0.09050424420165637,../raw_data/wavs/voice-0062.wav,..\notebooks\finetune-wav2vec2\train_set\wavs\voice-0062.wav
..\notebooks\finetune-wav2vec2\train_set\wavs\voice-0063.wav,9.23075,16000,1,2,147692,0.977630615234375,0.15430337190628052,6.335769615120012,0.34974135362782005,0.0,0.07296314602785546,../raw_data/wavs/voice-0063.wav,..\notebooks\finetune-wav2vec2\train_set\wavs\voice-0063.wav
..\notebooks\finetune-wav2vec2\train_set\wavs\voice-0064.wav,16.43275,16000,1,2,262924,1.0,0.15694564580917358,6.371632642907952,0.3516757694238639,3.8033804445391065e-06,0.0848841676080069,../raw_data/wavs/voice-0064.wav,..\notebooks\finetune-wav2vec2\train_set\wavs\voice-0064.wav
..\notebooks\finetune-wav2vec2\train_set\wavs\voice-0065.wav,7.3885625,16000,1,2,118217,0.999969482421875,0.171310156583786,5.8371873703401835,0.4030300210629605,2.5377060828814805e-05,0.07310347161128782,../raw_data/wavs/voice-0065.wav,..\notebooks\finetune-wav2vec2\train_set\wavs\voice-0065.wav
..\notebooks\finetune-wav2vec2\train_set\wavs\voice-0066.wav,7.224375,16000,1,2,115590,0.46221923828125,0.016787953674793243,27.532792098137747,0.8707414136170949,0.0,0.24292969054148753,../raw_data/wavs/voice-0066.wav,..\notebooks\finetune-wav2vec2\train_set\wavs\voice-0066.wav
..\notebooks\finetune-wav2vec2\train_set\wavs\voice-0067.wav,10.937625,16000,1,2,175002,0.990997314453125,0.17636552453041077,5.618996780077883,0.3384532748197163,5.714220408909612e-06,0.08634807801098279,../raw_data/wavs/voice-0067.wav,..\notebooks\finetune-wav2vec2\train_set\wavs\voice-0067.wav
..\notebooks\finetune-wav2vec2\train_set\wavs\voice-0068.wav,15.9120625,16000,1,2,254593,0.9501953125,0.16490590572357178,5.762045381763294,0.3827520788081369,0.0,0.08274022750125691,../raw_data/wavs/voice-0068.wav,..\notebooks\finetune-wav2vec2\train_set\wavs\voice-0068.wav
..\notebooks\finetune-wav2vec2\train_set\wavs\voice-0069.wav,12.60975,16000,1,2,201756,0.230987548828125,0.0160520002245903,14.389954248460057,0.8530799579690319,0.0,0.20731580382146664,../raw_data/wavs/voice-0069.wav,..\notebooks\finetune-wav2vec2\train_set\wavs\voice-0069.wav
..\notebooks\finetune-wav2vec2\train_set\wavs\voice-0070.wav,6.3546875,16000,1,2,101675,0.976959228515625,0.18764233589172363,5.206496838108888,0.3085615933120236,0.0,0.08484961740464622,../raw_data/wavs/voice-0070.wav,..\notebooks\finetune-wav2vec2\train_set\wavs\voice-0070.wav
..\notebooks\finetune-wav2vec2\train_set\wavs\voice-0071.wav,6.22675,16000,1,2,99628,0.974822998046875,0.1534937471151352,6.350897130133016,0.44167302364797045,0.0,0.08093187589709618,../raw_data/wavs/voice-0071.wav,..\notebooks\finetune-wav2vec2\train_set\wavs\voice-0071.wav
..\notebooks\finetune-wav2vec2\train_set\wavs\voice-0072.wav,13.26525,16000,1,2,212244,0.9879150390625,0.16207650303840637,6.095362501919228,0.455423946024387,4.711558395054749e-06,0.09232342173829054,../raw_data/wavs/voice-0072.wav,..\notebooks\finetune-wav2vec2\train_set\wavs\voice-0072.wav
..\notebooks\finetune-wav2vec2\train_set\wavs\voice-0073.wav,13.034625,16000,1,2,208554,1.0,0.17396807670593262,5.748181039503889,0.4094287330859154,4.794921219444365e-06,0.0925088586594295,../raw_data/wavs/voice-0073.wav,..\notebooks\finetune-wav2vec2\train_set\wavs\voice-0073.wav
..\notebooks\finetune-wav2vec2\train_set\wavs\voice-0074.wav,9.1039375,16000,1,2,145663,0.94525146484375,0.1627577245235443,5.807721062769043,0.33828769145218757,0.0,0.09156815092474359,../raw_data/wavs/voice-0074.wav,..\notebooks\finetune-wav2vec2\train_set\wavs\voice-0074.wav
..\notebooks\finetune-wav2vec2\train_set\wavs\voice-0075.wav,15.0760625,16000,1,2,241217,0.999969482421875,0.1619243174791336,6.175536188693438,0.3860009866634607,4.145644792862858e-05,0.09085218227646591,../raw_data/wavs/voice-0075.wav,..\notebooks\finetune-wav2vec2\train_set\wavs\voice-0075.wav
..\notebooks\finetune-wav2vec2\train_set\wavs\voice-0076.wav,12.33725,16000,1,2,197396,0.986114501953125,0.15760059654712677,6.257048028737953,0.4308648604834951,5.065958783359339e-06,0.07259049114719218,../raw_data/wavs/voice-0076.wav,..\notebooks\finetune-wav2vec2\train_set\wavs\voice-0076.wav
..\notebooks\finetune-wav2vec2\train_set\wavs\voice-0077.wav,8.153,16000,1,2,130448,0.978179931640625,0.1777438372373581,5.503312783409583,0.37141236354716056,0.0,0.08246260933559223,../raw_data/wavs/voice-0077.wav,..\notebooks\finetune-wav2vec2\train_set\wavs\voice-0077.wav
..\notebooks\finetune-wav2vec2\train_set\wavs\voice-0078.wav,15.7480625,16000,1,2,251969,0.999969482421875,0.1705172210931778,5.864331332701285,0.3527775242192492,3.174993749231056e-05,0.07484680594361189,../raw_data/wavs/voice-0078.wav,..\notebooks\finetune-wav2vec2\train_set\wavs\voice-0078.wav
..\notebooks\finetune-wav2vec2\train_set\wavs\voice-0079.wav,15.5651875,16000,1,2,249043,0.164031982421875,0.015458634123206139,10.611026893743093,0.8459141594021916,0.0,0.1753840717629958,../raw_data/wavs/voice-0079.wav,..\notebooks\finetune-wav2vec2\train_set\wavs\voice-0079.wav
..\notebooks\finetune-wav2vec2\train_set\wavs\voice-0080.wav,8.038875,16000,1,2,128622,0.999969482421875,0.18236364424228668,5.483381770400051,0.32632831086439335,1.554943944270809e-05,0.08148747094175912,../raw_data/wavs/voice-0080.wav,..\notebooks\finetune-wav2vec2\train_set\wavs\voice-0080.wav
..\notebooks\finetune-wav2vec2\train_set\wavs\voice-0081.wav,9.0405625,16000,1,2,144649,1.0,0.1784987449645996,5.602280286050879,0.36007162164964845,5.5306293164833496e-05,0.07270062496543332,../raw_data/wavs/voice-0081.wav,..\notebooks\finetune-wav2vec2\train_set\wavs\voice-0081.wav
..\notebooks\finetune-wav2vec2\train_set\wavs\voice-0082.wav,19.3236875,16000,1,2,309179,1.0,0.17243096232414246,5.799422484925653,0.35847842188505685,1.6171861607677107e-05,0.08601517572401658,../raw_data/wavs/voice-0082.wav,..\notebooks\finetune-wav2vec2\train_set\wavs\voice-0082.wav
..\notebooks\finetune-wav2vec2\train_set\wavs\voice-0083.wav,5.4141875,16000,1,2,86627,0.983612060546875,0.19394946098327637,5.071486435487896,0.33327946252323176,1.1543745021759959e-05,0.08070325306489969,../raw_data/wavs/voice-0083.wav,..\notebooks\finetune-wav2vec2\train_set\wavs\voice-0083.wav
..\notebooks\finetune-wav2vec2\train_set\wavs\voice-0084.wav,12.7936875,16000,1,2,204699,0.983062744140625,0.16077683866024017,6.1144549944664055,0.3805392307729886,4.885221715787571e-06,0.08532081407732367,../raw_data/wavs/voice-0084.wav,..\notebooks\finetune-wav2vec2\train_set\wavs\voice-0084.wav
..\notebooks\finetune-wav2vec2\train_set\wavs\voice-0085.wav,7.8181875,16000,1,2,125091,0.978790283203125,0.15411376953125,6.351089108910891,0.3693551094802983,0.0,0.07238788072587737,../raw_data/wavs/voice-0085.wav,..\notebooks\finetune-wav2vec2\train_set\wavs\voice-0085.wav
..\notebooks\finetune-wav2vec2\train_set\wavs\voice-0086.wav,11.6555625,16000,1,2,186489,0.9830322265625,0.1762637495994568,5.577052733737655,0.3492752923764941,5.362246566821635e-06,0.07234245635107889,../raw_data/wavs/voice-0086.wav,..\notebooks\finetune-wav2vec2\train_set\wavs\voice-0086.wav
..\notebooks\finetune-wav2vec2\train_set\wavs\voice-0087.wav,10.1493125,16000,1,2,162389,0.95147705078125,0.17124462127685547,5.556244883411393,0.3284766825339155,0.0,0.08181639037367293,../raw_data/wavs/voice-0087.wav,..\notebooks\finetune-wav2vec2\train_set\wavs\voice-0087.wav
..\notebooks\finetune-wav2vec2\train_set\wavs\voice-0088.wav,6.7064375,16000,1,2,107303,0.93475341796875,0.13685822486877441,6.8300857976568965,0.35658835260896715,0.0,0.08526402117388306,../raw_data/wavs/voice-0088.wav,..\notebooks\finetune-wav2vec2\train_set\wavs\voice-0088.wav
..\notebooks\finetune-wav2vec2\train_set\wavs\voice-0089.wav,13.5921875,16000,1,2,217475,0.999969482421875,0.16969744861125946,5.892660677018139,0.3828899873548684,1.8392918726290377e-05,0.10069249657430314,../raw_data/wavs/voice-0089.wav,..\notebooks\finetune-wav2vec2\train_set\wavs\voice-0089.wav
..\notebooks\finetune-wav2vec2\train_set\wavs\voice-0090.wav,14.3811875,16000,1,2,230099,0.967803955078125,0.16069422662258148,6.022642974916467,0.35237006679733507,0.0,0.07635007692374554,../raw_data/wavs/voice-0090.wav,..\notebooks\finetune-wav2vec2\train_set\wavs\voice-0090.wav
..\notebooks\finetune-wav2vec2\train_set\wavs\voice-0091.wav,8.3203125,16000,1,2,133125,0.999969482421875,0.16394226253032684,6.0995222768558275,0.35735586854460094,2.2535211267605634e-05,0.07401370151137286,../raw_data/wavs/voice-0091.wav,..\notebooks\finetune-wav2vec2\train_set\wavs\voice-0091.wav
..\notebooks\finetune-wav2vec2\train_set\wavs\voice-0092.wav,17.5355,16000,1,2,280568,0.206878662109375,0.01600593328475952,12.925123354497552,0.8569865415870662,0.0,0.22849444161287677,../raw_data/wavs/voice-0092.wav,..\notebooks\finetune-wav2vec2\train_set\wavs\voice-0092.wav
..\notebooks\finetune-wav2vec2\train_set\wavs\voice-0093.wav,12.2226875,16000,1,2,195563,0.9664306640625,0.1447342485189438,6.6772769676280666,0.43216763907283073,0.0,0.0641944754093331,../raw_data/wavs/voice-0093.wav,..\notebooks\finetune-wav2vec2\train_set\wavs\voice-0093.wav
..\notebooks\finetune-wav2vec2\train_set\wavs\voice-0094.wav,15.4653125,16000,1,2,247445,0.967010498046875,0.16089314222335815,6.010265476103594,0.37017114914425425,0.0,0.07713260374064435,../raw_data/wavs/voice-0094.wav,..\notebooks\finetune-wav2vec2\train_set\wavs\voice-0094.wav
..\notebooks\finetune-wav2vec2\train_set\wavs\voice-0095.wav,12.4786875,16000,1,2,199659,0.936248779296875,0.14609740674495697,6.40838739137437,0.4786661257443942,0.0,0.06511634895671599,../raw_data/wavs/voice-0095.wav,..\notebooks\finetune-wav2vec2\train_set\wavs\voice-0095.wav
..\notebooks\finetune-wav2vec2\train_set\wavs\voice-0096.wav,8.0413125,16000,1,2,128661,0.915496826171875,0.14029429852962494,6.525545483792815,0.374052743255532,0.0,0.05963003264417845,../raw_data/wavs/voice-0096.wav,..\notebooks\finetune-wav2vec2\train_set\wavs\voice-0096.wav
..\notebooks\finetune-wav2vec2\train_set\wavs\voice-0097.wav,13.7586875,16000,1,2,220139,0.932586669921875,0.1485390067100525,6.278395759992392,0.35640209140588447,0.0,0.06902942699579355,../raw_data/wavs/voice-0097.wav,..\notebooks\finetune-wav2vec2\train_set\wavs\voice-0097.wav
..\notebooks\finetune-wav2vec2\train_set\wavs\voice-0098.wav,6.164,16000,1,2,98624,0.890350341796875,0.13675643503665924,6.510482242083933,0.42704615509409477,0.0,0.05817101487482636,../raw_data/wavs/voice-0098.wav,..\notebooks\finetune-wav2vec2\train_set\wavs\voice-0098.wav
..\notebooks\finetune-wav2vec2\train_set\wavs\voice-0099.wav,13.1613125,16000,1,2,210581,0.999969482421875,0.15388596057891846,6.4981202876467306,0.3459571376334997,4.7487665078995735e-06,0.07000664830468231,../raw_data/wavs/voice-0099.wav,..\notebooks\finetune-wav2vec2\train_set\wavs\voice-0099.wav
..\notebooks\finetune-wav2vec2\train_set\wavs\voice-0100.wav,13.4173125,16000,1,2,214677,0.999969482421875,0.1537480503320694,6.503949027399779,0.3755968268608188,4.65816086492731e-06,0.0723788406715236,../raw_data/wavs/voice-0100.wav,..\notebooks\finetune-wav2vec2\train_set\wavs\voice-0100.wav
..\notebooks\finetune-wav2vec2\train_set\wavs\voice-0101.wav,6.3346875,16000,1,2,101355,0.924102783203125,0.13060009479522705,7.075820156578459,0.3958265502441912,0.0,0.06918325867750656,../raw_data/wavs/voice-0101.wav,..\notebooks\finetune-wav2vec2\train_set\wavs\voice-0101.wav
..\notebooks\finetune-wav2vec2\train_set\wavs\voice-0102.wav,12.052,16000,1,2,192832,0.940338134765625,0.1500069946050644,6.268628587895716,0.44992013773647527,0.0,0.08745481794939611,../raw_data/wavs/voice-0102.wav,..\notebooks\finetune-wav2vec2\train_set\wavs\voice-0102.wav
..\notebooks\finetune-wav2vec2\train_set\wavs\voice-0103.wav,8.724,16000,1,2,139584,0.94952392578125,0.1460733413696289,6.50032317244351,0.3421595598349381,0.0,0.06603956069148822,../raw_data/wavs/voice-0103.wav,..\notebooks\finetune-wav2vec2\train_set\wavs\voice-0103.wav
..\notebooks\finetune-wav2vec2\train_set\wavs\voice-0104.wav,10.004,16000,1,2,160064,0.932403564453125,0.12869200110435486,7.245233242562215,0.37098285685725707,0.0,0.06588030962808394,../raw_data/wavs/voice-0104.wav,..\notebooks\finetune-wav2vec2\train_set\wavs\voice-0104.wav
..\notebooks\finetune-wav2vec2\train_set\wavs\voice-0105.wav,11.54,16000,1,2,184640,0.951690673828125,0.1447429656982422,6.575039203025551,0.41045818890814556,0.0,0.08514994123668347,../raw_data/wavs/voice-0105.wav,..\notebooks\finetune-wav2vec2\train_set\wavs\voice-0105.wav
..\notebooks\finetune-wav2vec2\train_set\wavs\voice-0106.wav,14.1,16000,1,2,225600,1.0,0.14011618494987488,7.1369342546525925,0.5011391843971631,3.102836879432624e-05,0.060877929423446026,../raw_data/wavs/voice-0106.wav,..\notebooks\finetune-wav2vec2\train_set\wavs\voice-0106.wav
..\notebooks\finetune-wav2vec2\train_set\wavs\voice-0107.wav,10.1746875,16000,1,2,162795,0.937408447265625,0.12534697353839874,7.478508820785048,0.4648914278694063,0.0,0.060911335798616656,../raw_data/wavs/voice-0107.wav,..\notebooks\finetune-wav2vec2\train_set\wavs\voice-0107.wav
..\notebooks\finetune-wav2vec2\train_set\wavs\voice-0108.wav,10.3453125,16000,1,2,165525,0.943878173828125,0.1571270227432251,6.007102771689363,0.38752454312037454,0.0,0.0660085546506851,../raw_data/wavs/voice-0108.wav,..\notebooks\finetune-wav2vec2\train_set\wavs\voice-0108.wav
..\notebooks\finetune-wav2vec2\train_set\wavs\voice-0109.wav,20.244,16000,1,2,323904,0.979095458984375,0.1650666445493698,5.931516095558223,0.3609279292629915,0.0,0.08273464586620069,../raw_data/wavs/voice-0109.wav,..\notebooks\finetune-wav2vec2\train_set\wavs\voice-0109.wav
..\notebooks\finetune-wav2vec2\train_set\wavs\voice-0110.wav,16.66,16000,1,2,266560,0.968475341796875,0.15918077528476715,6.084122533417222,0.35597238895558225,0.0,0.072464257443943,../raw_data/wavs/voice-0110.wav,..\notebooks\finetune-wav2vec2\train_set\wavs\voice-0110.wav
..\notebooks\finetune-wav2vec2\train_set\wavs\voice-0111.wav,16.4893125,16000,1,2,263829,1.0,0.15940611064434052,6.273285233281636,0.38826664240852976,3.7903338905124154e-06,0.07765665509346999,../raw_data/wavs/voice-0111.wav,..\notebooks\finetune-wav2vec2\train_set\wavs\voice-0111.wav
..\notebooks\finetune-wav2vec2\train_set\wavs\voice-0112.wav,11.284,16000,1,2,180544,0.951019287109375,0.1373240202665329,6.925367355714876,0.3933556362991847,0.0,0.06981162382368743,../raw_data/wavs/voice-0112.wav,..\notebooks\finetune-wav2vec2\train_set\wavs\voice-0112.wav
..\notebooks\finetune-wav2vec2\train_set\wavs\voice-0113.wav,13.588,16000,1,2,217408,0.97137451171875,0.1561056226491928,6.222546601679198,0.3606261039152193,0.0,0.06108358976481898,../raw_data/wavs/voice-0113.wav,..\notebooks\finetune-wav2vec2\train_set\wavs\voice-0113.wav
..\notebooks\finetune-wav2vec2\train_set\wavs\voice-0114.wav,5.4813125,16000,1,2,87701,0.9169921875,0.13055458664894104,7.023822073488507,0.48261707392162007,0.0,0.05721778791334094,../raw_data/wavs/voice-0114.wav,..\notebooks\finetune-wav2vec2\train_set\wavs\voice-0114.wav
..\notebooks\finetune-wav2vec2\train_set\wavs\voice-0115.wav,20.1586875,16000,1,2,322539,0.995361328125,0.16487818956375122,6.036949646030272,0.3524690037483839,3.100400261673782e-06,0.08296696823320043,../raw_data/wavs/voice-0115.wav,..\notebooks\finetune-wav2vec2\train_set\wavs\voice-0115.wav
..\notebooks\finetune-wav2vec2\train_set\wavs\voice-0116.wav,14.1853125,16000,1,2,226965,0.96038818359375,0.1537410169839859,6.246792186198344,0.4157381094001278,0.0,0.06742038384942105,../raw_data/wavs/voice-0116.wav,..\notebooks\finetune-wav2vec2\train_set\wavs\voice-0116.wav
..\notebooks\finetune-wav2vec2\train_set\wavs\voice-0117.wav,17.7693125,16000,1,2,284309,0.999969482421875,0.14997555315494537,6.667549886538968,0.4347945369298897,3.869029823185337e-05,0.08465115297494266,../raw_data/wavs/voice-0117.wav,..\notebooks\finetune-wav2vec2\train_set\wavs\voice-0117.wav
..\notebooks\finetune-wav2vec2\train_set\wavs\voice-0118.wav,7.6146875,16000,1,2,121835,0.956024169921875,0.1504652500152588,6.3537871357334925,0.3799236672548939,0.0,0.0672144064875158,../raw_data/wavs/voice-0118.wav,..\notebooks\finetune-wav2vec2\train_set\wavs\voice-0118.wav
..\notebooks\finetune-wav2vec2\train_set\wavs\voice-0119.wav,11.6253125,16000,1,2,186005,0.945465087890625,0.1313384771347046,7.198690806510024,0.4123760113975431,0.0,0.07670802778434872,../raw_data/wavs/voice-0119.wav,..\notebooks\finetune-wav2vec2\train_set\wavs\voice-0119.wav
..\notebooks\finetune-wav2vec2\train_set\wavs\voice-0120.wav,19.0493125,16000,1,2,304789,0.96331787109375,0.158596470952034,6.074018326581153,0.40284590323141584,0.0,0.06855256768639185,../raw_data/wavs/voice-0120.wav,..\notebooks\finetune-wav2vec2\train_set\wavs\voice-0120.wav
..\notebooks\finetune-wav2vec2\train_set\wavs\voice-0121.wav,11.84,16000,1,2,189440,0.465576171875,0.10595668107271194,4.39402373839458,0.3991078969594595,0.0,0.11947909353406637,../raw_data/wavs/voice-0121.wav,..\notebooks\finetune-wav2vec2\train_set\wavs\voice-0121.wav
..\notebooks\finetune-wav2vec2\train_set\wavs\voice-0122.wav,27.11,16000,1,2,433760,0.635040283203125,0.10409727692604065,6.10045048204585,0.4524668019181114,0.0,0.14253767645167018,../raw_data/wavs/voice-0122.wav,..\notebooks\finetune-wav2vec2\train_set\wavs\voice-0122.wav
..\notebooks\finetune-wav2vec2\train_set\wavs\voice-0123.wav,11.68,16000,1,2,186880,0.63873291015625,0.10249697417020798,6.231724549210211,0.37814105308219176,0.0,0.12507558366643656,../raw_data/wavs/voice-0123.wav,..\notebooks\finetune-wav2vec2\train_set\wavs\voice-0123.wav
..\notebooks\finetune-wav2vec2\train_set\wavs\voice-0124.wav,8.4,16000,1,2,134400,0.615875244140625,0.10191207379102707,6.043201960579181,0.4239360119047619,0.0,0.1349935639402079,../raw_data/wavs/voice-0124.wav,..\notebooks\finetune-wav2vec2\train_set\wavs\voice-0124.wav
..\notebooks\finetune-wav2vec2\train_set\wavs\voice-0125.wav,9.68,16000,1,2,154880,0.531768798828125,0.10471615940332413,5.078192342596977,0.4065599173553719,0.0,0.12257956210977602,../raw_data/wavs/voice-0125.wav,..\notebooks\finetune-wav2vec2\train_set\wavs\voice-0125.wav
..\notebooks\finetune-wav2vec2\train_set\wavs\voice-0126.wav,10.16,16000,1,2,162560,0.529876708984375,0.10099327564239502,5.246653359978187,0.38063484251968505,0.0,0.13096783321747796,../raw_data/wavs/voice-0126.wav,..\notebooks\finetune-wav2vec2\train_set\wavs\voice-0126.wav
..\notebooks\finetune-wav2vec2\train_set\wavs\voice-0127.wav,12.4,16000,1,2,198400,0.734527587890625,0.1044880598783493,7.029775351803853,0.4843195564516129,0.0,0.1608475849172627,../raw_data/wavs/voice-0127.wav,..\notebooks\finetune-wav2vec2\train_set\wavs\voice-0127.wav
..\notebooks\finetune-wav2vec2\train_set\wavs\voice-0128.wav,5.76,16000,1,2,92160,0.514556884765625,0.1038493886590004,4.954837880223087,0.42072482638888886,0.0,0.13370370772252302,../raw_data/wavs/voice-0128.wav,..\notebooks\finetune-wav2vec2\train_set\wavs\voice-0128.wav
..\notebooks\finetune-wav2vec2\train_set\wavs\voice-0129.wav,10.48,16000,1,2,167680,0.65594482421875,0.10953795909881592,5.988287801007976,0.3967915076335878,0.0,0.12670042163896492,../raw_data/wavs/voice-0129.wav,..\notebooks\finetune-wav2vec2\train_set\wavs\voice-0129.wav
..\notebooks\finetune-wav2vec2\train_set\wavs\voice-0130.wav,7.76,16000,1,2,124160,0.641143798828125,0.10178832709789276,6.298794931677368,0.4179043170103093,0.0,0.13336125452041334,../raw_data/wavs/voice-0130.wav,..\notebooks\finetune-wav2vec2\train_set\wavs\voice-0130.wav
..\notebooks\finetune-wav2vec2\train_set\wavs\voice-0131.wav,15.12,16000,1,2,241920,0.621124267578125,0.10760354995727539,5.77233992581793,0.3915798611111111,0.0,0.11903157668475813,../raw_data/wavs/voice-0131.wav,..\notebooks\finetune-wav2vec2\train_set\wavs\voice-0131.wav
..\notebooks\finetune-wav2vec2\train_set\wavs\voice-0132.wav,8.96,16000,1,2,143360,0.64410400390625,0.10474003851413727,6.149549045843745,0.4054547991071429,0.0,0.1239266456936781,../raw_data/wavs/voice-0132.wav,..\notebooks\finetune-wav2vec2\train_set\wavs\voice-0132.wav
..\notebooks\finetune-wav2vec2\train_set\wavs\voice-0133.wav,6.4,16000,1,2,102400,0.527374267578125,0.10997157543897629,4.795550718201426,0.40666015625,0.0,0.12847781716618326,../raw_data/wavs/voice-0133.wav,..\notebooks\finetune-wav2vec2\train_set\wavs\voice-0133.wav
..\notebooks\finetune-wav2vec2\train_set\wavs\voice-0134.wav,10.72,16000,1,2,171520,0.6192626953125,0.10619675368070602,5.831277076269126,0.39661263992537316,0.0,0.12988648487922622,../raw_data/wavs/voice-0134.wav,..\notebooks\finetune-wav2vec2\train_set\wavs\voice-0134.wav
..\notebooks\finetune-wav2vec2\train_set\wavs\voice-0135.wav,9.28,16000,1,2,148480,0.58917236328125,0.1024729460477829,5.749540595880988,0.3970568426724138,0.0,0.10982697889937297,../raw_data/wavs/voice-0135.wav,..\notebooks\finetune-wav2vec2\train_set\wavs\voice-0135.wav
..\notebooks\finetune-wav2vec2\train_set\wavs\voice-0136.wav,6.72,16000,1,2,107520,0.513427734375,0.10190479457378387,5.0383079277320375,0.36108630952380955,0.0,0.10704154614533246,../raw_data/wavs/voice-0136.wav,..\notebooks\finetune-wav2vec2\train_set\wavs\voice-0136.wav
..\notebooks\finetune-wav2vec2\train_set\wavs\voice-0137.wav,6.24,16000,1,2,99840,0.511566162109375,0.10434792190790176,4.9025045516564,0.4191105769230769,0.0,0.12753533188433377,../raw_data/wavs/voice-0137.wav,..\notebooks\finetune-wav2vec2\train_set\wavs\voice-0137.wav
..\notebooks\finetune-wav2vec2\train_set\wavs\voice-0138.wav,4.56,16000,1,2,72960,0.558380126953125,0.1059100478887558,5.272211070470178,0.403125,0.0,0.12767444729231486,../raw_data/wavs/voice-0138.wav,..\notebooks\finetune-wav2vec2\train_set\wavs\voice-0138.wav
..\notebooks\finetune-wav2vec2\train_set\wavs\voice-0139.wav,9.84,16000,1,2,157440,0.655609130859375,0.10085460543632507,6.500537362900063,0.4521023882113821,0.0,0.1442717496935321,../raw_data/wavs/voice-0139.wav,..\notebooks\finetune-wav2vec2\train_set\wavs\voice-0139.wav
..\notebooks\finetune-wav2vec2\train_set\wavs\voice-0140.wav,8.88,16000,1,2,142080,0.663970947265625,0.10715389251708984,6.196423962477416,0.40392736486486486,0.0,0.12019369505697534,../raw_data/wavs/voice-0140.wav,..\notebooks\finetune-wav2vec2\train_set\wavs\voice-0140.wav
..\notebooks\finetune-wav2vec2\train_set\wavs\voice-0141.wav,7.84,16000,1,2,125440,0.50927734375,0.10450072586536407,4.873433553046696,0.42264030612244896,0.0,0.1306292301437352,../raw_data/wavs/voice-0141.wav,..\notebooks\finetune-wav2vec2\train_set\wavs\voice-0141.wav
..\notebooks\finetune-wav2vec2\train_set\wavs\voice-0142.wav,11.36,16000,1,2,181760,0.63092041015625,0.10128401964902878,6.229219696676009,0.4491692341549296,0.0,0.151244229996864,../raw_data/wavs/voice-0142.wav,..\notebooks\finetune-wav2vec2\train_set\wavs\voice-0142.wav
..\notebooks\finetune-wav2vec2\train_set\wavs\voice-0143.wav,7.52,16000,1,2,120320,0.567779541015625,0.10575945675373077,5.368593584380302,0.40118849734042555,0.0,0.12628096975540024,../raw_data/wavs/voice-0143.wav,..\notebooks\finetune-wav2vec2\train_set\wavs\voice-0143.wav
..\notebooks\finetune-wav2vec2\train_set\wavs\voice-0144.wav,8.32,16000,1,2,133120,0.682098388671875,0.1017962321639061,6.700625103428206,0.4443885216346154,0.0,0.12789308813918374,../raw_data/wavs/voice-0144.wav,..\notebooks\finetune-wav2vec2\train_set\wavs\voice-0144.wav
..\notebooks\finetune-wav2vec2\train_set\wavs\voice-0145.wav,12.88,16000,1,2,206080,0.560302734375,0.1056392565369606,5.30392538477364,0.4039353649068323,0.0,0.14176602176835099,../raw_data/wavs/voice-0145.wav,..\notebooks\finetune-wav2vec2\train_set\wavs\voice-0145.wav
..\notebooks\finetune-wav2vec2\train_set\wavs\voice-0146.wav,12.56,16000,1,2,200960,0.5428466796875,0.10188746452331543,5.327904489794008,0.4061654060509554,0.0,0.12614015794266492,../raw_data/wavs/voice-0146.wav,..\notebooks\finetune-wav2vec2\train_set\wavs\voice-0146.wav
..\notebooks\finetune-wav2vec2\train_set\wavs\voice-0147.wav,10.16,16000,1,2,162560,0.523529052734375,0.10340389609336853,5.062952872313965,0.4020238681102362,0.0,0.13758081681112705,../raw_data/wavs/voice-0147.wav,..\notebooks\finetune-wav2vec2\train_set\wavs\voice-0147.wav
..\notebooks\finetune-wav2vec2\train_set\wavs\voice-0148.wav,9.12,16000,1,2,145920,0.5653076171875,0.09872375428676605,5.726155992259298,0.41498766447368424,0.0,0.13867967845174378,../raw_data/wavs/voice-0148.wav,..\notebooks\finetune-wav2vec2\train_set\wavs\voice-0148.wav
..\notebooks\finetune-wav2vec2\train_set\wavs\voice-0149.wav,9.6,16000,1,2,153600,0.554046630859375,0.09980105608701706,5.5515107012124085,0.4526953125,0.0,0.13393967408641982,../raw_data/wavs/voice-0149.wav,..\notebooks\finetune-wav2vec2\train_set\wavs\voice-0149.wav
..\notebooks\finetune-wav2vec2\train_set\wavs\voice-0150.wav,6.16,16000,1,2,98560,0.574951171875,0.09964178502559662,5.770181372476445,0.4199472402597403,0.0,0.13434592477602247,../raw_data/wavs/voice-0150.wav,..\notebooks\finetune-wav2vec2\train_set\wavs\voice-0150.wav
..\notebooks\finetune-wav2vec2\train_set\wavs\voice-0151.wav,10.0,16000,1,2,160000,0.65771484375,0.10530499368906021,6.245808681135013,0.40994375,0.0,0.1279945499659373,../raw_data/wavs/voice-0151.wav,..\notebooks\finetune-wav2vec2\train_set\wavs\voice-0151.wav
..\notebooks\finetune-wav2vec2\train_set\wavs\voice-0152.wav,5.44,16000,1,2,87040,0.6322021484375,0.10323775559663773,6.123749444026946,0.42818244485294116,0.0,0.13888027206194925,../raw_data/wavs/voice-0152.wav,..\notebooks\finetune-wav2vec2\train_set\wavs\voice-0152.wav
..\notebooks\finetune-wav2vec2\train_set\wavs\voice-0153.wav,10.32,16000,1,2,165120,0.628814697265625,0.10041331499814987,6.262264095924041,0.44446463178294576,0.0,0.14758446938268763,../raw_data/wavs/voice-0153.wav,..\notebooks\finetune-wav2vec2\train_set\wavs\voice-0153.wav
..\notebooks\finetune-wav2vec2\train_set\wavs\voice-0154.wav,9.2,16000,1,2,147200,0.534576416015625,0.10924772173166275,4.893250015123119,0.3756182065217391,0.0,0.11496681363324479,../raw_data/wavs/voice-0154.wav,..\notebooks\finetune-wav2vec2\train_set\wavs\voice-0154.wav
..\notebooks\finetune-wav2vec2\train_set\wavs\voice-0155.wav,10.16,16000,1,2,162560,0.59661865234375,0.10827672481536865,5.510128361945676,0.389185531496063,0.0,0.10492190527746849,../raw_data/wavs/voice-0155.wav,..\notebooks\finetune-wav2vec2\train_set\wavs\voice-0155.wav
..\notebooks\finetune-wav2vec2\train_set\wavs\voice-0156.wav,10.64,16000,1,2,170240,0.565948486328125,0.10580158978700638,5.349149171269162,0.389203477443609,0.0,0.11511463295719547,../raw_data/wavs/voice-0156.wav,..\notebooks\finetune-wav2vec2\train_set\wavs\voice-0156.wav
..\notebooks\finetune-wav2vec2\train_set\wavs\voice-0157.wav,7.44,16000,1,2,119040,0.6903076171875,0.10280046612024307,6.715024194346209,0.38079637096774194,0.0,0.10305866144708876,../raw_data/wavs/voice-0157.wav,..\notebooks\finetune-wav2vec2\train_set\wavs\voice-0157.wav
..\notebooks\finetune-wav2vec2\train_set\wavs\voice-0158.wav,7.84,16000,1,2,125440,0.569793701171875,0.1086316704750061,5.245189535246746,0.39201211734693875,0.0,0.1289471376525642,../raw_data/wavs/voice-0158.wav,..\notebooks\finetune-wav2vec2\train_set\wavs\voice-0158.wav
..\notebooks\finetune-wav2vec2\train_set\wavs\voice-0159.wav,11.68,16000,1,2,186880,0.775421142578125,0.10377533733844757,7.472113919024962,0.4802279537671233,0.0,0.15409971157807995,../raw_data/wavs/voice-0159.wav,..\notebooks\finetune-wav2vec2\train_set\wavs\voice-0159.wav
..\notebooks\finetune-wav2vec2\train_set\wavs\voice-0160.wav,10.24,16000,1,2,163840,0.465728759765625,0.10272558778524399,4.53371715661796,0.36932373046875,0.0,0.11488107227216963,../raw_data/wavs/voice-0160.wav,..\notebooks\finetune-wav2vec2\train_set\wavs\voice-0160.wav
..\notebooks\finetune-wav2vec2\train_set\wavs\voice-0161.wav,9.52,16000,1,2,152320,0.5621337890625,0.10226394981145859,5.496891036370995,0.414640231092437,0.0,0.1335749315581116,../raw_data/wavs/voice-0161.wav,..\notebooks\finetune-wav2vec2\train_set\wavs\voice-0161.wav
..\notebooks\finetune-wav2vec2\train_set\wavs\voice-0162.wav,7.44,16000,1,2,119040,0.511322021484375,0.10306895524263382,4.9609702580246,0.4051075268817204,0.0,0.1287813237678408,../raw_data/wavs/voice-0162.wav,..\notebooks\finetune-wav2vec2\train_set\wavs\voice-0162.wav
..\notebooks\finetune-wav2vec2\train_set\wavs\voice-0163.wav,15.52,16000,1,2,248320,0.5618896484375,0.10661862045526505,5.270089277447153,0.3641591494845361,0.0,0.12671201156576822,../raw_data/wavs/voice-0163.wav,..\notebooks\finetune-wav2vec2\train_set\wavs\voice-0163.wav
..\notebooks\finetune-wav2vec2\train_set\wavs\voice-0164.wav,4.56,16000,1,2,72960,0.54248046875,0.10559467226266861,5.137384842680039,0.4334703947368421,0.0,0.1418330843350375,../raw_data/wavs/voice-0164.wav,..\notebooks\finetune-wav2vec2\train_set\wavs\voice-0164.wav
..\notebooks\finetune-wav2vec2\train_set\wavs\voice-0165.wav,9.28,16000,1,2,148480,0.694549560546875,0.10570941865444183,6.57036590861708,0.4193022629310345,0.0,0.136753345590959,../raw_data/wavs/voice-0165.wav,..\notebooks\finetune-wav2vec2\train_set\wavs\voice-0165.wav
..\notebooks\finetune-wav2vec2\train_set\wavs\voice-0166.wav,15.67,16000,1,2,250720,0.640960693359375,0.10622907429933548,6.0337595671149,0.38986917677089983,0.0,0.11564340955412235,../raw_data/wavs/voice-0166.wav,..\notebooks\finetune-wav2vec2\train_set\wavs\voice-0166.wav
..\notebooks\finetune-wav2vec2\train_set\wavs\voice-0167.wav,9.36,16000,1,2,149760,0.622802734375,0.10079032182693481,6.179191841895326,0.4364983974358974,0.0,0.12397251584211967,../raw_data/wavs/voice-0167.wav,..\notebooks\finetune-wav2vec2\train_set\wavs\voice-0167.wav
..\notebooks\finetune-wav2vec2\train_set\wavs\voice-0168.wav,9.12,16000,1,2,145920,0.562896728515625,0.1028052493929863,5.475369515070965,0.4141790021929825,0.0,0.13020237254915398,../raw_data/wavs/voice-0168.wav,..\notebooks\finetune-wav2vec2\train_set\wavs\voice-0168.wav
..\notebooks\finetune-wav2vec2\train_set\wavs\voice-0169.wav,11.28,16000,1,2,180480,0.548431396484375,0.10742337256669998,5.105326553994102,0.3876496010638298,0.0,0.10290393896242776,../raw_data/wavs/voice-0169.wav,..\notebooks\finetune-wav2vec2\train_set\wavs\voice-0169.wav
..\notebooks\finetune-wav2vec2\train_set\wavs\voice-0170.wav,8.56,16000,1,2,136960,0.598114013671875,0.10356379300355911,5.775319697409306,0.4515478971962617,0.0,0.12570915383435918,../raw_data/wavs/voice-0170.wav,..\notebooks\finetune-wav2vec2\train_set\wavs\voice-0170.wav
..\notebooks\finetune-wav2vec2\train_set\wavs\voice-0171.wav,11.52,16000,1,2,184320,0.53802490234375,0.10180723667144775,5.284741241725906,0.4366265190972222,0.0,0.14122255437583756,../raw_data/wavs/voice-0171.wav,..\notebooks\finetune-wav2vec2\train_set\wavs\voice-0171.wav
..\notebooks\finetune-wav2vec2\train_set\wavs\voice-0172.wav,12.0,16000,1,2,192000,0.537872314453125,0.10337882488965988,5.202925405925405,0.39050520833333335,0.0,0.11837040817920927,../raw_data/wavs/voice-0172.wav,..\notebooks\finetune-wav2vec2\train_set\wavs\voice-0172.wav
..\notebooks\finetune-wav2vec2\train_set\wavs\voice-0173.wav,4.48,16000,1,2,71680,0.493408203125,0.1077008917927742,4.581282428694833,0.3883649553571429,0.0,0.11524993373233444,../raw_data/wavs/voice-0173.wav,..\notebooks\finetune-wav2vec2\train_set\wavs\voice-0173.wav
..\notebooks\finetune-wav2vec2\train_set\wavs\voice-0174.wav,14.72,16000,1,2,235520,0.581390380859375,0.09982050955295563,5.824357974760112,0.4092561141304348,0.0,0.13722035164891155,../raw_data/wavs/voice-0174.wav,..\notebooks\finetune-wav2vec2\train_set\wavs\voice-0174.wav
..\notebooks\finetune-wav2vec2\train_set\wavs\voice-0175.wav,9.92,16000,1,2,158720,0.557647705078125,0.10216714441776276,5.458190186836352,0.40877016129032256,0.0,0.10425972945898096,../raw_data/wavs/voice-0175.wav,..\notebooks\finetune-wav2vec2\train_set\wavs\voice-0175.wav
..\notebooks\finetune-wav2vec2\train_set\wavs\voice-0176.wav,10.48,16000,1,2,167680,0.6119384765625,0.09986060857772827,6.127926569626169,0.4440660782442748,0.0,0.14307098682601876,../raw_data/wavs/voice-0176.wav,..\notebooks\finetune-wav2vec2\train_set\wavs\voice-0176.wav
..\notebooks\finetune-wav2vec2\train_set\wavs\voice-0177.wav,15.04,16000,1,2,240640,0.523406982421875,0.10440519452095032,5.013227405240324,0.44042137632978723,0.0,0.14327685869705242,../raw_data/wavs/voice-0177.wav,..\notebooks\finetune-wav2vec2\train_set\wavs\voice-0177.wav
..\notebooks\finetune-wav2vec2\train_set\wavs\voice-0178.wav,11.2,16000,1,2,179200,0.595916748046875,0.11143045127391815,5.347880594883291,0.37845982142857143,0.0,0.11680868754847962,../raw_data/wavs/voice-0178.wav,..\notebooks\finetune-wav2vec2\train_set\wavs\voice-0178.wav
..\notebooks\finetune-wav2vec2\train_set\wavs\voice-0179.wav,10.0,16000,1,2,160000,0.57733154296875,0.10603067278862,5.444948407709373,0.36923125,0.0,0.1270195438721492,../raw_data/wavs/voice-0179.wav,..\notebooks\finetune-wav2vec2\train_set\wavs\voice-0179.wav
..\notebooks\finetune-wav2vec2\train_set\wavs\voice-0180.wav,22.95,16000,1,2,367200,0.643524169921875,0.10179761797189713,6.321603420028259,0.4362962962962963,0.0,0.13022366618645476,../raw_data/wavs/voice-0180.wav,..\notebooks\finetune-wav2vec2\train_set\wavs\voice-0180.wav
..\notebooks\finetune-wav2vec2\train_set\wavs\voice-0181.wav,11.28,16000,1,2,180480,0.542236328125,0.103452168405056,5.241420614809456,0.4136801861702128,0.0,0.13150006371932468,../raw_data/wavs/voice-0181.wav,..\notebooks\finetune-wav2vec2\train_set\wavs\voice-0181.wav
..\notebooks\finetune-wav2vec2\train_set\wavs\voice-0182.wav,9.04,16000,1,2,144640,0.55615234375,0.10563508421182632,5.264844988761189,0.4356194690265487,0.0,0.13826837851478507,../raw_data/wavs/voice-0182.wav,..\notebooks\finetune-wav2vec2\train_set\wavs\voice-0182.wav
..\notebooks\finetune-wav2vec2\train_set\wavs\voice-0183.wav,6.4,16000,1,2,102400,0.65704345703125,0.10647924244403839,6.170624827431206,0.33955078125,0.0,0.10857527905545952,../raw_data/wavs/voice-0183.wav,..\notebooks\finetune-wav2vec2\train_set\wavs\voice-0183.wav
..\notebooks\finetune-wav2vec2\train_set\wavs\voice-0184.wav,6.64,16000,1,2,106240,0.638580322265625,0.10855821520090103,5.8823767605597554,0.4104856927710843,0.0,0.13291729026063875,../raw_data/wavs/voice-0184.wav,..\notebooks\finetune-wav2vec2\train_set\wavs\voice-0184.wav
..\notebooks\finetune-wav2vec2\train_set\wavs\voice-0185.wav,7.28,16000,1,2,116480,0.58319091796875,0.10775811225175858,5.412037254385296,0.40753777472527475,0.0,0.1292851071867032,../raw_data/wavs/voice-0185.wav,..\notebooks\finetune-wav2vec2\train_set\wavs\voice-0185.wav
..\notebooks\finetune-wav2vec2\train_set\wavs\voice-0186.wav,9.44,16000,1,2,151040,0.520965576171875,0.0988992303609848,5.267640347354948,0.37476165254237287,0.0,0.10594614635954952,../raw_data/wavs/voice-0186.wav,..\notebooks\finetune-wav2vec2\train_set\wavs\voice-0186.wav
..\notebooks\finetune-wav2vec2\train_set\wavs\voice-0187.wav,8.72,16000,1,2,139520,0.548065185546875,0.10138480365276337,5.405792246971885,0.40907396788990824,0.0,0.1279395637870111,../raw_data/wavs/voice-0187.wav,..\notebooks\finetune-wav2vec2\train_set\wavs\voice-0187.wav
..\notebooks\finetune-wav2vec2\train_set\wavs\voice-0188.wav,3.6,16000,1,2,57600,0.559478759765625,0.10589828342199326,5.2831711873568565,0.36015625,0.0,0.12406465390024132,../raw_data/wavs/voice-0188.wav,..\notebooks\finetune-wav2vec2\train_set\wavs\voice-0188.wav
..\notebooks\finetune-wav2vec2\train_set\wavs\voice-0189.wav,15.36,16000,1,2,245760,0.561004638671875,0.10132211446762085,5.5368429845702964,0.3993448893229167,0.0,0.12352752086393581,../raw_data/wavs/voice-0189.wav,..\notebooks\finetune-wav2vec2\train_set\wavs\voice-0189.wav
..\notebooks\finetune-wav2vec2\train_set\wavs\voice-0190.wav,16.64,16000,1,2,266240,0.612762451171875,0.11436627805233002,5.3578944913420745,0.39817833533653846,0.0,0.1322796434782282,../raw_data/wavs/voice-0190.wav,..\notebooks\finetune-wav2vec2\train_set\wavs\voice-0190.wav
..\notebooks\finetune-wav2vec2\train_set\wavs\voice-0191.wav,8.48,16000,1,2,135680,0.710693359375,0.10551523417234421,6.735457348406989,0.4176223466981132,0.0,0.14495242447246812,../raw_data/wavs/voice-0191.wav,..\notebooks\finetune-wav2vec2\train_set\wavs\voice-0191.wav
..\notebooks\finetune-wav2vec2\train_set\wavs\voice-0192.wav,8.4,16000,1,2,134400,0.628875732421875,0.10462327301502228,6.010858906426854,0.3681845238095238,0.0,0.14451744432622265,../raw_data/wavs/voice-0192.wav,..\notebooks\finetune-wav2vec2\train_set\wavs\voice-0192.wav
..\notebooks\finetune-wav2vec2\train_set\wavs\voice-0193.wav,6.56,16000,1,2,104960,0.471038818359375,0.10281220078468323,4.581545913464674,0.3762480945121951,0.0,0.12574433826541792,../raw_data/wavs/voice-0193.wav,..\notebooks\finetune-wav2vec2\train_set\wavs\voice-0193.wav
..\notebooks\finetune-wav2vec2\train_set\wavs\voice-0194.wav,12.56,16000,1,2,200960,0.57196044921875,0.10480115562677383,5.457577693662661,0.38217555732484076,0.0,0.11931289467005708,../raw_data/wavs/voice-0194.wav,..\notebooks\finetune-wav2vec2\train_set\wavs\voice-0194.wav
..\notebooks\finetune-wav2vec2\train_set\wavs\voice-0195.wav,13.6,16000,1,2,217600,0.572662353515625,0.10266900062561035,5.577753265602322,0.40926011029411763,0.0,0.11884245791570733,../raw_data/wavs/voice-0195.wav,..\notebooks\finetune-wav2vec2\train_set\wavs\voice-0195.wav
..\notebooks\finetune-wav2vec2\train_set\wavs\voice-0196.wav,3.2,16000,1,2,51200,0.64495849609375,0.10094718635082245,6.389068575446188,0.44919921875,0.0,0.1110177933162757,../raw_data/wavs/voice-0196.wav,..\notebooks\finetune-wav2vec2\train_set\wavs\voice-0196.wav
..\notebooks\finetune-wav2vec2\train_set\wavs\voice-0197.wav,11.52,16000,1,2,184320,0.571502685546875,0.1098954826593399,5.200420178493148,0.41820203993055555,0.0,0.13898729919324648,../raw_data/wavs/voice-0197.wav,..\notebooks\finetune-wav2vec2\train_set\wavs\voice-0197.wav
..\notebooks\finetune-wav2vec2\train_set\wavs\voice-0198.wav,9.68,16000,1,2,154880,0.588775634765625,0.10319877415895462,5.705258028150101,0.4660640495867769,0.0,0.14346683540053848,../raw_data/wavs/voice-0198.wav,..\notebooks\finetune-wav2vec2\train_set\wavs\voice-0198.wav
..\notebooks\finetune-wav2vec2\train_set\wavs\voice-0199.wav,10.64,16000,1,2,170240,0.592803955078125,0.10494406521320343,5.6487611173989665,0.44708646616541353,0.0,0.15096423263764472,../raw_data/wavs/voice-0199.wav,..\notebooks\finetune-wav2vec2\train_set\wavs\voice-0199.wav
..\notebooks\finetune-wav2vec2\train_set\wavs\voice-0200.wav,6.16,16000,1,2,98560,0.588897705078125,0.099602609872818,5.912472633298315,0.44806209415584414,0.0,0.12322568207875485,../raw_data/wavs/voice-0200.wav,..\notebooks\finetune-wav2vec2\train_set\wavs\voice-0200.wav
..\notebooks\finetune-wav2vec2\train_set\wavs\voice-0201.wav,14.32,16000,1,2,229120,0.534088134765625,0.10087798535823822,5.294397314428609,0.424986906424581,0.0,0.14441403811992895,../raw_data/wavs/voice-0201.wav,..\notebooks\finetune-wav2vec2\train_set\wavs\voice-0201.wav
..\notebooks\finetune-wav2vec2\train_set\wavs\voice-0202.wav,11.76,16000,1,2,188160,0.556396484375,0.106622114777565,5.21839662940239,0.4077912414965986,0.0,0.12108907891729867,../raw_data/wavs/voice-0202.wav,..\notebooks\finetune-wav2vec2\train_set\wavs\voice-0202.wav
..\notebooks\finetune-wav2vec2\train_set\wavs\voice-0203.wav,9.92,16000,1,2,158720,0.494384765625,0.10221690684556961,4.836624203194896,0.42961189516129034,0.0,0.13964301690408837,../raw_data/wavs/voice-0203.wav,..\notebooks\finetune-wav2vec2\train_set\wavs\voice-0203.wav
..\notebooks\finetune-wav2vec2\train_set\wavs\voice-0204.wav,5.12,16000,1,2,81920,0.50921630859375,0.10547558218240738,4.827812258131189,0.38172607421875,0.0,0.12977453338053443,../raw_data/wavs/voice-0204.wav,..\notebooks\finetune-wav2vec2\train_set\wavs\voice-0204.wav
..\notebooks\finetune-wav2vec2\train_set\wavs\voice-0205.wav,9.52,16000,1,2,152320,0.57696533203125,0.10592269897460938,5.4470414520834085,0.4358718487394958,0.0,0.1150217635357375,../raw_data/wavs/voice-0205.wav,..\notebooks\finetune-wav2vec2\train_set\wavs\voice-0205.wav
..\notebooks\finetune-wav2vec2\train_set\wavs\voice-0206.wav,14.88,16000,1,2,238080,0.597869873046875,0.1011582612991333,5.9102426768578455,0.4051789314516129,0.0,0.12544155511405877,../raw_data/wavs/voice-0206.wav,..\notebooks\finetune-wav2vec2\train_set\wavs\voice-0206.wav
..\notebooks\finetune-wav2vec2\train_set\wavs\voice-0207.wav,11.68,16000,1,2,186880,0.6923828125,0.1010793074965477,6.849896676663004,0.4423694349315068,0.0,0.1674131389829783,../raw_data/wavs/voice-0207.wav,..\notebooks\finetune-wav2vec2\train_set\wavs\voice-0207.wav
..\notebooks\finetune-wav2vec2\train_set\wavs\voice-0208.wav,6.88,16000,1,2,110080,0.605621337890625,0.10550834983587265,5.740032318131421,0.39666606104651164,0.0,0.1314601331770819,../raw_data/wavs/voice-0208.wav,..\notebooks\finetune-wav2vec2\train_set\wavs\voice-0208.wav
..\notebooks\finetune-wav2vec2\train_set\wavs\voice-0209.wav,12.72,16000,1,2,203520,0.704376220703125,0.10023891180753708,7.026973936584198,0.4241941823899371,0.0,0.11536023663638284,../raw_data/wavs/voice-0209.wav,..\notebooks\finetune-wav2vec2\train_set\wavs\voice-0209.wav
..\notebooks\finetune-wav2vec2\train_set\wavs\voice-0210.wav,5.44,16000,1,2,87040,0.514434814453125,0.10422063618898392,4.936016831832586,0.32990579044117646,0.0,0.10524017968956445,../raw_data/wavs/voice-0210.wav,..\notebooks\finetune-wav2vec2\train_set\wavs\voice-0210.wav
..\notebooks\finetune-wav2vec2\train_set\wavs\voice-0211.wav,8.56,16000,1,2,136960,0.545074462890625,0.10551318526268005,5.165936954074852,0.3911799065420561,0.0,0.12692119539424207,../raw_data/wavs/voice-0211.wav,..\notebooks\finetune-wav2vec2\train_set\wavs\voice-0211.wav
..\notebooks\finetune-wav2vec2\train_set\wavs\voice-0212.wav,5.52,16000,1,2,88320,0.4949951171875,0.10732948035001755,4.611921305993904,0.36991621376811595,0.0,0.12486554422038293,../raw_data/wavs/voice-0212.wav,..\notebooks\finetune-wav2vec2\train_set\wavs\voice-0212.wav
..\notebooks\finetune-wav2vec2\train_set\wavs\voice-0213.wav,15.28,16000,1,2,244480,0.577606201171875,0.10391406714916229,5.558498642371072,0.4043030104712042,0.0,0.12410472883151519,../raw_data/wavs/voice-0213.wav,..\notebooks\finetune-wav2vec2\train_set\wavs\voice-0213.wav
..\notebooks\finetune-wav2vec2\train_set\wavs\voice-0214.wav,7.92,16000,1,2,126720,0.54205322265625,0.11099232733249664,4.883699942901784,0.4228140782828283,0.0,0.11205896511178276,../raw_data/wavs/voice-0214.wav,..\notebooks\finetune-wav2vec2\train_set\wavs\voice-0214.wav
..\notebooks\finetune-wav2vec2\train_set\wavs\voice-0215.wav,6.24,16000,1,2,99840,0.6351318359375,0.11190126091241837,5.675823764261226,0.41383213141025643,0.0,0.13817245765682748,../raw_data/wavs/voice-0215.wav,..\notebooks\finetune-wav2vec2\train_set\wavs\voice-0215.wav
..\notebooks\finetune-wav2vec2\train_set\wavs\voice-0216.wav,5.84,16000,1,2,93440,0.7254638671875,0.10956297069787979,6.621432976547968,0.4047731164383562,0.0,0.11225505409946596,../raw_data/wavs/voice-0216.wav,..\notebooks\finetune-wav2vec2\train_set\wavs\voice-0216.wav
..\notebooks\finetune-wav2vec2\train_set\wavs\voice-0217.wav,5.84,16000,1,2,93440,0.6026611328125,0.11106058955192566,5.4264175549935265,0.3937821061643836,0.0,0.10113550016588363,../raw_data/wavs/voice-0217.wav,..\notebooks\finetune-wav2vec2\train_set\wavs\voice-0217.wav
..\notebooks\finetune-wav2vec2\train_set\wavs\voice-0218.wav,4.72,16000,1,2,75520,0.47198486328125,0.10551351308822632,4.473217216136046,0.3717558262711864,0.0,0.122273864855202,../raw_data/wavs/voice-0218.wav,..\notebooks\finetune-wav2vec2\train_set\wavs\voice-0218.wav
..\notebooks\finetune-wav2vec2\train_set\wavs\voice-0219.wav,4.56,16000,1,2,72960,0.46478271484375,0.1000710129737854,4.644528930325753,0.4234786184210526,0.0,0.13632314039391988,../raw_data/wavs/voice-0219.wav,..\notebooks\finetune-wav2vec2\train_set\wavs\voice-0219.wav
..\notebooks\finetune-wav2vec2\train_set\wavs\voice-0220.wav,13.12,16000,1,2,209920,0.56494140625,0.10224372893571854,5.525438206632538,0.43119759908536587,0.0,0.14288844744877785,../raw_data/wavs/voice-0220.wav,..\notebooks\finetune-wav2vec2\train_set\wavs\voice-0220.wav
..\notebooks\finetune-wav2vec2\train_set\wavs\voice-0221.wav,9.68,16000,1,2,154880,0.606536865234375,0.1093355342745781,5.547481605670468,0.37154571280991733,0.0,0.11898320624487503,../raw_data/wavs/voice-0221.wav,..\notebooks\finetune-wav2vec2\train_set\wavs\voice-0221.wav
..\notebooks\finetune-wav2vec2\train_set\wavs\voice-0222.wav,8.96,16000,1,2,143360,0.72186279296875,0.10452451556921005,6.906157747182042,0.41526925223214284,0.0,0.12940938483108838,../raw_data/wavs/voice-0222.wav,..\notebooks\finetune-wav2vec2\train_set\wavs\voice-0222.wav
..\notebooks\finetune-wav2vec2\train_set\wavs\voice-0223.wav,5.36,16000,1,2,85760,0.549041748046875,0.1047482043504715,5.241538520410957,0.3853194962686567,0.0,0.10550496157837662,../raw_data/wavs/voice-0223.wav,..\notebooks\finetune-wav2vec2\train_set\wavs\voice-0223.wav
..\notebooks\finetune-wav2vec2\train_set\wavs\voice-0224.wav,4.72,16000,1,2,75520,0.483428955078125,0.09303916990756989,5.195972358291559,0.3900291313559322,0.0,0.12235331505978628,../raw_data/wavs/voice-0224.wav,..\notebooks\finetune-wav2vec2\train_set\wavs\voice-0224.wav
..\notebooks\finetune-wav2vec2\train_set\wavs\voice-0225.wav,12.64,16000,1,2,202240,0.61041259765625,0.10279310494661331,5.938264030192242,0.4446598101265823,0.0,0.12913928569662628,../raw_data/wavs/voice-0225.wav,..\notebooks\finetune-wav2vec2\train_set\wavs\voice-0225.wav
..\notebooks\finetune-wav2vec2\train_set\wavs\voice-0226.wav,9.12,16000,1,2,145920,0.588226318359375,0.09875857830047607,5.956204802479821,0.45038377192982454,0.0,0.1376996827006764,../raw_data/wavs/voice-0226.wav,..\notebooks\finetune-wav2vec2\train_set\wavs\voice-0226.wav
..\notebooks\finetune-wav2vec2\train_set\wavs\voice-0227.wav,8.72,16000,1,2,139520,0.656280517578125,0.1052478775382042,6.2355700934672065,0.38445384174311925,0.0,0.12060006164035006,../raw_data/wavs/voice-0227.wav,..\notebooks\finetune-wav2vec2\train_set\wavs\voice-0227.wav
..\notebooks\finetune-wav2vec2\train_set\wavs\voice-0228.wav,5.12,16000,1,2,81920,0.628814697265625,0.10464164614677429,6.009220233248491,0.35986328125,0.0,0.09913451091932275,../raw_data/wavs/voice-0228.wav,..\notebooks\finetune-wav2vec2\train_set\wavs\voice-0228.wav
..\notebooks\finetune-wav2vec2\train_set\wavs\voice-0229.wav,10.08,16000,1,2,161280,0.5462646484375,0.10587824136018753,5.1593664705778455,0.3640625,0.0,0.09768785768760967,../raw_data/wavs/voice-0229.wav,..\notebooks\finetune-wav2vec2\train_set\wavs\voice-0229.wav
..\notebooks\finetune-wav2vec2\train_set\wavs\voice-0230.wav,11.36,16000,1,2,181760,0.49993896484375,0.10655742138624191,4.691732948675683,0.41736905809859154,0.0,0.13593824789969136,../raw_data/wavs/voice-0230.wav,..\notebooks\finetune-wav2vec2\train_set\wavs\voice-0230.wav
..\notebooks\finetune-wav2vec2\train_set\wavs\voice-0231.wav,10.56,16000,1,2,168960,0.730316162109375,0.10508793592453003,6.94957185793295,0.42433120265151514,0.0,0.1185494705816204,../raw_data/wavs/voice-0231.wav,..\notebooks\finetune-wav2vec2\train_set\wavs\voice-0231.wav
..\notebooks\finetune-wav2vec2\train_set\wavs\voice-0232.wav,11.36,16000,1,2,181760,0.59246826171875,0.11058976501226425,5.357351664984966,0.36114656690140845,0.0,0.11821147783603562,../raw_data/wavs/voice-0232.wav,..\notebooks\finetune-wav2vec2\train_set\wavs\voice-0232.wav
..\notebooks\finetune-wav2vec2\train_set\wavs\voice-0233.wav,13.36,16000,1,2,213760,0.6121826171875,0.10550390928983688,5.802463826299857,0.4165185254491018,0.0,0.13627964202676845,../raw_data/wavs/voice-0233.wav,..\notebooks\finetune-wav2vec2\train_set\wavs\voice-0233.wav
..\notebooks\finetune-wav2vec2\train_set\wavs\voice-0234.wav,14.08,16000,1,2,225280,0.527069091796875,0.10476763546466827,5.030838860295012,0.3995871803977273,0.0,0.12082351217823233,../raw_data/wavs/voice-0234.wav,..\notebooks\finetune-wav2vec2\train_set\wavs\voice-0234.wav
..\notebooks\finetune-wav2vec2\train_set\wavs\voice-0235.wav,11.44,16000,1,2,183040,0.557281494140625,0.10241187363862991,5.44157112198773,0.39472246503496505,0.0,0.12793994722436203,../raw_data/wavs/voice-0235.wav,..\notebooks\finetune-wav2vec2\train_set\wavs\voice-0235.wav
..\notebooks\finetune-wav2vec2\train_set\wavs\voice-0236.wav,10.56,16000,1,2,168960,0.683074951171875,0.10774298757314682,6.3398553034194896,0.43354048295454545,0.0,0.1401819376298392,../raw_data/wavs/voice-0236.wav,..\notebooks\finetune-wav2vec2\train_set\wavs\voice-0236.wav
..\notebooks\finetune-wav2vec2\train_set\wavs\voice-0237.wav,14.32,16000,1,2,229120,0.699554443359375,0.10695446282625198,6.540675581680069,0.3427068784916201,0.0,0.11503192664074127,../raw_data/wavs/voice-0237.wav,..\notebooks\finetune-wav2vec2\train_set\wavs\voice-0237.wav
..\notebooks\finetune-wav2vec2\train_set\wavs\voice-0238.wav,5.2,16000,1,2,83200,0.589935302734375,0.1025523841381073,5.752526454576708,0.36782451923076925,0.0,0.10054207382300268,../raw_data/wavs/voice-0238.wav,..\notebooks\finetune-wav2vec2\train_set\wavs\voice-0238.wav
..\notebooks\finetune-wav2vec2\train_set\wavs\voice-0239.wav,12.96,16000,1,2,207360,0.595977783203125,0.10756295174360275,5.540734737586545,0.4618971836419753,0.0,0.14451747934741196,../raw_data/wavs/voice-0239.wav,..\notebooks\finetune-wav2vec2\train_set\wavs\voice-0239.wav
..\notebooks\finetune-wav2vec2\train_set\wavs\voice-0240.wav,7.52,16000,1,2,120320,0.53173828125,0.0993974357843399,5.349617694401082,0.3787815824468085,0.0,0.13090201880002328,../raw_data/wavs/voice-0240.wav,..\notebooks\finetune-wav2vec2\train_set\wavs\voice-0240.wav
..\notebooks\finetune-wav2vec2\train_set\wavs\voice-0241.wav,11.04,16000,1,2,176640,0.623046875,0.10407376289367676,5.986589296636787,0.42170516304347827,0.0,0.12718595553643305,../raw_data/wavs/voice-0241.wav,..\notebooks\finetune-wav2vec2\train_set\wavs\voice-0241.wav
..\notebooks\finetune-wav2vec2\train_set\wavs\voice-0242.wav,15.44,16000,1,2,247040,0.67132568359375,0.1012842208147049,6.628136921958568,0.4351805375647668,0.0,0.13208845566894295,../raw_data/wavs/voice-0242.wav,..\notebooks\finetune-wav2vec2\train_set\wavs\voice-0242.wav
..\notebooks\finetune-wav2vec2\train_set\wavs\voice-0243.wav,10.56,16000,1,2,168960,0.5782470703125,0.10767044126987457,5.370527542123944,0.40182291666666664,0.0,0.12807249095934517,../raw_data/wavs/voice-0243.wav,..\notebooks\finetune-wav2vec2\train_set\wavs\voice-0243.wav
..\notebooks\finetune-wav2vec2\train_set\wavs\voice-0244.wav,13.28,16000,1,2,212480,0.58416748046875,0.099403016269207,5.876758094409183,0.45207078313253013,0.0,0.11844935264190815,../raw_data/wavs/voice-0244.wav,..\notebooks\finetune-wav2vec2\train_set\wavs\voice-0244.wav
..\notebooks\finetune-wav2vec2\train_set\wavs\voice-0245.wav,9.84,16000,1,2,157440,0.5604248046875,0.10641977190971375,5.266171827195447,0.3658854166666667,0.0,0.11568925107501953,../raw_data/wavs/voice-0245.wav,..\notebooks\finetune-wav2vec2\train_set\wavs\voice-0245.wav
..\notebooks\finetune-wav2vec2\train_set\wavs\voice-0246.wav,3.52,16000,1,2,56320,0.48114013671875,0.1048269271850586,4.589852527770449,0.3712713068181818,0.0,0.13407553401161243,../raw_data/wavs/voice-0246.wav,..\notebooks\finetune-wav2vec2\train_set\wavs\voice-0246.wav
..\notebooks\finetune-wav2vec2\train_set\wavs\voice-0247.wav,8.64,16000,1,2,138240,0.586181640625,0.10107534378767014,5.799452355624898,0.3924479166666667,0.0,0.1412191928471705,../raw_data/wavs/voice-0247.wav,..\notebooks\finetune-wav2vec2\train_set\wavs\voice-0247.wav
..\notebooks\finetune-wav2vec2\train_set\wavs\voice-0248.wav,11.92,16000,1,2,190720,0.59149169921875,0.10631952434778214,5.563340344562864,0.3661598154362416,0.0,0.1232231712624332,../raw_data/wavs/voice-0248.wav,..\notebooks\finetune-wav2vec2\train_set\wavs\voice-0248.wav
..\notebooks\finetune-wav2vec2\train_set\wavs\voice-0249.wav,9.92,16000,1,2,158720,0.623260498046875,0.100104920566082,6.226072549904714,0.4017452116935484,0.0,0.1349113842703142,../raw_data/wavs/voice-0249.wav,..\notebooks\finetune-wav2vec2\train_set\wavs\voice-0249.wav
..\notebooks\finetune-wav2vec2\train_set\wavs\voice-0250.wav,7.28,16000,1,2,116480,0.66534423828125,0.10134201496839523,6.565334609626086,0.46442307692307694,0.0,0.15474033946033192,../raw_data/wavs/voice-0250.wav,..\notebooks\finetune-wav2vec2\train_set\wavs\voice-0250.wav
..\notebooks\finetune-wav2vec2\train_set\wavs\voice-0251.wav,12.32,16000,1,2,197120,0.552825927734375,0.10513439774513245,5.25827835219582,0.4282315340909091,0.0,0.11939488329384788,../raw_data/wavs/voice-0251.wav,..\notebooks\finetune-wav2vec2\train_set\wavs\voice-0251.wav
..\notebooks\finetune-wav2vec2\train_set\wavs\voice-0252.wav,6.24,16000,1,2,99840,0.705810546875,0.10041248053312302,7.029111751125146,0.41261017628205127,0.0,0.1385630865693767,../raw_data/wavs/voice-0252.wav,..\notebooks\finetune-wav2vec2\train_set\wavs\voice-0252.wav
..\notebooks\finetune-wav2vec2\train_set\wavs\voice-0253.wav,4.8,16000,1,2,76800,0.5006103515625,0.10416688024997711,4.805849521087198,0.3984244791666667,0.0,0.10963684422974257,../raw_data/wavs/voice-0253.wav,..\notebooks\finetune-wav2vec2\train_set\wavs\voice-0253.wav
..\notebooks\finetune-wav2vec2\train_set\wavs\voice-0254.wav,15.28,16000,1,2,244480,0.65216064453125,0.10235605388879776,6.3714906911102105,0.4428296793193717,0.0,0.15541212128649087,../raw_data/wavs/voice-0254.wav,..\notebooks\finetune-wav2vec2\train_set\wavs\voice-0254.wav
..\notebooks\finetune-wav2vec2\train_set\wavs\voice-0255.wav,5.36,16000,1,2,85760,0.522186279296875,0.1017116904258728,5.133984865559214,0.43531949626865674,0.0,0.15415291689501975,../raw_data/wavs/voice-0255.wav,..\notebooks\finetune-wav2vec2\train_set\wavs\voice-0255.wav
..\notebooks\finetune-wav2vec2\train_set\wavs\voice-0256.wav,9.44,16000,1,2,151040,0.6396484375,0.10236004739999771,6.2490048973933385,0.3814221398305085,0.0,0.12897331152881045,../raw_data/wavs/voice-0256.wav,..\notebooks\finetune-wav2vec2\train_set\wavs\voice-0256.wav
..\notebooks\finetune-wav2vec2\train_set\wavs\voice-0257.wav,8.8,16000,1,2,140800,0.545379638671875,0.10146201401948929,5.375210062034802,0.40923295454545455,0.0,0.14554790872094261,../raw_data/wavs/voice-0257.wav,..\notebooks\finetune-wav2vec2\train_set\wavs\voice-0257.wav
..\notebooks\finetune-wav2vec2\train_set\wavs\voice-0258.wav,11.92,16000,1,2,190720,0.608245849609375,0.10923725366592407,5.568117370192672,0.39095008389261743,0.0,0.14561737425217205,../raw_data/wavs/voice-0258.wav,..\notebooks\finetune-wav2vec2\train_set\wavs\voice-0258.wav
..\notebooks\finetune-wav2vec2\train_set\wavs\voice-0259.wav,9.92,16000,1,2,158720,0.527923583984375,0.10160533338785172,5.195825518028322,0.4275957661290323,0.0,0.12306025113565483,../raw_data/wavs/voice-0259.wav,..\notebooks\finetune-wav2vec2\train_set\wavs\voice-0259.wav
..\notebooks\finetune-wav2vec2\train_set\wavs\voice-0260.wav,12.4,16000,1,2,198400,0.688934326171875,0.10767975449562073,6.397993099063887,0.4334173387096774,0.0,0.11368504881577024,../raw_data/wavs/voice-0260.wav,..\notebooks\finetune-wav2vec2\train_set\wavs\voice-0260.wav
..\notebooks\finetune-wav2vec2\train_set\wavs\voice-0261.wav,7.92,16000,1,2,126720,0.57440185546875,0.10179831832647324,5.642547587344314,0.4162563131313131,0.0,0.16186207277519551,../raw_data/wavs/voice-0261.wav,..\notebooks\finetune-wav2vec2\train_set\wavs\voice-0261.wav
..\notebooks\finetune-wav2vec2\train_set\wavs\voice-0262.wav,10.0,16000,1,2,160000,0.772430419921875,0.10509829968214035,7.349599586844089,0.4156125,0.0,0.14316964481028008,../raw_data/wavs/voice-0262.wav,..\notebooks\finetune-wav2vec2\train_set\wavs\voice-0262.wav
..\notebooks\finetune-wav2vec2\train_set\wavs\voice-0263.wav,8.64,16000,1,2,138240,0.54693603515625,0.10982879251241684,4.979896643172285,0.4080946180555556,0.0,0.13214794667206795,../raw_data/wavs/voice-0263.wav,..\notebooks\finetune-wav2vec2\train_set\wavs\voice-0263.wav
..\notebooks\finetune-wav2vec2\train_set\wavs\voice-0264.wav,11.84,16000,1,2,189440,0.6328125,0.10304927080869675,6.140873147707848,0.45102407094594593,0.0,0.1378491229366709,../raw_data/wavs/voice-0264.wav,..\notebooks\finetune-wav2vec2\train_set\wavs\voice-0264.wav
..\notebooks\finetune-wav2vec2\train_set\wavs\voice-0265.wav,6.48,16000,1,2,103680,0.55938720703125,0.10203428566455841,5.482345501690056,0.44027777777777777,0.0,0.13260158759247292,../raw_data/wavs/voice-0265.wav,..\notebooks\finetune-wav2vec2\train_set\wavs\voice-0265.wav
..\notebooks\finetune-wav2vec2\train_set\wavs\voice-0266.wav,11.76,16000,1,2,188160,0.687103271484375,0.1066439151763916,6.442967424328802,0.41779868197278913,0.0,0.12151956589905347,../raw_data/wavs/voice-0266.wav,..\notebooks\finetune-wav2vec2\train_set\wavs\voice-0266.wav
..\notebooks\finetune-wav2vec2\train_set\wavs\voice-0267.wav,5.04,16000,1,2,80640,0.569580078125,0.10927141457796097,5.212525895495078,0.3986359126984127,0.0,0.12169049715398256,../raw_data/wavs/voice-0267.wav,..\notebooks\finetune-wav2vec2\train_set\wavs\voice-0267.wav
..\notebooks\finetune-wav2vec2\train_set\wavs\voice-0268.wav,9.6,16000,1,2,153600,0.661865234375,0.10948490351438522,6.045264809390251,0.36676432291666666,0.0,0.11423251453459983,../raw_data/wavs/voice-0268.wav,..\notebooks\finetune-wav2vec2\train_set\wavs\voice-0268.wav
..\notebooks\finetune-wav2vec2\train_set\wavs\voice-0269.wav,9.84,16000,1,2,157440,0.73016357421875,0.10755451768636703,6.7887764263695,0.4446074695121951,0.0,0.12579475225325365,../raw_data/wavs/voice-0269.wav,..\notebooks\finetune-wav2vec2\train_set\wavs\voice-0269.wav
..\notebooks\finetune-wav2vec2\train_set\wavs\voice-0270.wav,13.28,16000,1,2,212480,0.699676513671875,0.11280148476362228,6.202724327060595,0.38549039909638555,0.0,0.11869878905680091,../raw_data/wavs/voice-0270.wav,..\notebooks\finetune-wav2vec2\train_set\wavs\voice-0270.wav
..\notebooks\finetune-wav2vec2\train_set\wavs\voice-0271.wav,11.12,16000,1,2,177920,0.504180908203125,0.1063261553645134,4.741833337946465,0.39225494604316546,0.0,0.1292048628870441,../raw_data/wavs/voice-0271.wav,..\notebooks\finetune-wav2vec2\train_set\wavs\voice-0271.wav
..\notebooks\finetune-wav2vec2\train_set\wavs\voice-0272.wav,13.52,16000,1,2,216320,0.62664794921875,0.10298537462949753,6.084824679943075,0.4297799556213018,0.0,0.14215579768767422,../raw_data/wavs/voice-0272.wav,..\notebooks\finetune-wav2vec2\train_set\wavs\voice-0272.wav
..\notebooks\finetune-wav2vec2\train_set\wavs\voice-0273.wav,7.84,16000,1,2,125440,0.56048583984375,0.10203246027231216,5.493211065849846,0.40489477040816324,0.0,0.1194205948708137,../raw_data/wavs/voice-0273.wav,..\notebooks\finetune-wav2vec2\train_set\wavs\voice-0273.wav
..\notebooks\finetune-wav2vec2\train_set\wavs\voice-0274.wav,9.76,16000,1,2,156160,0.521392822265625,0.10286368429660797,5.0687745226214735,0.4021580430327869,0.0,0.11820644343265518,../raw_data/wavs/voice-0274.wav,..\notebooks\finetune-wav2vec2\train_set\wavs\voice-0274.wav
..\notebooks\finetune-wav2vec2\train_set\wavs\voice-0275.wav,10.24,16000,1,2,163840,0.5201416015625,0.10705623030662537,4.85858319569758,0.4312744140625,0.0,0.1475655979345577,../raw_data/wavs/voice-0275.wav,..\notebooks\finetune-wav2vec2\train_set\wavs\voice-0275.wav
..\notebooks\finetune-wav2vec2\train_set\wavs\voice-0276.wav,16.47,16000,1,2,263520,0.600311279296875,0.10437218099832535,5.751640653236009,0.38674483910139645,0.0,0.10570774782842983,../raw_data/wavs/voice-0276.wav,..\notebooks\finetune-wav2vec2\train_set\wavs\voice-0276.wav
..\notebooks\finetune-wav2vec2\train_set\wavs\voice-0277.wav,4.88,16000,1,2,78080,0.462066650390625,0.11086784303188324,4.167724723008677,0.3706454918032787,0.0,0.10789072605950384,../raw_data/wavs/voice-0277.wav,..\notebooks\finetune-wav2vec2\train_set\wavs\voice-0277.wav
..\notebooks\finetune-wav2vec2\train_set\wavs\voice-0278.wav,15.6,16000,1,2,249600,0.669403076171875,0.11016050726175308,6.076615774665072,0.40856971153846156,0.0,0.14108229600278846,../raw_data/wavs/voice-0278.wav,..\notebooks\finetune-wav2vec2\train_set\wavs\voice-0278.wav
..\notebooks\finetune-wav2vec2\train_set\wavs\voice-0279.wav,14.4,16000,1,2,230400,0.63958740234375,0.10187052190303802,6.278434530378861,0.4708333333333333,0.0,0.1632689377992092,../raw_data/wavs/voice-0279.wav,..\notebooks\finetune-wav2vec2\train_set\wavs\voice-0279.wav
..\notebooks\finetune-wav2vec2\train_set\wavs\voice-0280.wav,9.28,16000,1,2,148480,0.700042724609375,0.10448936372995377,6.6996553488314055,0.4136314655172414,0.0,0.12183541106823187,../raw_data/wavs/voice-0280.wav,..\notebooks\finetune-wav2vec2\train_set\wavs\voice-0280.wav
..\notebooks\finetune-wav2vec2\train_set\wavs\voice-0281.wav,8.72,16000,1,2,139520,0.561676025390625,0.10203276574611664,5.50485935849487,0.39323394495412844,0.0,0.1498433905059526,../raw_data/wavs/voice-0281.wav,..\notebooks\finetune-wav2vec2\train_set\wavs\voice-0281.wav
..\notebooks\finetune-wav2vec2\train_set\wavs\voice-0282.wav,8.96,16000,1,2,143360,0.43743896484375,0.09516330063343048,4.596719133658122,0.41600167410714284,0.0,0.10717848199275944,../raw_data/wavs/voice-0282.wav,..\notebooks\finetune-wav2vec2\train_set\wavs\voice-0282.wav
..\notebooks\finetune-wav2vec2\train_set\wavs\voice-0283.wav,8.8,16000,1,2,140800,0.623260498046875,0.10641372948884964,5.856955686457566,0.39105113636363636,0.0,0.1288858585643364,../raw_data/wavs/voice-0283.wav,..\notebooks\finetune-wav2vec2\train_set\wavs\voice-0283.wav
..\notebooks\finetune-wav2vec2\train_set\wavs\voice-0284.wav,13.52,16000,1,2,216320,0.608612060546875,0.10337357968091965,5.887501065799026,0.40943509615384616,0.0,0.13908163406820484,../raw_data/wavs/voice-0284.wav,..\notebooks\finetune-wav2vec2\train_set\wavs\voice-0284.wav
..\notebooks\finetune-wav2vec2\train_set\wavs\voice-0285.wav,15.12,16000,1,2,241920,0.67242431640625,0.10855859518051147,6.194114020065766,0.4125578703703704,0.0,0.13003112612072637,../raw_data/wavs/voice-0285.wav,..\notebooks\finetune-wav2vec2\train_set\wavs\voice-0285.wav
..\notebooks\finetune-wav2vec2\train_set\wavs\voice-0286.wav,5.2,16000,1,2,83200,0.511627197265625,0.09982572495937347,5.125203923876779,0.41001201923076924,0.0,0.1404944770970805,../raw_data/wavs/voice-0286.wav,..\notebooks\finetune-wav2vec2\train_set\wavs\voice-0286.wav
..\notebooks\finetune-wav2vec2\train_set\wavs\voice-0287.wav,8.64,16000,1,2,138240,0.5872802734375,0.10601630806922913,5.539527683363613,0.3996238425925926,0.0,0.12679489868995,../raw_data/wavs/voice-0287.wav,..\notebooks\finetune-wav2vec2\train_set\wavs\voice-0287.wav
..\notebooks\finetune-wav2vec2\train_set\wavs\voice-0288.wav,10.72,16000,1,2,171520,0.647674560546875,0.10408422350883484,6.222600685414148,0.3666277985074627,0.0,0.12287851491671477,../raw_data/wavs/voice-0288.wav,..\notebooks\finetune-wav2vec2\train_set\wavs\voice-0288.wav
..\notebooks\finetune-wav2vec2\train_set\wavs\voice-0289.wav,8.64,16000,1,2,138240,0.591949462890625,0.10487327724695206,5.644426096237294,0.3955005787037037,0.0,0.10756732904607239,../raw_data/wavs/voice-0289.wav,..\notebooks\finetune-wav2vec2\train_set\wavs\voice-0289.wav
..\notebooks\finetune-wav2vec2\train_set\wavs\voice-0290.wav,8.8,16000,1,2,140800,0.509735107421875,0.09663591533899307,5.2747998053700265,0.4327840909090909,0.0,0.1252849807171926,../raw_data/wavs/voice-0290.wav,..\notebooks\finetune-wav2vec2\train_set\wavs\voice-0290.wav
..\notebooks\finetune-wav2vec2\train_set\wavs\voice-0291.wav,8.48,16000,1,2,135680,0.56304931640625,0.09938859939575195,5.665129801902769,0.42628979952830187,0.0,0.11153531497136623,../raw_data/wavs/voice-0291.wav,..\notebooks\finetune-wav2vec2\train_set\wavs\voice-0291.wav
..\notebooks\finetune-wav2vec2\train_set\wavs\voice-0292.wav,9.28,16000,1,2,148480,0.662841796875,0.10682447254657745,6.204962037944898,0.45154229525862066,0.0,0.1258561816822581,../raw_data/wavs/voice-0292.wav,..\notebooks\finetune-wav2vec2\train_set\wavs\voice-0292.wav
..\notebooks\finetune-wav2vec2\train_set\wavs\voice-0293.wav,6.96,16000,1,2,111360,0.51904296875,0.10984036326408386,4.725430190922531,0.38850574712643676,0.0,0.12893434747079266,../raw_data/wavs/voice-0293.wav,..\notebooks\finetune-wav2vec2\train_set\wavs\voice-0293.wav
..\notebooks\finetune-wav2vec2\train_set\wavs\voice-0294.wav,5.44,16000,1,2,87040,0.520782470703125,0.09384649246931076,5.549301385701003,0.49634650735294117,0.0,0.1306655637128184,../raw_data/wavs/voice-0294.wav,..\notebooks\finetune-wav2vec2\train_set\wavs\voice-0294.wav
..\notebooks\finetune-wav2vec2\train_set\wavs\voice-0295.wav,6.96,16000,1,2,111360,0.5941162109375,0.1089269146323204,5.454264567604084,0.37244073275862066,0.0,0.1097621207086989,../raw_data/wavs/voice-0295.wav,..\notebooks\finetune-wav2vec2\train_set\wavs\voice-0295.wav
..\notebooks\finetune-wav2vec2\train_set\wavs\voice-0296.wav,10.32,16000,1,2,165120,0.72967529296875,0.10654225200414658,6.848694102508284,0.37735586240310076,0.0,0.12020421635305446,../raw_data/wavs/voice-0296.wav,..\notebooks\finetune-wav2vec2\train_set\wavs\voice-0296.wav
..\notebooks\finetune-wav2vec2\train_set\wavs\voice-0297.wav,8.96,16000,1,2,143360,0.5972900390625,0.10666149854660034,5.599865435994642,0.4102190290178571,0.0,0.1217572667220056,../raw_data/wavs/voice-0297.wav,..\notebooks\finetune-wav2vec2\train_set\wavs\voice-0297.wav
..\notebooks\finetune-wav2vec2\train_set\wavs\voice-0298.wav,10.88,16000,1,2,174080,0.580596923828125,0.10144638270139694,5.723190008036926,0.42638442095588236,0.0,0.1567334371176305,../raw_data/wavs/voice-0298.wav,..\notebooks\finetune-wav2vec2\train_set\wavs\voice-0298.wav
..\notebooks\finetune-wav2vec2\train_set\wavs\voice-0299.wav,8.32,16000,1,2,133120,0.622528076171875,0.10603374242782593,5.871037482201589,0.43360877403846154,0.0,0.1520894838452813,../raw_data/wavs/voice-0299.wav,..\notebooks\finetune-wav2vec2\train_set\wavs\voice-0299.wav
..\notebooks\finetune-wav2vec2\train_set\wavs\voice-0300.wav,10.72,16000,1,2,171520,0.59613037109375,0.10927088558673859,5.455527955985542,0.3743528451492537,0.0,0.140754085553204,../raw_data/wavs/voice-0300.wav,..\notebooks\finetune-wav2vec2\train_set\wavs\voice-0300.wav
..\notebooks\finetune-wav2vec2\train_set\wavs\voice-0301.wav,16.4,16000,1,2,262400,0.623046875,0.11376935988664627,5.476403098521172,0.3720807926829268,0.0,0.12254619872789149,../raw_data/wavs/voice-0301.wav,..\notebooks\finetune-wav2vec2\train_set\wavs\voice-0301.wav
..\notebooks\finetune-wav2vec2\train_set\wavs\voice-0302.wav,10.24,16000,1,2,163840,0.62640380859375,0.10503815114498138,5.963583724252166,0.373095703125,0.0,0.11156684305934485,../raw_data/wavs/voice-0302.wav,..\notebooks\finetune-wav2vec2\train_set\wavs\voice-0302.wav
..\notebooks\finetune-wav2vec2\train_set\wavs\voice-0303.wav,6.8,16000,1,2,108800,0.586822509765625,0.10830122977495193,5.418428867197833,0.3910294117647059,0.0,0.14264836992987068,../raw_data/wavs/voice-0303.wav,..\notebooks\finetune-wav2vec2\train_set\wavs\voice-0303.wav
..\notebooks\finetune-wav2vec2\train_set\wavs\voice-0304.wav,7.04,16000,1,2,112640,0.583038330078125,0.09917045384645462,5.87915359327529,0.38456143465909093,0.0,0.14001367199637782,../raw_data/wavs/voice-0304.wav,..\notebooks\finetune-wav2vec2\train_set\wavs\voice-0304.wav
..\notebooks\finetune-wav2vec2\train_set\wavs\voice-0305.wav,8.0,16000,1,2,128000,0.507293701171875,0.10782098770141602,4.704962475178779,0.3738828125,0.0,0.11428214282924086,../raw_data/wavs/voice-0305.wav,..\notebooks\finetune-wav2vec2\train_set\wavs\voice-0305.wav
..\notebooks\finetune-wav2vec2\train_set\wavs\voice-0306.wav,11.68,16000,1,2,186880,0.592803955078125,0.10946179181337357,5.415624440798701,0.3833208476027397,0.0,0.11281096324359613,../raw_data/wavs/voice-0306.wav,..\notebooks\finetune-wav2vec2\train_set\wavs\voice-0306.wav
..\notebooks\finetune-wav2vec2\train_set\wavs\voice-0307.wav,10.32,16000,1,2,165120,0.652923583984375,0.10461883246898651,6.24097563101681,0.43238856589147284,0.0,0.1234806412345036,../raw_data/wavs/voice-0307.wav,..\notebooks\finetune-wav2vec2\train_set\wavs\voice-0307.wav
..\notebooks\finetune-wav2vec2\train_set\wavs\voice-0308.wav,8.0,16000,1,2,128000,0.573638916015625,0.10350596159696579,5.542085761680812,0.4014140625,0.0,0.12423534558863741,../raw_data/wavs/voice-0308.wav,..\notebooks\finetune-wav2vec2\train_set\wavs\voice-0308.wav
..\notebooks\finetune-wav2vec2\train_set\wavs\voice-0309.wav,8.8,16000,1,2,140800,0.489349365234375,0.10173925012350082,4.809838529774457,0.39537642045454546,0.0,0.11785595068146791,../raw_data/wavs/voice-0309.wav,..\notebooks\finetune-wav2vec2\train_set\wavs\voice-0309.wav
..\notebooks\finetune-wav2vec2\train_set\wavs\voice-0310.wav,5.68,16000,1,2,90880,0.572479248046875,0.10704947263002396,5.3478007315872835,0.3727882922535211,0.0,0.10198175596122316,../raw_data/wavs/voice-0310.wav,..\notebooks\finetune-wav2vec2\train_set\wavs\voice-0310.wav
..\notebooks\finetune-wav2vec2\train_set\wavs\voice-0311.wav,7.76,16000,1,2,124160,0.5228271484375,0.10902056097984314,4.795674721708373,0.340673324742268,0.0,0.08968338984688988,../raw_data/wavs/voice-0311.wav,..\notebooks\finetune-wav2vec2\train_set\wavs\voice-0311.wav
..\notebooks\finetune-wav2vec2\train_set\wavs\voice-0312.wav,6.24,16000,1,2,99840,0.517181396484375,0.10517516732215881,4.917333717190224,0.42725360576923077,0.0,0.13198249181181704,../raw_data/wavs/voice-0312.wav,..\notebooks\finetune-wav2vec2\train_set\wavs\voice-0312.wav
..\notebooks\finetune-wav2vec2\train_set\wavs\voice-0313.wav,18.24,16000,1,2,291840,0.55670166015625,0.1036909893155098,5.368852817695898,0.4049958881578947,0.0,0.12515119637882532,../raw_data/wavs/voice-0313.wav,..\notebooks\finetune-wav2vec2\train_set\wavs\voice-0313.wav
..\notebooks\finetune-wav2vec2\train_set\wavs\voice-0314.wav,6.72,16000,1,2,107520,0.517730712890625,0.0972263514995575,5.325004023142649,0.37878534226190474,0.0,0.12273179624066444,../raw_data/wavs/voice-0314.wav,..\notebooks\finetune-wav2vec2\train_set\wavs\voice-0314.wav
..\notebooks\finetune-wav2vec2\train_set\wavs\voice-0315.wav,8.48,16000,1,2,135680,0.6097412109375,0.10187190771102905,5.985371479123552,0.44194428066037733,0.0,0.1397784476595494,../raw_data/wavs/voice-0315.wav,..\notebooks\finetune-wav2vec2\train_set\wavs\voice-0315.wav
..\notebooks\finetune-wav2vec2\train_set\wavs\voice-0316.wav,11.76,16000,1,2,188160,0.59283447265625,0.10598462074995041,5.593589602541719,0.4181813350340136,0.0,0.1404025319012112,../raw_data/wavs/voice-0316.wav,..\notebooks\finetune-wav2vec2\train_set\wavs\voice-0316.wav
..\notebooks\finetune-wav2vec2\train_set\wavs\voice-0317.wav,11.28,16000,1,2,180480,0.648162841796875,0.10883235186338425,5.9556081505112095,0.39910239361702127,0.0,0.13316784778284455,../raw_data/wavs/voice-0317.wav,..\notebooks\finetune-wav2vec2\train_set\wavs\voice-0317.wav
..\notebooks\finetune-wav2vec2\train_set\wavs\voice-0318.wav,14.16,16000,1,2,226560,0.715240478515625,0.10204624384641647,7.00898388373892,0.42039194915254235,0.0,0.12285100128443363,../raw_data/wavs/voice-0318.wav,..\notebooks\finetune-wav2vec2\train_set\wavs\voice-0318.wav
..\notebooks\finetune-wav2vec2\train_set\wavs\voice-0319.wav,8.8,16000,1,2,140800,0.51318359375,0.10375087708234787,4.9463060764554525,0.4342755681818182,0.0,0.13971690139844742,../raw_data/wavs/voice-0319.wav,..\notebooks\finetune-wav2vec2\train_set\wavs\voice-0319.wav
..\notebooks\finetune-wav2vec2\train_set\wavs\voice-0320.wav,5.92,16000,1,2,94720,0.544158935546875,0.10611915588378906,5.127810629616982,0.39864864864864863,0.0,0.12601484390671355,../raw_data/wavs/voice-0320.wav,..\notebooks\finetune-wav2vec2\train_set\wavs\voice-0320.wav
..\notebooks\finetune-wav2vec2\train_set\wavs\voice-0321.wav,5.6,16000,1,2,89600,0.797454833984375,0.10778696089982986,7.398435092028221,0.38699776785714285,0.0,0.13667563254054174,../raw_data/wavs/voice-0321.wav,..\notebooks\finetune-wav2vec2\train_set\wavs\voice-0321.wav
..\notebooks\finetune-wav2vec2\train_set\wavs\voice-0322.wav,11.68,16000,1,2,186880,0.55523681640625,0.10232227295637131,5.426353425934886,0.41014554794520547,0.0,0.1332894546738799,../raw_data/wavs/voice-0322.wav,..\notebooks\finetune-wav2vec2\train_set\wavs\voice-0322.wav
..\notebooks\finetune-wav2vec2\train_set\wavs\voice-0323.wav,10.8,16000,1,2,172800,0.531982421875,0.10906142741441727,4.8778237593897025,0.3837789351851852,0.0,0.10843812753546027,../raw_data/wavs/voice-0323.wav,..\notebooks\finetune-wav2vec2\train_set\wavs\voice-0323.wav
..\notebooks\finetune-wav2vec2\train_set\wavs\voice-0324.wav,7.2,16000,1,2,115200,0.64788818359375,0.11034015566110611,5.871735269104072,0.3891840277777778,0.0,0.12540039410064324,../raw_data/wavs/voice-0324.wav,..\notebooks\finetune-wav2vec2\train_set\wavs\voice-0324.wav
..\notebooks\finetune-wav2vec2\train_set\wavs\voice-0325.wav,25.67,16000,1,2,410720,0.660491943359375,0.10864324867725372,6.079456859040519,0.390940299961044,0.0,0.11793951582468792,../raw_data/wavs/voice-0325.wav,..\notebooks\finetune-wav2vec2\train_set\wavs\voice-0325.wav
..\notebooks\finetune-wav2vec2\train_set\wavs\voice-0326.wav,9.52,16000,1,2,152320,0.54840087890625,0.10763457417488098,5.095025303070619,0.35886948529411766,0.0,0.10856820225973123,../raw_data/wavs/voice-0326.wav,..\notebooks\finetune-wav2vec2\train_set\wavs\voice-0326.wav
..\notebooks\finetune-wav2vec2\train_set\wavs\voice-0327.wav,10.8,16000,1,2,172800,0.563934326171875,0.10488738119602203,5.376569800307521,0.4350289351851852,0.0,0.1283109277252762,../raw_data/wavs/voice-0327.wav,..\notebooks\finetune-wav2vec2\train_set\wavs\voice-0327.wav
..\notebooks\finetune-wav2vec2\train_set\wavs\voice-0328.wav,8.24,16000,1,2,131840,0.560821533203125,0.10872089117765427,5.158360340210239,0.37778367718446604,0.0,0.13731900272301822,../raw_data/wavs/voice-0328.wav,..\notebooks\finetune-wav2vec2\train_set\wavs\voice-0328.wav
..\notebooks\finetune-wav2vec2\train_set\wavs\voice-0329.wav,9.68,16000,1,2,154880,0.6024169921875,0.10001576691865921,6.023220245638205,0.360130423553719,0.0,0.10326125556079262,../raw_data/wavs/voice-0329.wav,..\notebooks\finetune-wav2vec2\train_set\wavs\voice-0329.wav
..\notebooks\finetune-wav2vec2\train_set\wavs\voice-0330.wav,6.4,16000,1,2,102400,0.455657958984375,0.10462533682584763,4.355139709063331,0.38669921875,0.0,0.11432728835242531,../raw_data/wavs/voice-0330.wav,..\notebooks\finetune-wav2vec2\train_set\wavs\voice-0330.wav
..\notebooks\finetune-wav2vec2\train_set\wavs\voice-0331.wav,9.12,16000,1,2,145920,0.606170654296875,0.10262968391180038,5.906387228258601,0.3826685855263158,0.0,0.10862875979139111,../raw_data/wavs/voice-0331.wav,..\notebooks\finetune-wav2vec2\train_set\wavs\voice-0331.wav
..\notebooks\finetune-wav2vec2\train_set\wavs\voice-0332.wav,5.28,16000,1,2,84480,0.518829345703125,0.09491872787475586,5.46603770741338,0.3969341856060606,0.0,0.12169888374625647,../raw_data/wavs/voice-0332.wav,..\notebooks\finetune-wav2vec2\train_set\wavs\voice-0332.wav
..\notebooks\finetune-wav2vec2\train_set\wavs\voice-0333.wav,9.84,16000,1,2,157440,0.716766357421875,0.10358336567878723,6.919705231866791,0.4224148882113821,0.0,0.13621148508311157,../raw_data/wavs/voice-0333.wav,..\notebooks\finetune-wav2vec2\train_set\wavs\voice-0333.wav
..\notebooks\finetune-wav2vec2\train_set\wavs\voice-0334.wav,16.8,16000,1,2,268800,0.587860107421875,0.10422055423259735,5.640539064011313,0.40688616071428574,0.0,0.12499674477955647,../raw_data/wavs/voice-0334.wav,..\notebooks\finetune-wav2vec2\train_set\wavs\voice-0334.wav
..\notebooks\finetune-wav2vec2\train_set\wavs\voice-0335.wav,8.16,16000,1,2,130560,0.51910400390625,0.10675698518753052,4.862482796740523,0.3796185661764706,0.0,0.12448012009895909,../raw_data/wavs/voice-0335.wav,..\notebooks\finetune-wav2vec2\train_set\wavs\voice-0335.wav
..\notebooks\finetune-wav2vec2\train_set\wavs\voice-0336.wav,9.52,16000,1,2,152320,0.57318115234375,0.10599008947610855,5.407874973753579,0.41802783613445377,0.0,0.14436806964331436,../raw_data/wavs/voice-0336.wav,..\notebooks\finetune-wav2vec2\train_set\wavs\voice-0336.wav
..\notebooks\finetune-wav2vec2\train_set\wavs\voice-0337.wav,14.96,16000,1,2,239360,0.572662353515625,0.1026582270860672,5.578338626825428,0.41610544786096254,0.0,0.12878980944940446,../raw_data/wavs/voice-0337.wav,..\notebooks\finetune-wav2vec2\train_set\wavs\voice-0337.wav
..\notebooks\finetune-wav2vec2\train_set\wavs\voice-0338.wav,10.0,16000,1,2,160000,0.64306640625,0.10140188783407211,6.341759704733257,0.4141,0.0,0.1277132982081138,../raw_data/wavs/voice-0338.wav,..\notebooks\finetune-wav2vec2\train_set\wavs\voice-0338.wav
..\notebooks\finetune-wav2vec2\train_set\wavs\voice-0339.wav,8.16,16000,1,2,130560,0.55914306640625,0.10763295739889145,5.194905723291115,0.41206341911764705,0.0,0.13262203295062003,../raw_data/wavs/voice-0339.wav,..\notebooks\finetune-wav2vec2\train_set\wavs\voice-0339.wav
..\notebooks\finetune-wav2vec2\train_set\wavs\voice-0340.wav,15.68,16000,1,2,250880,0.5438232421875,0.09999017417430878,5.438766825623038,0.37661431760204084,0.0,0.1306366814280988,../raw_data/wavs/voice-0340.wav,..\notebooks\finetune-wav2vec2\train_set\wavs\voice-0340.wav
..\notebooks\finetune-wav2vec2\train_set\wavs\voice-0341.wav,11.76,16000,1,2,188160,0.593963623046875,0.10531552881002426,5.639848460698606,0.38583652210884356,0.0,0.1277058232664927,../raw_data/wavs/voice-0341.wav,..\notebooks\finetune-wav2vec2\train_set\wavs\voice-0341.wav
..\notebooks\finetune-wav2vec2\train_set\wavs\voice-0342.wav,5.2,16000,1,2,83200,0.553741455078125,0.10553710162639618,5.246888975958263,0.4099519230769231,0.0,0.13196072068173897,../raw_data/wavs/voice-0342.wav,..\notebooks\finetune-wav2vec2\train_set\wavs\voice-0342.wav
..\notebooks\finetune-wav2vec2\train_set\wavs\voice-0343.wav,10.32,16000,1,2,165120,0.631866455078125,0.10400156676769257,6.075547462563904,0.4230922965116279,0.0,0.12020421635305446,../raw_data/wavs/voice-0343.wav,..\notebooks\finetune-wav2vec2\train_set\wavs\voice-0343.wav
..\notebooks\finetune-wav2vec2\train_set\wavs\voice-0344.wav,10.48,16000,1,2,167680,0.65032958984375,0.10618467628955841,6.124514502171154,0.4099475190839695,0.0,0.12417774438063205,../raw_data/wavs/voice-0344.wav,..\notebooks\finetune-wav2vec2\train_set\wavs\voice-0344.wav
..\notebooks\finetune-wav2vec2\train_set\wavs\voice-0345.wav,10.56,16000,1,2,168960,0.613983154296875,0.10893524438142776,5.636221388066691,0.3914654356060606,0.0,0.10680105824489965,../raw_data/wavs/voice-0345.wav,..\notebooks\finetune-wav2vec2\train_set\wavs\voice-0345.wav
..\notebooks\finetune-wav2vec2\train_set\wavs\voice-0346.wav,14.24,16000,1,2,227840,0.727142333984375,0.10144652426242828,7.16774023822992,0.47002282303370785,0.0,0.14572132075720134,../raw_data/wavs/voice-0346.wav,..\notebooks\finetune-wav2vec2\train_set\wavs\voice-0346.wav
..\notebooks\finetune-wav2vec2\train_set\wavs\voice-0347.wav,13.52,16000,1,2,216320,0.591094970703125,0.1080782487988472,5.469139047610382,0.4514099482248521,0.0,0.16395693397251282,../raw_data/wavs/voice-0347.wav,..\notebooks\finetune-wav2vec2\train_set\wavs\voice-0347.wav
..\notebooks\finetune-wav2vec2\train_set\wavs\voice-0348.wav,16.87,16000,1,2,269920,0.727813720703125,0.10038431733846664,7.250273150228729,0.42541864256075873,0.0,0.13942330847402368,../raw_data/wavs/voice-0348.wav,..\notebooks\finetune-wav2vec2\train_set\wavs\voice-0348.wav
..\notebooks\finetune-wav2vec2\train_set\wavs\voice-0349.wav,11.12,16000,1,2,177920,0.5223388671875,0.10572729259729385,4.940435476552339,0.386398381294964,0.0,0.12565268464863225,../raw_data/wavs/voice-0349.wav,..\notebooks\finetune-wav2vec2\train_set\wavs\voice-0349.wav
..\notebooks\finetune-wav2vec2\train_set\wavs\voice-0350.wav,7.52,16000,1,2,120320,0.5968017578125,0.10267782211303711,5.8123725798886365,0.4007313829787234,0.0,0.10910163814526384,../raw_data/wavs/voice-0350.wav,..\notebooks\finetune-wav2vec2\train_set\wavs\voice-0350.wav
..\notebooks\finetune-wav2vec2\train_set\wavs\voice-0351.wav,10.72,16000,1,2,171520,0.55804443359375,0.10092572122812271,5.529258813344524,0.414453125,0.0,0.14780869757869392,../raw_data/wavs/voice-0351.wav,..\notebooks\finetune-wav2vec2\train_set\wavs\voice-0351.wav
..\notebooks\finetune-wav2vec2\train_set\wavs\voice-0352.wav,11.84,16000,1,2,189440,0.559417724609375,0.10152362287044525,5.51022223983526,0.3974134290540541,0.0,0.12520125211809607,../raw_data/wavs/voice-0352.wav,..\notebooks\finetune-wav2vec2\train_set\wavs\voice-0352.wav
..\notebooks\finetune-wav2vec2\train_set\wavs\voice-0353.wav,11.76,16000,1,2,188160,0.581329345703125,0.1036999374628067,5.60587942409923,0.3968324829931973,0.0,0.12125383319426655,../raw_data/wavs/voice-0353.wav,..\notebooks\finetune-wav2vec2\train_set\wavs\voice-0353.wav
..\notebooks\finetune-wav2vec2\train_set\wavs\voice-0354.wav,12.24,16000,1,2,195840,0.580810546875,0.09831926226615906,5.907393256294924,0.45739889705882353,0.0,0.15900305863489908,../raw_data/wavs/voice-0354.wav,..\notebooks\finetune-wav2vec2\train_set\wavs\voice-0354.wav
..\notebooks\finetune-wav2vec2\train_set\wavs\voice-0355.wav,7.12,16000,1,2,113920,0.690643310546875,0.1078864187002182,6.401577871130856,0.4289325842696629,0.0,0.10757643588865773,../raw_data/wavs/voice-0355.wav,..\notebooks\finetune-wav2vec2\train_set\wavs\voice-0355.wav
..\notebooks\finetune-wav2vec2\train_set\wavs\voice-0356.wav,8.24,16000,1,2,131840,0.60302734375,0.10232144594192505,5.89345995063696,0.4239684466019418,0.0,0.12465962272165293,../raw_data/wavs/voice-0356.wav,..\notebooks\finetune-wav2vec2\train_set\wavs\voice-0356.wav
..\notebooks\finetune-wav2vec2\train_set\wavs\voice-0357.wav,8.8,16000,1,2,140800,0.563751220703125,0.10204384475946426,5.524598000320237,0.446015625,0.0,0.13885041797171854,../raw_data/wavs/voice-0357.wav,..\notebooks\finetune-wav2vec2\train_set\wavs\voice-0357.wav
..\notebooks\finetune-wav2vec2\train_set\wavs\voice-0358.wav,11.52,16000,1,2,184320,0.57830810546875,0.10755650699138641,5.376783996109723,0.4168674045138889,0.0,0.14639836370640033,../raw_data/wavs/voice-0358.wav,..\notebooks\finetune-wav2vec2\train_set\wavs\voice-0358.wav
..\notebooks\finetune-wav2vec2\train_set\wavs\voice-0359.wav,10.16,16000,1,2,162560,0.5975341796875,0.10572241246700287,5.651915859127761,0.41536048228346456,0.0,0.1421330101686157,../raw_data/wavs/voice-0359.wav,..\notebooks\finetune-wav2vec2\train_set\wavs\voice-0359.wav
..\notebooks\finetune-wav2vec2\train_set\wavs\voice-0360.wav,8.56,16000,1,2,136960,0.546051025390625,0.10352830588817596,5.274412835272617,0.4110543224299065,0.0,0.14473674603348446,../raw_data/wavs/voice-0360.wav,..\notebooks\finetune-wav2vec2\train_set\wavs\voice-0360.wav
..\notebooks\finetune-wav2vec2\train_set\wavs\voice-0361.wav,8.0,16000,1,2,128000,0.61114501953125,0.10646071285009384,5.7405685456173545,0.3569765625,0.0,0.09870389612418846,../raw_data/wavs/voice-0361.wav,..\notebooks\finetune-wav2vec2\train_set\wavs\voice-0361.wav
..\notebooks\finetune-wav2vec2\train_set\wavs\voice-0362.wav,13.52,16000,1,2,216320,0.672332763671875,0.10999009013175964,6.112666721760771,0.4085059171597633,0.0,0.12767718046033866,../raw_data/wavs/voice-0362.wav,..\notebooks\finetune-wav2vec2\train_set\wavs\voice-0362.wav
..\notebooks\finetune-wav2vec2\train_set\wavs\voice-0363.wav,9.44,16000,1,2,151040,0.525421142578125,0.10979527980089188,4.785462030161491,0.37737023305084744,0.0,0.10717099557068042,../raw_data/wavs/voice-0363.wav,..\notebooks\finetune-wav2vec2\train_set\wavs\voice-0363.wav
..\notebooks\finetune-wav2vec2\train_set\wavs\voice-0364.wav,5.76,16000,1,2,92160,0.472015380859375,0.107883982360363,4.3752128029785755,0.3526584201388889,0.0,0.09504226391345393,../raw_data/wavs/voice-0364.wav,..\notebooks\finetune-wav2vec2\train_set\wavs\voice-0364.wav
..\notebooks\finetune-wav2vec2\train_set\wavs\voice-0365.wav,10.48,16000,1,2,167680,0.519134521484375,0.10005953907966614,5.188256174866513,0.3943940839694656,0.0,0.12377220761097096,../raw_data/wavs/voice-0365.wav,..\notebooks\finetune-wav2vec2\train_set\wavs\voice-0365.wav
..\notebooks\finetune-wav2vec2\train_set\wavs\voice-0366.wav,13.52,16000,1,2,216320,0.625,0.10750221461057663,5.81383371741729,0.4308755547337278,0.0,0.15021334233238873,../raw_data/wavs/voice-0366.wav,..\notebooks\finetune-wav2vec2\train_set\wavs\voice-0366.wav
..\notebooks\finetune-wav2vec2\train_set\wavs\voice-0367.wav,9.36,16000,1,2,149760,0.586578369140625,0.10439494997262955,5.618838548171297,0.3936298076923077,0.0,0.11141233581955008,../raw_data/wavs/voice-0367.wav,..\notebooks\finetune-wav2vec2\train_set\wavs\voice-0367.wav
..\notebooks\finetune-wav2vec2\train_set\wavs\voice-0368.wav,23.03,16000,1,2,368480,0.565277099609375,0.1005086600780487,5.624163123559864,0.43683239253148065,0.0,0.14173670684082404,../raw_data/wavs/voice-0368.wav,..\notebooks\finetune-wav2vec2\train_set\wavs\voice-0368.wav
..\notebooks\finetune-wav2vec2\train_set\wavs\voice-0369.wav,9.68,16000,1,2,154880,0.671295166015625,0.09469560533761978,7.088979088546353,0.4419227789256198,0.0,0.12994014682429508,../raw_data/wavs/voice-0369.wav,..\notebooks\finetune-wav2vec2\train_set\wavs\voice-0369.wav
..\notebooks\finetune-wav2vec2\train_set\wavs\voice-0370.wav,14.16,16000,1,2,226560,0.5623779296875,0.10640165954828262,5.285424419835349,0.3551509533898305,0.0,0.11816789445574884,../raw_data/wavs/voice-0370.wav,..\notebooks\finetune-wav2vec2\train_set\wavs\voice-0370.wav
..\notebooks\finetune-wav2vec2\train_set\wavs\voice-0371.wav,7.84,16000,1,2,125440,0.532928466796875,0.11084699630737305,4.807784464624478,0.3742825255102041,0.0,0.10686469120448983,../raw_data/wavs/voice-0371.wav,..\notebooks\finetune-wav2vec2\train_set\wavs\voice-0371.wav
..\notebooks\finetune-wav2vec2\train_set\wavs\voice-0372.wav,14.8,16000,1,2,236800,0.575286865234375,0.10076218098402023,5.709353049092984,0.4028462837837838,0.0,0.11583663782363945,../raw_data/wavs/voice-0372.wav,..\notebooks\finetune-wav2vec2\train_set\wavs\voice-0372.wav
..\notebooks\finetune-wav2vec2\train_set\wavs\voice-0373.wav,10.24,16000,1,2,163840,0.529205322265625,0.0989607721567154,5.3476272540352605,0.41527099609375,0.0,0.12937701035772922,../raw_data/wavs/voice-0373.wav,..\notebooks\finetune-wav2vec2\train_set\wavs\voice-0373.wav
..\notebooks\finetune-wav2vec2\train_set\wavs\voice-0374.wav,5.12,16000,1,2,81920,0.6552734375,0.10783211886882782,6.0767927438865055,0.420556640625,0.0,0.1263687300870372,../raw_data/wavs/voice-0374.wav,..\notebooks\finetune-wav2vec2\train_set\wavs\voice-0374.wav
..\notebooks\finetune-wav2vec2\train_set\wavs\voice-0375.wav,10.0,16000,1,2,160000,0.62158203125,0.10503607243299484,5.917795828157254,0.44553125,0.0,0.1360508503178145,../raw_data/wavs/voice-0375.wav,..\notebooks\finetune-wav2vec2\train_set\wavs\voice-0375.wav
..\notebooks\finetune-wav2vec2\train_set\wavs\voice-0376.wav,12.64,16000,1,2,202240,0.565643310546875,0.10888832807540894,5.194710218666848,0.4040496439873418,0.0,0.10785753489682999,../raw_data/wavs/voice-0376.wav,..\notebooks\finetune-wav2vec2\train_set\wavs\voice-0376.wav
..\notebooks\finetune-wav2vec2\train_set\wavs\voice-0377.wav,12.72,16000,1,2,203520,0.55364990234375,0.10290391743183136,5.3802606952307235,0.3979510613207547,0.0,0.11838206752195127,../raw_data/wavs/voice-0377.wav,..\notebooks\finetune-wav2vec2\train_set\wavs\voice-0377.wav
..\notebooks\finetune-wav2vec2\train_set\wavs\voice-0378.wav,14.56,16000,1,2,232960,0.665008544921875,0.10689381510019302,6.221206945402346,0.4157194368131868,0.0,0.11140586970239398,../raw_data/wavs/voice-0378.wav,..\notebooks\finetune-wav2vec2\train_set\wavs\voice-0378.wav
..\notebooks\finetune-wav2vec2\train_set\wavs\voice-0379.wav,8.72,16000,1,2,139520,0.635467529296875,0.11377841979265213,5.585132316435228,0.35678755733944956,0.0,0.1306632071617486,../raw_data/wavs/voice-0379.wav,..\notebooks\finetune-wav2vec2\train_set\wavs\voice-0379.wav
..\notebooks\finetune-wav2vec2\train_set\wavs\voice-0380.wav,9.44,16000,1,2,151040,0.551116943359375,0.10674186050891876,5.163081669476116,0.3824814618644068,0.0,0.11977039042896205,../raw_data/wavs/voice-0380.wav,..\notebooks\finetune-wav2vec2\train_set\wavs\voice-0380.wav
..\notebooks\finetune-wav2vec2\train_set\wavs\voice-0381.wav,10.72,16000,1,2,171520,0.608978271484375,0.10749174654483795,5.665349118039982,0.4000174906716418,0.0,0.12469755537287414,../raw_data/wavs/voice-0381.wav,..\notebooks\finetune-wav2vec2\train_set\wavs\voice-0381.wav
..\notebooks\finetune-wav2vec2\train_set\wavs\voice-0382.wav,13.84,16000,1,2,221440,0.646087646484375,0.1066618487238884,6.057345285256384,0.4200912210982659,0.0,0.1253663537136638,../raw_data/wavs/voice-0382.wav,..\notebooks\finetune-wav2vec2\train_set\wavs\voice-0382.wav
..\notebooks\finetune-wav2vec2\train_set\wavs\voice-0383.wav,11.36,16000,1,2,181760,0.57550048828125,0.10152861475944519,5.668357532945768,0.4331646126760563,0.0,0.14955518021115874,../raw_data/wavs/voice-0383.wav,..\notebooks\finetune-wav2vec2\train_set\wavs\voice-0383.wav
..\notebooks\finetune-wav2vec2\train_set\wavs\voice-0384.wav,12.16,16000,1,2,194560,0.560882568359375,0.10679181665182114,5.252111874714608,0.3726870888157895,0.0,0.110989468490278,../raw_data/wavs/voice-0384.wav,..\notebooks\finetune-wav2vec2\train_set\wavs\voice-0384.wav
..\notebooks\finetune-wav2vec2\train_set\wavs\voice-0385.wav,11.2,16000,1,2,179200,0.782135009765625,0.10826657712459564,7.224159390072212,0.41203125,0.0,0.13094381107037428,../raw_data/wavs/voice-0385.wav,..\notebooks\finetune-wav2vec2\train_set\wavs\voice-0385.wav
..\notebooks\finetune-wav2vec2\train_set\wavs\voice-0386.wav,11.12,16000,1,2,177920,0.588134765625,0.09851621836423874,5.9699283568774515,0.42432553956834534,0.0,0.13720850499384551,../raw_data/wavs/voice-0386.wav,..\notebooks\finetune-wav2vec2\train_set\wavs\voice-0386.wav
..\notebooks\finetune-wav2vec2\train_set\wavs\voice-0387.wav,8.24,16000,1,2,131840,0.5396728515625,0.10682228952646255,5.052062204946558,0.3894341626213592,0.0,0.10249622645802835,../raw_data/wavs/voice-0387.wav,..\notebooks\finetune-wav2vec2\train_set\wavs\voice-0387.wav
..\notebooks\finetune-wav2vec2\train_set\wavs\voice-0388.wav,4.96,16000,1,2,79360,0.495330810546875,0.10149955749511719,4.880127783519685,0.36078629032258064,0.0,0.09551531647324185,../raw_data/wavs/voice-0388.wav,..\notebooks\finetune-wav2vec2\train_set\wavs\voice-0388.wav
..\notebooks\finetune-wav2vec2\train_set\wavs\voice-0389.wav,12.0,16000,1,2,192000,0.54925537109375,0.10038303583860397,5.471595539079369,0.42913541666666666,0.0,0.13880801462507616,../raw_data/wavs/voice-0389.wav,..\notebooks\finetune-wav2vec2\train_set\wavs\voice-0389.wav
..\notebooks\finetune-wav2vec2\train_set\wavs\voice-0390.wav,4.0,16000,1,2,64000,0.569732666015625,0.1058136597275734,5.384301681677508,0.364265625,0.0,0.10562665041641275,../raw_data/wavs/voice-0390.wav,..\notebooks\finetune-wav2vec2\train_set\wavs\voice-0390.wav
..\notebooks\finetune-wav2vec2\train_set\wavs\voice-0391.wav,9.76,16000,1,2,156160,0.59967041015625,0.10980114340782166,5.4614222725255575,0.4070824795081967,0.0,0.11604838658034439,../raw_data/wavs/voice-0391.wav,..\notebooks\finetune-wav2vec2\train_set\wavs\voice-0391.wav
..\notebooks\finetune-wav2vec2\train_set\wavs\voice-0392.wav,10.16,16000,1,2,162560,0.60821533203125,0.10557246953248978,5.761116839689656,0.3931840551181102,0.0,0.1236966270707866,../raw_data/wavs/voice-0392.wav,..\notebooks\finetune-wav2vec2\train_set\wavs\voice-0392.wav
..\notebooks\finetune-wav2vec2\train_set\wavs\voice-0393.wav,12.72,16000,1,2,203520,0.567230224609375,0.1071307510137558,5.294747019336601,0.3990811713836478,0.0,0.12469597433163489,../raw_data/wavs/voice-0393.wav,..\notebooks\finetune-wav2vec2\train_set\wavs\voice-0393.wav
..\notebooks\finetune-wav2vec2\train_set\wavs\voice-0394.wav,6.72,16000,1,2,107520,0.539703369140625,0.1065816879272461,5.063753254771428,0.34813988095238096,0.0,0.09964750416205508,../raw_data/wavs/voice-0394.wav,..\notebooks\finetune-wav2vec2\train_set\wavs\voice-0394.wav
..\notebooks\finetune-wav2vec2\train_set\wavs\voice-0395.wav,7.44,16000,1,2,119040,0.564178466796875,0.10080337524414062,5.59682119205298,0.41170194892473116,0.0,0.12115357151857795,../raw_data/wavs/voice-0395.wav,..\notebooks\finetune-wav2vec2\train_set\wavs\voice-0395.wav
..\notebooks\finetune-wav2vec2\train_set\wavs\voice-0396.wav,6.16,16000,1,2,98560,0.46820068359375,0.09823696315288544,4.766033767402733,0.4094866071428571,0.0,0.11388102557858744,../raw_data/wavs/voice-0396.wav,..\notebooks\finetune-wav2vec2\train_set\wavs\voice-0396.wav
..\notebooks\finetune-wav2vec2\train_set\wavs\voice-0397.wav,12.08,16000,1,2,193280,0.728302001953125,0.10086866468191147,7.220299825023158,0.4111030629139073,0.0,0.1322233662218865,../raw_data/wavs/voice-0397.wav,..\notebooks\finetune-wav2vec2\train_set\wavs\voice-0397.wav
..\notebooks\finetune-wav2vec2\train_set\wavs\voice-0398.wav,14.72,16000,1,2,235520,0.534820556640625,0.10013678669929504,5.340899925685254,0.4236455502717391,0.0,0.1354328100917548,../raw_data/wavs/voice-0398.wav,..\notebooks\finetune-wav2vec2\train_set\wavs\voice-0398.wav
..\notebooks\finetune-wav2vec2\train_set\wavs\voice-0399.wav,8.72,16000,1,2,139520,0.6505126953125,0.11026901751756668,5.8993243066563865,0.41999713302752295,0.0,0.12821192812448484,../raw_data/wavs/voice-0399.wav,..\notebooks\finetune-wav2vec2\train_set\wavs\voice-0399.wav
..\notebooks\finetune-wav2vec2\train_set\wavs\voice-0400.wav,14.08,16000,1,2,225280,0.58270263671875,0.10852779448032379,5.369155795609526,0.402587890625,0.0,0.11656656856608916,../raw_data/wavs/voice-0400.wav,..\notebooks\finetune-wav2vec2\train_set\wavs\voice-0400.wav
..\notebooks\finetune-wav2vec2\train_set\wavs\voice-0401.wav,7.76,16000,1,2,124160,0.587890625,0.10327427834272385,5.692517386072053,0.42775451030927836,0.0,0.11780056218236294,../raw_data/wavs/voice-0401.wav,..\notebooks\finetune-wav2vec2\train_set\wavs\voice-0401.wav
..\notebooks\finetune-wav2vec2\train_set\wavs\voice-0402.wav,17.75,16000,1,2,284000,0.5543212890625,0.10656455904245377,5.201741498706586,0.41943661971830987,0.0,0.1374793573216807,../raw_data/wavs/voice-0402.wav,..\notebooks\finetune-wav2vec2\train_set\wavs\voice-0402.wav
..\notebooks\finetune-wav2vec2\train_set\wavs\voice-0403.wav,11.68,16000,1,2,186880,0.55908203125,0.10186197608709335,5.48862345623432,0.42303617294520546,0.0,0.12399467034819321,../raw_data/wavs/voice-0403.wav,..\notebooks\finetune-wav2vec2\train_set\wavs\voice-0403.wav
..\notebooks\finetune-wav2vec2\train_set\wavs\voice-0404.wav,10.0,16000,1,2,160000,0.55303955078125,0.10373368859291077,5.331339878904538,0.39595,0.0,0.11641947762173513,../raw_data/wavs/voice-0404.wav,..\notebooks\finetune-wav2vec2\train_set\wavs\voice-0404.wav
..\notebooks\finetune-wav2vec2\train_set\wavs\voice-0405.wav,10.96,16000,1,2,175360,0.516510009765625,0.11125317215919495,4.642654224964821,0.3831261405109489,0.0,0.1359953010680946,../raw_data/wavs/voice-0405.wav,..\notebooks\finetune-wav2vec2\train_set\wavs\voice-0405.wav
..\notebooks\finetune-wav2vec2\train_set\wavs\voice-0406.wav,10.8,16000,1,2,172800,0.63494873046875,0.09495633840560913,6.686744046053519,0.4546585648148148,0.0,0.15135504256390372,../raw_data/wavs/voice-0406.wav,..\notebooks\finetune-wav2vec2\train_set\wavs\voice-0406.wav
..\notebooks\finetune-wav2vec2\train_set\wavs\voice-0407.wav,8.88,16000,1,2,142080,0.71307373046875,0.10557646304368973,6.754097550830674,0.43198198198198196,0.0,0.15303457935373982,../raw_data/wavs/voice-0407.wav,..\notebooks\finetune-wav2vec2\train_set\wavs\voice-0407.wav
..\notebooks\finetune-wav2vec2\train_set\wavs\voice-0408.wav,5.52,16000,1,2,88320,0.5389404296875,0.09960532188415527,5.410759380049069,0.4334465579710145,0.0,0.1469898889253728,../raw_data/wavs/voice-0408.wav,..\notebooks\finetune-wav2vec2\train_set\wavs\voice-0408.wav
..\notebooks\finetune-wav2vec2\train_set\wavs\voice-0409.wav,15.91,16000,1,2,254560,0.6195068359375,0.10332729667425156,5.995577701897593,0.4419076052796983,0.0,0.12188137131274086,../raw_data/wavs/voice-0409.wav,..\notebooks\finetune-wav2vec2\train_set\wavs\voice-0409.wav
..\notebooks\finetune-wav2vec2\train_set\wavs\voice-0410.wav,11.52,16000,1,2,184320,0.647186279296875,0.10051201283931732,6.438894824755861,0.40816514756944444,0.0,0.12738784390106284,../raw_data/wavs/voice-0410.wav,..\notebooks\finetune-wav2vec2\train_set\wavs\voice-0410.wav
..\notebooks\finetune-wav2vec2\train_set\wavs\voice-0411.wav,11.2,16000,1,2,179200,0.54302978515625,0.1088714599609375,4.987806587245971,0.4138783482142857,0.0,0.134247400934157,../raw_data/wavs/voice-0411.wav,..\notebooks\finetune-wav2vec2\train_set\wavs\voice-0411.wav
..\notebooks\finetune-wav2vec2\train_set\wavs\voice-0412.wav,10.88,16000,1,2,174080,0.611236572265625,0.108304463326931,5.64368774369463,0.3877010569852941,0.0,0.12263397652789826,../raw_data/wavs/voice-0412.wav,..\notebooks\finetune-wav2vec2\train_set\wavs\voice-0412.wav
..\notebooks\finetune-wav2vec2\train_set\wavs\voice-0413.wav,12.56,16000,1,2,200960,0.61480712890625,0.09812969714403152,6.265250447108345,0.46534633757961785,0.0,0.1671684273906618,../raw_data/wavs/voice-0413.wav,..\notebooks\finetune-wav2vec2\train_set\wavs\voice-0413.wav
..\notebooks\finetune-wav2vec2\train_set\wavs\voice-0414.wav,6.64,16000,1,2,106240,0.565399169921875,0.09561120718717575,5.913524016227582,0.3821253765060241,0.0,0.13119475898681277,../raw_data/wavs/voice-0414.wav,..\notebooks\finetune-wav2vec2\train_set\wavs\voice-0414.wav
..\notebooks\finetune-wav2vec2\train_set\wavs\voice-0415.wav,8.24,16000,1,2,131840,0.562225341796875,0.0999637320637703,5.624293233051885,0.3990442961165049,0.0,0.11350965950894652,../raw_data/wavs/voice-0415.wav,..\notebooks\finetune-wav2vec2\train_set\wavs\voice-0415.wav
..\notebooks\finetune-wav2vec2\train_set\wavs\voice-0416.wav,8.88,16000,1,2,142080,0.55963134765625,0.10979878902435303,5.096880872995107,0.3595368806306306,0.0,0.1288015822183433,../raw_data/wavs/voice-0416.wav,..\notebooks\finetune-wav2vec2\train_set\wavs\voice-0416.wav
..\notebooks\finetune-wav2vec2\train_set\wavs\voice-0417.wav,8.48,16000,1,2,135680,0.48492431640625,0.10301892459392548,4.7071382109423,0.3680571933962264,0.0,0.09730319356716957,../raw_data/wavs/voice-0417.wav,..\notebooks\finetune-wav2vec2\train_set\wavs\voice-0417.wav
..\notebooks\finetune-wav2vec2\train_set\wavs\voice-0418.wav,12.72,16000,1,2,203520,0.49737548828125,0.10073266923427582,4.937578762302969,0.42112814465408804,0.0,0.1293834973638825,../raw_data/wavs/voice-0418.wav,..\notebooks\finetune-wav2vec2\train_set\wavs\voice-0418.wav
..\notebooks\finetune-wav2vec2\train_set\wavs\voice-0419.wav,16.39,16000,1,2,262240,0.680694580078125,0.10561751574277878,6.444902394181384,0.42088926174496644,0.0,0.11971522161082067,../raw_data/wavs/voice-0419.wav,..\notebooks\finetune-wav2vec2\train_set\wavs\voice-0419.wav
..\notebooks\finetune-wav2vec2\train_set\wavs\voice-0420.wav,10.8,16000,1,2,172800,0.485137939453125,0.1043279692530632,4.650123480083753,0.40130787037037036,0.0,0.1376281112737921,../raw_data/wavs/voice-0420.wav,..\notebooks\finetune-wav2vec2\train_set\wavs\voice-0420.wav
..\notebooks\finetune-wav2vec2\train_set\wavs\voice-0421.wav,13.76,16000,1,2,220160,0.559234619140625,0.10404253751039505,5.375057476705151,0.42780250726744184,0.0,0.13293574189562998,../raw_data/wavs/voice-0421.wav,..\notebooks\finetune-wav2vec2\train_set\wavs\voice-0421.wav
..\notebooks\finetune-wav2vec2\train_set\wavs\voice-0422.wav,6.08,16000,1,2,97280,0.657806396484375,0.10494287312030792,6.268233153196186,0.3851254111842105,0.0,0.10848178949207948,../raw_data/wavs/voice-0422.wav,..\notebooks\finetune-wav2vec2\train_set\wavs\voice-0422.wav
..\notebooks\finetune-wav2vec2\train_set\wavs\voice-0423.wav,3.6,16000,1,2,57600,0.572540283203125,0.10016421228647232,5.7160164307551735,0.4558506944444444,0.0,0.13177312106112954,../raw_data/wavs/voice-0423.wav,..\notebooks\finetune-wav2vec2\train_set\wavs\voice-0423.wav
..\notebooks\finetune-wav2vec2\train_set\wavs\voice-0424.wav,6.96,16000,1,2,111360,0.52618408203125,0.10282808542251587,5.117124177399432,0.4354166666666667,0.0,0.13416966747187026,../raw_data/wavs/voice-0424.wav,..\notebooks\finetune-wav2vec2\train_set\wavs\voice-0424.wav
..\notebooks\finetune-wav2vec2\train_set\wavs\voice-0425.wav,4.56,16000,1,2,72960,0.610931396484375,0.11270028352737427,5.420850572536343,0.3699424342105263,0.0,0.08809057141682315,../raw_data/wavs/voice-0425.wav,..\notebooks\finetune-wav2vec2\train_set\wavs\voice-0425.wav
..\notebooks\finetune-wav2vec2\train_set\wavs\voice-0426.wav,4.88,16000,1,2,78080,0.6435546875,0.0988330990076065,6.511529982991528,0.3899590163934426,0.0,0.1327245482139884,../raw_data/wavs/voice-0426.wav,..\notebooks\finetune-wav2vec2\train_set\wavs\voice-0426.wav
..\notebooks\finetune-wav2vec2\train_set\wavs\voice-0427.wav,22.24,16000,1,2,355840,0.627777099609375,0.10673130303621292,5.881846110286653,0.3981424235611511,0.0,0.1263296041187166,../raw_data/wavs/voice-0427.wav,..\notebooks\finetune-wav2vec2\train_set\wavs\voice-0427.wav
..\notebooks\finetune-wav2vec2\train_set\wavs\voice-0428.wav,16.24,16000,1,2,259840,0.58807373046875,0.10095188021659851,5.825287544986794,0.40889008620689654,0.0,0.12510824010252503,../raw_data/wavs/voice-0428.wav,..\notebooks\finetune-wav2vec2\train_set\wavs\voice-0428.wav
..\notebooks\finetune-wav2vec2\train_set\wavs\voice-0429.wav,10.48,16000,1,2,167680,0.659759521484375,0.10809509456157684,6.103510285645202,0.43702290076335876,0.0,0.12748764007418936,../raw_data/wavs/voice-0429.wav,..\notebooks\finetune-wav2vec2\train_set\wavs\voice-0429.wav
..\notebooks\finetune-wav2vec2\train_set\wavs\voice-0430.wav,10.24,16000,1,2,163840,0.55426025390625,0.10235179215669632,5.415247180603352,0.437481689453125,0.0,0.13571249824522855,../raw_data/wavs/voice-0430.wav,..\notebooks\finetune-wav2vec2\train_set\wavs\voice-0430.wav
..\notebooks\finetune-wav2vec2\train_set\wavs\voice-0431.wav,9.36,16000,1,2,149760,0.66387939453125,0.09520471841096878,6.973177439226192,0.4628605769230769,0.0,0.11976575698288584,../raw_data/wavs/voice-0431.wav,..\notebooks\finetune-wav2vec2\train_set\wavs\voice-0431.wav
..\notebooks\finetune-wav2vec2\train_set\wavs\voice-0432.wav,17.68,16000,1,2,282880,0.648345947265625,0.11019352823495865,5.883702588079385,0.40209629524886875,0.0,0.12337783999519229,../raw_data/wavs/voice-0432.wav,..\notebooks\finetune-wav2vec2\train_set\wavs\voice-0432.wav
..\notebooks\finetune-wav2vec2\train_set\wavs\voice-0433.wav,4.72,16000,1,2,75520,0.53411865234375,0.10691743344068527,4.995617975061697,0.43728813559322033,0.0,0.14763172181835035,../raw_data/wavs/voice-0433.wav,..\notebooks\finetune-wav2vec2\train_set\wavs\voice-0433.wav
..\notebooks\finetune-wav2vec2\train_set\wavs\voice-0434.wav,5.6,16000,1,2,89600,0.6292724609375,0.10469087213277817,6.010767205563073,0.3961160714285714,0.0,0.12180939519414279,../raw_data/wavs/voice-0434.wav,..\notebooks\finetune-wav2vec2\train_set\wavs\voice-0434.wav
..\notebooks\finetune-wav2vec2\train_set\wavs\voice-0435.wav,9.68,16000,1,2,154880,0.72308349609375,0.10636159777641296,6.798351202036032,0.4123127582644628,0.0,0.1403740984897888,../raw_data/wavs/voice-0435.wav,..\notebooks\finetune-wav2vec2\train_set\wavs\voice-0435.wav
..\notebooks\finetune-wav2vec2\train_set\wavs\voice-0436.wav,8.88,16000,1,2,142080,0.516082763671875,0.105321004986763,4.900093421409505,0.3463823198198198,0.0,0.1072009234299228,../raw_data/wavs/voice-0436.wav,..\notebooks\finetune-wav2vec2\train_set\wavs\voice-0436.wav
..\notebooks\finetune-wav2vec2\train_set\wavs\voice-0437.wav,13.68,16000,1,2,218880,0.54986572265625,0.10824108123779297,5.080009515502339,0.4052174707602339,0.0,0.12737174420570269,../raw_data/wavs/voice-0437.wav,..\notebooks\finetune-wav2vec2\train_set\wavs\voice-0437.wav
..\notebooks\finetune-wav2vec2\train_set\wavs\voice-0438.wav,5.76,16000,1,2,92160,0.53607177734375,0.09935951977968216,5.395273432605401,0.46102430555555557,0.0,0.14132097787519396,../raw_data/wavs/voice-0438.wav,..\notebooks\finetune-wav2vec2\train_set\wavs\voice-0438.wav
..\notebooks\finetune-wav2vec2\train_set\wavs\voice-0439.wav,14.4,16000,1,2,230400,0.52716064453125,0.09989321976900101,5.277241495972274,0.3727517361111111,0.0,0.1427176333230613,../raw_data/wavs/voice-0439.wav,..\notebooks\finetune-wav2vec2\train_set\wavs\voice-0439.wav
..\notebooks\finetune-wav2vec2\train_set\wavs\voice-0440.wav,5.44,16000,1,2,87040,0.4991455078125,0.11089810729026794,4.500938023279532,0.39917279411764706,0.0,0.11895816817748366,../raw_data/wavs/voice-0440.wav,..\notebooks\finetune-wav2vec2\train_set\wavs\voice-0440.wav
..\notebooks\finetune-wav2vec2\train_set\wavs\voice-0441.wav,13.6,16000,1,2,217600,0.6680908203125,0.10995229333639145,6.076188136144848,0.39980238970588233,0.0,0.12596105680632724,../raw_data/wavs/voice-0441.wav,..\notebooks\finetune-wav2vec2\train_set\wavs\voice-0441.wav
..\notebooks\finetune-wav2vec2\train_set\wavs\voice-0442.wav,9.2,16000,1,2,147200,0.55743408203125,0.10936230421066284,5.097131832166537,0.3485733695652174,0.0,0.11292196278507327,../raw_data/wavs/voice-0442.wav,..\notebooks\finetune-wav2vec2\train_set\wavs\voice-0442.wav
..\notebooks\finetune-wav2vec2\train_set\wavs\voice-0443.wav,11.84,16000,1,2,189440,0.670806884765625,0.10424245148897171,6.435064363740455,0.44206608952702703,0.0,0.1342331832410433,../raw_data/wavs/voice-0443.wav,..\notebooks\finetune-wav2vec2\train_set\wavs\voice-0443.wav
..\notebooks\finetune-wav2vec2\train_set\wavs\voice-0444.wav,12.72,16000,1,2,203520,0.689117431640625,0.09981716424226761,6.903796925827893,0.4506485849056604,0.0,0.1414609938138454,../raw_data/wavs/voice-0444.wav,..\notebooks\finetune-wav2vec2\train_set\wavs\voice-0444.wav
..\notebooks\finetune-wav2vec2\train_set\wavs\voice-0445.wav,10.88,16000,1,2,174080,0.5321044921875,0.10122547298669815,5.25662638550894,0.4259880514705882,0.0,0.14359572378058238,../raw_data/wavs/voice-0445.wav,..\notebooks\finetune-wav2vec2\train_set\wavs\voice-0445.wav
..\notebooks\finetune-wav2vec2\train_set\wavs\voice-0446.wav,7.76,16000,1,2,124160,0.460174560546875,0.10694146156311035,4.303050975933296,0.44093911082474224,0.0,0.133796180703775,../raw_data/wavs/voice-0446.wav,..\notebooks\finetune-wav2vec2\train_set\wavs\voice-0446.wav
..\notebooks\finetune-wav2vec2\train_set\wavs\voice-0447.wav,10.08,16000,1,2,161280,0.54534912109375,0.1023559495806694,5.327966994863802,0.38784722222222223,0.0,0.11129781310648007,../raw_data/wavs/voice-0447.wav,..\notebooks\finetune-wav2vec2\train_set\wavs\voice-0447.wav
..\notebooks\finetune-wav2vec2\train_set\wavs\voice-0448.wav,9.76,16000,1,2,156160,0.57379150390625,0.10534482449293137,5.4467934867056655,0.4520043545081967,0.0,0.11799512035809656,../raw_data/wavs/voice-0448.wav,..\notebooks\finetune-wav2vec2\train_set\wavs\voice-0448.wav
..\notebooks\finetune-wav2vec2\train_set\wavs\voice-0449.wav,4.48,16000,1,2,71680,0.49249267578125,0.10289279371500015,4.7864642216382185,0.40915178571428573,0.0,0.15524770155833648,../raw_data/wavs/voice-0449.wav,..\notebooks\finetune-wav2vec2\train_set\wavs\voice-0449.wav
..\notebooks\finetune-wav2vec2\train_set\wavs\voice-0450.wav,6.64,16000,1,2,106240,0.59893798828125,0.09724167734384537,6.159272491397004,0.43795180722891563,0.0,0.14341249447001572,../raw_data/wavs/voice-0450.wav,..\notebooks\finetune-wav2vec2\train_set\wavs\voice-0450.wav
..\notebooks\finetune-wav2vec2\train_set\wavs\voice-0451.wav,10.32,16000,1,2,165120,0.56805419921875,0.10491899400949478,5.41421698312646,0.39268410852713176,0.0,0.12195446920100049,../raw_data/wavs/voice-0451.wav,..\notebooks\finetune-wav2vec2\train_set\wavs\voice-0451.wav
..\notebooks\finetune-wav2vec2\train_set\wavs\voice-0452.wav,8.4,16000,1,2,134400,0.60614013671875,0.11135123670101166,5.443497123846879,0.39779761904761907,0.0,0.1274265433522571,../raw_data/wavs/voice-0452.wav,..\notebooks\finetune-wav2vec2\train_set\wavs\voice-0452.wav
..\notebooks\finetune-wav2vec2\train_set\wavs\voice-0453.wav,6.08,16000,1,2,97280,0.567169189453125,0.09984023123979568,5.680767987114346,0.39073807565789476,0.0,0.13910504836603996,../raw_data/wavs/voice-0453.wav,..\notebooks\finetune-wav2vec2\train_set\wavs\voice-0453.wav
..\notebooks\finetune-wav2vec2\train_set\wavs\voice-0454.wav,8.8,16000,1,2,140800,0.6416015625,0.10276629030704498,6.24330761169858,0.44362926136363634,0.0,0.13206059702128567,../raw_data/wavs/voice-0454.wav,..\notebooks\finetune-wav2vec2\train_set\wavs\voice-0454.wav
..\notebooks\finetune-wav2vec2\train_set\wavs\voice-0455.wav,10.96,16000,1,2,175360,0.64056396484375,0.10719605535268784,5.975630005565205,0.3629904197080292,0.0,0.09994354438608796,../raw_data/wavs/voice-0455.wav,..\notebooks\finetune-wav2vec2\train_set\wavs\voice-0455.wav
..\notebooks\finetune-wav2vec2\train_set\wavs\voice-0456.wav,10.4,16000,1,2,166400,0.574859619140625,0.10773719847202301,5.3357580046032425,0.3415324519230769,0.0,0.09189959074273282,../raw_data/wavs/voice-0456.wav,..\notebooks\finetune-wav2vec2\train_set\wavs\voice-0456.wav
..\notebooks\finetune-wav2vec2\train_set\wavs\voice-0457.wav,12.16,16000,1,2,194560,0.586883544921875,0.10905501991510391,5.381536268378534,0.3989360608552632,0.0,0.12721590879887335,../raw_data/wavs/voice-0457.wav,..\notebooks\finetune-wav2vec2\train_set\wavs\voice-0457.wav
..\notebooks\finetune-wav2vec2\train_set\wavs\voice-0458.wav,9.92,16000,1,2,158720,0.603912353515625,0.10531020164489746,5.734604474047041,0.372234122983871,0.0,0.10356668073765586,../raw_data/wavs/voice-0458.wav,..\notebooks\finetune-wav2vec2\train_set\wavs\voice-0458.wav
..\notebooks\finetune-wav2vec2\train_set\wavs\voice-0459.wav,10.8,16000,1,2,172800,0.467376708984375,0.10191497206687927,4.585947476663882,0.4089467592592593,0.0,0.11747174462815178,../raw_data/wavs/voice-0459.wav,..\notebooks\finetune-wav2vec2\train_set\wavs\voice-0459.wav
..\notebooks\finetune-wav2vec2\train_set\wavs\voice-0460.wav,13.2,16000,1,2,211200,0.5948486328125,0.10943127423524857,5.4358193027500645,0.4028219696969697,0.0,0.16471668899947442,../raw_data/wavs/voice-0460.wav,..\notebooks\finetune-wav2vec2\train_set\wavs\voice-0460.wav
..\notebooks\finetune-wav2vec2\train_set\wavs\voice-0461.wav,7.52,16000,1,2,120320,0.512664794921875,0.09915825724601746,5.17016745917512,0.4653257978723404,0.0,0.1393296154389581,../raw_data/wavs/voice-0461.wav,..\notebooks\finetune-wav2vec2\train_set\wavs\voice-0461.wav
..\notebooks\finetune-wav2vec2\train_set\wavs\voice-0462.wav,10.08,16000,1,2,161280,0.5904541015625,0.10265974700450897,5.751563965344337,0.44635416666666666,0.0,0.12769796439710068,../raw_data/wavs/voice-0462.wav,..\notebooks\finetune-wav2vec2\train_set\wavs\voice-0462.wav
..\notebooks\finetune-wav2vec2\train_set\wavs\voice-0463.wav,12.08,16000,1,2,193280,0.629364013671875,0.1042754277586937,6.0355927297493475,0.41516970198675496,0.0,0.122812100642077,../raw_data/wavs/voice-0463.wav,..\notebooks\finetune-wav2vec2\train_set\wavs\voice-0463.wav
..\notebooks\finetune-wav2vec2\train_set\wavs\voice-0464.wav,5.36,16000,1,2,85760,0.560943603515625,0.09912644326686859,5.658869470434347,0.3968400186567164,0.0,0.12258771674110006,../raw_data/wavs/voice-0464.wav,..\notebooks\finetune-wav2vec2\train_set\wavs\voice-0464.wav
..\notebooks\finetune-wav2vec2\train_set\wavs\voice-0465.wav,7.44,16000,1,2,119040,0.70574951171875,0.1036878377199173,6.806483067234251,0.4205897177419355,0.0,0.14672502289165737,../raw_data/wavs/voice-0465.wav,..\notebooks\finetune-wav2vec2\train_set\wavs\voice-0465.wav
..\notebooks\finetune-wav2vec2\train_set\wavs\voice-0466.wav,11.76,16000,1,2,188160,0.587677001953125,0.10503537952899933,5.595038591647804,0.42382546768707485,0.0,0.12096684187309668,../raw_data/wavs/voice-0466.wav,..\notebooks\finetune-wav2vec2\train_set\wavs\voice-0466.wav
..\notebooks\finetune-wav2vec2\train_set\wavs\voice-0467.wav,9.2,16000,1,2,147200,0.62493896484375,0.10602134466171265,5.894463674628656,0.4177038043478261,0.0,0.12526579664264023,../raw_data/wavs/voice-0467.wav,..\notebooks\finetune-wav2vec2\train_set\wavs\voice-0467.wav
..\notebooks\finetune-wav2vec2\train_set\wavs\voice-0468.wav,8.24,16000,1,2,131840,0.78619384765625,0.10232899338006973,7.6830018715827055,0.4226031553398058,0.0,0.11143136704616995,../raw_data/wavs/voice-0468.wav,..\notebooks\finetune-wav2vec2\train_set\wavs\voice-0468.wav
..\notebooks\finetune-wav2vec2\train_set\wavs\voice-0469.wav,8.56,16000,1,2,136960,0.6207275390625,0.10051687806844711,6.1753563281165045,0.4351708528037383,0.0,0.11410714155331157,../raw_data/wavs/voice-0469.wav,..\notebooks\finetune-wav2vec2\train_set\wavs\voice-0469.wav
..\notebooks\finetune-wav2vec2\train_set\wavs\voice-0470.wav,10.48,16000,1,2,167680,0.5618896484375,0.10299129039049149,5.4557006355303965,0.3955450858778626,0.0,0.14336917562724014,../raw_data/wavs/voice-0470.wav,..\notebooks\finetune-wav2vec2\train_set\wavs\voice-0470.wav
..\notebooks\finetune-wav2vec2\train_set\wavs\voice-0471.wav,9.76,16000,1,2,156160,0.573883056640625,0.10734338313341141,5.346235975508394,0.36841060450819674,0.0,0.09932824877208486,../raw_data/wavs/voice-0471.wav,..\notebooks\finetune-wav2vec2\train_set\wavs\voice-0471.wav
..\notebooks\finetune-wav2vec2\train_set\wavs\voice-0472.wav,9.92,16000,1,2,158720,0.79144287109375,0.10710746049880981,7.389241304087726,0.4197895665322581,0.0,0.12446524990706846,../raw_data/wavs/voice-0472.wav,..\notebooks\finetune-wav2vec2\train_set\wavs\voice-0472.wav
..\notebooks\finetune-wav2vec2\train_set\wavs\voice-0473.wav,6.16,16000,1,2,98560,0.55084228515625,0.10019291937351227,5.4978164984169,0.4243810876623377,0.0,0.12050649864548138,../raw_data/wavs/voice-0473.wav,..\notebooks\finetune-wav2vec2\train_set\wavs\voice-0473.wav
..\notebooks\finetune-wav2vec2\train_set\wavs\voice-0474.wav,8.64,16000,1,2,138240,0.561248779296875,0.10251013189554214,5.4750566497054916,0.42430555555555555,0.0,0.12130440758396689,../raw_data/wavs/voice-0474.wav,..\notebooks\finetune-wav2vec2\train_set\wavs\voice-0474.wav
..\notebooks\finetune-wav2vec2\train_set\wavs\voice-0475.wav,10.0,16000,1,2,160000,0.557769775390625,0.108371801674366,5.146816485220053,0.35543125,0.0,0.12142575891099319,../raw_data/wavs/voice-0475.wav,..\notebooks\finetune-wav2vec2\train_set\wavs\voice-0475.wav
..\notebooks\finetune-wav2vec2\train_set\wavs\voice-0476.wav,11.92,16000,1,2,190720,0.569610595703125,0.10744420439004898,5.301454824266723,0.44289010067114093,0.0,0.11966295964219612,../raw_data/wavs/voice-0476.wav,..\notebooks\finetune-wav2vec2\train_set\wavs\voice-0476.wav
..\notebooks\finetune-wav2vec2\train_set\wavs\voice-0477.wav,7.92,16000,1,2,126720,0.59588623046875,0.10185828059911728,5.8501501003533924,0.41504892676767674,0.0,0.1278655923736772,../raw_data/wavs/voice-0477.wav,..\notebooks\finetune-wav2vec2\train_set\wavs\voice-0477.wav
..\notebooks\finetune-wav2vec2\train_set\wavs\voice-0478.wav,8.32,16000,1,2,133120,0.586273193359375,0.10112089663743973,5.797745202570811,0.3929311899038462,0.0,0.10266002599178178,../raw_data/wavs/voice-0478.wav,..\notebooks\finetune-wav2vec2\train_set\wavs\voice-0478.wav
..\notebooks\finetune-wav2vec2\train_set\wavs\voice-0479.wav,12.48,16000,1,2,199680,0.579376220703125,0.10704496502876282,5.412456536815603,0.41663161057692305,0.0,0.16236559678283646,../raw_data/wavs/voice-0479.wav,..\notebooks\finetune-wav2vec2\train_set\wavs\voice-0479.wav
..\notebooks\finetune-wav2vec2\train_set\wavs\voice-0480.wav,11.44,16000,1,2,183040,0.6177978515625,0.10677328705787659,5.786071297286389,0.40172093531468533,0.0,0.12376597337179508,../raw_data/wavs/voice-0480.wav,..\notebooks\finetune-wav2vec2\train_set\wavs\voice-0480.wav
..\notebooks\finetune-wav2vec2\train_set\wavs\voice-0481.wav,12.0,16000,1,2,192000,0.5699462890625,0.10552942007780075,5.400828400670747,0.3570729166666667,0.0,0.11561518549575779,../raw_data/wavs/voice-0481.wav,..\notebooks\finetune-wav2vec2\train_set\wavs\voice-0481.wav
..\notebooks\finetune-wav2vec2\train_set\wavs\voice-0482.wav,12.08,16000,1,2,193280,0.536895751953125,0.10541272163391113,5.093272838715952,0.4043408526490066,0.0,0.10856326864273926,../raw_data/wavs/voice-0482.wav,..\notebooks\finetune-wav2vec2\train_set\wavs\voice-0482.wav
..\notebooks\finetune-wav2vec2\train_set\wavs\voice-0483.wav,8.96,16000,1,2,143360,0.558441162109375,0.1004786565899849,5.557808802999433,0.38028041294642856,0.0,0.11490035505269987,../raw_data/wavs/voice-0483.wav,..\notebooks\finetune-wav2vec2\train_set\wavs\voice-0483.wav
..\notebooks\finetune-wav2vec2\train_set\wavs\voice-0484.wav,7.6,16000,1,2,121600,0.538543701171875,0.10342851281166077,5.206917188807904,0.3430509868421053,0.0,0.10077385504815006,../raw_data/wavs/voice-0484.wav,..\notebooks\finetune-wav2vec2\train_set\wavs\voice-0484.wav
..\notebooks\finetune-wav2vec2\train_set\wavs\voice-0485.wav,10.88,16000,1,2,174080,0.591156005859375,0.10042941570281982,5.886283433219026,0.3954503676470588,0.0,0.128889756949431,../raw_data/wavs/voice-0485.wav,..\notebooks\finetune-wav2vec2\train_set\wavs\voice-0485.wav
..\notebooks\finetune-wav2vec2\train_set\wavs\voice-0486.wav,7.92,16000,1,2,126720,0.4569091796875,0.10272006690502167,4.4481004876094286,0.34778251262626264,0.0,0.11177487196079515,../raw_data/wavs/voice-0486.wav,..\notebooks\finetune-wav2vec2\train_set\wavs\voice-0486.wav
..\notebooks\finetune-wav2vec2\train_set\wavs\voice-0487.wav,9.36,16000,1,2,149760,0.640655517578125,0.1012091189622879,6.330017731078592,0.4323384081196581,0.0,0.1264498293925574,../raw_data/wavs/voice-0487.wav,..\notebooks\finetune-wav2vec2\train_set\wavs\voice-0487.wav
..\notebooks\finetune-wav2vec2\train_set\wavs\voice-0488.wav,7.76,16000,1,2,124160,0.509735107421875,0.10368389636278152,4.916241820603976,0.3369039948453608,0.0,0.08483476832126548,../raw_data/wavs/voice-0488.wav,..\notebooks\finetune-wav2vec2\train_set\wavs\voice-0488.wav
..\notebooks\finetune-wav2vec2\train_set\wavs\voice-0489.wav,13.92,16000,1,2,222720,0.617431640625,0.10093531012535095,6.117102526937455,0.39764727011494255,0.0,0.1393594619228714,../raw_data/wavs/voice-0489.wav,..\notebooks\finetune-wav2vec2\train_set\wavs\voice-0489.wav
..\notebooks\finetune-wav2vec2\train_set\wavs\voice-0490.wav,7.92,16000,1,2,126720,0.55126953125,0.1025913804769516,5.373448809121439,0.37435290404040406,0.0,0.14166778462582563,../raw_data/wavs/voice-0490.wav,..\notebooks\finetune-wav2vec2\train_set\wavs\voice-0490.wav
..\notebooks\finetune-wav2vec2\train_set\wavs\voice-0491.wav,14.32,16000,1,2,229120,0.5755615234375,0.10327035933732986,5.573346767947652,0.4133554469273743,0.0,0.11440779682173892,../raw_data/wavs/voice-0491.wav,..\notebooks\finetune-wav2vec2\train_set\wavs\voice-0491.wav
..\notebooks\finetune-wav2vec2\train_set\wavs\voice-0492.wav,5.84,16000,1,2,93440,0.67626953125,0.10251887142658234,6.596537026203047,0.41410530821917807,0.0,0.1307269983625681,../raw_data/wavs/voice-0492.wav,..\notebooks\finetune-wav2vec2\train_set\wavs\voice-0492.wav
..\notebooks\finetune-wav2vec2\train_set\wavs\voice-0493.wav,14.8,16000,1,2,236800,0.628173828125,0.1059499979019165,5.928964988810416,0.4379560810810811,0.0,0.13909687118611141,../raw_data/wavs/voice-0493.wav,..\notebooks\finetune-wav2vec2\train_set\wavs\voice-0493.wav
..\notebooks\finetune-wav2vec2\train_set\wavs\voice-0494.wav,11.12,16000,1,2,177920,0.67547607421875,0.10668370872735977,6.331576604118559,0.3937218974820144,0.0,0.12529297039664117,../raw_data/wavs/voice-0494.wav,..\notebooks\finetune-wav2vec2\train_set\wavs\voice-0494.wav
..\notebooks\finetune-wav2vec2\train_set\wavs\voice-0495.wav,10.64,16000,1,2,170240,0.68310546875,0.10842802375555038,6.300082258162822,0.4025845864661654,0.0,0.1211473281680461,../raw_data/wavs/voice-0495.wav,..\notebooks\finetune-wav2vec2\train_set\wavs\voice-0495.wav
..\notebooks\finetune-wav2vec2\train_set\wavs\voice-0496.wav,8.72,16000,1,2,139520,0.5523681640625,0.10103360563516617,5.467172636173251,0.43871129587155966,0.0,0.13019015331245207,../raw_data/wavs/voice-0496.wav,..\notebooks\finetune-wav2vec2\train_set\wavs\voice-0496.wav
..\notebooks\finetune-wav2vec2\train_set\wavs\voice-0497.wav,21.75,16000,1,2,348000,0.58673095703125,0.10147567093372345,5.781986476487158,0.43666666666666665,0.0,0.13781648797841373,../raw_data/wavs/voice-0497.wav,..\notebooks\finetune-wav2vec2\train_set\wavs\voice-0497.wav
..\notebooks\finetune-wav2vec2\train_set\wavs\voice-0498.wav,8.32,16000,1,2,133120,0.640960693359375,0.10332951694726944,6.203074516321087,0.39717548076923076,0.0,0.11691043352188643,../raw_data/wavs/voice-0498.wav,..\notebooks\finetune-wav2vec2\train_set\wavs\voice-0498.wav
..\notebooks\finetune-wav2vec2\train_set\wavs\voice-0499.wav,11.84,16000,1,2,189440,0.571502685546875,0.1020725667476654,5.598984171326782,0.4464579814189189,0.0,0.14043570753646292,../raw_data/wavs/voice-0499.wav,..\notebooks\finetune-wav2vec2\train_set\wavs\voice-0499.wav
..\notebooks\finetune-wav2vec2\train_set\wavs\voice-0500.wav,6.0,16000,1,2,96000,0.563690185546875,0.1103607565164566,5.107704979014162,0.37767708333333333,0.0,0.10383441494182231,../raw_data/wavs/voice-0500.wav,..\notebooks\finetune-wav2vec2\train_set\wavs\voice-0500.wav
..\notebooks\finetune-wav2vec2\train_set\wavs\voice-0501.wav,9.76,16000,1,2,156160,0.5694580078125,0.10572055727243423,5.386445384931597,0.42473104508196724,0.0,0.13794914158005622,../raw_data/wavs/voice-0501.wav,..\notebooks\finetune-wav2vec2\train_set\wavs\voice-0501.wav
..\notebooks\finetune-wav2vec2\train_set\wavs\voice-0502.wav,6.56,16000,1,2,104960,0.596588134765625,0.11202520877122879,5.325481124377476,0.33346989329268295,0.0,0.09818119456168599,../raw_data/wavs/voice-0502.wav,..\notebooks\finetune-wav2vec2\train_set\wavs\voice-0502.wav
..\notebooks\finetune-wav2vec2\train_set\wavs\voice-0503.wav,13.6,16000,1,2,217600,0.609405517578125,0.10628768056631088,5.733547992873251,0.3846737132352941,0.0,0.12529928905923282,../raw_data/wavs/voice-0503.wav,..\notebooks\finetune-wav2vec2\train_set\wavs\voice-0503.wav
..\notebooks\finetune-wav2vec2\train_set\wavs\voice-0504.wav,8.4,16000,1,2,134400,0.557830810546875,0.10320287197828293,5.405186889220097,0.40911458333333334,0.0,0.1474341326944397,../raw_data/wavs/voice-0504.wav,..\notebooks\finetune-wav2vec2\train_set\wavs\voice-0504.wav
..\notebooks\finetune-wav2vec2\train_set\wavs\voice-0505.wav,13.36,16000,1,2,213760,0.5736083984375,0.10525759309530258,5.449567879802667,0.4245181511976048,0.0,0.1353533652384227,../raw_data/wavs/voice-0505.wav,..\notebooks\finetune-wav2vec2\train_set\wavs\voice-0505.wav
..\notebooks\finetune-wav2vec2\train_set\wavs\voice-0506.wav,16.95,16000,1,2,271200,0.633758544921875,0.10456165671348572,6.061098923274201,0.44373893805309733,0.0,0.12215015542092707,../raw_data/wavs/voice-0506.wav,..\notebooks\finetune-wav2vec2\train_set\wavs\voice-0506.wav
..\notebooks\finetune-wav2vec2\train_set\wavs\voice-0507.wav,5.68,16000,1,2,90880,0.514801025390625,0.10280741751194,5.007430765691943,0.35957306338028167,0.0,0.10741755521077477,../raw_data/wavs/voice-0507.wav,..\notebooks\finetune-wav2vec2\train_set\wavs\voice-0507.wav
..\notebooks\finetune-wav2vec2\train_set\wavs\voice-0508.wav,3.68,16000,1,2,58880,0.51019287109375,0.10215656459331512,4.994225022394065,0.4174252717391304,0.0,0.1497308038519676,../raw_data/wavs/voice-0508.wav,..\notebooks\finetune-wav2vec2\train_set\wavs\voice-0508.wav
..\notebooks\finetune-wav2vec2\train_set\wavs\voice-0509.wav,12.48,16000,1,2,199680,0.54638671875,0.10428120195865631,5.239551409913959,0.4227113381410256,0.0,0.13546241717957322,../raw_data/wavs/voice-0509.wav,..\notebooks\finetune-wav2vec2\train_set\wavs\voice-0509.wav
..\notebooks\finetune-wav2vec2\train_set\wavs\voice-0510.wav,8.88,16000,1,2,142080,0.65350341796875,0.10339871793985367,6.320227474666451,0.4391751126126126,0.0,0.1368534406914463,../raw_data/wavs/voice-0510.wav,..\notebooks\finetune-wav2vec2\train_set\wavs\voice-0510.wav
..\notebooks\finetune-wav2vec2\train_set\wavs\voice-0511.wav,13.52,16000,1,2,216320,0.60162353515625,0.10309423506259918,5.835666124210943,0.4063748150887574,0.0,0.11859337367498925,../raw_data/wavs/voice-0511.wav,..\notebooks\finetune-wav2vec2\train_set\wavs\voice-0511.wav
..\notebooks\finetune-wav2vec2\train_set\wavs\voice-0512.wav,11.92,16000,1,2,190720,0.6651611328125,0.1040618047118187,6.391981521505893,0.40791212248322145,0.0,0.12572423303393998,../raw_data/wavs/voice-0512.wav,..\notebooks\finetune-wav2vec2\train_set\wavs\voice-0512.wav
..\notebooks\finetune-wav2vec2\train_set\wavs\voice-0513.wav,7.36,16000,1,2,117760,0.591033935546875,0.10258811712265015,5.761231925528558,0.4150475543478261,0.0,0.11347752613388361,../raw_data/wavs/voice-0513.wav,..\notebooks\finetune-wav2vec2\train_set\wavs\voice-0513.wav
..\notebooks\finetune-wav2vec2\train_set\wavs\voice-0514.wav,16.95,16000,1,2,271200,0.661956787109375,0.10210799425840378,6.482908531472736,0.4546202064896755,0.0,0.13282866087264333,../raw_data/wavs/voice-0514.wav,..\notebooks\finetune-wav2vec2\train_set\wavs\voice-0514.wav
..\notebooks\finetune-wav2vec2\train_set\wavs\voice-0515.wav,12.24,16000,1,2,195840,0.590545654296875,0.11012494564056396,5.362505750734741,0.3837111928104575,0.0,0.10666414759062291,../raw_data/wavs/voice-0515.wav,..\notebooks\finetune-wav2vec2\train_set\wavs\voice-0515.wav
..\notebooks\finetune-wav2vec2\train_set\wavs\voice-0516.wav,12.08,16000,1,2,193280,0.5654296875,0.10686255246400833,5.2911864302552445,0.4137003311258278,0.0,0.13397213354787638,../raw_data/wavs/voice-0516.wav,..\notebooks\finetune-wav2vec2\train_set\wavs\voice-0516.wav
..\notebooks\finetune-wav2vec2\train_set\wavs\voice-0517.wav,12.0,16000,1,2,192000,0.649200439453125,0.10189343988895416,6.37136640161171,0.42828645833333334,0.0,0.149505987010349,../raw_data/wavs/voice-0517.wav,..\notebooks\finetune-wav2vec2\train_set\wavs\voice-0517.wav
..\notebooks\finetune-wav2vec2\train_set\wavs\voice-0518.wav,10.56,16000,1,2,168960,0.5616455078125,0.10725662857294083,5.23646431260468,0.4094105113636364,0.0,0.12411886907474594,../raw_data/wavs/voice-0518.wav,..\notebooks\finetune-wav2vec2\train_set\wavs\voice-0518.wav
..\notebooks\finetune-wav2vec2\train_set\wavs\voice-0519.wav,4.64,16000,1,2,74240,0.557525634765625,0.09874600172042847,5.646057815526567,0.3902209051724138,0.0,0.14305149584450222,../raw_data/wavs/voice-0519.wav,..\notebooks\finetune-wav2vec2\train_set\wavs\voice-0519.wav
..\notebooks\finetune-wav2vec2\train_set\wavs\voice-0520.wav,7.52,16000,1,2,120320,0.646331787109375,0.10165663808584213,6.357989003763745,0.440234375,0.0,0.1371022033095355,../raw_data/wavs/voice-0520.wav,..\notebooks\finetune-wav2vec2\train_set\wavs\voice-0520.wav
..\notebooks\finetune-wav2vec2\train_set\wavs\voice-0521.wav,12.8,16000,1,2,204800,0.79705810546875,0.10072703659534454,7.91305028331975,0.451552734375,0.0,0.13914618723724237,../raw_data/wavs/voice-0521.wav,..\notebooks\finetune-wav2vec2\train_set\wavs\voice-0521.wav
..\notebooks\finetune-wav2vec2\train_set\wavs\voice-0522.wav,8.4,16000,1,2,134400,0.698516845703125,0.10492812097072601,6.657098585592749,0.38149553571428574,0.0,0.13870638918444333,../raw_data/wavs/voice-0522.wav,..\notebooks\finetune-wav2vec2\train_set\wavs\voice-0522.wav
..\notebooks\finetune-wav2vec2\train_set\wavs\voice-0523.wav,11.12,16000,1,2,177920,0.624725341796875,0.10606133192777634,5.890227196300804,0.43362185251798563,0.0,0.16336647575582147,../raw_data/wavs/voice-0523.wav,..\notebooks\finetune-wav2vec2\train_set\wavs\voice-0523.wav
..\notebooks\finetune-wav2vec2\train_set\wavs\voice-0524.wav,6.24,16000,1,2,99840,0.553009033203125,0.10286845266819,5.375885598152211,0.4215645032051282,0.0,0.1199130600266429,../raw_data/wavs/voice-0524.wav,..\notebooks\finetune-wav2vec2\train_set\wavs\voice-0524.wav
..\notebooks\finetune-wav2vec2\train_set\wavs\voice-0525.wav,7.92,16000,1,2,126720,0.532257080078125,0.10031048208475113,5.306096322300867,0.4196969696969697,0.0,0.13239529983664644,../raw_data/wavs/voice-0525.wav,..\notebooks\finetune-wav2vec2\train_set\wavs\voice-0525.wav
..\notebooks\finetune-wav2vec2\train_set\wavs\voice-0526.wav,10.64,16000,1,2,170240,0.57989501953125,0.10455550998449326,5.546288470280092,0.4275375939849624,0.0,0.12261585183183642,../raw_data/wavs/voice-0526.wav,..\notebooks\finetune-wav2vec2\train_set\wavs\voice-0526.wav
..\notebooks\finetune-wav2vec2\train_set\wavs\voice-0527.wav,14.72,16000,1,2,235520,0.656158447265625,0.10206004232168198,6.429141438110383,0.46365064538043477,0.0,0.13570879631791916,../raw_data/wavs/voice-0527.wav,..\notebooks\finetune-wav2vec2\train_set\wavs\voice-0527.wav
..\notebooks\finetune-wav2vec2\train_set\wavs\voice-0528.wav,8.4,16000,1,2,134400,0.50567626953125,0.10814102739095688,4.676081610572311,0.3872470238095238,0.0,0.12223305232925841,../raw_data/wavs/voice-0528.wav,..\notebooks\finetune-wav2vec2\train_set\wavs\voice-0528.wav
..\notebooks\finetune-wav2vec2\train_set\wavs\voice-0529.wav,9.84,16000,1,2,157440,0.499359130859375,0.11027345061302185,4.5283713176960045,0.36084857723577235,0.0,0.1185030392723531,../raw_data/wavs/voice-0529.wav,..\notebooks\finetune-wav2vec2\train_set\wavs\voice-0529.wav
..\notebooks\finetune-wav2vec2\train_set\wavs\voice-0530.wav,10.88,16000,1,2,174080,0.569122314453125,0.10156338661909103,5.603616946996785,0.4307215073529412,0.0,0.14578438525037482,../raw_data/wavs/voice-0530.wav,..\notebooks\finetune-wav2vec2\train_set\wavs\voice-0530.wav
..\notebooks\finetune-wav2vec2\train_set\wavs\voice-0531.wav,10.32,16000,1,2,165120,0.613037109375,0.10827368497848511,5.661921541663753,0.35658914728682173,0.0,0.11523810100594117,../raw_data/wavs/voice-0531.wav,..\notebooks\finetune-wav2vec2\train_set\wavs\voice-0531.wav
..\notebooks\finetune-wav2vec2\train_set\wavs\voice-0532.wav,12.8,16000,1,2,204800,0.63348388671875,0.10523014515638351,6.019984917604396,0.39099609375,0.0,0.1208062539367868,../raw_data/wavs/voice-0532.wav,..\notebooks\finetune-wav2vec2\train_set\wavs\voice-0532.wav
..\notebooks\finetune-wav2vec2\train_set\wavs\voice-0533.wav,6.88,16000,1,2,110080,0.55010986328125,0.10643413662910461,5.168547241551273,0.33723655523255813,0.0,0.10419789423959157,../raw_data/wavs/voice-0533.wav,..\notebooks\finetune-wav2vec2\train_set\wavs\voice-0533.wav
..\notebooks\finetune-wav2vec2\train_set\wavs\voice-0534.wav,8.96,16000,1,2,143360,0.55377197265625,0.10327138751745224,5.362298173467127,0.43893694196428573,0.0,0.1418815700444339,../raw_data/wavs/voice-0534.wav,..\notebooks\finetune-wav2vec2\train_set\wavs\voice-0534.wav
..\notebooks\finetune-wav2vec2\train_set\wavs\voice-0535.wav,14.72,16000,1,2,235520,0.607177734375,0.10059492290019989,6.035868579345504,0.4561141304347826,0.0,0.14906228372233238,../raw_data/wavs/voice-0535.wav,..\notebooks\finetune-wav2vec2\train_set\wavs\voice-0535.wav
..\notebooks\finetune-wav2vec2\train_set\wavs\voice-0536.wav,9.28,16000,1,2,148480,0.6497802734375,0.10606644302606583,6.126162572245555,0.4018925107758621,0.0,0.1293650954006964,../raw_data/wavs/voice-0536.wav,..\notebooks\finetune-wav2vec2\train_set\wavs\voice-0536.wav
..\notebooks\finetune-wav2vec2\train_set\wavs\voice-0537.wav,4.32,16000,1,2,69120,0.522674560546875,0.10221179574728012,5.11364228292392,0.40261863425925926,0.0,0.10654089324208973,../raw_data/wavs/voice-0537.wav,..\notebooks\finetune-wav2vec2\train_set\wavs\voice-0537.wav
..\notebooks\finetune-wav2vec2\train_set\wavs\voice-0538.wav,9.2,16000,1,2,147200,0.72552490234375,0.10562647134065628,6.868779134009478,0.3648709239130435,0.0,0.11582279770922357,../raw_data/wavs/voice-0538.wav,..\notebooks\finetune-wav2vec2\train_set\wavs\voice-0538.wav
..\notebooks\finetune-wav2vec2\train_set\wavs\voice-0539.wav,12.56,16000,1,2,200960,0.4969482421875,0.10656142979860306,4.663490750140204,0.4265077627388535,0.0,0.1370926407874243,../raw_data/wavs/voice-0539.wav,..\notebooks\finetune-wav2vec2\train_set\wavs\voice-0539.wav
..\notebooks\finetune-wav2vec2\train_set\wavs\voice-0540.wav,7.28,16000,1,2,116480,0.721466064453125,0.10678509622812271,6.756243052044196,0.45022321428571427,0.0,0.15656041003099272,../raw_data/wavs/voice-0540.wav,..\notebooks\finetune-wav2vec2\train_set\wavs\voice-0540.wav
..\notebooks\finetune-wav2vec2\train_set\wavs\voice-0541.wav,16.72,16000,1,2,267520,0.637451171875,0.10267486423254013,6.208444263741977,0.4401166267942584,0.0,0.14420657971957132,../raw_data/wavs/voice-0541.wav,..\notebooks\finetune-wav2vec2\train_set\wavs\voice-0541.wav
..\notebooks\finetune-wav2vec2\train_set\wavs\voice-0542.wav,10.32,16000,1,2,165120,0.643157958984375,0.10061044991016388,6.392556236043646,0.4339026162790698,0.0,0.14960119671267388,../raw_data/wavs/voice-0542.wav,..\notebooks\finetune-wav2vec2\train_set\wavs\voice-0542.wav
..\notebooks\finetune-wav2vec2\train_set\wavs\voice-0543.wav,10.88,16000,1,2,174080,0.556732177734375,0.10689318925142288,5.208303556411702,0.39978745404411764,0.0,0.1299410037971266,../raw_data/wavs/voice-0543.wav,..\notebooks\finetune-wav2vec2\train_set\wavs\voice-0543.wav
..\notebooks\finetune-wav2vec2\train_set\wavs\voice-0544.wav,8.16,16000,1,2,130560,0.622650146484375,0.1047707200050354,5.942978596066245,0.4252374387254902,0.0,0.11211023368745165,../raw_data/wavs/voice-0544.wav,..\notebooks\finetune-wav2vec2\train_set\wavs\voice-0544.wav
..\notebooks\finetune-wav2vec2\train_set\wavs\voice-0545.wav,13.68,16000,1,2,218880,0.60076904296875,0.10509016364812851,5.716700993827492,0.4424936038011696,0.0,0.1351066114154396,../raw_data/wavs/voice-0545.wav,..\notebooks\finetune-wav2vec2\train_set\wavs\voice-0545.wav
..\notebooks\finetune-wav2vec2\train_set\wavs\voice-0546.wav,11.52,16000,1,2,184320,0.526641845703125,0.10378803312778473,5.0742058581524425,0.41047092013888886,0.0,0.11242465508167905,../raw_data/wavs/voice-0546.wav,..\notebooks\finetune-wav2vec2\train_set\wavs\voice-0546.wav
..\notebooks\finetune-wav2vec2\train_set\wavs\voice-0547.wav,10.24,16000,1,2,163840,0.64935302734375,0.10291598737239838,6.309544745405646,0.42965087890625,0.0,0.14986053381673473,../raw_data/wavs/voice-0547.wav,..\notebooks\finetune-wav2vec2\train_set\wavs\voice-0547.wav
..\notebooks\finetune-wav2vec2\train_set\wavs\voice-0548.wav,9.52,16000,1,2,152320,0.58001708984375,0.10459345579147339,5.545443407091573,0.42999606092436976,0.0,0.14457158988701344,../raw_data/wavs/voice-0548.wav,..\notebooks\finetune-wav2vec2\train_set\wavs\voice-0548.wav
..\notebooks\finetune-wav2vec2\train_set\wavs\voice-0549.wav,5.6,16000,1,2,89600,0.55859375,0.10041024535894394,5.563115078577425,0.43409598214285716,0.0,0.137713590553466,../raw_data/wavs/voice-0549.wav,..\notebooks\finetune-wav2vec2\train_set\wavs\voice-0549.wav
..\notebooks\finetune-wav2vec2\train_set\wavs\voice-0550.wav,11.92,16000,1,2,190720,0.559295654296875,0.10045286267995834,5.567742315903773,0.4058567533557047,0.0,0.13116155181182787,../raw_data/wavs/voice-0550.wav,..\notebooks\finetune-wav2vec2\train_set\wavs\voice-0550.wav
..\notebooks\finetune-wav2vec2\train_set\wavs\voice-0551.wav,14.72,16000,1,2,235520,0.589111328125,0.10222496092319489,5.76289120391662,0.4439028532608696,0.0,0.1480475035984358,../raw_data/wavs/voice-0551.wav,..\notebooks\finetune-wav2vec2\train_set\wavs\voice-0551.wav
..\notebooks\finetune-wav2vec2\train_set\wavs\voice-0552.wav,9.36,16000,1,2,149760,0.6192626953125,0.10704291611909866,5.785181474535808,0.3773036858974359,0.0,0.12995546177525225,../raw_data/wavs/voice-0552.wav,..\notebooks\finetune-wav2vec2\train_set\wavs\voice-0552.wav
..\notebooks\finetune-wav2vec2\train_set\wavs\voice-0553.wav,7.6,16000,1,2,121600,0.65692138671875,0.09539487212896347,6.8863385636773415,0.41273026315789474,0.0,0.12395661148529181,../raw_data/wavs/voice-0553.wav,..\notebooks\finetune-wav2vec2\train_set\wavs\voice-0553.wav
..\notebooks\finetune-wav2vec2\train_set\wavs\voice-0554.wav,13.44,16000,1,2,215040,0.57598876953125,0.1079062670469284,5.337862065794127,0.402632068452381,0.0,0.13663102972019028,../raw_data/wavs/voice-0554.wav,..\notebooks\finetune-wav2vec2\train_set\wavs\voice-0554.wav
..\notebooks\finetune-wav2vec2\train_set\wavs\voice-0555.wav,9.36,16000,1,2,149760,0.561553955078125,0.10610265284776688,5.29255339057193,0.4045940170940171,0.0,0.11660067174593848,../raw_data/wavs/voice-0555.wav,..\notebooks\finetune-wav2vec2\train_set\wavs\voice-0555.wav
..\notebooks\finetune-wav2vec2\train_set\wavs\voice-0556.wav,8.16,16000,1,2,130560,0.5518798828125,0.11096376925706863,4.973514206551199,0.38590686274509806,0.0,0.12184529599644606,../raw_data/wavs/voice-0556.wav,..\notebooks\finetune-wav2vec2\train_set\wavs\voice-0556.wav
..\notebooks\finetune-wav2vec2\train_set\wavs\voice-0557.wav,13.6,16000,1,2,217600,0.64312744140625,0.1044277474284172,6.158587705313656,0.38814338235294116,0.0,0.11905845155538398,../raw_data/wavs/voice-0557.wav,..\notebooks\finetune-wav2vec2\train_set\wavs\voice-0557.wav
..\notebooks\finetune-wav2vec2\train_set\wavs\voice-0558.wav,4.4,16000,1,2,70400,0.598297119140625,0.108854740858078,5.496289040094903,0.41274147727272725,0.0,0.1272603304024205,../raw_data/wavs/voice-0558.wav,..\notebooks\finetune-wav2vec2\train_set\wavs\voice-0558.wav
..\notebooks\finetune-wav2vec2\train_set\wavs\voice-0559.wav,15.68,16000,1,2,250880,0.56439208984375,0.10408557951450348,5.42238504580845,0.40315688775510206,0.0,0.13451105911614764,../raw_data/wavs/voice-0559.wav,..\notebooks\finetune-wav2vec2\train_set\wavs\voice-0559.wav
..\notebooks\finetune-wav2vec2\train_set\wavs\voice-0560.wav,11.52,16000,1,2,184320,0.534393310546875,0.10616883635520935,5.033429101162548,0.3779296875,0.0,0.11756791215230117,../raw_data/wavs/voice-0560.wav,..\notebooks\finetune-wav2vec2\train_set\wavs\voice-0560.wav
..\notebooks\finetune-wav2vec2\train_set\wavs\voice-0561.wav,6.64,16000,1,2,106240,0.50701904296875,0.10526350885629654,4.81666484879315,0.3769390060240964,0.0,0.12352337653780626,../raw_data/wavs/voice-0561.wav,..\notebooks\finetune-wav2vec2\train_set\wavs\voice-0561.wav
..\notebooks\finetune-wav2vec2\train_set\wavs\voice-0562.wav,5.12,16000,1,2,81920,0.45257568359375,0.10577388107776642,4.278709252060158,0.315283203125,0.0,0.10296756552204006,../raw_data/wavs/voice-0562.wav,..\notebooks\finetune-wav2vec2\train_set\wavs\voice-0562.wav
..\notebooks\finetune-wav2vec2\train_set\wavs\voice-0563.wav,10.4,16000,1,2,166400,0.63140869140625,0.1125820130109787,5.608433128164769,0.3881670673076923,0.0,0.10387081653134934,../raw_data/wavs/voice-0563.wav,..\notebooks\finetune-wav2vec2\train_set\wavs\voice-0563.wav
..\notebooks\finetune-wav2vec2\train_set\wavs\voice-0564.wav,8.4,16000,1,2,134400,0.55657958984375,0.09922587126493454,5.6092184704296955,0.4030133928571429,0.0,0.14020193602630973,../raw_data/wavs/voice-0564.wav,..\notebooks\finetune-wav2vec2\train_set\wavs\voice-0564.wav
..\notebooks\finetune-wav2vec2\train_set\wavs\voice-0565.wav,8.0,16000,1,2,128000,0.496124267578125,0.10415437817573547,4.763354899407441,0.4364765625,0.0,0.14496988257720764,../raw_data/wavs/voice-0565.wav,..\notebooks\finetune-wav2vec2\train_set\wavs\voice-0565.wav
..\notebooks\finetune-wav2vec2\train_set\wavs\voice-0566.wav,10.24,16000,1,2,163840,0.534210205078125,0.10023225843906403,5.329723318595049,0.412969970703125,0.0,0.15822850481265144,../raw_data/wavs/voice-0566.wav,..\notebooks\finetune-wav2vec2\train_set\wavs\voice-0566.wav
..\notebooks\finetune-wav2vec2\train_set\wavs\voice-0567.wav,7.2,16000,1,2,115200,0.522430419921875,0.10880301892757416,4.801616950257935,0.37118055555555557,0.0,0.12787437390949574,../raw_data/wavs/voice-0567.wav,..\notebooks\finetune-wav2vec2\train_set\wavs\voice-0567.wav
..\notebooks\finetune-wav2vec2\train_set\wavs\voice-0568.wav,10.56,16000,1,2,168960,0.557708740234375,0.10773243755102158,5.17679496456438,0.4235026041666667,0.0,0.13035115027906177,../raw_data/wavs/voice-0568.wav,..\notebooks\finetune-wav2vec2\train_set\wavs\voice-0568.wav
..\notebooks\finetune-wav2vec2\train_set\wavs\voice-0569.wav,8.88,16000,1,2,142080,0.62713623046875,0.10021163523197174,6.258117922305564,0.4174831081081081,0.0,0.11892679424827032,../raw_data/wavs/voice-0569.wav,..\notebooks\finetune-wav2vec2\train_set\wavs\voice-0569.wav
..\notebooks\finetune-wav2vec2\train_set\wavs\voice-0570.wav,14.24,16000,1,2,227840,0.5654296875,0.10791298002004623,5.239681893642119,0.44199877106741575,0.0,0.1536699160372017,../raw_data/wavs/voice-0570.wav,..\notebooks\finetune-wav2vec2\train_set\wavs\voice-0570.wav
..\notebooks\finetune-wav2vec2\train_set\wavs\voice-0571.wav,14.64,16000,1,2,234240,0.5225830078125,0.1053084135055542,4.962405095818273,0.4139984631147541,0.0,0.1255597914950115,../raw_data/wavs/voice-0571.wav,..\notebooks\finetune-wav2vec2\train_set\wavs\voice-0571.wav
..\notebooks\finetune-wav2vec2\train_set\wavs\voice-0572.wav,14.0,16000,1,2,224000,0.659759521484375,0.10603415966033936,6.222141275960422,0.3895669642857143,0.0,0.11775052567198961,../raw_data/wavs/voice-0572.wav,..\notebooks\finetune-wav2vec2\train_set\wavs\voice-0572.wav
..\notebooks\finetune-wav2vec2\train_set\wavs\voice-0573.wav,10.4,16000,1,2,166400,0.602569580078125,0.10461936891078949,5.7596369233688,0.4090865384615385,0.0,0.1151689613519312,../raw_data/wavs/voice-0573.wav,..\notebooks\finetune-wav2vec2\train_set\wavs\voice-0573.wav
..\notebooks\finetune-wav2vec2\train_set\wavs\voice-0574.wav,6.16,16000,1,2,98560,0.578369140625,0.1002504751086235,5.7692408938543664,0.4125202922077922,0.0,0.12575208758205744,../raw_data/wavs/voice-0574.wav,..\notebooks\finetune-wav2vec2\train_set\wavs\voice-0574.wav
..\notebooks\finetune-wav2vec2\train_set\wavs\voice-0575.wav,8.64,16000,1,2,138240,0.614776611328125,0.10737141966819763,5.7257006867183655,0.38272569444444443,0.0,0.12043634574902885,../raw_data/wavs/voice-0575.wav,..\notebooks\finetune-wav2vec2\train_set\wavs\voice-0575.wav
..\notebooks\finetune-wav2vec2\train_set\wavs\voice-0576.wav,6.0,16000,1,2,96000,0.627777099609375,0.10191983729600906,6.159518267146579,0.39557291666666666,0.0,0.1160845425473182,../raw_data/wavs/voice-0576.wav,..\notebooks\finetune-wav2vec2\train_set\wavs\voice-0576.wav
..\notebooks\finetune-wav2vec2\train_set\wavs\voice-0577.wav,11.6,16000,1,2,185600,0.710784912109375,0.11174198985099792,6.360947331054059,0.39372844827586206,0.0,0.13205890117942445,../raw_data/wavs/voice-0577.wav,..\notebooks\finetune-wav2vec2\train_set\wavs\voice-0577.wav
..\notebooks\finetune-wav2vec2\train_set\wavs\voice-0578.wav,12.8,16000,1,2,204800,0.517181396484375,0.1031595766544342,5.013411389005972,0.3984326171875,0.0,0.11509333541667684,../raw_data/wavs/voice-0578.wav,..\notebooks\finetune-wav2vec2\train_set\wavs\voice-0578.wav
..\notebooks\finetune-wav2vec2\train_set\wavs\voice-0579.wav,4.72,16000,1,2,75520,0.634735107421875,0.10366979241371155,6.122662085488307,0.390625,0.0,0.1264317588951125,../raw_data/wavs/voice-0579.wav,..\notebooks\finetune-wav2vec2\train_set\wavs\voice-0579.wav
..\notebooks\finetune-wav2vec2\train_set\wavs\voice-0580.wav,11.68,16000,1,2,186880,0.553924560546875,0.10473023355007172,5.289060682577802,0.3982341609589041,0.0,0.1319035311618748,../raw_data/wavs/voice-0580.wav,..\notebooks\finetune-wav2vec2\train_set\wavs\voice-0580.wav
..\notebooks\finetune-wav2vec2\train_set\wavs\voice-0581.wav,7.04,16000,1,2,112640,0.501251220703125,0.10323813557624817,4.855291292362772,0.34800248579545456,0.0,0.10896758671508092,../raw_data/wavs/voice-0581.wav,..\notebooks\finetune-wav2vec2\train_set\wavs\voice-0581.wav
..\notebooks\finetune-wav2vec2\train_set\wavs\voice-0582.wav,9.6,16000,1,2,153600,0.59326171875,0.10359539836645126,5.726718832157357,0.41198567708333333,0.0,0.13163497158184623,../raw_data/wavs/voice-0582.wav,..\notebooks\finetune-wav2vec2\train_set\wavs\voice-0582.wav
..\notebooks\finetune-wav2vec2\train_set\wavs\voice-0583.wav,8.08,16000,1,2,129280,0.5928955078125,0.1056186854839325,5.613547499629653,0.3743811881188119,0.0,0.11486010875702937,../raw_data/wavs/voice-0583.wav,..\notebooks\finetune-wav2vec2\train_set\wavs\voice-0583.wav
..\notebooks\finetune-wav2vec2\train_set\wavs\voice-0584.wav,13.28,16000,1,2,212480,0.615936279296875,0.10608935356140137,5.805825548181792,0.40784544427710845,0.0,0.12954221358346002,../raw_data/wavs/voice-0584.wav,..\notebooks\finetune-wav2vec2\train_set\wavs\voice-0584.wav
..\notebooks\finetune-wav2vec2\train_set\wavs\voice-0585.wav,13.12,16000,1,2,209920,0.614715576171875,0.10449790209531784,5.88256380124418,0.4654487423780488,0.0,0.15439764861684746,../raw_data/wavs/voice-0585.wav,..\notebooks\finetune-wav2vec2\train_set\wavs\voice-0585.wav
..\notebooks\finetune-wav2vec2\train_set\wavs\voice-0586.wav,6.32,16000,1,2,101120,0.573699951171875,0.10751039534807205,5.336227713743246,0.39375,0.0,0.10961342576568202,../raw_data/wavs/voice-0586.wav,..\notebooks\finetune-wav2vec2\train_set\wavs\voice-0586.wav
..\notebooks\finetune-wav2vec2\train_set\wavs\voice-0587.wav,8.32,16000,1,2,133120,0.575103759765625,0.1036810353398323,5.546855872731442,0.4056565504807692,0.0,0.12176323439929687,../raw_data/wavs/voice-0587.wav,..\notebooks\finetune-wav2vec2\train_set\wavs\voice-0587.wav
..\notebooks\finetune-wav2vec2\train_set\wavs\voice-0588.wav,8.0,16000,1,2,128000,0.562774658203125,0.10772420465946198,5.224217342631302,0.3854921875,0.0,0.11645403479714685,../raw_data/wavs/voice-0588.wav,..\notebooks\finetune-wav2vec2\train_set\wavs\voice-0588.wav
..\notebooks\finetune-wav2vec2\train_set\wavs\voice-0589.wav,9.76,16000,1,2,156160,0.706817626953125,0.1048915907740593,6.738553793846435,0.4268762807377049,0.0,0.14077318630370328,../raw_data/wavs/voice-0589.wav,..\notebooks\finetune-wav2vec2\train_set\wavs\voice-0589.wav
..\notebooks\finetune-wav2vec2\train_set\wavs\voice-0590.wav,10.16,16000,1,2,162560,0.73553466796875,0.10468243807554245,7.026342541219406,0.4142101377952756,0.0,0.12333983353736182,../raw_data/wavs/voice-0590.wav,..\notebooks\finetune-wav2vec2\train_set\wavs\voice-0590.wav
..\notebooks\finetune-wav2vec2\train_set\wavs\voice-0591.wav,5.04,16000,1,2,80640,0.568878173828125,0.10819020122289658,5.258130287197689,0.41049107142857144,0.0,0.1087067051922767,../raw_data/wavs/voice-0591.wav,..\notebooks\finetune-wav2vec2\train_set\wavs\voice-0591.wav
..\notebooks\finetune-wav2vec2\train_set\wavs\voice-0592.wav,12.16,16000,1,2,194560,0.559814453125,0.10178300738334656,5.500077739072537,0.44981496710526314,0.0,0.15819879830796826,../raw_data/wavs/voice-0592.wav,..\notebooks\finetune-wav2vec2\train_set\wavs\voice-0592.wav
..\notebooks\finetune-wav2vec2\train_set\wavs\voice-0593.wav,12.08,16000,1,2,193280,0.623321533203125,0.0951172411441803,6.553191889347209,0.4755639486754967,0.0,0.13706093264141475,../raw_data/wavs/voice-0593.wav,..\notebooks\finetune-wav2vec2\train_set\wavs\voice-0593.wav
..\notebooks\finetune-wav2vec2\train_set\wavs\voice-0594.wav,8.4,16000,1,2,134400,0.602447509765625,0.10120890289545059,5.95251497180991,0.4541443452380952,0.0,0.12831940713844597,../raw_data/wavs/voice-0594.wav,..\notebooks\finetune-wav2vec2\train_set\wavs\voice-0594.wav
..\notebooks\finetune-wav2vec2\train_set\wavs\voice-0595.wav,5.2,16000,1,2,83200,0.580841064453125,0.1046718955039978,5.549159701908145,0.43844951923076925,0.0,0.11008545775790575,../raw_data/wavs/voice-0595.wav,..\notebooks\finetune-wav2vec2\train_set\wavs\voice-0595.wav
..\notebooks\finetune-wav2vec2\train_set\wavs\voice-0596.wav,10.48,16000,1,2,167680,0.575531005859375,0.10674282908439636,5.391753345832071,0.44810353053435115,0.0,0.14604691106220816,../raw_data/wavs/voice-0596.wav,..\notebooks\finetune-wav2vec2\train_set\wavs\voice-0596.wav
..\notebooks\finetune-wav2vec2\train_set\wavs\voice-0597.wav,7.92,16000,1,2,126720,0.547027587890625,0.103240966796875,5.298551581436595,0.3865609217171717,0.0,0.1360964022759018,../raw_data/wavs/voice-0597.wav,..\notebooks\finetune-wav2vec2\train_set\wavs\voice-0597.wav
..\notebooks\finetune-wav2vec2\train_set\wavs\voice-0598.wav,17.76,16000,1,2,284160,0.708526611328125,0.10864283889532089,6.521613559921807,0.4216251407657658,0.0,0.1413961901611422,../raw_data/wavs/voice-0598.wav,..\notebooks\finetune-wav2vec2\train_set\wavs\voice-0598.wav
..\notebooks\finetune-wav2vec2\train_set\wavs\voice-0599.wav,10.08,16000,1,2,161280,0.613922119140625,0.10541390627622604,5.823919640468561,0.3685639880952381,0.0,0.10855722071689433,../raw_data/wavs/voice-0599.wav,..\notebooks\finetune-wav2vec2\train_set\wavs\voice-0599.wav
..\notebooks\finetune-wav2vec2\train_set\wavs\voice-0600.wav,7.92,16000,1,2,126720,0.55291748046875,0.09234366565942764,5.987605933989702,0.4122159090909091,0.0,0.14648158523978252,../raw_data/wavs/voice-0600.wav,..\notebooks\finetune-wav2vec2\train_set\wavs\voice-0600.wav
..\notebooks\finetune-wav2vec2\train_set\wavs\voice-0601.wav,9.28,16000,1,2,148480,0.541473388671875,0.10516626387834549,5.148736569155314,0.4402007004310345,0.0,0.11576047791270146,../raw_data/wavs/voice-0601.wav,..\notebooks\finetune-wav2vec2\train_set\wavs\voice-0601.wav
..\notebooks\finetune-wav2vec2\train_set\wavs\voice-0602.wav,15.6,16000,1,2,249600,0.62249755859375,0.10493548214435577,5.9321932474413535,0.4455448717948718,0.0,0.1396199504004423,../raw_data/wavs/voice-0602.wav,..\notebooks\finetune-wav2vec2\train_set\wavs\voice-0602.wav
..\notebooks\finetune-wav2vec2\train_set\wavs\voice-0603.wav,11.04,16000,1,2,176640,0.6156005859375,0.10569658130407333,5.824224192895215,0.41273777173913045,0.0,0.12395337383024134,../raw_data/wavs/voice-0603.wav,..\notebooks\finetune-wav2vec2\train_set\wavs\voice-0603.wav
..\notebooks\finetune-wav2vec2\train_set\wavs\voice-0604.wav,8.08,16000,1,2,129280,0.72491455078125,0.10486062616109848,6.913124375850629,0.4469214108910891,0.0,0.13820496755080097,../raw_data/wavs/voice-0604.wav,..\notebooks\finetune-wav2vec2\train_set\wavs\voice-0604.wav
..\notebooks\finetune-wav2vec2\train_set\wavs\voice-0605.wav,6.96,16000,1,2,111360,0.544219970703125,0.10644446313381195,5.112712814559297,0.3690642959770115,0.0,0.11280632907982291,../raw_data/wavs/voice-0605.wav,..\notebooks\finetune-wav2vec2\train_set\wavs\voice-0605.wav
..\notebooks\finetune-wav2vec2\train_set\wavs\voice-0606.wav,13.44,16000,1,2,215040,0.652130126953125,0.09926605969667435,6.569517606982973,0.44884672619047616,0.0,0.13661707876245704,../raw_data/wavs/voice-0606.wav,..\notebooks\finetune-wav2vec2\train_set\wavs\voice-0606.wav
..\notebooks\finetune-wav2vec2\train_set\wavs\voice-0607.wav,8.24,16000,1,2,131840,0.61077880859375,0.11186114698648453,5.460151491809274,0.39173240291262135,0.0,0.12465962272165293,../raw_data/wavs/voice-0607.wav,..\notebooks\finetune-wav2vec2\train_set\wavs\voice-0607.wav
..\notebooks\finetune-wav2vec2\train_set\wavs\voice-0608.wav,12.0,16000,1,2,192000,0.55413818359375,0.09663766622543335,5.734184249659689,0.44872395833333334,0.0,0.14499554685180652,../raw_data/wavs/voice-0608.wav,..\notebooks\finetune-wav2vec2\train_set\wavs\voice-0608.wav
..\notebooks\finetune-wav2vec2\train_set\wavs\voice-0609.wav,7.44,16000,1,2,119040,0.55938720703125,0.10420084744691849,5.368355639489501,0.36154233870967745,0.0,0.12294290106603718,../raw_data/wavs/voice-0609.wav,..\notebooks\finetune-wav2vec2\train_set\wavs\voice-0609.wav
..\notebooks\finetune-wav2vec2\train_set\wavs\voice-0610.wav,8.32,16000,1,2,133120,0.541534423828125,0.10403519868850708,5.205300039360131,0.37694561298076923,0.0,0.10178862521503317,../raw_data/wavs/voice-0610.wav,..\notebooks\finetune-wav2vec2\train_set\wavs\voice-0610.wav
..\notebooks\finetune-wav2vec2\train_set\wavs\voice-0611.wav,10.96,16000,1,2,175360,0.56317138671875,0.10158641636371613,5.543766645949914,0.40582230839416056,0.0,0.11411447373673436,../raw_data/wavs/voice-0611.wav,..\notebooks\finetune-wav2vec2\train_set\wavs\voice-0611.wav
..\notebooks\finetune-wav2vec2\train_set\wavs\voice-0612.wav,11.92,16000,1,2,190720,0.626312255859375,0.10475411266088486,5.978879873546385,0.39612520973154364,0.0,0.13410829545037464,../raw_data/wavs/voice-0612.wav,..\notebooks\finetune-wav2vec2\train_set\wavs\voice-0612.wav
..\notebooks\finetune-wav2vec2\train_set\wavs\voice-0613.wav,5.92,16000,1,2,94720,0.53826904296875,0.09989576041698456,5.388307178622087,0.461792652027027,0.0,0.16903683527064264,../raw_data/wavs/voice-0613.wav,..\notebooks\finetune-wav2vec2\train_set\wavs\voice-0613.wav
..\notebooks\finetune-wav2vec2\train_set\wavs\voice-0614.wav,11.52,16000,1,2,184320,0.58587646484375,0.10136377811431885,5.779939103917319,0.41130642361111114,0.0,0.12073090674320065,../raw_data/wavs/voice-0614.wav,..\notebooks\finetune-wav2vec2\train_set\wavs\voice-0614.wav
..\notebooks\finetune-wav2vec2\train_set\wavs\voice-0615.wav,9.2,16000,1,2,147200,0.579498291015625,0.1030052974820137,5.6259076492334215,0.3949524456521739,0.0,0.1251435132032147,../raw_data/wavs/voice-0615.wav,..\notebooks\finetune-wav2vec2\train_set\wavs\voice-0615.wav
..\notebooks\finetune-wav2vec2\train_set\wavs\voice-0616.wav,8.8,16000,1,2,140800,0.767822265625,0.10280586034059525,7.468662419449719,0.39803267045454543,0.0,0.11855197835211898,../raw_data/wavs/voice-0616.wav,..\notebooks\finetune-wav2vec2\train_set\wavs\voice-0616.wav
..\notebooks\finetune-wav2vec2\train_set\wavs\voice-0617.wav,8.24,16000,1,2,131840,0.671478271484375,0.10183630883693695,6.59370198265497,0.42326304611650484,0.0,0.11492047118075835,../raw_data/wavs/voice-0617.wav,..\notebooks\finetune-wav2vec2\train_set\wavs\voice-0617.wav
..\notebooks\finetune-wav2vec2\train_set\wavs\voice-0618.wav,6.72,16000,1,2,107520,0.589599609375,0.10113637894392014,5.829748064264111,0.4197730654761905,0.0,0.13395771910081009,../raw_data/wavs/voice-0618.wav,..\notebooks\finetune-wav2vec2\train_set\wavs\voice-0618.wav
..\notebooks\finetune-wav2vec2\train_set\wavs\voice-0619.wav,6.64,16000,1,2,106240,0.52996826171875,0.10478165745735168,5.057834305918076,0.4145331325301205,0.0,0.13641882924349816,../raw_data/wavs/voice-0619.wav,..\notebooks\finetune-wav2vec2\train_set\wavs\voice-0619.wav
..\notebooks\finetune-wav2vec2\train_set\wavs\voice-0620.wav,17.11,16000,1,2,273760,0.583953857421875,0.10044252127408981,5.813811222722781,0.42652688486265344,0.0,0.1326495201984227,../raw_data/wavs/voice-0620.wav,..\notebooks\finetune-wav2vec2\train_set\wavs\voice-0620.wav
..\notebooks\finetune-wav2vec2\train_set\wavs\voice-0621.wav,11.28,16000,1,2,180480,0.5233154296875,0.10287094116210938,5.087106463455334,0.40571808510638296,0.0,0.11668393552712504,../raw_data/wavs/voice-0621.wav,..\notebooks\finetune-wav2vec2\train_set\wavs\voice-0621.wav
..\notebooks\finetune-wav2vec2\train_set\wavs\voice-0622.wav,9.92,16000,1,2,158720,0.437255859375,0.09922249615192413,4.4068218028449655,0.41609122983870966,0.0,0.12694132397507546,../raw_data/wavs/voice-0622.wav,..\notebooks\finetune-wav2vec2\train_set\wavs\voice-0622.wav
..\notebooks\finetune-wav2vec2\train_set\wavs\voice-0623.wav,6.88,16000,1,2,110080,0.5030517578125,0.10628872364759445,4.732879844153488,0.361328125,0.0,0.12073147466819284,../raw_data/wavs/voice-0623.wav,..\notebooks\finetune-wav2vec2\train_set\wavs\voice-0623.wav
..\notebooks\finetune-wav2vec2\train_set\wavs\voice-0624.wav,8.08,16000,1,2,129280,0.524658203125,0.10909684002399445,4.809105405890842,0.4005105198019802,0.0,0.11790004563772925,../raw_data/wavs/voice-0624.wav,..\notebooks\finetune-wav2vec2\train_set\wavs\voice-0624.wav
..\notebooks\finetune-wav2vec2\train_set\wavs\voice-0625.wav,10.88,16000,1,2,174080,0.5572509765625,0.10130664706230164,5.500635868639511,0.4566176470588235,0.0,0.15492391385520368,../raw_data/wavs/voice-0625.wav,..\notebooks\finetune-wav2vec2\train_set\wavs\voice-0625.wav
..\notebooks\finetune-wav2vec2\train_set\wavs\voice-0626.wav,21.83,16000,1,2,349280,0.65802001953125,0.10348239541053772,6.358762926976497,0.42205107650022905,0.0,0.13608891459263225,../raw_data/wavs/voice-0626.wav,..\notebooks\finetune-wav2vec2\train_set\wavs\voice-0626.wav
..\notebooks\finetune-wav2vec2\train_set\wavs\voice-0627.wav,15.6,16000,1,2,249600,0.61602783203125,0.10606351494789124,5.808103119474242,0.4205008012820513,0.0,0.12909506848985774,../raw_data/wavs/voice-0627.wav,..\notebooks\finetune-wav2vec2\train_set\wavs\voice-0627.wav
..\notebooks\finetune-wav2vec2\train_set\wavs\voice-0628.wav,6.56,16000,1,2,104960,0.48321533203125,0.10167813301086426,4.752401698599429,0.3778963414634146,0.0,0.15158299907582962,../raw_data/wavs/voice-0628.wav,..\notebooks\finetune-wav2vec2\train_set\wavs\voice-0628.wav
..\notebooks\finetune-wav2vec2\train_set\wavs\voice-0629.wav,13.28,16000,1,2,212480,0.621307373046875,0.10278898477554321,6.04449372083597,0.4280214608433735,0.0,0.13302961704450791,../raw_data/wavs/voice-0629.wav,..\notebooks\finetune-wav2vec2\train_set\wavs\voice-0629.wav
..\notebooks\finetune-wav2vec2\train_set\wavs\voice-0630.wav,9.76,16000,1,2,156160,0.6964111328125,0.1076880693435669,6.4669293177750005,0.45074282786885245,0.0,0.14447454197324522,../raw_data/wavs/voice-0630.wav,..\notebooks\finetune-wav2vec2\train_set\wavs\voice-0630.wav
..\notebooks\finetune-wav2vec2\train_set\wavs\voice-0631.wav,11.84,16000,1,2,189440,0.614166259765625,0.10401464998722076,5.90461305057587,0.4034206081081081,0.0,0.11819107997825157,../raw_data/wavs/voice-0631.wav,..\notebooks\finetune-wav2vec2\train_set\wavs\voice-0631.wav
..\notebooks\finetune-wav2vec2\train_set\wavs\voice-0632.wav,7.2,16000,1,2,115200,0.52734375,0.1082063540816307,4.873500770594051,0.4041059027777778,0.0,0.125391713469735,../raw_data/wavs/voice-0632.wav,..\notebooks\finetune-wav2vec2\train_set\wavs\voice-0632.wav
..\notebooks\finetune-wav2vec2\train_set\wavs\voice-0633.wav,19.51,16000,1,2,312160,0.80120849609375,0.10853137820959091,7.382275147621292,0.41174718093285495,0.0,0.12263622064396669,../raw_data/wavs/voice-0633.wav,..\notebooks\finetune-wav2vec2\train_set\wavs\voice-0633.wav
..\notebooks\finetune-wav2vec2\train_set\wavs\voice-0634.wav,10.48,16000,1,2,167680,0.567230224609375,0.10159908980131149,5.583024668022694,0.4292163645038168,0.0,0.1298492953798627,../raw_data/wavs/voice-0634.wav,..\notebooks\finetune-wav2vec2\train_set\wavs\voice-0634.wav
..\notebooks\finetune-wav2vec2\train_set\wavs\voice-0635.wav,7.44,16000,1,2,119040,0.6146240234375,0.10455215722322464,5.8786355036677405,0.4631888440860215,0.0,0.14823713236838348,../raw_data/wavs/voice-0635.wav,..\notebooks\finetune-wav2vec2\train_set\wavs\voice-0635.wav
..\notebooks\finetune-wav2vec2\train_set\wavs\voice-0636.wav,11.28,16000,1,2,180480,0.59130859375,0.10274676978588104,5.755009086730965,0.4009973404255319,0.0,0.12297829664393087,../raw_data/wavs/voice-0636.wav,..\notebooks\finetune-wav2vec2\train_set\wavs\voice-0636.wav
..\notebooks\finetune-wav2vec2\train_set\wavs\voice-0637.wav,14.24,16000,1,2,227840,0.5880126953125,0.10604299604892731,5.545040381933345,0.47368328651685393,0.0,0.15668959221204448,../raw_data/wavs/voice-0637.wav,..\notebooks\finetune-wav2vec2\train_set\wavs\voice-0637.wav
..\notebooks\finetune-wav2vec2\train_set\wavs\voice-0638.wav,11.36,16000,1,2,181760,0.649505615234375,0.1107780709862709,5.863124438363531,0.41723151408450704,0.0,0.13167436000418137,../raw_data/wavs/voice-0638.wav,..\notebooks\finetune-wav2vec2\train_set\wavs\voice-0638.wav
..\notebooks\finetune-wav2vec2\train_set\wavs\voice-0639.wav,9.68,16000,1,2,154880,0.50439453125,0.1021311953663826,4.938692134568181,0.3849302685950413,0.0,0.13275524764493574,../raw_data/wavs/voice-0639.wav,..\notebooks\finetune-wav2vec2\train_set\wavs\voice-0639.wav
..\notebooks\finetune-wav2vec2\train_set\wavs\voice-0640.wav,7.44,16000,1,2,119040,0.514862060546875,0.10546339303255081,4.881903054152308,0.38013272849462365,0.0,0.11720528566268199,../raw_data/wavs/voice-0640.wav,..\notebooks\finetune-wav2vec2\train_set\wavs\voice-0640.wav
..\notebooks\finetune-wav2vec2\train_set\wavs\voice-0641.wav,10.08,16000,1,2,161280,0.655364990234375,0.10773726552724838,6.082992611953969,0.4466889880952381,0.0,0.13325355439951886,../raw_data/wavs/voice-0641.wav,..\notebooks\finetune-wav2vec2\train_set\wavs\voice-0641.wav
..\notebooks\finetune-wav2vec2\train_set\wavs\voice-0642.wav,10.4,16000,1,2,166400,0.526885986328125,0.10127455741167068,5.202550371920042,0.4562199519230769,0.0,0.15116076418728477,../raw_data/wavs/voice-0642.wav,..\notebooks\finetune-wav2vec2\train_set\wavs\voice-0642.wav
..\notebooks\finetune-wav2vec2\train_set\wavs\voice-0643.wav,4.32,16000,1,2,69120,0.45587158203125,0.10306346416473389,4.423212296673795,0.41335358796296295,0.0,0.13977343422213864,../raw_data/wavs/voice-0643.wav,..\notebooks\finetune-wav2vec2\train_set\wavs\voice-0643.wav
..\notebooks\finetune-wav2vec2\train_set\wavs\voice-0644.wav,13.2,16000,1,2,211200,0.611968994140625,0.10753833502531052,5.690705495827049,0.39549242424242426,0.0,0.1214115597138244,../raw_data/wavs/voice-0644.wav,..\notebooks\finetune-wav2vec2\train_set\wavs\voice-0644.wav
..\notebooks\finetune-wav2vec2\train_set\wavs\voice-0645.wav,12.88,16000,1,2,206080,0.59112548828125,0.10275948792695999,5.752514927881051,0.4138878105590062,0.0,0.11577598881982153,../raw_data/wavs/voice-0645.wav,..\notebooks\finetune-wav2vec2\train_set\wavs\voice-0645.wav
..\notebooks\finetune-wav2vec2\train_set\wavs\voice-0646.wav,9.12,16000,1,2,145920,0.54046630859375,0.10429006069898605,5.1823376549152265,0.4005413925438597,0.0,0.11225405875862636,../raw_data/wavs/voice-0646.wav,..\notebooks\finetune-wav2vec2\train_set\wavs\voice-0646.wav
..\notebooks\finetune-wav2vec2\train_set\wavs\voice-0647.wav,5.04,16000,1,2,80640,0.673065185546875,0.0966397374868393,6.964683504428343,0.4796750992063492,0.0,0.14393779684767916,../raw_data/wavs/voice-0647.wav,..\notebooks\finetune-wav2vec2\train_set\wavs\voice-0647.wav
..\notebooks\finetune-wav2vec2\train_set\wavs\voice-0648.wav,10.16,16000,1,2,162560,0.607574462890625,0.10364771634340286,5.861918470809578,0.41283833661417324,0.0,0.12482852379751352,../raw_data/wavs/voice-0648.wav,..\notebooks\finetune-wav2vec2\train_set\wavs\voice-0648.wav
..\notebooks\finetune-wav2vec2\train_set\wavs\voice-0649.wav,15.76,16000,1,2,252160,0.591766357421875,0.10329613089561462,5.728833716142587,0.4540966053299492,0.0,0.16201682271899873,../raw_data/wavs/voice-0649.wav,..\notebooks\finetune-wav2vec2\train_set\wavs\voice-0649.wav
..\notebooks\finetune-wav2vec2\train_set\wavs\voice-0650.wav,10.08,16000,1,2,161280,0.502593994140625,0.09926491230726242,5.063158597117445,0.4064546130952381,0.0,0.12607965079148556,../raw_data/wavs/voice-0650.wav,..\notebooks\finetune-wav2vec2\train_set\wavs\voice-0650.wav
..\notebooks\finetune-wav2vec2\train_set\wavs\voice-0651.wav,17.2,16000,1,2,275200,0.612152099609375,0.10197579115629196,6.0029159143386055,0.4472783430232558,0.0,0.14363787659112134,../raw_data/wavs/voice-0651.wav,..\notebooks\finetune-wav2vec2\train_set\wavs\voice-0651.wav
..\notebooks\finetune-wav2vec2\train_set\wavs\voice-0652.wav,9.52,16000,1,2,152320,0.539764404296875,0.10190761834383011,5.296605033744806,0.4249015231092437,0.0,0.12515181953663035,../raw_data/wavs/voice-0652.wav,..\notebooks\finetune-wav2vec2\train_set\wavs\voice-0652.wav
..\notebooks\finetune-wav2vec2\train_set\wavs\voice-0653.wav,11.2,16000,1,2,179200,0.599945068359375,0.1067032516002655,5.62255657031807,0.36441964285714284,0.0,0.12060335158120301,../raw_data/wavs/voice-0653.wav,..\notebooks\finetune-wav2vec2\train_set\wavs\voice-0653.wav
..\notebooks\finetune-wav2vec2\train_set\wavs\voice-0654.wav,6.8,16000,1,2,108800,0.5054931640625,0.10775825381278992,4.690992533534379,0.37727941176470586,0.0,0.1368119192271988,../raw_data/wavs/voice-0654.wav,..\notebooks\finetune-wav2vec2\train_set\wavs\voice-0654.wav
..\notebooks\finetune-wav2vec2\train_set\wavs\voice-0655.wav,12.72,16000,1,2,203520,0.601318359375,0.09762787073850632,6.159289912054063,0.44663915094339623,0.0,0.13377620762680634,../raw_data/wavs/voice-0655.wav,..\notebooks\finetune-wav2vec2\train_set\wavs\voice-0655.wav
..\notebooks\finetune-wav2vec2\train_set\wavs\voice-0656.wav,17.36,16000,1,2,277760,0.630950927734375,0.10824946314096451,5.828674890634226,0.4058863767281106,0.0,0.13174010563114066,../raw_data/wavs/voice-0656.wav,..\notebooks\finetune-wav2vec2\train_set\wavs\voice-0656.wav
..\notebooks\finetune-wav2vec2\train_set\wavs\voice-0657.wav,8.16,16000,1,2,130560,0.520599365234375,0.10287901014089584,5.060306903433449,0.41572457107843136,0.0,0.13467474475141508,../raw_data/wavs/voice-0657.wav,..\notebooks\finetune-wav2vec2\train_set\wavs\voice-0657.wav
..\notebooks\finetune-wav2vec2\train_set\wavs\voice-0658.wav,11.04,16000,1,2,176640,0.592529296875,0.10514713823795319,5.635239406459896,0.40639153079710144,0.0,0.12320042572704783,../raw_data/wavs/voice-0658.wav,..\notebooks\finetune-wav2vec2\train_set\wavs\voice-0658.wav
..\notebooks\finetune-wav2vec2\train_set\wavs\voice-0659.wav,10.56,16000,1,2,168960,0.572998046875,0.10080815851688385,5.684044379989656,0.41564867424242424,0.0,0.12324291692067306,../raw_data/wavs/voice-0659.wav,..\notebooks\finetune-wav2vec2\train_set\wavs\voice-0659.wav
..\notebooks\finetune-wav2vec2\train_set\wavs\voice-0660.wav,7.84,16000,1,2,125440,0.45220947265625,0.10195157676935196,4.435531916090879,0.3782286352040816,0.0,0.10914468387024769,../raw_data/wavs/voice-0660.wav,..\notebooks\finetune-wav2vec2\train_set\wavs\voice-0660.wav
..\notebooks\finetune-wav2vec2\train_set\wavs\voice-0661.wav,10.48,16000,1,2,167680,0.50238037109375,0.10739981383085251,4.677665194885397,0.3892115935114504,0.0,0.12879967079956345,../raw_data/wavs/voice-0661.wav,..\notebooks\finetune-wav2vec2\train_set\wavs\voice-0661.wav
..\notebooks\finetune-wav2vec2\train_set\wavs\voice-0662.wav,13.12,16000,1,2,209920,0.627349853515625,0.10291287302970886,6.0959317823584795,0.4130097179878049,0.0,0.12205183904267837,../raw_data/wavs/voice-0662.wav,..\notebooks\finetune-wav2vec2\train_set\wavs\voice-0662.wav
..\notebooks\finetune-wav2vec2\train_set\wavs\voice-0663.wav,8.8,16000,1,2,140800,0.5611572265625,0.1017109602689743,5.51717558342308,0.44393465909090907,0.0,0.15203943209823934,../raw_data/wavs/voice-0663.wav,..\notebooks\finetune-wav2vec2\train_set\wavs\voice-0663.wav
..\notebooks\finetune-wav2vec2\train_set\wavs\voice-0664.wav,9.04,16000,1,2,144640,0.472900390625,0.10701064765453339,4.419190061830881,0.40505392699115045,0.0,0.12666016772792954,../raw_data/wavs/voice-0664.wav,..\notebooks\finetune-wav2vec2\train_set\wavs\voice-0664.wav
..\notebooks\finetune-wav2vec2\train_set\wavs\voice-0665.wav,10.96,16000,1,2,175360,0.5294189453125,0.10212177038192749,5.184192786048599,0.39830634124087594,0.0,0.1356360380704726,../raw_data/wavs/voice-0665.wav,..\notebooks\finetune-wav2vec2\train_set\wavs\voice-0665.wav
..\notebooks\finetune-wav2vec2\train_set\wavs\voice-0666.wav,13.92,16000,1,2,222720,0.595916748046875,0.10529284179210663,5.659613112384895,0.44980693247126435,0.0,0.15857650222926647,../raw_data/wavs/voice-0666.wav,..\notebooks\finetune-wav2vec2\train_set\wavs\voice-0666.wav
..\notebooks\finetune-wav2vec2\train_set\wavs\voice-0667.wav,7.44,16000,1,2,119040,0.581146240234375,0.10399063676595688,5.588447751717424,0.4205561155913978,0.0,0.14596056754509026,../raw_data/wavs/voice-0667.wav,..\notebooks\finetune-wav2vec2\train_set\wavs\voice-0667.wav
..\notebooks\finetune-wav2vec2\train_set\wavs\voice-0668.wav,6.64,16000,1,2,106240,0.585693359375,0.09683579206466675,6.048314852259123,0.43081701807228917,0.0,0.1470740500192961,../raw_data/wavs/voice-0668.wav,..\notebooks\finetune-wav2vec2\train_set\wavs\voice-0668.wav
..\notebooks\finetune-wav2vec2\train_set\wavs\voice-0669.wav,10.88,16000,1,2,174080,0.6478271484375,0.10537458211183548,6.147850225872803,0.3883099724264706,0.0,0.14217108324381458,../raw_data/wavs/voice-0669.wav,..\notebooks\finetune-wav2vec2\train_set\wavs\voice-0669.wav
..\notebooks\finetune-wav2vec2\train_set\wavs\voice-0670.wav,9.44,16000,1,2,151040,0.63446044921875,0.10559501498937607,6.008431830636922,0.4032574152542373,0.0,0.13088010381424664,../raw_data/wavs/voice-0670.wav,..\notebooks\finetune-wav2vec2\train_set\wavs\voice-0670.wav
..\notebooks\finetune-wav2vec2\train_set\wavs\voice-0671.wav,14.48,16000,1,2,231680,0.59967041015625,0.10516402870416641,5.7022388505404615,0.3822902279005525,0.0,0.1333569291994527,../raw_data/wavs/voice-0671.wav,..\notebooks\finetune-wav2vec2\train_set\wavs\voice-0671.wav
..\notebooks\finetune-wav2vec2\train_set\wavs\voice-0672.wav,10.0,16000,1,2,160000,0.5794677734375,0.09769173711538315,5.931594529362232,0.4334875,0.0,0.13944462152888457,../raw_data/wavs/voice-0672.wav,..\notebooks\finetune-wav2vec2\train_set\wavs\voice-0672.wav
..\notebooks\finetune-wav2vec2\train_set\wavs\voice-0673.wav,12.32,16000,1,2,197120,0.695037841796875,0.10212844610214233,6.805526455398554,0.4075284090909091,0.0,0.11983116797467519,../raw_data/wavs/voice-0673.wav,..\notebooks\finetune-wav2vec2\train_set\wavs\voice-0673.wav
..\notebooks\finetune-wav2vec2\train_set\wavs\voice-0674.wav,6.8,16000,1,2,108800,0.444122314453125,0.10284294933080673,4.318451749419905,0.4092371323529412,0.0,0.10588332613351226,../raw_data/wavs/voice-0674.wav,..\notebooks\finetune-wav2vec2\train_set\wavs\voice-0674.wav
..\notebooks\finetune-wav2vec2\train_set\wavs\voice-0675.wav,7.52,16000,1,2,120320,0.5985107421875,0.10668659210205078,5.609990256460682,0.35713929521276594,0.0,0.08940400103059368,../raw_data/wavs/voice-0675.wav,..\notebooks\finetune-wav2vec2\train_set\wavs\voice-0675.wav
..\notebooks\finetune-wav2vec2\train_set\wavs\voice-0676.wav,8.64,16000,1,2,138240,0.588531494140625,0.10528834164142609,5.58971188039935,0.4097077546296296,0.0,0.13636528042014193,../raw_data/wavs/voice-0676.wav,..\notebooks\finetune-wav2vec2\train_set\wavs\voice-0676.wav
..\notebooks\finetune-wav2vec2\train_set\wavs\voice-0677.wav,11.04,16000,1,2,176640,0.550201416015625,0.10459661483764648,5.260222014542636,0.39436707427536233,0.0,0.13372471537995573,../raw_data/wavs/voice-0677.wav,..\notebooks\finetune-wav2vec2\train_set\wavs\voice-0677.wav
..\notebooks\finetune-wav2vec2\train_set\wavs\voice-0678.wav,8.72,16000,1,2,139520,0.596527099609375,0.10720768570899963,5.564219539525971,0.3886252866972477,0.0,0.11891570323755188,../raw_data/wavs/voice-0678.wav,..\notebooks\finetune-wav2vec2\train_set\wavs\voice-0678.wav
..\notebooks\finetune-wav2vec2\train_set\wavs\voice-0679.wav,20.55,16000,1,2,328800,0.665679931640625,0.10156436264514923,6.554266814693769,0.38979014598540146,0.0,0.1220532909163349,../raw_data/wavs/voice-0679.wav,..\notebooks\finetune-wav2vec2\train_set\wavs\voice-0679.wav
..\notebooks\finetune-wav2vec2\train_set\wavs\voice-0680.wav,9.92,16000,1,2,158720,0.616912841796875,0.10846652090549469,5.687587622860903,0.3952242943548387,0.0,0.12274522898959797,../raw_data/wavs/voice-0680.wav,..\notebooks\finetune-wav2vec2\train_set\wavs\voice-0680.wav
..\notebooks\finetune-wav2vec2\train_set\wavs\voice-0681.wav,11.44,16000,1,2,183040,0.632415771484375,0.10563364624977112,5.98687817694966,0.43101507867132866,0.0,0.12448166784127973,../raw_data/wavs/voice-0681.wav,..\notebooks\finetune-wav2vec2\train_set\wavs\voice-0681.wav
..\notebooks\finetune-wav2vec2\train_set\wavs\voice-0682.wav,8.0,16000,1,2,128000,0.55987548828125,0.10411156713962555,5.37764922441704,0.3888671875,0.0,0.12079000617192322,../raw_data/wavs/voice-0682.wav,..\notebooks\finetune-wav2vec2\train_set\wavs\voice-0682.wav
..\notebooks\finetune-wav2vec2\train_set\wavs\voice-0683.wav,10.48,16000,1,2,167680,0.563079833984375,0.10732021182775497,5.246726822419038,0.41607228053435114,0.0,0.13723841387412855,../raw_data/wavs/voice-0683.wav,..\notebooks\finetune-wav2vec2\train_set\wavs\voice-0683.wav
..\notebooks\finetune-wav2vec2\train_set\wavs\voice-0684.wav,11.28,16000,1,2,180480,0.59259033203125,0.1060606837272644,5.587276181955408,0.40516954787234044,0.0,0.1149995290310784,../raw_data/wavs/voice-0684.wav,..\notebooks\finetune-wav2vec2\train_set\wavs\voice-0684.wav
..\notebooks\finetune-wav2vec2\train_set\wavs\voice-0685.wav,4.48,16000,1,2,71680,0.623016357421875,0.09959787875413895,6.25531753502315,0.44443359375,0.0,0.15062989160005022,../raw_data/wavs/voice-0685.wav,..\notebooks\finetune-wav2vec2\train_set\wavs\voice-0685.wav
..\notebooks\finetune-wav2vec2\train_set\wavs\voice-0686.wav,13.76,16000,1,2,220160,0.5850830078125,0.10141261667013168,5.769331539049226,0.4182231104651163,0.0,0.14449556911141492,../raw_data/wavs/voice-0686.wav,..\notebooks\finetune-wav2vec2\train_set\wavs\voice-0686.wav
..\notebooks\finetune-wav2vec2\train_set\wavs\voice-0687.wav,7.44,16000,1,2,119040,0.540802001953125,0.10742806643247604,5.034084852425845,0.39279233870967745,0.0,0.10543603356883038,../raw_data/wavs/voice-0687.wav,..\notebooks\finetune-wav2vec2\train_set\wavs\voice-0687.wav
..\notebooks\finetune-wav2vec2\train_set\wavs\voice-0688.wav,6.16,16000,1,2,98560,0.512725830078125,0.10144077986478806,5.054435018752271,0.3926643668831169,0.0,0.12978013169776478,../raw_data/wavs/voice-0688.wav,..\notebooks\finetune-wav2vec2\train_set\wavs\voice-0688.wav
..\notebooks\finetune-wav2vec2\train_set\wavs\voice-0689.wav,7.44,16000,1,2,119040,0.59429931640625,0.10415087640285492,5.706138411236254,0.43014112903225804,0.0,0.13644267844991978,../raw_data/wavs/voice-0689.wav,..\notebooks\finetune-wav2vec2\train_set\wavs\voice-0689.wav
..\notebooks\finetune-wav2vec2\train_set\wavs\voice-0690.wav,12.08,16000,1,2,193280,0.564727783203125,0.10445740818977356,5.406297102232833,0.45731581125827814,0.0,0.14695854179709125,../raw_data/wavs/voice-0690.wav,..\notebooks\finetune-wav2vec2\train_set\wavs\voice-0690.wav
..\notebooks\finetune-wav2vec2\train_set\wavs\voice-0691.wav,8.16,16000,1,2,130560,0.51898193359375,0.10736306756734848,4.833896286245682,0.37333026960784316,0.0,0.120665752648228,../raw_data/wavs/voice-0691.wav,..\notebooks\finetune-wav2vec2\train_set\wavs\voice-0691.wav
..\notebooks\finetune-wav2vec2\train_set\wavs\voice-0692.wav,10.8,16000,1,2,172800,0.570526123046875,0.10365629196166992,5.504018253497284,0.41408564814814813,0.0,0.15445112529586397,../raw_data/wavs/voice-0692.wav,..\notebooks\finetune-wav2vec2\train_set\wavs\voice-0692.wav
..\notebooks\finetune-wav2vec2\train_set\wavs\voice-0693.wav,10.96,16000,1,2,175360,0.601104736328125,0.10633999109268188,5.6526686729193445,0.4453067974452555,0.0,0.1575967016235266,../raw_data/wavs/voice-0693.wav,..\notebooks\finetune-wav2vec2\train_set\wavs\voice-0693.wav
..\notebooks\finetune-wav2vec2\train_set\wavs\voice-0694.wav,14.48,16000,1,2,231680,0.58184814453125,0.10121612250804901,5.748571770124663,0.42692075276243097,0.0,0.14630156380163933,../raw_data/wavs/voice-0694.wav,..\notebooks\finetune-wav2vec2\train_set\wavs\voice-0694.wav
..\notebooks\finetune-wav2vec2\train_set\wavs\voice-0695.wav,8.64,16000,1,2,138240,0.624755859375,0.10800385475158691,5.7845700119867285,0.37701099537037036,0.0,0.10823284311952489,../raw_data/wavs/voice-0695.wav,..\notebooks\finetune-wav2vec2\train_set\wavs\voice-0695.wav
..\notebooks\finetune-wav2vec2\train_set\wavs\voice-0696.wav,6.48,16000,1,2,103680,0.5323486328125,0.1118776723742485,4.758309871085891,0.35941358024691356,0.0,0.10530579963155509,../raw_data/wavs/voice-0696.wav,..\notebooks\finetune-wav2vec2\train_set\wavs\voice-0696.wav
..\notebooks\finetune-wav2vec2\train_set\wavs\voice-0697.wav,9.92,16000,1,2,158720,0.53521728515625,0.10534820705652237,5.0804593652845975,0.4110257056451613,0.0,0.12309805379318166,../raw_data/wavs/voice-0697.wav,..\notebooks\finetune-wav2vec2\train_set\wavs\voice-0697.wav
..\notebooks\finetune-wav2vec2\train_set\wavs\voice-0698.wav,10.88,16000,1,2,174080,0.561920166015625,0.10258950293064117,5.477365129603256,0.38550091911764706,0.0,0.1291654938275151,../raw_data/wavs/voice-0698.wav,..\notebooks\finetune-wav2vec2\train_set\wavs\voice-0698.wav
..\notebooks\finetune-wav2vec2\train_set\wavs\voice-0699.wav,19.83,16000,1,2,317280,0.550994873046875,0.10623281449079514,5.186673022718584,0.4067164649520928,0.0,0.12597430022157155,../raw_data/wavs/voice-0699.wav,..\notebooks\finetune-wav2vec2\train_set\wavs\voice-0699.wav
..\notebooks\finetune-wav2vec2\train_set\wavs\voice-0700.wav,14.0,16000,1,2,224000,0.6595458984375,0.10386864840984344,6.349807266530254,0.44238392857142855,0.0,0.1502819209014326,../raw_data/wavs/voice-0700.wav,..\notebooks\finetune-wav2vec2\train_set\wavs\voice-0700.wav
..\notebooks\finetune-wav2vec2\train_set\wavs\voice-0701.wav,19.11,16000,1,2,305760,0.670623779296875,0.10605783015489578,6.323189700538278,0.42616104133961275,0.0,0.13780461082094067,../raw_data/wavs/voice-0701.wav,..\notebooks\finetune-wav2vec2\train_set\wavs\voice-0701.wav
..\notebooks\finetune-wav2vec2\train_set\wavs\voice-0702.wav,13.52,16000,1,2,216320,0.542388916015625,0.10578172653913498,5.127434895997495,0.4179363905325444,0.0,0.13498583111053583,../raw_data/wavs/voice-0702.wav,..\notebooks\finetune-wav2vec2\train_set\wavs\voice-0702.wav
..\notebooks\finetune-wav2vec2\train_set\wavs\voice-0703.wav,5.52,16000,1,2,88320,0.595703125,0.1105259582400322,5.3897123760401655,0.4080842391304348,0.0,0.13522571587087717,../raw_data/wavs/voice-0703.wav,..\notebooks\finetune-wav2vec2\train_set\wavs\voice-0703.wav
..\notebooks\finetune-wav2vec2\train_set\wavs\voice-0704.wav,7.52,16000,1,2,120320,0.661376953125,0.10658668726682663,6.205061533335062,0.3776097074468085,0.0,0.11506079671539823,../raw_data/wavs/voice-0704.wav,..\notebooks\finetune-wav2vec2\train_set\wavs\voice-0704.wav
..\notebooks\finetune-wav2vec2\train_set\wavs\voice-0705.wav,14.24,16000,1,2,227840,0.601806640625,0.10110992938280106,5.952003371959314,0.4063333918539326,0.0,0.11588885133800622,../raw_data/wavs/voice-0705.wav,..\notebooks\finetune-wav2vec2\train_set\wavs\voice-0705.wav
..\notebooks\finetune-wav2vec2\train_set\wavs\voice-0706.wav,11.92,16000,1,2,190720,0.579803466796875,0.10698118060827255,5.419677213321391,0.41747063758389263,0.0,0.1288387627871371,../raw_data/wavs/voice-0706.wav,..\notebooks\finetune-wav2vec2\train_set\wavs\voice-0706.wav
..\notebooks\finetune-wav2vec2\train_set\wavs\voice-0707.wav,9.2,16000,1,2,147200,0.5250244140625,0.10327567905187607,5.083717859640281,0.4309103260869565,0.0,0.10863524888076685,../raw_data/wavs/voice-0707.wav,..\notebooks\finetune-wav2vec2\train_set\wavs\voice-0707.wav
..\notebooks\finetune-wav2vec2\train_set\wavs\voice-0708.wav,8.72,16000,1,2,139520,0.53009033203125,0.10850358009338379,4.885463978009084,0.3926963876146789,0.0,0.12058572667521986,../raw_data/wavs/voice-0708.wav,..\notebooks\finetune-wav2vec2\train_set\wavs\voice-0708.wav
..\notebooks\finetune-wav2vec2\train_set\wavs\voice-0709.wav,13.68,16000,1,2,218880,0.576324462890625,0.10183439403772354,5.659428411555445,0.45718658625730996,0.0,0.13960224598979346,../raw_data/wavs/voice-0709.wav,..\notebooks\finetune-wav2vec2\train_set\wavs\voice-0709.wav
..\notebooks\finetune-wav2vec2\train_set\wavs\voice-0710.wav,14.4,16000,1,2,230400,0.55609130859375,0.10448572784662247,5.322174808506403,0.40875,0.0,0.13618982721279171,../raw_data/wavs/voice-0710.wav,..\notebooks\finetune-wav2vec2\train_set\wavs\voice-0710.wav
..\notebooks\finetune-wav2vec2\train_set\wavs\voice-0711.wav,10.24,16000,1,2,163840,0.52655029296875,0.10860061645507812,4.848501879237065,0.401904296875,0.0,0.12116162818376577,../raw_data/wavs/voice-0711.wav,..\notebooks\finetune-wav2vec2\train_set\wavs\voice-0711.wav
..\notebooks\finetune-wav2vec2\train_set\wavs\voice-0712.wav,13.6,16000,1,2,217600,0.638519287109375,0.10462208837270737,6.103102098619021,0.4016452205882353,0.0,0.125915100712779,../raw_data/wavs/voice-0712.wav,..\notebooks\finetune-wav2vec2\train_set\wavs\voice-0712.wav
..\notebooks\finetune-wav2vec2\train_set\wavs\voice-0713.wav,5.84,16000,1,2,93440,0.624298095703125,0.09975867718458176,6.258083139454596,0.46999143835616436,0.0,0.12290371258254049,../raw_data/wavs/voice-0713.wav,..\notebooks\finetune-wav2vec2\train_set\wavs\voice-0713.wav
..\notebooks\finetune-wav2vec2\train_set\wavs\voice-0714.wav,7.44,16000,1,2,119040,0.509857177734375,0.10245974361896515,4.976170735215476,0.41384408602150535,0.0,0.1485395542637287,../raw_data/wavs/voice-0714.wav,..\notebooks\finetune-wav2vec2\train_set\wavs\voice-0714.wav
..\notebooks\finetune-wav2vec2\train_set\wavs\voice-0715.wav,10.08,16000,1,2,161280,0.6441650390625,0.1040114164352417,6.193214756031729,0.396484375,0.0,0.13171584645242096,../raw_data/wavs/voice-0715.wav,..\notebooks\finetune-wav2vec2\train_set\wavs\voice-0715.wav
..\notebooks\finetune-wav2vec2\train_set\wavs\voice-0716.wav,7.28,16000,1,2,116480,0.5963134765625,0.10325281322002411,5.775275829935985,0.44217891483516486,0.0,0.1494432472806257,../raw_data/wavs/voice-0716.wav,..\notebooks\finetune-wav2vec2\train_set\wavs\voice-0716.wav
..\notebooks\finetune-wav2vec2\train_set\wavs\voice-0717.wav,9.76,16000,1,2,156160,0.527130126953125,0.1049628034234047,5.022066005866466,0.39910988729508196,0.0,0.1358615257525983,../raw_data/wavs/voice-0717.wav,..\notebooks\finetune-wav2vec2\train_set\wavs\voice-0717.wav
..\notebooks\finetune-wav2vec2\train_set\wavs\voice-0718.wav,10.4,16000,1,2,166400,0.5885009765625,0.10511354357004166,5.5987169357520195,0.40667067307692306,0.0,0.14976652503921298,../raw_data/wavs/voice-0718.wav,..\notebooks\finetune-wav2vec2\train_set\wavs\voice-0718.wav
..\notebooks\finetune-wav2vec2\train_set\wavs\voice-0719.wav,10.24,16000,1,2,163840,0.55621337890625,0.10753854364156723,5.172223465850015,0.400732421875,0.0,0.13340535525729527,../raw_data/wavs/voice-0719.wav,..\notebooks\finetune-wav2vec2\train_set\wavs\voice-0719.wav
..\notebooks\finetune-wav2vec2\train_set\wavs\voice-0720.wav,12.0,16000,1,2,192000,0.524566650390625,0.1039726510643959,5.045236848541377,0.4339895833333333,0.0,0.1390632242876265,../raw_data/wavs/voice-0720.wav,..\notebooks\finetune-wav2vec2\train_set\wavs\voice-0720.wav
..\notebooks\finetune-wav2vec2\train_set\wavs\voice-0721.wav,4.16,16000,1,2,66560,0.496307373046875,0.1051081195473671,4.721874724656391,0.42572115384615383,0.0,0.13891434666987185,../raw_data/wavs/voice-0721.wav,..\notebooks\finetune-wav2vec2\train_set\wavs\voice-0721.wav
..\notebooks\finetune-wav2vec2\train_set\wavs\voice-0722.wav,12.16,16000,1,2,194560,0.571929931640625,0.10307909548282623,5.548457026729662,0.39303556743421053,0.0,0.13627228758371496,../raw_data/wavs/voice-0722.wav,..\notebooks\finetune-wav2vec2\train_set\wavs\voice-0722.wav
..\notebooks\finetune-wav2vec2\train_set\wavs\voice-0723.wav,9.12,16000,1,2,145920,0.647918701171875,0.10395313054323196,6.2327964322576985,0.40594161184210525,0.0,0.12600141174213092,../raw_data/wavs/voice-0723.wav,..\notebooks\finetune-wav2vec2\train_set\wavs\voice-0723.wav
..\notebooks\finetune-wav2vec2\train_set\wavs\voice-0724.wav,11.12,16000,1,2,177920,0.576171875,0.09908553212881088,5.814894088180083,0.41403439748201437,0.0,0.14426789718917035,../raw_data/wavs/voice-0724.wav,..\notebooks\finetune-wav2vec2\train_set\wavs\voice-0724.wav
..\notebooks\finetune-wav2vec2\train_set\wavs\voice-0725.wav,13.28,16000,1,2,212480,0.59442138671875,0.10362985730171204,5.736005068386114,0.4312405873493976,0.0,0.1432329783178573,../raw_data/wavs/voice-0725.wav,..\notebooks\finetune-wav2vec2\train_set\wavs\voice-0725.wav
..\notebooks\finetune-wav2vec2\train_set\wavs\voice-0726.wav,14.48,16000,1,2,231680,0.610382080078125,0.10602825880050659,5.756786794231584,0.40085031077348066,0.0,0.12463796891388516,../raw_data/wavs/voice-0726.wav,..\notebooks\finetune-wav2vec2\train_set\wavs\voice-0726.wav
..\notebooks\finetune-wav2vec2\train_set\wavs\voice-0727.wav,8.72,16000,1,2,139520,0.5682373046875,0.10981124639511108,5.174673117204492,0.3855647935779816,0.0,0.13462682502024814,../raw_data/wavs/voice-0727.wav,..\notebooks\finetune-wav2vec2\train_set\wavs\voice-0727.wav
..\notebooks\finetune-wav2vec2\train_set\wavs\voice-0728.wav,6.0,16000,1,2,96000,0.560638427734375,0.11017271876335144,5.0887228165678104,0.38188541666666664,0.0,0.09434473275763289,../raw_data/wavs/voice-0728.wav,..\notebooks\finetune-wav2vec2\train_set\wavs\voice-0728.wav
..\notebooks\finetune-wav2vec2\train_set\wavs\voice-0729.wav,14.08,16000,1,2,225280,0.609832763671875,0.1062593087553978,5.739099668676289,0.3982155539772727,0.0,0.12824985906364997,../raw_data/wavs/voice-0729.wav,..\notebooks\finetune-wav2vec2\train_set\wavs\voice-0729.wav
..\notebooks\finetune-wav2vec2\train_set\wavs\voice-0730.wav,10.56,16000,1,2,168960,0.599853515625,0.10528062283992767,5.697663059393543,0.4679036458333333,0.0,0.147225066436236,../raw_data/wavs/voice-0730.wav,..\notebooks\finetune-wav2vec2\train_set\wavs\voice-0730.wav
..\notebooks\finetune-wav2vec2\train_set\wavs\voice-0731.wav,8.96,16000,1,2,143360,0.573028564453125,0.11063052713871002,5.179660436171059,0.38722098214285716,0.0,0.1055322651525192,../raw_data/wavs/voice-0731.wav,..\notebooks\finetune-wav2vec2\train_set\wavs\voice-0731.wav
..\notebooks\finetune-wav2vec2\train_set\wavs\voice-0732.wav,7.68,16000,1,2,122880,0.54620361328125,0.10211511701345444,5.348900625646676,0.384619140625,0.0,0.11261484875365196,../raw_data/wavs/voice-0732.wav,..\notebooks\finetune-wav2vec2\train_set\wavs\voice-0732.wav
..\notebooks\finetune-wav2vec2\train_set\wavs\voice-0733.wav,5.84,16000,1,2,93440,0.5596923828125,0.10579469054937363,5.290363627003527,0.397388698630137,0.0,0.11390318817624333,../raw_data/wavs/voice-0733.wav,..\notebooks\finetune-wav2vec2\train_set\wavs\voice-0733.wav
..\notebooks\finetune-wav2vec2\train_set\wavs\voice-0734.wav,14.32,16000,1,2,229120,0.641815185546875,0.1040821522474289,6.166428841912515,0.42527932960893855,0.0,0.12557230085676002,../raw_data/wavs/voice-0734.wav,..\notebooks\finetune-wav2vec2\train_set\wavs\voice-0734.wav
..\notebooks\finetune-wav2vec2\train_set\wavs\voice-0735.wav,7.84,16000,1,2,125440,0.589569091796875,0.1131681352853775,5.209673997986723,0.3892299107142857,0.0,0.11577738980699782,../raw_data/wavs/voice-0735.wav,..\notebooks\finetune-wav2vec2\train_set\wavs\voice-0735.wav
..\notebooks\finetune-wav2vec2\train_set\wavs\voice-0736.wav,9.92,16000,1,2,158720,0.5755615234375,0.10080540180206299,5.709629773289799,0.4350869455645161,0.0,0.12293424227723208,../raw_data/wavs/voice-0736.wav,..\notebooks\finetune-wav2vec2\train_set\wavs\voice-0736.wav
..\notebooks\finetune-wav2vec2\train_set\wavs\voice-0737.wav,8.32,16000,1,2,133120,0.729095458984375,0.10295166075229645,7.08192032704156,0.43743990384615383,0.0,0.1169855542785027,../raw_data/wavs/voice-0737.wav,..\notebooks\finetune-wav2vec2\train_set\wavs\voice-0737.wav
..\notebooks\finetune-wav2vec2\train_set\wavs\voice-0738.wav,14.0,16000,1,2,224000,0.571990966796875,0.10262980312108994,5.573341752609614,0.40383035714285714,0.0,0.13443810017009006,../raw_data/wavs/voice-0738.wav,..\notebooks\finetune-wav2vec2\train_set\wavs\voice-0738.wav
..\notebooks\finetune-wav2vec2\train_set\wavs\voice-0739.wav,9.84,16000,1,2,157440,0.536529541015625,0.0982026681303978,5.463492502089633,0.3801829268292683,0.0,0.12669033720996703,../raw_data/wavs/voice-0739.wav,..\notebooks\finetune-wav2vec2\train_set\wavs\voice-0739.wav
..\notebooks\finetune-wav2vec2\train_set\wavs\voice-0740.wav,12.8,16000,1,2,204800,0.55224609375,0.10473112761974335,5.27298909408375,0.369521484375,0.0,0.11897519030854643,../raw_data/wavs/voice-0740.wav,..\notebooks\finetune-wav2vec2\train_set\wavs\voice-0740.wav
..\notebooks\finetune-wav2vec2\train_set\wavs\voice-0741.wav,13.76,16000,1,2,220160,0.5960693359375,0.10086580365896225,5.909528445863301,0.4247047601744186,0.0,0.13542485203875382,../raw_data/wavs/voice-0741.wav,..\notebooks\finetune-wav2vec2\train_set\wavs\voice-0741.wav
..\notebooks\finetune-wav2vec2\train_set\wavs\voice-0742.wav,6.24,16000,1,2,99840,0.634979248046875,0.11144009232521057,5.697942587788279,0.36017628205128205,0.0,0.10521940323921514,../raw_data/wavs/voice-0742.wav,..\notebooks\finetune-wav2vec2\train_set\wavs\voice-0742.wav
..\notebooks\finetune-wav2vec2\train_set\wavs\voice-0743.wav,11.44,16000,1,2,183040,0.66107177734375,0.108473040163517,6.094341749315973,0.4135270979020979,0.0,0.13465982659433234,../raw_data/wavs/voice-0743.wav,..\notebooks\finetune-wav2vec2\train_set\wavs\voice-0743.wav
..\notebooks\finetune-wav2vec2\train_set\wavs\voice-0744.wav,16.56,16000,1,2,264960,0.619384765625,0.10773034393787384,5.749399314850309,0.4446218297101449,0.0,0.15021569374884416,../raw_data/wavs/voice-0744.wav,..\notebooks\finetune-wav2vec2\train_set\wavs\voice-0744.wav
..\notebooks\finetune-wav2vec2\train_set\wavs\voice-0745.wav,6.24,16000,1,2,99840,0.554718017578125,0.10245365649461746,5.4143310893669065,0.4567207532051282,0.0,0.12536183255040614,../raw_data/wavs/voice-0745.wav,..\notebooks\finetune-wav2vec2\train_set\wavs\voice-0745.wav
..\notebooks\finetune-wav2vec2\train_set\wavs\voice-0746.wav,7.92,16000,1,2,126720,0.56903076171875,0.10664554685354233,5.3357198542964674,0.3983743686868687,0.0,0.11848262691466946,../raw_data/wavs/voice-0746.wav,..\notebooks\finetune-wav2vec2\train_set\wavs\voice-0746.wav
..\notebooks\finetune-wav2vec2\train_set\wavs\voice-0747.wav,7.68,16000,1,2,122880,0.633209228515625,0.10634548962116241,5.95426501651668,0.415185546875,0.0,0.11595146444876667,../raw_data/wavs/voice-0747.wav,..\notebooks\finetune-wav2vec2\train_set\wavs\voice-0747.wav
..\notebooks\finetune-wav2vec2\train_set\wavs\voice-0748.wav,9.76,16000,1,2,156160,0.67071533203125,0.10752388089895248,6.237826670910129,0.40222207991803277,0.0,0.13719990522480294,../raw_data/wavs/voice-0748.wav,..\notebooks\finetune-wav2vec2\train_set\wavs\voice-0748.wav
..\notebooks\finetune-wav2vec2\train_set\wavs\voice-0749.wav,10.4,16000,1,2,166400,0.723297119140625,0.10784237086772919,6.7069845861211945,0.41364783653846154,0.0,0.15411150307393673,../raw_data/wavs/voice-0749.wav,..\notebooks\finetune-wav2vec2\train_set\wavs\voice-0749.wav
..\notebooks\finetune-wav2vec2\train_set\wavs\voice-0750.wav,13.12,16000,1,2,209920,0.53155517578125,0.10833665728569031,4.906512616311457,0.38699504573170734,0.0,0.1288782816229117,../raw_data/wavs/voice-0750.wav,..\notebooks\finetune-wav2vec2\train_set\wavs\voice-0750.wav
..\notebooks\finetune-wav2vec2\train_set\wavs\voice-0751.wav,14.08,16000,1,2,225280,0.57135009765625,0.10857784748077393,5.262124005151419,0.44137517755681815,0.0,0.16037890793194218,../raw_data/wavs/voice-0751.wav,..\notebooks\finetune-wav2vec2\train_set\wavs\voice-0751.wav
..\notebooks\finetune-wav2vec2\train_set\wavs\voice-0752.wav,10.4,16000,1,2,166400,0.548553466796875,0.10360100120306015,5.294866462937927,0.4198737980769231,0.0,0.13581812390699463,../raw_data/wavs/voice-0752.wav,..\notebooks\finetune-wav2vec2\train_set\wavs\voice-0752.wav
..\notebooks\finetune-wav2vec2\train_set\wavs\voice-0753.wav,7.04,16000,1,2,112640,0.625701904296875,0.10383471101522446,6.025941596785812,0.40475852272727275,0.0,0.11905290352364634,../raw_data/wavs/voice-0753.wav,..\notebooks\finetune-wav2vec2\train_set\wavs\voice-0753.wav
..\notebooks\finetune-wav2vec2\train_set\wavs\voice-0754.wav,8.48,16000,1,2,135680,0.525634765625,0.11116848886013031,4.728271212594621,0.3736217570754717,0.0,0.10578645184590099,../raw_data/wavs/voice-0754.wav,..\notebooks\finetune-wav2vec2\train_set\wavs\voice-0754.wav
..\notebooks\finetune-wav2vec2\train_set\wavs\voice-0755.wav,9.52,16000,1,2,152320,0.5777587890625,0.10590672492980957,5.455355072545334,0.4576549369747899,0.0,0.13075190882293083,../raw_data/wavs/voice-0755.wav,..\notebooks\finetune-wav2vec2\train_set\wavs\voice-0755.wav
..\notebooks\finetune-wav2vec2\train_set\wavs\voice-0756.wav,9.04,16000,1,2,144640,0.6439208984375,0.1044611856341362,6.164212042286807,0.3837320243362832,0.0,0.11451268330118433,../raw_data/wavs/voice-0756.wav,..\notebooks\finetune-wav2vec2\train_set\wavs\voice-0756.wav
..\notebooks\finetune-wav2vec2\train_set\wavs\voice-0757.wav,12.4,16000,1,2,198400,0.5980224609375,0.10752294212579727,5.561812661690741,0.4646118951612903,0.0,0.13999566530073237,../raw_data/wavs/voice-0757.wav,..\notebooks\finetune-wav2vec2\train_set\wavs\voice-0757.wav
..\notebooks\finetune-wav2vec2\train_set\wavs\voice-0758.wav,8.88,16000,1,2,142080,0.611053466796875,0.10683239251375198,5.719739607237732,0.40446931306306305,0.0,0.11993327655740821,../raw_data/wavs/voice-0758.wav,..\notebooks\finetune-wav2vec2\train_set\wavs\voice-0758.wav
..\notebooks\finetune-wav2vec2\train_set\wavs\voice-0759.wav,9.36,16000,1,2,149760,0.612548828125,0.10665702074766159,5.743164620866553,0.4109642094017094,0.0,0.13631901922422024,../raw_data/wavs/voice-0759.wav,..\notebooks\finetune-wav2vec2\train_set\wavs\voice-0759.wav
..\notebooks\finetune-wav2vec2\train_set\wavs\voice-0760.wav,9.68,16000,1,2,154880,0.5716552734375,0.1014392077922821,5.635446942843671,0.4169421487603306,0.0,0.12595639176389312,../raw_data/wavs/voice-0760.wav,..\notebooks\finetune-wav2vec2\train_set\wavs\voice-0760.wav
..\notebooks\finetune-wav2vec2\train_set\wavs\voice-0761.wav,14.0,16000,1,2,224000,0.70806884765625,0.10572246462106705,6.697430391867302,0.365125,0.0,0.11082192331215765,../raw_data/wavs/voice-0761.wav,..\notebooks\finetune-wav2vec2\train_set\wavs\voice-0761.wav
..\notebooks\finetune-wav2vec2\train_set\wavs\voice-0762.wav,7.28,16000,1,2,116480,0.569427490234375,0.10806167125701904,5.269467736437478,0.38629807692307694,0.0,0.1140377235381485,../raw_data/wavs/voice-0762.wav,..\notebooks\finetune-wav2vec2\train_set\wavs\voice-0762.wav
..\notebooks\finetune-wav2vec2\train_set\wavs\voice-0763.wav,8.16,16000,1,2,130560,0.63006591796875,0.1036837175488472,6.076806781854779,0.43145680147058824,0.0,0.1629837851086482,../raw_data/wavs/voice-0763.wav,..\notebooks\finetune-wav2vec2\train_set\wavs\voice-0763.wav
..\notebooks\finetune-wav2vec2\train_set\wavs\voice-0764.wav,6.32,16000,1,2,101120,0.448944091796875,0.10283853858709335,4.365523839262524,0.3908030063291139,0.0,0.1155272500716977,../raw_data/wavs/voice-0764.wav,..\notebooks\finetune-wav2vec2\train_set\wavs\voice-0764.wav
..\notebooks\finetune-wav2vec2\train_set\wavs\voice-0765.wav,17.59,16000,1,2,281440,0.6590576171875,0.10242374241352081,6.434617615578346,0.4166110005685048,0.0,0.13223469384129422,../raw_data/wavs/voice-0765.wav,..\notebooks\finetune-wav2vec2\train_set\wavs\voice-0765.wav
..\notebooks\finetune-wav2vec2\train_set\wavs\voice-0766.wav,8.96,16000,1,2,143360,0.5517578125,0.0988449901342392,5.582051369024064,0.43837193080357145,0.0,0.12367552787059062,../raw_data/wavs/voice-0766.wav,..\notebooks\finetune-wav2vec2\train_set\wavs\voice-0766.wav
..\notebooks\finetune-wav2vec2\train_set\wavs\voice-0767.wav,15.12,16000,1,2,241920,0.571075439453125,0.0972437933087349,5.872615824848004,0.4424727182539683,0.0,0.1409480032572886,../raw_data/wavs/voice-0767.wav,..\notebooks\finetune-wav2vec2\train_set\wavs\voice-0767.wav
..\notebooks\finetune-wav2vec2\train_set\wavs\voice-0768.wav,14.16,16000,1,2,226560,0.6571044921875,0.10529977083206177,6.240322148805895,0.42120409604519776,0.0,0.12759148830988837,../raw_data/wavs/voice-0768.wav,..\notebooks\finetune-wav2vec2\train_set\wavs\voice-0768.wav
..\notebooks\finetune-wav2vec2\train_set\wavs\voice-0769.wav,8.08,16000,1,2,129280,0.796905517578125,0.10371708124876022,7.68345491391902,0.45434715346534654,0.0,0.14077305672228282,../raw_data/wavs/voice-0769.wav,..\notebooks\finetune-wav2vec2\train_set\wavs\voice-0769.wav
..\notebooks\finetune-wav2vec2\train_set\wavs\voice-0770.wav,17.11,16000,1,2,273760,0.600555419921875,0.10542351752519608,5.696598197630268,0.4301322326125073,0.0,0.1290258950390672,../raw_data/wavs/voice-0770.wav,..\notebooks\finetune-wav2vec2\train_set\wavs\voice-0770.wav
..\notebooks\finetune-wav2vec2\train_set\wavs\voice-0771.wav,8.32,16000,1,2,133120,0.564605712890625,0.10548891127109528,5.3522754769896945,0.4315880408653846,0.0,0.14787520939910906,../raw_data/wavs/voice-0771.wav,..\notebooks\finetune-wav2vec2\train_set\wavs\voice-0771.wav
..\notebooks\finetune-wav2vec2\train_set\wavs\voice-0772.wav,6.48,16000,1,2,103680,0.556915283203125,0.11226671934127808,4.960644494386318,0.43276427469135803,0.0,0.12581139864389124,../raw_data/wavs/voice-0772.wav,..\notebooks\finetune-wav2vec2\train_set\wavs\voice-0772.wav
..\notebooks\finetune-wav2vec2\train_set\wavs\voice-0773.wav,8.48,16000,1,2,135680,0.5399169921875,0.10568442940711975,5.108765739819823,0.3871314858490566,0.0,0.12973267786466586,../raw_data/wavs/voice-0773.wav,..\notebooks\finetune-wav2vec2\train_set\wavs\voice-0773.wav
..\notebooks\finetune-wav2vec2\train_set\wavs\voice-0774.wav,21.83,16000,1,2,349280,0.6181640625,0.10202308744192123,6.059060532273175,0.41992384333486027,0.0,0.12888264109780434,../raw_data/wavs/voice-0774.wav,..\notebooks\finetune-wav2vec2\train_set\wavs\voice-0774.wav
..\notebooks\finetune-wav2vec2\train_set\wavs\voice-0775.wav,8.72,16000,1,2,139520,0.77178955078125,0.1056840568780899,7.302800191248667,0.4158471903669725,0.0,0.14032497365950158,../raw_data/wavs/voice-0775.wav,..\notebooks\finetune-wav2vec2\train_set\wavs\voice-0775.wav
..\notebooks\finetune-wav2vec2\train_set\wavs\voice-0776.wav,14.96,16000,1,2,239360,0.693023681640625,0.10165781527757645,6.817219903342653,0.43231951871657753,0.0,0.1300932908309276,../raw_data/wavs/voice-0776.wav,..\notebooks\finetune-wav2vec2\train_set\wavs\voice-0776.wav
..\notebooks\finetune-wav2vec2\train_set\wavs\voice-0777.wav,9.76,16000,1,2,156160,0.5703125,0.09851514548063278,5.789084482569418,0.42810578893442625,0.0,0.14567203939574408,../raw_data/wavs/voice-0777.wav,..\notebooks\finetune-wav2vec2\train_set\wavs\voice-0777.wav
..\notebooks\finetune-wav2vec2\train_set\wavs\voice-0778.wav,6.4,16000,1,2,102400,0.664398193359375,0.10624734312295914,6.253315836712008,0.394189453125,0.0,0.12621217004072305,../raw_data/wavs/voice-0778.wav,..\notebooks\finetune-wav2vec2\train_set\wavs\voice-0778.wav
..\notebooks\finetune-wav2vec2\train_set\wavs\voice-0779.wav,7.36,16000,1,2,117760,0.53106689453125,0.10482923686504364,5.0660188933259285,0.4260444972826087,0.0,0.13045287409030307,../raw_data/wavs/voice-0779.wav,..\notebooks\finetune-wav2vec2\train_set\wavs\voice-0779.wav
..\notebooks\finetune-wav2vec2\train_set\wavs\voice-0780.wav,12.24,16000,1,2,195840,0.522216796875,0.10061854869127274,5.190064890294876,0.41111621732026143,0.0,0.12560828027103896,../raw_data/wavs/voice-0780.wav,..\notebooks\finetune-wav2vec2\train_set\wavs\voice-0780.wav
..\notebooks\finetune-wav2vec2\train_set\wavs\voice-0781.wav,15.84,16000,1,2,253440,0.535064697265625,0.10847187787294388,4.9327503843195295,0.36096511994949493,0.0,0.10635695374429349,../raw_data/wavs/voice-0781.wav,..\notebooks\finetune-wav2vec2\train_set\wavs\voice-0781.wav
..\notebooks\finetune-wav2vec2\train_set\wavs\voice-0782.wav,12.96,16000,1,2,207360,0.569122314453125,0.10177204012870789,5.592128385491477,0.40499131944444444,0.0,0.1335943942630896,../raw_data/wavs/voice-0782.wav,..\notebooks\finetune-wav2vec2\train_set\wavs\voice-0782.wav
..\notebooks\finetune-wav2vec2\train_set\wavs\voice-0783.wav,12.4,16000,1,2,198400,0.65045166015625,0.10390880703926086,6.259831853429744,0.42989919354838707,0.0,0.14198156240706858,../raw_data/wavs/voice-0783.wav,..\notebooks\finetune-wav2vec2\train_set\wavs\voice-0783.wav
..\notebooks\finetune-wav2vec2\train_set\wavs\voice-0784.wav,12.4,16000,1,2,198400,0.60797119140625,0.1088501587510109,5.585395541746086,0.41191532258064517,0.0,0.13583233786460616,../raw_data/wavs/voice-0784.wav,..\notebooks\finetune-wav2vec2\train_set\wavs\voice-0784.wav
..\notebooks\finetune-wav2vec2\train_set\wavs\voice-0785.wav,17.91,16000,1,2,286560,0.68743896484375,0.10274097323417664,6.69099136599452,0.441928391959799,0.0,0.12032426132140327,../raw_data/wavs/voice-0785.wav,..\notebooks\finetune-wav2vec2\train_set\wavs\voice-0785.wav
..\notebooks\finetune-wav2vec2\train_set\wavs\voice-0786.wav,13.36,16000,1,2,213760,0.58685302734375,0.09922587126493454,5.914314682879868,0.4396051646706587,0.0,0.12416787129430808,../raw_data/wavs/voice-0786.wav,..\notebooks\finetune-wav2vec2\train_set\wavs\voice-0786.wav
..\notebooks\finetune-wav2vec2\train_set\wavs\voice-0787.wav,12.64,16000,1,2,202240,0.598968505859375,0.10493192821741104,5.708162577727128,0.448828125,0.0,0.15170664411908683,../raw_data/wavs/voice-0787.wav,..\notebooks\finetune-wav2vec2\train_set\wavs\voice-0787.wav
..\notebooks\finetune-wav2vec2\train_set\wavs\voice-0788.wav,8.56,16000,1,2,136960,0.57415771484375,0.10478003323078156,5.479648146122919,0.40803884345794394,0.0,0.1181886549989413,../raw_data/wavs/voice-0788.wav,..\notebooks\finetune-wav2vec2\train_set\wavs\voice-0788.wav
..\notebooks\finetune-wav2vec2\train_set\wavs\voice-0789.wav,11.04,16000,1,2,176640,0.641265869140625,0.10775736719369888,5.951016490481989,0.4104619565217391,0.0,0.10730359660097713,../raw_data/wavs/voice-0789.wav,..\notebooks\finetune-wav2vec2\train_set\wavs\voice-0789.wav
..\notebooks\finetune-wav2vec2\train_set\wavs\voice-0790.wav,15.27,16000,1,2,244320,0.6197509765625,0.1024501845240593,6.049290974356013,0.4269400785854617,0.0,0.1322737895947511,../raw_data/wavs/voice-0790.wav,..\notebooks\finetune-wav2vec2\train_set\wavs\voice-0790.wav
..\notebooks\finetune-wav2vec2\train_set\wavs\voice-0791.wav,10.88,16000,1,2,174080,0.588409423828125,0.10549478977918625,5.57761596624572,0.45503216911764705,0.0,0.16116820524014958,../raw_data/wavs/voice-0791.wav,..\notebooks\finetune-wav2vec2\train_set\wavs\voice-0791.wav
..\notebooks\finetune-wav2vec2\train_set\wavs\voice-0792.wav,6.48,16000,1,2,103680,0.5849609375,0.09969978034496307,5.867223934456269,0.4174189814814815,0.0,0.10555657365522429,../raw_data/wavs/voice-0792.wav,..\notebooks\finetune-wav2vec2\train_set\wavs\voice-0792.wav
..\notebooks\finetune-wav2vec2\train_set\wavs\voice-0793.wav,11.12,16000,1,2,177920,0.5966796875,0.10950275510549545,5.448992465305152,0.4075539568345324,0.0,0.12274124742157948,../raw_data/wavs/voice-0793.wav,..\notebooks\finetune-wav2vec2\train_set\wavs\voice-0793.wav
..\notebooks\finetune-wav2vec2\train_set\wavs\voice-0794.wav,7.52,16000,1,2,120320,0.697265625,0.0998777374625206,6.981191632035626,0.3898769946808511,0.0,0.1257906066373557,../raw_data/wavs/voice-0794.wav,..\notebooks\finetune-wav2vec2\train_set\wavs\voice-0794.wav
..\notebooks\finetune-wav2vec2\train_set\wavs\voice-0795.wav,7.36,16000,1,2,117760,0.542083740234375,0.10668235272169113,5.08128782694306,0.3978260869565217,0.0,0.1360235735697484,../raw_data/wavs/voice-0795.wav,..\notebooks\finetune-wav2vec2\train_set\wavs\voice-0795.wav
..\notebooks\finetune-wav2vec2\train_set\wavs\voice-0796.wav,13.52,16000,1,2,216320,0.556793212890625,0.10598567873239517,5.253475937031837,0.4081823224852071,0.0,0.14654746000120192,../raw_data/wavs/voice-0796.wav,..\notebooks\finetune-wav2vec2\train_set\wavs\voice-0796.wav
..\notebooks\finetune-wav2vec2\train_set\wavs\voice-0797.wav,10.0,16000,1,2,160000,0.511932373046875,0.11075948923826218,4.622018181626162,0.3765125,0.0,0.11656322852017825,../raw_data/wavs/voice-0797.wav,..\notebooks\finetune-wav2vec2\train_set\wavs\voice-0797.wav
..\notebooks\finetune-wav2vec2\train_set\wavs\voice-0798.wav,10.24,16000,1,2,163840,0.5233154296875,0.10534268617630005,4.967743359151546,0.41412353515625,0.0,0.14311000433352256,../raw_data/wavs/voice-0798.wav,..\notebooks\finetune-wav2vec2\train_set\wavs\voice-0798.wav
..\notebooks\finetune-wav2vec2\train_set\wavs\voice-0799.wav,9.84,16000,1,2,157440,0.544189453125,0.10027842968702316,5.426784751451114,0.39073297764227644,0.0,0.14268383310361474,../raw_data/wavs/voice-0799.wav,..\notebooks\finetune-wav2vec2\train_set\wavs\voice-0799.wav
..\notebooks\finetune-wav2vec2\train_set\wavs\voice-0800.wav,6.4,16000,1,2,102400,0.568634033203125,0.10266869515180588,5.53853375035441,0.428134765625,0.0,0.14252092305588923,../raw_data/wavs/voice-0800.wav,..\notebooks\finetune-wav2vec2\train_set\wavs\voice-0800.wav
..\notebooks\finetune-wav2vec2\train_set\wavs\voice-0801.wav,11.92,16000,1,2,190720,0.61871337890625,0.10250964760780334,6.035659992446912,0.3960518036912752,0.0,0.13189037274734033,../raw_data/wavs/voice-0801.wav,..\notebooks\finetune-wav2vec2\train_set\wavs\voice-0801.wav
..\notebooks\finetune-wav2vec2\train_set\wavs\voice-0802.wav,10.64,16000,1,2,170240,0.600311279296875,0.1055954322218895,5.6850118103161,0.4060972744360902,0.0,0.1298527364469951,../raw_data/wavs/voice-0802.wav,..\notebooks\finetune-wav2vec2\train_set\wavs\voice-0802.wav
..\notebooks\finetune-wav2vec2\train_set\wavs\voice-0803.wav,14.08,16000,1,2,225280,0.705169677734375,0.10634195804595947,6.631151905531124,0.36232244318181817,0.0,0.1208856573404534,../raw_data/wavs/voice-0803.wav,..\notebooks\finetune-wav2vec2\train_set\wavs\voice-0803.wav
..\notebooks\finetune-wav2vec2\train_set\wavs\voice-0804.wav,14.8,16000,1,2,236800,0.59783935546875,0.09541600197553635,6.2656089449443675,0.4643285472972973,0.0,0.16908010591260944,../raw_data/wavs/voice-0804.wav,..\notebooks\finetune-wav2vec2\train_set\wavs\voice-0804.wav
..\notebooks\finetune-wav2vec2\train_set\wavs\voice-0805.wav,13.52,16000,1,2,216320,0.582763671875,0.10216938704252243,5.703897113843469,0.42535133136094677,0.0,0.12652610265395087,../raw_data/wavs/voice-0805.wav,..\notebooks\finetune-wav2vec2\train_set\wavs\voice-0805.wav
..\notebooks\finetune-wav2vec2\train_set\wavs\voice-0806.wav,10.72,16000,1,2,171520,0.67669677734375,0.11093778163194656,6.099786451371431,0.3955340485074627,0.0,0.12702965852179643,../raw_data/wavs/voice-0806.wav,..\notebooks\finetune-wav2vec2\train_set\wavs\voice-0806.wav
..\notebooks\finetune-wav2vec2\train_set\wavs\voice-0807.wav,9.44,16000,1,2,151040,0.680633544921875,0.1075897216796875,6.326194865976457,0.36866393008474574,0.0,0.10333754858016804,../raw_data/wavs/voice-0807.wav,..\notebooks\finetune-wav2vec2\train_set\wavs\voice-0807.wav
..\notebooks\finetune-wav2vec2\train_set\wavs\voice-0808.wav,10.56,16000,1,2,168960,0.545989990234375,0.10297130793333054,5.302350734321835,0.40063920454545454,0.0,0.1307181032084707,../raw_data/wavs/voice-0808.wav,..\notebooks\finetune-wav2vec2\train_set\wavs\voice-0808.wav
..\notebooks\finetune-wav2vec2\train_set\wavs\voice-0809.wav,12.96,16000,1,2,207360,0.598388671875,0.10654304921627045,5.616402724314169,0.42585841049382717,0.0,0.13067674901981588,../raw_data/wavs/voice-0809.wav,..\notebooks\finetune-wav2vec2\train_set\wavs\voice-0809.wav
..\notebooks\finetune-wav2vec2\train_set\wavs\voice-0810.wav,10.56,16000,1,2,168960,0.618408203125,0.10936851054430008,5.654353342176235,0.41354166666666664,0.0,0.13950129913174203,../raw_data/wavs/voice-0810.wav,..\notebooks\finetune-wav2vec2\train_set\wavs\voice-0810.wav
..\notebooks\finetune-wav2vec2\train_set\wavs\voice-0811.wav,8.8,16000,1,2,140800,0.56707763671875,0.10572937875986099,5.3634821595493465,0.39583806818181816,0.0,0.1125718222430557,../raw_data/wavs/voice-0811.wav,..\notebooks\finetune-wav2vec2\train_set\wavs\voice-0811.wav
..\notebooks\finetune-wav2vec2\train_set\wavs\voice-0812.wav,9.28,16000,1,2,148480,0.63128662109375,0.10759345442056656,5.867332957134604,0.4049568965517241,0.0,0.12285238990025525,../raw_data/wavs/voice-0812.wav,..\notebooks\finetune-wav2vec2\train_set\wavs\voice-0812.wav
..\notebooks\finetune-wav2vec2\train_set\wavs\voice-0813.wav,10.88,16000,1,2,174080,0.6058349609375,0.10225018858909607,5.925025364717088,0.35167164522058825,0.0,0.10118968973856697,../raw_data/wavs/voice-0813.wav,..\notebooks\finetune-wav2vec2\train_set\wavs\voice-0813.wav
..\notebooks\finetune-wav2vec2\train_set\wavs\voice-0814.wav,10.88,16000,1,2,174080,0.53216552734375,0.10347474366426468,5.142950912450871,0.4119198069852941,0.0,0.13400237823057348,../raw_data/wavs/voice-0814.wav,..\notebooks\finetune-wav2vec2\train_set\wavs\voice-0814.wav
..\notebooks\finetune-wav2vec2\train_set\wavs\voice-0815.wav,10.24,16000,1,2,163840,0.582305908203125,0.10820075869560242,5.381717422530342,0.395916748046875,0.0,0.1275215302827776,../raw_data/wavs/voice-0815.wav,..\notebooks\finetune-wav2vec2\train_set\wavs\voice-0815.wav
..\notebooks\finetune-wav2vec2\train_set\wavs\voice-0816.wav,6.48,16000,1,2,103680,0.55584716796875,0.09515762329101562,5.841330928041692,0.4097222222222222,0.0,0.1162048245064092,../raw_data/wavs/voice-0816.wav,..\notebooks\finetune-wav2vec2\train_set\wavs\voice-0816.wav
..\notebooks\finetune-wav2vec2\train_set\wavs\voice-0817.wav,9.76,16000,1,2,156160,0.55413818359375,0.1062106266617775,5.2173516060532785,0.40179943647540983,0.0,0.13151979712984843,../raw_data/wavs/voice-0817.wav,..\notebooks\finetune-wav2vec2\train_set\wavs\voice-0817.wav
..\notebooks\finetune-wav2vec2\train_set\wavs\voice-0818.wav,8.88,16000,1,2,142080,0.661956787109375,0.10728120803833008,6.170295797497611,0.41211993243243245,0.0,0.13689567071840314,../raw_data/wavs/voice-0818.wav,..\notebooks\finetune-wav2vec2\train_set\wavs\voice-0818.wav
..\notebooks\finetune-wav2vec2\train_set\wavs\voice-0819.wav,7.92,16000,1,2,126720,0.66644287109375,0.104777030646801,6.360581770448345,0.3580492424242424,0.0,0.11171963162588089,../raw_data/wavs/voice-0819.wav,..\notebooks\finetune-wav2vec2\train_set\wavs\voice-0819.wav
..\notebooks\finetune-wav2vec2\train_set\wavs\voice-0820.wav,10.24,16000,1,2,163840,0.628875732421875,0.09949229657649994,6.320848488388551,0.42554931640625,0.0,0.12248609915832005,../raw_data/wavs/voice-0820.wav,..\notebooks\finetune-wav2vec2\train_set\wavs\voice-0820.wav
..\notebooks\finetune-wav2vec2\train_set\wavs\voice-0821.wav,7.76,16000,1,2,124160,0.56451416015625,0.1092190071940422,5.1686439444859165,0.385913337628866,0.0,0.10931144741822985,../raw_data/wavs/voice-0821.wav,..\notebooks\finetune-wav2vec2\train_set\wavs\voice-0821.wav
..\notebooks\finetune-wav2vec2\train_set\wavs\voice-0822.wav,5.36,16000,1,2,85760,0.488983154296875,0.10934988409280777,4.471729973502886,0.36693097014925374,0.0,0.12067538100957334,../raw_data/wavs/voice-0822.wav,..\notebooks\finetune-wav2vec2\train_set\wavs\voice-0822.wav
..\notebooks\finetune-wav2vec2\train_set\wavs\voice-0823.wav,8.56,16000,1,2,136960,0.530731201171875,0.09934672713279724,5.3422112281811165,0.37850467289719625,0.0,0.12135018509188882,../raw_data/wavs/voice-0823.wav,..\notebooks\finetune-wav2vec2\train_set\wavs\voice-0823.wav
..\notebooks\finetune-wav2vec2\train_set\wavs\voice-0824.wav,10.0,16000,1,2,160000,0.643768310546875,0.10741984099149704,5.993011203561857,0.40255625,0.0,0.1257007856299102,../raw_data/wavs/voice-0824.wav,..\notebooks\finetune-wav2vec2\train_set\wavs\voice-0824.wav
..\notebooks\finetune-wav2vec2\train_set\wavs\voice-0825.wav,11.6,16000,1,2,185600,0.602813720703125,0.10572933405637741,5.701480351533192,0.42444504310344827,0.0,0.11952111810947258,../raw_data/wavs/voice-0825.wav,..\notebooks\finetune-wav2vec2\train_set\wavs\voice-0825.wav
..\notebooks\finetune-wav2vec2\train_set\wavs\voice-0826.wav,18.96,16000,1,2,303360,0.610504150390625,0.10104536265134811,6.04188192680488,0.44186445147679326,0.0,0.13694006111570778,../raw_data/wavs/voice-0826.wav,..\notebooks\finetune-wav2vec2\train_set\wavs\voice-0826.wav
..\notebooks\finetune-wav2vec2\train_set\wavs\voice-0827.wav,12.08,16000,1,2,193280,0.59112548828125,0.10075435787439346,5.86699673098193,0.40472889072847684,0.0,0.12873617930556347,../raw_data/wavs/voice-0827.wav,..\notebooks\finetune-wav2vec2\train_set\wavs\voice-0827.wav
..\notebooks\finetune-wav2vec2\train_set\wavs\voice-0828.wav,3.92,16000,1,2,62720,0.55926513671875,0.10560838878154755,5.29565068808689,0.4035714285714286,0.0,0.12839809308184122,../raw_data/wavs/voice-0828.wav,..\notebooks\finetune-wav2vec2\train_set\wavs\voice-0828.wav
..\notebooks\finetune-wav2vec2\train_set\wavs\voice-0829.wav,13.68,16000,1,2,218880,0.58026123046875,0.10219727456569672,5.677854257216357,0.46480263157894736,0.0,0.14158964542052915,../raw_data/wavs/voice-0829.wav,..\notebooks\finetune-wav2vec2\train_set\wavs\voice-0829.wav
..\notebooks\finetune-wav2vec2\train_set\wavs\voice-0830.wav,11.28,16000,1,2,180480,0.532379150390625,0.10418394207954407,5.109992382359226,0.4326961436170213,0.0,0.13179372669396439,../raw_data/wavs/voice-0830.wav,..\notebooks\finetune-wav2vec2\train_set\wavs\voice-0830.wav
..\notebooks\finetune-wav2vec2\train_set\wavs\voice-0831.wav,8.32,16000,1,2,133120,0.552459716796875,0.10964247584342957,5.038738067040664,0.38841646634615384,0.0,0.14142984848143392,../raw_data/wavs/voice-0831.wav,..\notebooks\finetune-wav2vec2\train_set\wavs\voice-0831.wav
..\notebooks\finetune-wav2vec2\train_set\wavs\voice-0832.wav,14.16,16000,1,2,226560,0.628387451171875,0.10210611671209335,6.154258641955084,0.41564706920903954,0.0,0.14492030773440914,../raw_data/wavs/voice-0832.wav,..\notebooks\finetune-wav2vec2\train_set\wavs\voice-0832.wav
..\notebooks\finetune-wav2vec2\train_set\wavs\voice-0833.wav,7.04,16000,1,2,112640,0.5198974609375,0.10452843457460403,4.973741958858465,0.4122247869318182,0.0,0.11985191629897282,../raw_data/wavs/voice-0833.wav,..\notebooks\finetune-wav2vec2\train_set\wavs\voice-0833.wav
..\notebooks\finetune-wav2vec2\train_set\wavs\voice-0834.wav,7.76,16000,1,2,124160,0.562255859375,0.1086515486240387,5.174853616864171,0.4091897551546392,0.0,0.106734107072383,../raw_data/wavs/voice-0834.wav,..\notebooks\finetune-wav2vec2\train_set\wavs\voice-0834.wav
..\notebooks\finetune-wav2vec2\train_set\wavs\voice-0835.wav,3.04,16000,1,2,48640,0.650360107421875,0.10479804873466492,6.205841762078057,0.3587582236842105,0.0,0.09101749624786694,../raw_data/wavs/voice-0835.wav,..\notebooks\finetune-wav2vec2\train_set\wavs\voice-0835.wav
..\notebooks\finetune-wav2vec2\train_set\wavs\voice-0836.wav,11.12,16000,1,2,177920,0.591949462890625,0.10345585644245148,5.72175885683092,0.47448291366906475,0.0,0.1455999640285748,../raw_data/wavs/voice-0836.wav,..\notebooks\finetune-wav2vec2\train_set\wavs\voice-0836.wav
..\notebooks\finetune-wav2vec2\train_set\wavs\voice-0837.wav,8.4,16000,1,2,134400,0.539306640625,0.1080482006072998,4.991352355650096,0.3927008928571429,0.0,0.14372130745020426,../raw_data/wavs/voice-0837.wav,..\notebooks\finetune-wav2vec2\train_set\wavs\voice-0837.wav
..\notebooks\finetune-wav2vec2\train_set\wavs\voice-0838.wav,11.76,16000,1,2,188160,0.590087890625,0.10191706568002701,5.789883045471562,0.4350127551020408,0.0,0.11430226563704102,../raw_data/wavs/voice-0838.wav,..\notebooks\finetune-wav2vec2\train_set\wavs\voice-0838.wav
..\notebooks\finetune-wav2vec2\train_set\wavs\voice-0839.wav,12.96,16000,1,2,207360,0.5712890625,0.10860929638147354,5.260038334963837,0.4138840663580247,0.0,0.1383976581677188,../raw_data/wavs/voice-0839.wav,..\notebooks\finetune-wav2vec2\train_set\wavs\voice-0839.wav
..\notebooks\finetune-wav2vec2\train_set\wavs\voice-0840.wav,11.6,16000,1,2,185600,0.662261962890625,0.10366307944059372,6.388600130967053,0.4245905172413793,0.0,0.12266768678710553,../raw_data/wavs/voice-0840.wav,..\notebooks\finetune-wav2vec2\train_set\wavs\voice-0840.wav
..\notebooks\finetune-wav2vec2\train_set\wavs\voice-0841.wav,11.36,16000,1,2,181760,0.546234130859375,0.10259869694709778,5.323987020429954,0.4415768045774648,0.0,0.1515578320743402,../raw_data/wavs/voice-0841.wav,..\notebooks\finetune-wav2vec2\train_set\wavs\voice-0841.wav
..\notebooks\finetune-wav2vec2\train_set\wavs\voice-0842.wav,5.68,16000,1,2,90880,0.49005126953125,0.10551293194293976,4.644466422336405,0.419300176056338,0.0,0.11755190968210477,../raw_data/wavs/voice-0842.wav,..\notebooks\finetune-wav2vec2\train_set\wavs\voice-0842.wav
..\notebooks\finetune-wav2vec2\train_set\wavs\voice-0843.wav,16.56,16000,1,2,264960,0.53607177734375,0.10500447452068329,5.105227941864107,0.4307253925120773,0.0,0.13365841507554,../raw_data/wavs/voice-0843.wav,..\notebooks\finetune-wav2vec2\train_set\wavs\voice-0843.wav
..\notebooks\finetune-wav2vec2\train_set\wavs\voice-0844.wav,12.56,16000,1,2,200960,0.56207275390625,0.10138092190027237,5.544166923823761,0.4064888535031847,0.0,0.11640185311431685,../raw_data/wavs/voice-0844.wav,..\notebooks\finetune-wav2vec2\train_set\wavs\voice-0844.wav
..\notebooks\finetune-wav2vec2\train_set\wavs\voice-0845.wav,10.16,16000,1,2,162560,0.615325927734375,0.10181014239788055,6.04385686182072,0.4526759350393701,0.0,0.13166911705903703,../raw_data/wavs/voice-0845.wav,..\notebooks\finetune-wav2vec2\train_set\wavs\voice-0845.wav
..\notebooks\finetune-wav2vec2\train_set\wavs\voice-0846.wav,6.64,16000,1,2,106240,0.49456787109375,0.10748366266489029,4.601330647204502,0.3556852409638554,0.0,0.10601568162350926,../raw_data/wavs/voice-0846.wav,..\notebooks\finetune-wav2vec2\train_set\wavs\voice-0846.wav
..\notebooks\finetune-wav2vec2\train_set\wavs\voice-0847.wav,4.96,16000,1,2,79360,0.649200439453125,0.10576917231082916,6.137898456322294,0.38126260080645163,0.0,0.12517798863392937,../raw_data/wavs/voice-0847.wav,..\notebooks\finetune-wav2vec2\train_set\wavs\voice-0847.wav
..\notebooks\finetune-wav2vec2\train_set\wavs\voice-0848.wav,12.0,16000,1,2,192000,0.62957763671875,0.10633833706378937,5.920514220013467,0.41022916666666664,0.0,0.13069338902806785,../raw_data/wavs/voice-0848.wav,..\notebooks\finetune-wav2vec2\train_set\wavs\voice-0848.wav
..\notebooks\finetune-wav2vec2\train_set\wavs\voice-0849.wav,8.24,16000,1,2,131840,0.72509765625,0.09819289296865463,7.384420952761493,0.4367415048543689,0.0,0.1251829883418412,../raw_data/wavs/voice-0849.wav,..\notebooks\finetune-wav2vec2\train_set\wavs\voice-0849.wav
..\notebooks\finetune-wav2vec2\train_set\wavs\voice-0850.wav,10.72,16000,1,2,171520,0.612640380859375,0.10118074715137482,6.054910623883949,0.4253381529850746,0.0,0.1138008034095348,../raw_data/wavs/voice-0850.wav,..\notebooks\finetune-wav2vec2\train_set\wavs\voice-0850.wav
..\notebooks\finetune-wav2vec2\train_set\wavs\voice-0851.wav,5.92,16000,1,2,94720,0.563232421875,0.1001514196395874,5.623808667933929,0.42036528716216215,0.0,0.13475649025010822,../raw_data/wavs/voice-0851.wav,..\notebooks\finetune-wav2vec2\train_set\wavs\voice-0851.wav
..\notebooks\finetune-wav2vec2\train_set\wavs\voice-0852.wav,7.52,16000,1,2,120320,0.634063720703125,0.09870955348014832,6.42352941886869,0.4391373005319149,0.0,0.14257099876162535,../raw_data/wavs/voice-0852.wav,..\notebooks\finetune-wav2vec2\train_set\wavs\voice-0852.wav
..\notebooks\finetune-wav2vec2\train_set\wavs\voice-0853.wav,5.2,16000,1,2,83200,0.53131103515625,0.10182086378335953,5.2180959325458165,0.41873798076923074,0.0,0.12341494489116456,../raw_data/wavs/voice-0853.wav,..\notebooks\finetune-wav2vec2\train_set\wavs\voice-0853.wav
..\notebooks\finetune-wav2vec2\train_set\wavs\voice-0854.wav,9.76,16000,1,2,156160,0.62286376953125,0.110634446144104,5.629926223157977,0.38232581967213114,0.0,0.11672718191074481,../raw_data/wavs/voice-0854.wav,..\notebooks\finetune-wav2vec2\train_set\wavs\voice-0854.wav
..\notebooks\finetune-wav2vec2\train_set\wavs\voice-0855.wav,11.2,16000,1,2,179200,0.66070556640625,0.10267453640699387,6.4349505683401835,0.41765625,0.0,0.14347736315492832,../raw_data/wavs/voice-0855.wav,..\notebooks\finetune-wav2vec2\train_set\wavs\voice-0855.wav
..\notebooks\finetune-wav2vec2\train_set\wavs\voice-0856.wav,9.84,16000,1,2,157440,0.546112060546875,0.10238928347826004,5.333683780127528,0.4435276930894309,0.0,0.13889823995325173,../raw_data/wavs/voice-0856.wav,..\notebooks\finetune-wav2vec2\train_set\wavs\voice-0856.wav
..\notebooks\finetune-wav2vec2\train_set\wavs\voice-0857.wav,8.08,16000,1,2,129280,0.5360107421875,0.09949669241905212,5.387221717180037,0.4202119430693069,0.0,0.11892109313964372,../raw_data/wavs/voice-0857.wav,..\notebooks\finetune-wav2vec2\train_set\wavs\voice-0857.wav
..\notebooks\finetune-wav2vec2\train_set\wavs\voice-0858.wav,14.24,16000,1,2,227840,0.63336181640625,0.10527408868074417,6.016312507125973,0.3844320575842697,0.0,0.11264972195278244,../raw_data/wavs/voice-0858.wav,..\notebooks\finetune-wav2vec2\train_set\wavs\voice-0858.wav
..\notebooks\finetune-wav2vec2\train_set\wavs\voice-0859.wav,13.52,16000,1,2,216320,0.6280517578125,0.1042478159070015,6.024603511816297,0.42772744082840236,0.0,0.13665466278967636,../raw_data/wavs/voice-0859.wav,..\notebooks\finetune-wav2vec2\train_set\wavs\voice-0859.wav
..\notebooks\finetune-wav2vec2\train_set\wavs\voice-0860.wav,11.04,16000,1,2,176640,0.55584716796875,0.10673978924751282,5.207497334286726,0.38447690217391306,0.0,0.1086792837368871,../raw_data/wavs/voice-0860.wav,..\notebooks\finetune-wav2vec2\train_set\wavs\voice-0860.wav
..\notebooks\finetune-wav2vec2\train_set\wavs\voice-0861.wav,11.68,16000,1,2,186880,0.870330810546875,0.09894630312919617,8.795991189387507,0.4254441352739726,0.0,0.11978874030789977,../raw_data/wavs/voice-0861.wav,..\notebooks\finetune-wav2vec2\train_set\wavs\voice-0861.wav
..\notebooks\finetune-wav2vec2\train_set\wavs\voice-0862.wav,14.56,16000,1,2,232960,0.640411376953125,0.10659155249595642,6.00808752623637,0.4229309752747253,0.0,0.1628655686193708,../raw_data/wavs/voice-0862.wav,..\notebooks\finetune-wav2vec2\train_set\wavs\voice-0862.wav
..\notebooks\finetune-wav2vec2\train_set\wavs\voice-0863.wav,8.8,16000,1,2,140800,0.493072509765625,0.1037149503827095,4.754112188707424,0.3872159090909091,0.0,0.1291344398752832,../raw_data/wavs/voice-0863.wav,..\notebooks\finetune-wav2vec2\train_set\wavs\voice-0863.wav
..\notebooks\finetune-wav2vec2\train_set\wavs\voice-0864.wav,6.16,16000,1,2,98560,0.6700439453125,0.09795424342155457,6.840376913830143,0.39433847402597405,0.0,0.11369839385545713,../raw_data/wavs/voice-0864.wav,..\notebooks\finetune-wav2vec2\train_set\wavs\voice-0864.wav
..\notebooks\finetune-wav2vec2\train_set\wavs\voice-0865.wav,7.76,16000,1,2,124160,0.567962646484375,0.10353048145771027,5.48594615312761,0.3616382087628866,0.0,0.09731070643288042,../raw_data/wavs/voice-0865.wav,..\notebooks\finetune-wav2vec2\train_set\wavs\voice-0865.wav
..\notebooks\finetune-wav2vec2\train_set\wavs\voice-0866.wav,16.0,16000,1,2,256000,0.54498291015625,0.11037798225879669,4.937424104007093,0.3905390625,0.0,0.12827393857007255,../raw_data/wavs/voice-0866.wav,..\notebooks\finetune-wav2vec2\train_set\wavs\voice-0866.wav
..\notebooks\finetune-wav2vec2\train_set\wavs\voice-0867.wav,10.72,16000,1,2,171520,0.608154296875,0.10561563819646835,5.7581841785938845,0.40423274253731345,0.0,0.12366559972947604,../raw_data/wavs/voice-0867.wav,..\notebooks\finetune-wav2vec2\train_set\wavs\voice-0867.wav
..\notebooks\finetune-wav2vec2\train_set\wavs\voice-0868.wav,15.67,16000,1,2,250720,0.687164306640625,0.10613850504159927,6.474222586527877,0.3875239310784939,0.0,0.11176257084624619,../raw_data/wavs/voice-0868.wav,..\notebooks\finetune-wav2vec2\train_set\wavs\voice-0868.wav
..\notebooks\finetune-wav2vec2\train_set\wavs\voice-0869.wav,7.68,16000,1,2,122880,0.60198974609375,0.10756552964448929,5.596493115251357,0.4052978515625,0.0,0.1374522904646034,../raw_data/wavs/voice-0869.wav,..\notebooks\finetune-wav2vec2\train_set\wavs\voice-0869.wav
..\notebooks\finetune-wav2vec2\train_set\wavs\voice-0870.wav,7.68,16000,1,2,122880,0.565032958984375,0.10604081302881241,5.328448008323452,0.4746337890625,0.0,0.14896768365627974,../raw_data/wavs/voice-0870.wav,..\notebooks\finetune-wav2vec2\train_set\wavs\voice-0870.wav
..\notebooks\finetune-wav2vec2\train_set\wavs\voice-0871.wav,7.28,16000,1,2,116480,0.53955078125,0.10236001759767532,5.271108719135797,0.38765453296703295,0.0,0.1169910455962019,../raw_data/wavs/voice-0871.wav,..\notebooks\finetune-wav2vec2\train_set\wavs\voice-0871.wav
..\notebooks\finetune-wav2vec2\train_set\wavs\voice-0872.wav,14.08,16000,1,2,225280,0.6619873046875,0.09994464367628098,6.623539594894808,0.4328702059659091,0.0,0.13479729579765534,../raw_data/wavs/voice-0872.wav,..\notebooks\finetune-wav2vec2\train_set\wavs\voice-0872.wav
..\notebooks\finetune-wav2vec2\train_set\wavs\voice-0873.wav,5.84,16000,1,2,93440,0.5587158203125,0.11074559390544891,5.045038819237485,0.40200128424657533,0.0,0.12542942454435513,../raw_data/wavs/voice-0873.wav,..\notebooks\finetune-wav2vec2\train_set\wavs\voice-0873.wav
..\notebooks\finetune-wav2vec2\train_set\wavs\voice-0874.wav,15.92,16000,1,2,254720,0.77459716796875,0.10729527473449707,7.219303644876219,0.39468435929648243,0.0,0.11809876766161928,../raw_data/wavs/voice-0874.wav,..\notebooks\finetune-wav2vec2\train_set\wavs\voice-0874.wav
..\notebooks\finetune-wav2vec2\train_set\wavs\voice-0875.wav,7.2,16000,1,2,115200,0.520721435546875,0.1071462333202362,4.859913591087749,0.383984375,0.0,0.11168499726560126,../raw_data/wavs/voice-0875.wav,..\notebooks\finetune-wav2vec2\train_set\wavs\voice-0875.wav
..\notebooks\finetune-wav2vec2\train_set\wavs\voice-0876.wav,8.56,16000,1,2,136960,0.55645751953125,0.10354441404342651,5.374095016828931,0.41352219626168224,0.0,0.1412539519126162,../raw_data/wavs/voice-0876.wav,..\notebooks\finetune-wav2vec2\train_set\wavs\voice-0876.wav
..\notebooks\finetune-wav2vec2\train_set\wavs\voice-0877.wav,7.68,16000,1,2,122880,0.662261962890625,0.10396401584148407,6.370107556256662,0.46892903645833334,0.0,0.12667746319550127,../raw_data/wavs/voice-0877.wav,..\notebooks\finetune-wav2vec2\train_set\wavs\voice-0877.wav
..\notebooks\finetune-wav2vec2\train_set\wavs\voice-0878.wav,8.56,16000,1,2,136960,0.592437744140625,0.10346610844135284,5.725911151635064,0.4077759929906542,0.0,0.12121145744346848,../raw_data/wavs/voice-0878.wav,..\notebooks\finetune-wav2vec2\train_set\wavs\voice-0878.wav
..\notebooks\finetune-wav2vec2\train_set\wavs\voice-0879.wav,3.84,16000,1,2,61440,0.470855712890625,0.10316480696201324,4.5641118008779955,0.3929036458333333,0.0,0.10132000846367942,../raw_data/wavs/voice-0879.wav,..\notebooks\finetune-wav2vec2\train_set\wavs\voice-0879.wav
..\notebooks\finetune-wav2vec2\train_set\wavs\voice-0880.wav,9.04,16000,1,2,144640,0.548065185546875,0.10293436050415039,5.324414343884485,0.45537887168141594,0.0,0.13258526400210177,../raw_data/wavs/voice-0880.wav,..\notebooks\finetune-wav2vec2\train_set\wavs\voice-0880.wav
..\notebooks\finetune-wav2vec2\train_set\wavs\voice-0881.wav,8.72,16000,1,2,139520,0.56414794921875,0.10900697857141495,5.175337915169839,0.3764334862385321,0.0,0.12721564804793611,../raw_data/wavs/voice-0881.wav,..\notebooks\finetune-wav2vec2\train_set\wavs\voice-0881.wav
..\notebooks\finetune-wav2vec2\train_set\wavs\voice-0882.wav,4.88,16000,1,2,78080,0.655914306640625,0.10511360317468643,6.240051590188309,0.4266137295081967,0.0,0.13591362594295522,../raw_data/wavs/voice-0882.wav,..\notebooks\finetune-wav2vec2\train_set\wavs\voice-0882.wav
..\notebooks\finetune-wav2vec2\train_set\wavs\voice-0883.wav,5.6,16000,1,2,89600,0.54669189453125,0.1107119768857956,4.937965249190586,0.3659040178571429,0.0,0.13395238786147168,../raw_data/wavs/voice-0883.wav,..\notebooks\finetune-wav2vec2\train_set\wavs\voice-0883.wav
..\notebooks\finetune-wav2vec2\train_set\wavs\voice-0884.wav,10.16,16000,1,2,162560,0.676116943359375,0.10387170314788818,6.509154301597886,0.46592027559055116,0.0,0.1313861428773553,../raw_data/wavs/voice-0884.wav,..\notebooks\finetune-wav2vec2\train_set\wavs\voice-0884.wav
..\notebooks\finetune-wav2vec2\train_set\wavs\voice-0885.wav,4.16,16000,1,2,66560,0.55023193359375,0.10136523842811584,5.428211309185174,0.3841947115384615,0.0,0.12011899217235836,../raw_data/wavs/voice-0885.wav,..\notebooks\finetune-wav2vec2\train_set\wavs\voice-0885.wav
..\notebooks\finetune-wav2vec2\train_set\wavs\voice-0886.wav,7.12,16000,1,2,113920,0.572265625,0.09742249548435211,5.8740604226455755,0.44199438202247193,0.0,0.12524688594527691,../raw_data/wavs/voice-0886.wav,..\notebooks\finetune-wav2vec2\train_set\wavs\voice-0886.wav
..\notebooks\finetune-wav2vec2\train_set\wavs\voice-0887.wav,14.72,16000,1,2,235520,0.5880126953125,0.10434611886739731,5.635213860323301,0.42244395380434785,0.0,0.14171255822247886,../raw_data/wavs/voice-0887.wav,..\notebooks\finetune-wav2vec2\train_set\wavs\voice-0887.wav
..\notebooks\finetune-wav2vec2\train_set\wavs\voice-0888.wav,19.43,16000,1,2,310880,0.61297607421875,0.10291120409965515,5.956358975502494,0.3999806999485332,0.0,0.13506541130150315,../raw_data/wavs/voice-0888.wav,..\notebooks\finetune-wav2vec2\train_set\wavs\voice-0888.wav
..\notebooks\finetune-wav2vec2\train_set\wavs\voice-0889.wav,6.72,16000,1,2,107520,0.63409423828125,0.10540546476840973,6.015762462358494,0.3663969494047619,0.0,0.11510523721388778,../raw_data/wavs/voice-0889.wav,..\notebooks\finetune-wav2vec2\train_set\wavs\voice-0889.wav
..\notebooks\finetune-wav2vec2\train_set\wavs\voice-0890.wav,5.76,16000,1,2,92160,0.745452880859375,0.1127362847328186,6.612359832737743,0.3868489583333333,0.0,0.12507731203680594,../raw_data/wavs/voice-0890.wav,..\notebooks\finetune-wav2vec2\train_set\wavs\voice-0890.wav
..\notebooks\finetune-wav2vec2\train_set\wavs\voice-0891.wav,9.28,16000,1,2,148480,0.48583984375,0.10150624066591263,4.786305162744073,0.37483162715517243,0.0,0.13102863031135717,../raw_data/wavs/voice-0891.wav,..\notebooks\finetune-wav2vec2\train_set\wavs\voice-0891.wav
..\notebooks\finetune-wav2vec2\train_set\wavs\voice-0892.wav,14.88,16000,1,2,238080,0.5928955078125,0.10839051753282547,5.469994251415442,0.434580813172043,0.0,0.1393739053003415,../raw_data/wavs/voice-0892.wav,..\notebooks\finetune-wav2vec2\train_set\wavs\voice-0892.wav
..\notebooks\finetune-wav2vec2\train_set\wavs\voice-0893.wav,13.12,16000,1,2,209920,0.6190185546875,0.10204819589853287,6.065943148108114,0.42086985518292686,0.0,0.15090106183813756,../raw_data/wavs/voice-0893.wav,..\notebooks\finetune-wav2vec2\train_set\wavs\voice-0893.wav
..\notebooks\finetune-wav2vec2\train_set\wavs\voice-0894.wav,5.84,16000,1,2,93440,0.600860595703125,0.10529686510562897,5.706348380840867,0.3424871575342466,0.0,0.1007074133926947,../raw_data/wavs/voice-0894.wav,..\notebooks\finetune-wav2vec2\train_set\wavs\voice-0894.wav
..\notebooks\finetune-wav2vec2\train_set\wavs\voice-0895.wav,13.84,16000,1,2,221440,0.61529541015625,0.10582362115383148,5.8143484738801385,0.4388050939306358,0.0,0.15265152028323828,../raw_data/wavs/voice-0895.wav,..\notebooks\finetune-wav2vec2\train_set\wavs\voice-0895.wav
..\notebooks\finetune-wav2vec2\train_set\wavs\voice-0896.wav,6.16,16000,1,2,98560,0.5833740234375,0.11256305128335953,5.182642232831348,0.43455762987012986,0.0,0.13279355512941488,../raw_data/wavs/voice-0896.wav,..\notebooks\finetune-wav2vec2\train_set\wavs\voice-0896.wav
..\notebooks\finetune-wav2vec2\train_set\wavs\voice-0897.wav,6.24,16000,1,2,99840,0.498291015625,0.09923436492681503,5.021355414452319,0.39633413461538464,0.0,0.13221286270896143,../raw_data/wavs/voice-0897.wav,..\notebooks\finetune-wav2vec2\train_set\wavs\voice-0897.wav
..\notebooks\finetune-wav2vec2\train_set\wavs\voice-0898.wav,11.6,16000,1,2,185600,0.486053466796875,0.10289095342159271,4.723966982843331,0.3705280172413793,0.0,0.12306100787180965,../raw_data/wavs/voice-0898.wav,..\notebooks\finetune-wav2vec2\train_set\wavs\voice-0898.wav
..\notebooks\finetune-wav2vec2\train_set\wavs\voice-0899.wav,8.64,16000,1,2,138240,0.5643310546875,0.1032978892326355,5.463142169503379,0.4016927083333333,0.0,0.13726951149820238,../raw_data/wavs/voice-0899.wav,..\notebooks\finetune-wav2vec2\train_set\wavs\voice-0899.wav
..\notebooks\finetune-wav2vec2\train_set\wavs\voice-0900.wav,8.08,16000,1,2,129280,0.558563232421875,0.10267434269189835,5.440144224716319,0.40942914603960395,0.0,0.11995761105825385,../raw_data/wavs/voice-0900.wav,..\notebooks\finetune-wav2vec2\train_set\wavs\voice-0900.wav
..\notebooks\finetune-wav2vec2\train_set\wavs\voice-0901.wav,10.88,16000,1,2,174080,0.596527099609375,0.10631527006626129,5.610925873936903,0.4268267463235294,0.0,0.15942761619724377,../raw_data/wavs/voice-0901.wav,..\notebooks\finetune-wav2vec2\train_set\wavs\voice-0901.wav
..\notebooks\finetune-wav2vec2\train_set\wavs\voice-0902.wav,5.52,16000,1,2,88320,0.579864501953125,0.10742375254631042,5.397917017497086,0.39208559782608693,0.0,0.12671112671112672,../raw_data/wavs/voice-0902.wav,..\notebooks\finetune-wav2vec2\train_set\wavs\voice-0902.wav
..\notebooks\finetune-wav2vec2\train_set\wavs\voice-0903.wav,10.08,16000,1,2,161280,0.598297119140625,0.1004420816898346,5.956637985542435,0.40367063492063493,0.0,0.11852132019667781,../raw_data/wavs/voice-0903.wav,..\notebooks\finetune-wav2vec2\train_set\wavs\voice-0903.wav
..\notebooks\finetune-wav2vec2\train_set\wavs\voice-0904.wav,10.8,16000,1,2,172800,0.663818359375,0.10483507812023163,6.3320252274118625,0.43041087962962965,0.0,0.136395465251535,../raw_data/wavs/voice-0904.wav,..\notebooks\finetune-wav2vec2\train_set\wavs\voice-0904.wav
..\notebooks\finetune-wav2vec2\train_set\wavs\voice-0905.wav,6.88,16000,1,2,110080,0.57977294921875,0.1039259284734726,5.578713202131639,0.4107739825581395,0.0,0.13045176645863427,../raw_data/wavs/voice-0905.wav,..\notebooks\finetune-wav2vec2\train_set\wavs\voice-0905.wav
..\notebooks\finetune-wav2vec2\train_set\wavs\voice-0906.wav,8.4,16000,1,2,134400,0.622894287109375,0.10657127946615219,5.8448607376175,0.4208556547619048,0.0,0.12320032143096303,../raw_data/wavs/voice-0906.wav,..\notebooks\finetune-wav2vec2\train_set\wavs\voice-0906.wav
..\notebooks\finetune-wav2vec2\train_set\wavs\voice-0907.wav,7.6,16000,1,2,121600,0.78082275390625,0.10572453588247299,7.385445085086392,0.4515213815789474,0.0,0.1479699668582801,../raw_data/wavs/voice-0907.wav,..\notebooks\finetune-wav2vec2\train_set\wavs\voice-0907.wav
..\notebooks\finetune-wav2vec2\train_set\wavs\voice-0908.wav,8.0,16000,1,2,128000,0.605499267578125,0.1021699458360672,5.926393154300534,0.419296875,0.0,0.12646192548379284,../raw_data/wavs/voice-0908.wav,..\notebooks\finetune-wav2vec2\train_set\wavs\voice-0908.wav
..\notebooks\finetune-wav2vec2\train_set\wavs\voice-0909.wav,8.96,16000,1,2,143360,0.685028076171875,0.10783029347658157,6.3528351271773955,0.34974190848214287,0.0,0.12327792465070209,../raw_data/wavs/voice-0909.wav,..\notebooks\finetune-wav2vec2\train_set\wavs\voice-0909.wav
..\notebooks\finetune-wav2vec2\train_set\wavs\voice-0910.wav,11.84,16000,1,2,189440,0.5283203125,0.10814027488231659,4.885509243202344,0.38965899493243245,0.0,0.12367041633454569,../raw_data/wavs/voice-0910.wav,..\notebooks\finetune-wav2vec2\train_set\wavs\voice-0910.wav
..\notebooks\finetune-wav2vec2\train_set\wavs\voice-0911.wav,6.96,16000,1,2,111360,0.75152587890625,0.10791510343551636,6.964047246225522,0.4015625,0.0,0.13767185409351737,../raw_data/wavs/voice-0911.wav,..\notebooks\finetune-wav2vec2\train_set\wavs\voice-0911.wav
..\notebooks\finetune-wav2vec2\train_set\wavs\voice-0912.wav,6.96,16000,1,2,111360,0.540130615234375,0.10226155072450638,5.281854337310923,0.38046875,0.0,0.10962742122325092,../raw_data/wavs/voice-0912.wav,..\notebooks\finetune-wav2vec2\train_set\wavs\voice-0912.wav
..\notebooks\finetune-wav2vec2\train_set\wavs\voice-0913.wav,9.12,16000,1,2,145920,0.48529052734375,0.10036303102970123,4.835351447288734,0.4121230811403509,0.0,0.14702677512866727,../raw_data/wavs/voice-0913.wav,..\notebooks\finetune-wav2vec2\train_set\wavs\voice-0913.wav
..\notebooks\finetune-wav2vec2\train_set\wavs\voice-0914.wav,11.76,16000,1,2,188160,0.715667724609375,0.11403869837522507,6.275656727110224,0.38257865646258504,0.0,0.15312049915231268,../raw_data/wavs/voice-0914.wav,..\notebooks\finetune-wav2vec2\train_set\wavs\voice-0914.wav
..\notebooks\finetune-wav2vec2\train_set\wavs\voice-0915.wav,11.92,16000,1,2,190720,0.56097412109375,0.10666998475790024,5.258968793957786,0.39434249161073825,0.0,0.1454967779822671,../raw_data/wavs/voice-0915.wav,..\notebooks\finetune-wav2vec2\train_set\wavs\voice-0915.wav
..\notebooks\finetune-wav2vec2\train_set\wavs\voice-0916.wav,11.28,16000,1,2,180480,0.689849853515625,0.11034346371889114,6.251841570544433,0.41766954787234045,0.0,0.11898337202666238,../raw_data/wavs/voice-0916.wav,..\notebooks\finetune-wav2vec2\train_set\wavs\voice-0916.wav
..\notebooks\finetune-wav2vec2\train_set\wavs\voice-0917.wav,11.12,16000,1,2,177920,0.554840087890625,0.10421233624219894,5.324130596219685,0.4246515287769784,0.0,0.12867091204424486,../raw_data/wavs/voice-0917.wav,..\notebooks\finetune-wav2vec2\train_set\wavs\voice-0917.wav
..\notebooks\finetune-wav2vec2\train_set\wavs\voice-0918.wav,21.83,16000,1,2,349280,0.582305908203125,0.10636728256940842,5.47448326343347,0.41533440219880896,0.0,0.13159680370133905,../raw_data/wavs/voice-0918.wav,..\notebooks\finetune-wav2vec2\train_set\wavs\voice-0918.wav
..\notebooks\finetune-wav2vec2\train_set\wavs\voice-0919.wav,5.92,16000,1,2,94720,0.479583740234375,0.10653095692396164,4.501825141556613,0.3964210304054054,0.0,0.12513856776359547,../raw_data/wavs/voice-0919.wav,..\notebooks\finetune-wav2vec2\train_set\wavs\voice-0919.wav
..\notebooks\finetune-wav2vec2\train_set\wavs\voice-0920.wav,5.6,16000,1,2,89600,0.4801025390625,0.10383899509906769,4.623528363351915,0.4337723214285714,0.0,0.12884072366879096,../raw_data/wavs/voice-0920.wav,..\notebooks\finetune-wav2vec2\train_set\wavs\voice-0920.wav
..\notebooks\finetune-wav2vec2\train_set\wavs\voice-0921.wav,8.64,16000,1,2,138240,0.53643798828125,0.10093829780817032,5.3145139152309815,0.4288990162037037,0.0,0.12108015827660791,../raw_data/wavs/voice-0921.wav,..\notebooks\finetune-wav2vec2\train_set\wavs\voice-0921.wav
..\notebooks\finetune-wav2vec2\train_set\wavs\voice-0922.wav,16.24,16000,1,2,259840,0.660369873046875,0.10766497999429703,6.133562399601566,0.3960668103448276,0.0,0.11448627804140256,../raw_data/wavs/voice-0922.wav,..\notebooks\finetune-wav2vec2\train_set\wavs\voice-0922.wav
..\notebooks\finetune-wav2vec2\train_set\wavs\voice-0923.wav,12.56,16000,1,2,200960,0.595672607421875,0.10194118320941925,5.843296974473763,0.41979000796178345,0.0,0.11313252952094706,../raw_data/wavs/voice-0923.wav,..\notebooks\finetune-wav2vec2\train_set\wavs\voice-0923.wav
..\notebooks\finetune-wav2vec2\train_set\wavs\voice-0924.wav,7.52,16000,1,2,120320,0.618896484375,0.10724552720785141,5.770837259958855,0.3953540558510638,0.0,0.13042827816055652,../raw_data/wavs/voice-0924.wav,..\notebooks\finetune-wav2vec2\train_set\wavs\voice-0924.wav
..\notebooks\finetune-wav2vec2\train_set\wavs\voice-0925.wav,9.76,16000,1,2,156160,0.532989501953125,0.10667780041694641,4.996255077157144,0.3823578381147541,0.0,0.13926190613413253,../raw_data/wavs/voice-0925.wav,..\notebooks\finetune-wav2vec2\train_set\wavs\voice-0925.wav
..\notebooks\finetune-wav2vec2\train_set\wavs\voice-0926.wav,4.4,16000,1,2,70400,0.586181640625,0.10868711024522781,5.393294929844156,0.3516335227272727,0.0,0.1161380133240529,../raw_data/wavs/voice-0926.wav,..\notebooks\finetune-wav2vec2\train_set\wavs\voice-0926.wav
..\notebooks\finetune-wav2vec2\train_set\wavs\voice-0927.wav,13.76,16000,1,2,220160,0.63238525390625,0.10083135962486267,6.271712057231037,0.4212572674418605,0.0,0.1323316330470251,../raw_data/wavs/voice-0927.wav,..\notebooks\finetune-wav2vec2\train_set\wavs\voice-0927.wav
..\notebooks\finetune-wav2vec2\train_set\wavs\voice-0928.wav,9.04,16000,1,2,144640,0.511474609375,0.10258401930332184,4.98590923662939,0.391447732300885,0.0,0.11980171323087134,../raw_data/wavs/voice-0928.wav,..\notebooks\finetune-wav2vec2\train_set\wavs\voice-0928.wav
..\notebooks\finetune-wav2vec2\train_set\wavs\voice-0929.wav,7.84,16000,1,2,125440,0.561981201171875,0.11000280827283859,5.1087895845167886,0.38394451530612245,0.0,0.1196756989453041,../raw_data/wavs/voice-0929.wav,..\notebooks\finetune-wav2vec2\train_set\wavs\voice-0929.wav
..\notebooks\finetune-wav2vec2\train_set\wavs\voice-0930.wav,5.04,16000,1,2,80640,0.582550048828125,0.10189875215291977,5.716949781228825,0.38681795634920635,0.0,0.12069842135939186,../raw_data/wavs/voice-0930.wav,..\notebooks\finetune-wav2vec2\train_set\wavs\voice-0930.wav
..\notebooks\finetune-wav2vec2\train_set\wavs\voice-0931.wav,8.88,16000,1,2,142080,0.62261962890625,0.10637619346380234,5.852997824349814,0.41884853603603606,0.0,0.1412242484814786,../raw_data/wavs/voice-0931.wav,..\notebooks\finetune-wav2vec2\train_set\wavs\voice-0931.wav
..\notebooks\finetune-wav2vec2\train_set\wavs\voice-0932.wav,16.56,16000,1,2,264960,0.71063232421875,0.10817519575357437,6.5692723666300274,0.4172856280193237,0.0,0.12345306254930008,../raw_data/wavs/voice-0932.wav,..\notebooks\finetune-wav2vec2\train_set\wavs\voice-0932.wav
..\notebooks\finetune-wav2vec2\train_set\wavs\voice-0933.wav,8.48,16000,1,2,135680,0.673248291015625,0.10327717661857605,6.518848723973837,0.4122272995283019,0.0,0.10656033726663669,../raw_data/wavs/voice-0933.wav,..\notebooks\finetune-wav2vec2\train_set\wavs\voice-0933.wav
..\notebooks\finetune-wav2vec2\train_set\wavs\voice-0934.wav,10.96,16000,1,2,175360,0.575164794921875,0.10324640572071075,5.570797268020533,0.4597057481751825,0.0,0.1527837179728443,../raw_data/wavs/voice-0934.wav,..\notebooks\finetune-wav2vec2\train_set\wavs\voice-0934.wav
..\notebooks\finetune-wav2vec2\train_set\wavs\voice-0935.wav,7.52,16000,1,2,120320,0.5433349609375,0.10186760872602463,5.333736285091489,0.37964594414893615,0.0,0.10873594361655266,../raw_data/wavs/voice-0935.wav,..\notebooks\finetune-wav2vec2\train_set\wavs\voice-0935.wav
..\notebooks\finetune-wav2vec2\train_set\wavs\voice-0936.wav,10.88,16000,1,2,174080,0.6217041015625,0.10091183334589005,6.160864201441256,0.4000919117647059,0.0,0.10995582465432362,../raw_data/wavs/voice-0936.wav,..\notebooks\finetune-wav2vec2\train_set\wavs\voice-0936.wav
..\notebooks\finetune-wav2vec2\train_set\wavs\voice-0937.wav,9.12,16000,1,2,145920,0.55389404296875,0.10799182206392288,5.129036925045002,0.4221217105263158,0.0,0.12857818378689548,../raw_data/wavs/voice-0937.wav,..\notebooks\finetune-wav2vec2\train_set\wavs\voice-0937.wav
..\notebooks\finetune-wav2vec2\train_set\wavs\voice-0938.wav,13.36,16000,1,2,213760,0.568328857421875,0.10145708918571472,5.601667285975088,0.44461545658682633,0.0,0.14749788313006704,../raw_data/wavs/voice-0938.wav,..\notebooks\finetune-wav2vec2\train_set\wavs\voice-0938.wav
..\notebooks\finetune-wav2vec2\train_set\wavs\voice-0939.wav,8.48,16000,1,2,135680,0.6373291015625,0.11130119115114212,5.726166045222599,0.4192732900943396,0.0,0.14167262435601677,../raw_data/wavs/voice-0939.wav,..\notebooks\finetune-wav2vec2\train_set\wavs\voice-0939.wav
..\notebooks\finetune-wav2vec2\train_set\wavs\voice-0940.wav,4.72,16000,1,2,75520,0.596954345703125,0.09832560271024704,6.071199456181041,0.4114406779661017,0.0,0.11818217931911175,../raw_data/wavs/voice-0940.wav,..\notebooks\finetune-wav2vec2\train_set\wavs\voice-0940.wav
..\notebooks\finetune-wav2vec2\train_set\wavs\voice-0941.wav,5.36,16000,1,2,85760,0.592529296875,0.09757059812545776,6.0728263253353925,0.4166627798507463,0.0,0.13155470562856378,../raw_data/wavs/voice-0941.wav,..\notebooks\finetune-wav2vec2\train_set\wavs\voice-0941.wav
..\notebooks\finetune-wav2vec2\train_set\wavs\voice-0942.wav,9.44,16000,1,2,151040,0.608306884765625,0.10630950331687927,5.722036749174062,0.3896583686440678,0.0,0.12210091433338409,../raw_data/wavs/voice-0942.wav,..\notebooks\finetune-wav2vec2\train_set\wavs\voice-0942.wav
..\notebooks\finetune-wav2vec2\train_set\wavs\voice-0943.wav,7.6,16000,1,2,121600,0.6209716796875,0.10614471137523651,5.850236640545167,0.38080592105263156,0.0,0.0971554042385217,../raw_data/wavs/voice-0943.wav,..\notebooks\finetune-wav2vec2\train_set\wavs\voice-0943.wav
..\notebooks\finetune-wav2vec2\train_set\wavs\voice-0944.wav,13.92,16000,1,2,222720,0.6854248046875,0.10749377310276031,6.376414046163006,0.4440149066091954,0.0,0.14633237397797225,../raw_data/wavs/voice-0944.wav,..\notebooks\finetune-wav2vec2\train_set\wavs\voice-0944.wav
..\notebooks\finetune-wav2vec2\train_set\wavs\voice-0945.wav,12.4,16000,1,2,198400,0.599761962890625,0.09911832958459854,6.0509692344918085,0.4185987903225806,0.0,0.13669927771813367,../raw_data/wavs/voice-0945.wav,..\notebooks\finetune-wav2vec2\train_set\wavs\voice-0945.wav
..\notebooks\finetune-wav2vec2\train_set\wavs\voice-0946.wav,4.64,16000,1,2,74240,0.553192138671875,0.10592319071292877,5.222578124285615,0.3844288793103448,0.0,0.10878379288514123,../raw_data/wavs/voice-0946.wav,..\notebooks\finetune-wav2vec2\train_set\wavs\voice-0946.wav
..\notebooks\finetune-wav2vec2\train_set\wavs\voice-0947.wav,4.32,16000,1,2,69120,0.7130126953125,0.10963785648345947,6.503343992501976,0.40587384259259257,0.0,0.12636178185448285,../raw_data/wavs/voice-0947.wav,..\notebooks\finetune-wav2vec2\train_set\wavs\voice-0947.wav
..\notebooks\finetune-wav2vec2\train_set\wavs\voice-0948.wav,17.91,16000,1,2,286560,0.5975341796875,0.09949678927659988,6.005562431028424,0.4256525683975433,0.0,0.1258170219745323,../raw_data/wavs/voice-0948.wav,..\notebooks\finetune-wav2vec2\train_set\wavs\voice-0948.wav
..\notebooks\finetune-wav2vec2\train_set\wavs\voice-0949.wav,8.8,16000,1,2,140800,0.59735107421875,0.10187644511461258,5.863485652122242,0.3972372159090909,0.0,0.12279206528455458,../raw_data/wavs/voice-0949.wav,..\notebooks\finetune-wav2vec2\train_set\wavs\voice-0949.wav
..\notebooks\finetune-wav2vec2\train_set\wavs\voice-0950.wav,10.72,16000,1,2,171520,0.678985595703125,0.10392919927835464,6.533155267410373,0.42153101679104477,0.0,0.14619371614806523,../raw_data/wavs/voice-0950.wav,..\notebooks\finetune-wav2vec2\train_set\wavs\voice-0950.wav
..\notebooks\finetune-wav2vec2\train_set\wavs\voice-0951.wav,8.4,16000,1,2,134400,0.52081298828125,0.10249548405408859,5.081326197809927,0.4068824404761905,0.0,0.12321520249406617,../raw_data/wavs/voice-0951.wav,..\notebooks\finetune-wav2vec2\train_set\wavs\voice-0951.wav
..\notebooks\finetune-wav2vec2\train_set\wavs\voice-0952.wav,9.04,16000,1,2,144640,0.671234130859375,0.10262158513069153,6.540866914153968,0.43304065265486724,0.0,0.13096744308243283,../raw_data/wavs/voice-0952.wav,..\notebooks\finetune-wav2vec2\train_set\wavs\voice-0952.wav
..\notebooks\finetune-wav2vec2\train_set\wavs\voice-0953.wav,10.08,16000,1,2,161280,0.611328125,0.10759730637073517,5.681630382954196,0.40009300595238095,0.0,0.12560221727565274,../raw_data/wavs/voice-0953.wav,..\notebooks\finetune-wav2vec2\train_set\wavs\voice-0953.wav
..\notebooks\finetune-wav2vec2\train_set\wavs\voice-0954.wav,7.76,16000,1,2,124160,0.70355224609375,0.10955200344324112,6.422084708457754,0.4251369201030928,0.0,0.12616080992920367,../raw_data/wavs/voice-0954.wav,..\notebooks\finetune-wav2vec2\train_set\wavs\voice-0954.wav
..\notebooks\finetune-wav2vec2\train_set\wavs\voice-0955.wav,8.64,16000,1,2,138240,0.64617919921875,0.1072382852435112,6.025639050003825,0.4031032986111111,0.0,0.12153589073995037,../raw_data/wavs/voice-0955.wav,..\notebooks\finetune-wav2vec2\train_set\wavs\voice-0955.wav
..\notebooks\finetune-wav2vec2\train_set\wavs\voice-0956.wav,13.2,16000,1,2,211200,0.547882080078125,0.102089524269104,5.366682664069716,0.46041666666666664,0.0,0.15281322354746,../raw_data/wavs/voice-0956.wav,..\notebooks\finetune-wav2vec2\train_set\wavs\voice-0956.wav
..\notebooks\finetune-wav2vec2\train_set\wavs\voice-0957.wav,12.72,16000,1,2,203520,0.61865234375,0.10143664479255676,6.09890385289435,0.41917747641509434,0.0,0.14102860175217055,../raw_data/wavs/voice-0957.wav,..\notebooks\finetune-wav2vec2\train_set\wavs\voice-0957.wav
..\notebooks\finetune-wav2vec2\train_set\wavs\voice-0958.wav,10.24,16000,1,2,163840,0.620330810546875,0.10777165740728378,5.755973559936638,0.4402099609375,0.0,0.15518893547934254,../raw_data/wavs/voice-0958.wav,..\notebooks\finetune-wav2vec2\train_set\wavs\voice-0958.wav
..\notebooks\finetune-wav2vec2\train_set\wavs\voice-0959.wav,11.28,16000,1,2,180480,0.68182373046875,0.1115003377199173,6.114992514026762,0.4016566932624113,0.0,0.11990868743731958,../raw_data/wavs/voice-0959.wav,..\notebooks\finetune-wav2vec2\train_set\wavs\voice-0959.wav
..\notebooks\finetune-wav2vec2\train_set\wavs\voice-0960.wav,8.0,16000,1,2,128000,0.62554931640625,0.10089551657438278,6.199971392634468,0.41840625,0.0,0.1385401448448816,../raw_data/wavs/voice-0960.wav,..\notebooks\finetune-wav2vec2\train_set\wavs\voice-0960.wav
..\notebooks\finetune-wav2vec2\train_set\wavs\voice-0961.wav,9.76,16000,1,2,156160,0.569915771484375,0.10291793197393417,5.53757504210944,0.4130891393442623,0.0,0.14343713778904835,../raw_data/wavs/voice-0961.wav,..\notebooks\finetune-wav2vec2\train_set\wavs\voice-0961.wav
..\notebooks\finetune-wav2vec2\train_set\wavs\voice-0962.wav,2.88,16000,1,2,46080,0.609771728515625,0.11045574396848679,5.520507187834378,0.33585069444444443,0.0,0.10642592070140411,../raw_data/wavs/voice-0962.wav,..\notebooks\finetune-wav2vec2\train_set\wavs\voice-0962.wav
..\notebooks\finetune-wav2vec2\train_set\wavs\voice-0963.wav,15.36,16000,1,2,245760,0.51397705078125,0.10004226118326187,5.137599297558098,0.423828125,0.0,0.1305994897440175,../raw_data/wavs/voice-0963.wav,..\notebooks\finetune-wav2vec2\train_set\wavs\voice-0963.wav
..\notebooks\finetune-wav2vec2\train_set\wavs\voice-0964.wav,9.12,16000,1,2,145920,0.61151123046875,0.10524288564920425,5.81047570766009,0.43360060307017545,0.0,0.1449502806351469,../raw_data/wavs/voice-0964.wav,..\notebooks\finetune-wav2vec2\train_set\wavs\voice-0964.wav
..\notebooks\finetune-wav2vec2\train_set\wavs\voice-0965.wav,12.24,16000,1,2,195840,0.520843505859375,0.10021870583295822,5.197068766059528,0.4359017565359477,0.0,0.1299638989169675,../raw_data/wavs/voice-0965.wav,..\notebooks\finetune-wav2vec2\train_set\wavs\voice-0965.wav
..\notebooks\finetune-wav2vec2\train_set\wavs\voice-0966.wav,7.84,16000,1,2,125440,0.588653564453125,0.1070808619260788,5.497280782624729,0.4342075892857143,0.0,0.15180286832643755,../raw_data/wavs/voice-0966.wav,..\notebooks\finetune-wav2vec2\train_set\wavs\voice-0966.wav
..\notebooks\finetune-wav2vec2\train_set\wavs\voice-0967.wav,10.08,16000,1,2,161280,0.621612548828125,0.10309530049562454,6.029494514684564,0.4604290674603175,0.0,0.1432486560556551,../raw_data/wavs/voice-0967.wav,..\notebooks\finetune-wav2vec2\train_set\wavs\voice-0967.wav
..\notebooks\finetune-wav2vec2\train_set\wavs\voice-0968.wav,8.4,16000,1,2,134400,0.572845458984375,0.1001436859369278,5.720235415991807,0.4172693452380952,0.0,0.11831933273313046,../raw_data/wavs/voice-0968.wav,..\notebooks\finetune-wav2vec2\train_set\wavs\voice-0968.wav
..\notebooks\finetune-wav2vec2\train_set\wavs\voice-0969.wav,11.04,16000,1,2,176640,0.606201171875,0.10856699198484421,5.583660012977285,0.4178328804347826,0.0,0.13944259195307945,../raw_data/wavs/voice-0969.wav,..\notebooks\finetune-wav2vec2\train_set\wavs\voice-0969.wav
..\notebooks\finetune-wav2vec2\train_set\wavs\voice-0970.wav,4.8,16000,1,2,76800,0.464630126953125,0.10081030428409576,4.608954712047495,0.40544270833333335,0.0,0.12746259716923397,../raw_data/wavs/voice-0970.wav,..\notebooks\finetune-wav2vec2\train_set\wavs\voice-0970.wav
..\notebooks\finetune-wav2vec2\train_set\wavs\voice-0971.wav,12.8,16000,1,2,204800,0.633056640625,0.10028978437185287,6.312274421468119,0.42099609375,0.0,0.12467346031963046,../raw_data/wavs/voice-0971.wav,..\notebooks\finetune-wav2vec2\train_set\wavs\voice-0971.wav
..\notebooks\finetune-wav2vec2\train_set\wavs\voice-0972.wav,6.16,16000,1,2,98560,0.51385498046875,0.1020938828587532,5.033161302912418,0.3672483766233766,0.0,0.13026714962611227,../raw_data/wavs/voice-0972.wav,..\notebooks\finetune-wav2vec2\train_set\wavs\voice-0972.wav
..\notebooks\finetune-wav2vec2\train_set\wavs\voice-0973.wav,6.64,16000,1,2,106240,0.630157470703125,0.10204841196537018,6.175083556586525,0.4423757530120482,0.0,0.12601775242613353,../raw_data/wavs/voice-0973.wav,..\notebooks\finetune-wav2vec2\train_set\wavs\voice-0973.wav
..\notebooks\finetune-wav2vec2\train_set\wavs\voice-0974.wav,6.08,16000,1,2,97280,0.632110595703125,0.10278685390949249,6.149722183925593,0.41950041118421055,0.0,0.13304001891466813,../raw_data/wavs/voice-0974.wav,..\notebooks\finetune-wav2vec2\train_set\wavs\voice-0974.wav
..\notebooks\finetune-wav2vec2\train_set\wavs\voice-0975.wav,6.8,16000,1,2,108800,0.56024169921875,0.10852527618408203,5.1623153510197985,0.40859375,0.0,0.12214266675245176,../raw_data/wavs/voice-0975.wav,..\notebooks\finetune-wav2vec2\train_set\wavs\voice-0975.wav
..\notebooks\finetune-wav2vec2\train_set\wavs\voice-0976.wav,10.72,16000,1,2,171520,0.5277099609375,0.10169530659914017,5.18912798028736,0.4187033582089552,0.0,0.13287740716771904,../raw_data/wavs/voice-0976.wav,..\notebooks\finetune-wav2vec2\train_set\wavs\voice-0976.wav
..\notebooks\finetune-wav2vec2\train_set\wavs\voice-0977.wav,10.08,16000,1,2,161280,0.605560302734375,0.10331991314888,5.861022181288384,0.41940724206349206,0.0,0.14325485649092567,../raw_data/wavs/voice-0977.wav,..\notebooks\finetune-wav2vec2\train_set\wavs\voice-0977.wav
..\notebooks\finetune-wav2vec2\train_set\wavs\voice-0978.wav,6.16,16000,1,2,98560,0.536651611328125,0.10593556612730026,5.065830399992798,0.3765523538961039,0.0,0.12589413447782546,../raw_data/wavs/voice-0978.wav,..\notebooks\finetune-wav2vec2\train_set\wavs\voice-0978.wav
..\notebooks\finetune-wav2vec2\train_set\wavs\voice-0979.wav,6.96,16000,1,2,111360,0.53271484375,0.10349057614803314,5.147472007383586,0.38192349137931036,0.0,0.12759633258200953,../raw_data/wavs/voice-0979.wav,..\notebooks\finetune-wav2vec2\train_set\wavs\voice-0979.wav
..\notebooks\finetune-wav2vec2\train_set\wavs\voice-0980.wav,7.04,16000,1,2,112640,0.60113525390625,0.109670490026474,5.48128538279658,0.39575639204545454,0.0,0.14241071032235728,../raw_data/wavs/voice-0980.wav,..\notebooks\finetune-wav2vec2\train_set\wavs\voice-0980.wav
..\notebooks\finetune-wav2vec2\train_set\wavs\voice-0981.wav,10.16,16000,1,2,162560,0.556243896484375,0.10544641315937042,5.275133404904676,0.38211122047244095,0.0,0.11871382082813009,../raw_data/wavs/voice-0981.wav,..\notebooks\finetune-wav2vec2\train_set\wavs\voice-0981.wav
..\notebooks\finetune-wav2vec2\train_set\wavs\voice-0982.wav,8.0,16000,1,2,128000,0.48297119140625,0.09946378320455551,4.855749257123869,0.396375,0.0,0.12549316791537435,../raw_data/wavs/voice-0982.wav,..\notebooks\finetune-wav2vec2\train_set\wavs\voice-0982.wav
..\notebooks\finetune-wav2vec2\train_set\wavs\voice-0983.wav,12.48,16000,1,2,199680,0.60675048828125,0.10632254183292389,5.70669660282109,0.43157051282051284,0.0,0.1534562973572584,../raw_data/wavs/voice-0983.wav,..\notebooks\finetune-wav2vec2\train_set\wavs\voice-0983.wav
..\notebooks\finetune-wav2vec2\train_set\wavs\voice-0984.wav,6.16,16000,1,2,98560,0.53338623046875,0.10303967446088791,5.176513156310623,0.36438717532467535,0.0,0.1041406670116377,../raw_data/wavs/voice-0984.wav,..\notebooks\finetune-wav2vec2\train_set\wavs\voice-0984.wav
..\notebooks\finetune-wav2vec2\train_set\wavs\voice-0985.wav,6.4,16000,1,2,102400,0.530120849609375,0.10902754962444305,4.8622651012100375,0.3362109375,0.0,0.09767673512436645,../raw_data/wavs/voice-0985.wav,..\notebooks\finetune-wav2vec2\train_set\wavs\voice-0985.wav
..\notebooks\finetune-wav2vec2\train_set\wavs\voice-0986.wav,12.08,16000,1,2,193280,0.548370361328125,0.10199892520904541,5.376236663320201,0.42159561258278144,0.0,0.13621759218539004,../raw_data/wavs/voice-0986.wav,..\notebooks\finetune-wav2vec2\train_set\wavs\voice-0986.wav
..\notebooks\finetune-wav2vec2\train_set\wavs\voice-0987.wav,9.76,16000,1,2,156160,0.652923583984375,0.10564832389354706,6.1801603652725365,0.42042136270491803,0.0,0.14709366735186571,../raw_data/wavs/voice-0987.wav,..\notebooks\finetune-wav2vec2\train_set\wavs\voice-0987.wav
..\notebooks\finetune-wav2vec2\train_set\wavs\voice-0988.wav,9.76,16000,1,2,156160,0.622406005859375,0.10486467182636261,5.9353259302615236,0.4004546618852459,0.0,0.11513265325725702,../raw_data/wavs/voice-0988.wav,..\notebooks\finetune-wav2vec2\train_set\wavs\voice-0988.wav
..\notebooks\finetune-wav2vec2\train_set\wavs\voice-0989.wav,18.0,16000,1,2,288000,0.56787109375,0.1032511368393898,5.4999016101230955,0.42121875,0.0,0.12380251320317084,../raw_data/wavs/voice-0989.wav,..\notebooks\finetune-wav2vec2\train_set\wavs\voice-0989.wav
..\notebooks\finetune-wav2vec2\train_set\wavs\voice-0990.wav,13.12,16000,1,2,209920,0.532623291015625,0.10765750706195831,4.947386443837059,0.396265243902439,0.0,0.13985870740619,../raw_data/wavs/voice-0990.wav,..\notebooks\finetune-wav2vec2\train_set\wavs\voice-0990.wav
..\notebooks\finetune-wav2vec2\train_set\wavs\voice-0991.wav,12.8,16000,1,2,204800,0.695953369140625,0.10087444633245468,6.899203856316122,0.41927734375,0.0,0.14338448918207608,../raw_data/wavs/voice-0991.wav,..\notebooks\finetune-wav2vec2\train_set\wavs\voice-0991.wav
..\notebooks\finetune-wav2vec2\train_set\wavs\voice-0992.wav,9.36,16000,1,2,149760,0.609344482421875,0.10929390043020248,5.575283524728957,0.42696314102564104,0.0,0.1502480652247945,../raw_data/wavs/voice-0992.wav,..\notebooks\finetune-wav2vec2\train_set\wavs\voice-0992.wav
..\notebooks\finetune-wav2vec2\train_set\wavs\voice-0993.wav,12.24,16000,1,2,195840,0.57293701171875,0.10771145671606064,5.3191835779277925,0.4144199346405229,0.0,0.12452575840358662,../raw_data/wavs/voice-0993.wav,..\notebooks\finetune-wav2vec2\train_set\wavs\voice-0993.wav
..\notebooks\finetune-wav2vec2\train_set\wavs\voice-0994.wav,15.67,16000,1,2,250720,0.5660400390625,0.10421604663133621,5.431409627970864,0.4113194001276324,0.0,0.12742153566343198,../raw_data/wavs/voice-0994.wav,..\notebooks\finetune-wav2vec2\train_set\wavs\voice-0994.wav
..\notebooks\finetune-wav2vec2\train_set\wavs\voice-0995.wav,12.4,16000,1,2,198400,0.5693359375,0.10203460603952408,5.579831780596695,0.41376512096774193,0.0,0.12870528581293253,../raw_data/wavs/voice-0995.wav,..\notebooks\finetune-wav2vec2\train_set\wavs\voice-0995.wav
..\notebooks\finetune-wav2vec2\train_set\wavs\voice-0996.wav,15.12,16000,1,2,241920,0.66290283203125,0.10134905576705933,6.5407894233851165,0.4497850529100529,0.0,0.15127377345309795,../raw_data/wavs/voice-0996.wav,..\notebooks\finetune-wav2vec2\train_set\wavs\voice-0996.wav
..\notebooks\finetune-wav2vec2\train_set\wavs\voice-0997.wav,7.68,16000,1,2,122880,0.496917724609375,0.10395531356334686,4.780108948510555,0.42157389322916666,0.0,0.12934675575159302,../raw_data/wavs/voice-0997.wav,..\notebooks\finetune-wav2vec2\train_set\wavs\voice-0997.wav
..\notebooks\finetune-wav2vec2\train_set\wavs\voice-0998.wav,12.32,16000,1,2,197120,0.537994384765625,0.10755226761102676,5.002166822845001,0.40313007305194803,0.0,0.11755335609454187,../raw_data/wavs/voice-0998.wav,..\notebooks\finetune-wav2vec2\train_set\wavs\voice-0998.wav
..\notebooks\finetune-wav2vec2\train_set\wavs\voice-0999.wav,9.76,16000,1,2,156160,0.63287353515625,0.10339788347482681,6.120759089912406,0.38917136270491803,0.0,0.11044512323977485,../raw_data/wavs/voice-0999.wav,..\notebooks\finetune-wav2vec2\train_set\wavs\voice-0999.wav
..\notebooks\finetune-wav2vec2\train_set\wavs\voice-1000.wav,9.2,16000,1,2,147200,0.578826904296875,0.10916011035442352,5.302549643981915,0.40273097826086957,0.0,0.12864897180008017,../raw_data/wavs/voice-1000.wav,..\notebooks\finetune-wav2vec2\train_set\wavs\voice-1000.wav
..\notebooks\finetune-wav2vec2\train_set\wavs\voice-1001.wav,11.84,16000,1,2,189440,0.566375732421875,0.10267701745033264,5.51609061585612,0.4023173564189189,0.0,0.12932922998960086,../raw_data/wavs/voice-1001.wav,..\notebooks\finetune-wav2vec2\train_set\wavs\voice-1001.wav
..\notebooks\finetune-wav2vec2\train_set\wavs\voice-1002.wav,13.36,16000,1,2,213760,0.579132080078125,0.1031389907002449,5.615064449886553,0.41210235778443116,0.0,0.135666802333469,../raw_data/wavs/voice-1002.wav,..\notebooks\finetune-wav2vec2\train_set\wavs\voice-1002.wav
..\notebooks\finetune-wav2vec2\train_set\wavs\voice-1003.wav,6.96,16000,1,2,111360,0.592559814453125,0.10979612171649933,5.396910247733091,0.4177622126436782,0.0,0.11659587460375902,../raw_data/wavs/voice-1003.wav,..\notebooks\finetune-wav2vec2\train_set\wavs\voice-1003.wav
..\notebooks\finetune-wav2vec2\train_set\wavs\voice-1004.wav,7.28,16000,1,2,116480,0.5059814453125,0.1083933487534523,4.668011931833452,0.41777987637362635,0.0,0.13508872844031972,../raw_data/wavs/voice-1004.wav,..\notebooks\finetune-wav2vec2\train_set\wavs\voice-1004.wav
..\notebooks\finetune-wav2vec2\train_set\wavs\voice-1005.wav,10.16,16000,1,2,162560,0.579193115234375,0.09750792384147644,5.939959466022459,0.4207861712598425,0.0,0.11867691115225856,../raw_data/wavs/voice-1005.wav,..\notebooks\finetune-wav2vec2\train_set\wavs\voice-1005.wav
..\notebooks\finetune-wav2vec2\train_set\wavs\voice-1006.wav,6.08,16000,1,2,97280,0.516357421875,0.10012463480234146,5.1571466192546325,0.3877981085526316,0.0,0.1274375764553501,../raw_data/wavs/voice-1006.wav,..\notebooks\finetune-wav2vec2\train_set\wavs\voice-1006.wav
..\notebooks\finetune-wav2vec2\train_set\wavs\voice-1007.wav,7.36,16000,1,2,117760,0.674591064453125,0.10626311600208282,6.348308706098009,0.3974524456521739,0.0,0.14388709143250197,../raw_data/wavs/voice-1007.wav,..\notebooks\finetune-wav2vec2\train_set\wavs\voice-1007.wav
..\notebooks\finetune-wav2vec2\train_set\wavs\voice-1008.wav,18.87,16000,1,2,301920,0.651092529296875,0.10301199555397034,6.32055059020532,0.4290341812400636,0.0,0.13956392277398905,../raw_data/wavs/voice-1008.wav,..\notebooks\finetune-wav2vec2\train_set\wavs\voice-1008.wav
..\notebooks\finetune-wav2vec2\train_set\wavs\voice-1009.wav,10.64,16000,1,2,170240,0.688568115234375,0.10415975004434586,6.610692853441163,0.4167351973684211,0.0,0.1405318405300783,../raw_data/wavs/voice-1009.wav,..\notebooks\finetune-wav2vec2\train_set\wavs\voice-1009.wav
..\notebooks\finetune-wav2vec2\train_set\wavs\voice-1010.wav,6.88,16000,1,2,110080,0.525543212890625,0.10994510352611542,4.7800510985538525,0.3520803052325581,0.0,0.11444508035138401,../raw_data/wavs/voice-1010.wav,..\notebooks\finetune-wav2vec2\train_set\wavs\voice-1010.wav
..\notebooks\finetune-wav2vec2\train_set\wavs\voice-1011.wav,8.4,16000,1,2,134400,0.650054931640625,0.10258658230304718,6.336646733393672,0.4251488095238095,0.0,0.12381788554974367,../raw_data/wavs/voice-1011.wav,..\notebooks\finetune-wav2vec2\train_set\wavs\voice-1011.wav
..\notebooks\finetune-wav2vec2\train_set\wavs\voice-1012.wav,10.32,16000,1,2,165120,0.5570068359375,0.10921549797058105,5.100071384443431,0.40997456395348836,0.0,0.13249232371804578,../raw_data/wavs/voice-1012.wav,..\notebooks\finetune-wav2vec2\train_set\wavs\voice-1012.wav
..\notebooks\finetune-wav2vec2\train_set\wavs\voice-1013.wav,11.28,16000,1,2,180480,0.54132080078125,0.09985621273517609,5.421002719348682,0.41013408687943265,0.0,0.12854127072955857,../raw_data/wavs/voice-1013.wav,..\notebooks\finetune-wav2vec2\train_set\wavs\voice-1013.wav
..\notebooks\finetune-wav2vec2\train_set\wavs\voice-1014.wav,12.4,16000,1,2,198400,0.591705322265625,0.1073998510837555,5.509368181564658,0.4274899193548387,0.0,0.13667407597820552,../raw_data/wavs/voice-1014.wav,..\notebooks\finetune-wav2vec2\train_set\wavs\voice-1014.wav
..\notebooks\finetune-wav2vec2\train_set\wavs\voice-1015.wav,10.08,16000,1,2,161280,0.599822998046875,0.10633460432291031,5.640901208654239,0.42553943452380955,0.0,0.14807879513141822,../raw_data/wavs/voice-1015.wav,..\notebooks\finetune-wav2vec2\train_set\wavs\voice-1015.wav
..\notebooks\finetune-wav2vec2\train_set\wavs\voice-1016.wav,8.56,16000,1,2,136960,0.477996826171875,0.1056990772485733,4.522242186161818,0.33273218457943926,0.0,0.11649471739717726,../raw_data/wavs/voice-1016.wav,..\notebooks\finetune-wav2vec2\train_set\wavs\voice-1016.wav
..\notebooks\finetune-wav2vec2\train_set\wavs\voice-1017.wav,12.32,16000,1,2,197120,0.6163330078125,0.10418091714382172,5.915987540805122,0.4160967938311688,0.0,0.13826165920078734,../raw_data/wavs/voice-1017.wav,..\notebooks\finetune-wav2vec2\train_set\wavs\voice-1017.wav
..\notebooks\finetune-wav2vec2\train_set\wavs\voice-1018.wav,10.24,16000,1,2,163840,0.63287353515625,0.10657070577144623,5.938531893684967,0.374078369140625,0.0,0.1174872893511313,../raw_data/wavs/voice-1018.wav,..\notebooks\finetune-wav2vec2\train_set\wavs\voice-1018.wav
..\notebooks\finetune-wav2vec2\train_set\wavs\voice-1019.wav,7.52,16000,1,2,120320,0.65484619140625,0.10727941244840622,6.104117989285078,0.4354471409574468,0.0,0.13617134450917975,../raw_data/wavs/voice-1019.wav,..\notebooks\finetune-wav2vec2\train_set\wavs\voice-1019.wav
..\notebooks\finetune-wav2vec2\train_set\wavs\voice-1020.wav,7.2,16000,1,2,115200,0.591156005859375,0.10277599841356277,5.751887746014477,0.4207986111111111,0.0,0.14724086146581133,../raw_data/wavs/voice-1020.wav,..\notebooks\finetune-wav2vec2\train_set\wavs\voice-1020.wav
..\notebooks\finetune-wav2vec2\train_set\wavs\voice-1021.wav,5.28,16000,1,2,84480,0.62335205078125,0.11161357909440994,5.584912300446693,0.36698626893939396,0.0,0.09288698966607085,../raw_data/wavs/voice-1021.wav,..\notebooks\finetune-wav2vec2\train_set\wavs\voice-1021.wav
..\notebooks\finetune-wav2vec2\train_set\wavs\voice-1022.wav,6.56,16000,1,2,104960,0.517486572265625,0.10324722528457642,5.012111181092726,0.40755525914634144,0.0,0.11938947589058585,../raw_data/wavs/voice-1022.wav,..\notebooks\finetune-wav2vec2\train_set\wavs\voice-1022.wav
..\notebooks\finetune-wav2vec2\train_set\wavs\voice-1023.wav,11.76,16000,1,2,188160,0.5570068359375,0.10404828190803528,5.353349673085609,0.3943452380952381,0.0,0.12994329264079849,../raw_data/wavs/voice-1023.wav,..\notebooks\finetune-wav2vec2\train_set\wavs\voice-1023.wav
..\notebooks\finetune-wav2vec2\train_set\wavs\voice-1024.wav,9.2,16000,1,2,147200,0.6871337890625,0.10397971421480179,6.608344658872746,0.4288451086956522,0.0,0.13597239111678747,../raw_data/wavs/voice-1024.wav,..\notebooks\finetune-wav2vec2\train_set\wavs\voice-1024.wav
..\notebooks\finetune-wav2vec2\train_set\wavs\voice-1025.wav,10.16,16000,1,2,162560,0.693267822265625,0.10608179867267609,6.535219339603758,0.42567667322834646,0.0,0.1115964049975701,../raw_data/wavs/voice-1025.wav,..\notebooks\finetune-wav2vec2\train_set\wavs\voice-1025.wav
..\notebooks\finetune-wav2vec2\train_set\wavs\voice-1026.wav,5.04,16000,1,2,80640,0.487762451171875,0.09616058319807053,5.072374094978056,0.39826388888888886,0.0,0.11150931931199544,../raw_data/wavs/voice-1026.wav,..\notebooks\finetune-wav2vec2\train_set\wavs\voice-1026.wav
..\notebooks\finetune-wav2vec2\train_set\wavs\voice-1027.wav,13.2,16000,1,2,211200,0.5341796875,0.10632023215293884,5.02425245584111,0.3749289772727273,0.0,0.12786045388472483,../raw_data/wavs/voice-1027.wav,..\notebooks\finetune-wav2vec2\train_set\wavs\voice-1027.wav
..\notebooks\finetune-wav2vec2\train_set\wavs\voice-1028.wav,5.6,16000,1,2,89600,0.596527099609375,0.1042727679014206,5.720833076698715,0.38205357142857144,0.0,0.10634047254991685,../raw_data/wavs/voice-1028.wav,..\notebooks\finetune-wav2vec2\train_set\wavs\voice-1028.wav
..\notebooks\finetune-wav2vec2\train_set\wavs\voice-1029.wav,7.68,16000,1,2,122880,0.57208251953125,0.10451845079660416,5.473507454148346,0.3929850260416667,0.0,0.10717046850967211,../raw_data/wavs/voice-1029.wav,..\notebooks\finetune-wav2vec2\train_set\wavs\voice-1029.wav
..\notebooks\finetune-wav2vec2\train_set\wavs\voice-1030.wav,10.24,16000,1,2,163840,0.657501220703125,0.10981886088848114,5.98714296782594,0.425238037109375,0.0,0.1286262733537192,../raw_data/wavs/voice-1030.wav,..\notebooks\finetune-wav2vec2\train_set\wavs\voice-1030.wav
..\notebooks\finetune-wav2vec2\train_set\wavs\voice-1031.wav,11.44,16000,1,2,183040,0.641021728515625,0.10486453771591187,6.11285514128918,0.4411986451048951,0.0,0.14392014816514515,../raw_data/wavs/voice-1031.wav,..\notebooks\finetune-wav2vec2\train_set\wavs\voice-1031.wav
..\notebooks\finetune-wav2vec2\train_set\wavs\voice-1032.wav,5.6,16000,1,2,89600,0.4915771484375,0.0992041677236557,4.955206618000598,0.41592633928571426,0.0,0.13781403810310383,../raw_data/wavs/voice-1032.wav,..\notebooks\finetune-wav2vec2\train_set\wavs\voice-1032.wav
..\notebooks\finetune-wav2vec2\train_set\wavs\voice-1033.wav,10.8,16000,1,2,172800,0.53717041015625,0.10386287420988083,5.1719193623581345,0.3812210648148148,0.0,0.11413839200458337,../raw_data/wavs/voice-1033.wav,..\notebooks\finetune-wav2vec2\train_set\wavs\voice-1033.wav
..\notebooks\finetune-wav2vec2\train_set\wavs\voice-1034.wav,11.12,16000,1,2,177920,0.59661865234375,0.10755489766597748,5.547108177226936,0.4247302158273381,0.0,0.1439587677538655,../raw_data/wavs/voice-1034.wav,..\notebooks\finetune-wav2vec2\train_set\wavs\voice-1034.wav
..\notebooks\finetune-wav2vec2\train_set\wavs\voice-1035.wav,4.64,16000,1,2,74240,0.46478271484375,0.09462201595306396,4.911993368163911,0.4465247844827586,0.0,0.13482132033028463,../raw_data/wavs/voice-1035.wav,..\notebooks\finetune-wav2vec2\train_set\wavs\voice-1035.wav
..\notebooks\finetune-wav2vec2\train_set\wavs\voice-1036.wav,6.56,16000,1,2,104960,0.50738525390625,0.10642333328723907,4.767612874300839,0.3640339176829268,0.0,0.11393020131670462,../raw_data/wavs/voice-1036.wav,..\notebooks\finetune-wav2vec2\train_set\wavs\voice-1036.wav
..\notebooks\finetune-wav2vec2\train_set\wavs\voice-1037.wav,9.84,16000,1,2,157440,0.62017822265625,0.10676658898591995,5.808729383852819,0.41995045731707314,0.0,0.14127376317176812,../raw_data/wavs/voice-1037.wav,..\notebooks\finetune-wav2vec2\train_set\wavs\voice-1037.wav
..\notebooks\finetune-wav2vec2\train_set\wavs\voice-1038.wav,5.36,16000,1,2,85760,0.677337646484375,0.10792123526334763,6.276222143228316,0.4195662313432836,0.0,0.13030702316957987,../raw_data/wavs/voice-1038.wav,..\notebooks\finetune-wav2vec2\train_set\wavs\voice-1038.wav
..\notebooks\finetune-wav2vec2\train_set\wavs\voice-1039.wav,5.6,16000,1,2,89600,0.55767822265625,0.10793503373861313,5.166795278044591,0.4006919642857143,0.0,0.10935389903905178,../raw_data/wavs/voice-1039.wav,..\notebooks\finetune-wav2vec2\train_set\wavs\voice-1039.wav
..\notebooks\finetune-wav2vec2\train_set\wavs\voice-1040.wav,12.24,16000,1,2,195840,0.577301025390625,0.10060185939073563,5.738472716974338,0.4218852124183007,0.0,0.13074004667098996,../raw_data/wavs/voice-1040.wav,..\notebooks\finetune-wav2vec2\train_set\wavs\voice-1040.wav
..\notebooks\finetune-wav2vec2\train_set\wavs\voice-1041.wav,9.92,16000,1,2,158720,0.709075927734375,0.10346787422895432,6.853102308503291,0.40883946572580643,0.0,0.13034356315248963,../raw_data/wavs/voice-1041.wav,..\notebooks\finetune-wav2vec2\train_set\wavs\voice-1041.wav
..\notebooks\finetune-wav2vec2\train_set\wavs\voice-1042.wav,10.88,16000,1,2,174080,0.569976806640625,0.1053142175078392,5.412154409239171,0.4441348805147059,0.0,0.14051666197531007,../raw_data/wavs/voice-1042.wav,..\notebooks\finetune-wav2vec2\train_set\wavs\voice-1042.wav
..\notebooks\finetune-wav2vec2\train_set\wavs\voice-1043.wav,7.76,16000,1,2,124160,0.6728515625,0.10803964734077454,6.227820795987211,0.4390061211340206,0.0,0.154092735927319,../raw_data/wavs/voice-1043.wav,..\notebooks\finetune-wav2vec2\train_set\wavs\voice-1043.wav
..\notebooks\finetune-wav2vec2\train_set\wavs\voice-1044.wav,13.92,16000,1,2,222720,0.59234619140625,0.1024746522307396,5.780416703171424,0.4329022988505747,0.0,0.1359919899065639,../raw_data/wavs/voice-1044.wav,..\notebooks\finetune-wav2vec2\train_set\wavs\voice-1044.wav
..\notebooks\finetune-wav2vec2\train_set\wavs\voice-1045.wav,13.36,16000,1,2,213760,0.7049560546875,0.10054190456867218,7.011564558198722,0.4296173278443114,0.0,0.1268578165129889,../raw_data/wavs/voice-1045.wav,..\notebooks\finetune-wav2vec2\train_set\wavs\voice-1045.wav
..\notebooks\finetune-wav2vec2\train_set\wavs\voice-1046.wav,11.52,16000,1,2,184320,0.537078857421875,0.09802495688199997,5.479001210563115,0.45404188368055554,0.0,0.1447490492027409,../raw_data/wavs/voice-1046.wav,..\notebooks\finetune-wav2vec2\train_set\wavs\voice-1046.wav
..\notebooks\finetune-wav2vec2\train_set\wavs\voice-1047.wav,16.55,16000,1,2,264800,0.534820556640625,0.10333473235368729,5.175612734061928,0.4194297583081571,0.0,0.11745134989180472,../raw_data/wavs/voice-1047.wav,..\notebooks\finetune-wav2vec2\train_set\wavs\voice-1047.wav
..\notebooks\finetune-wav2vec2\train_set\wavs\voice-1048.wav,7.6,16000,1,2,121600,0.579193115234375,0.10368524491786957,5.586070763425996,0.3915625,0.0,0.12982837029909786,../raw_data/wavs/voice-1048.wav,..\notebooks\finetune-wav2vec2\train_set\wavs\voice-1048.wav
..\notebooks\finetune-wav2vec2\train_set\wavs\voice-1049.wav,12.0,16000,1,2,192000,0.573211669921875,0.10708741098642349,5.352745618199198,0.3757083333333333,0.0,0.1070786827014724,../raw_data/wavs/voice-1049.wav,..\notebooks\finetune-wav2vec2\train_set\wavs\voice-1049.wav
..\notebooks\finetune-wav2vec2\train_set\wavs\voice-1050.wav,10.16,16000,1,2,162560,0.592529296875,0.11088667809963226,5.343557107397602,0.3984559547244094,0.0,0.12311222386948739,../raw_data/wavs/voice-1050.wav,..\notebooks\finetune-wav2vec2\train_set\wavs\voice-1050.wav
..\notebooks\finetune-wav2vec2\train_set\wavs\voice-1051.wav,17.67,16000,1,2,282720,0.574676513671875,0.10767123848199844,5.337326121385287,0.40752334465195245,0.0,0.1173815696858011,../raw_data/wavs/voice-1051.wav,..\notebooks\finetune-wav2vec2\train_set\wavs\voice-1051.wav
..\notebooks\finetune-wav2vec2\train_set\wavs\voice-1052.wav,9.92,16000,1,2,158720,0.573760986328125,0.09652163088321686,5.944377245576466,0.4174584173387097,0.0,0.14530711509019084,../raw_data/wavs/voice-1052.wav,..\notebooks\finetune-wav2vec2\train_set\wavs\voice-1052.wav
..\notebooks\finetune-wav2vec2\train_set\wavs\voice-1053.wav,6.96,16000,1,2,111360,0.581756591796875,0.10793130844831467,5.390063366789093,0.40099676724137934,0.0,0.12562972009446924,../raw_data/wavs/voice-1053.wav,..\notebooks\finetune-wav2vec2\train_set\wavs\voice-1053.wav
..\notebooks\finetune-wav2vec2\train_set\wavs\voice-1054.wav,13.76,16000,1,2,220160,0.622222900390625,0.10957030951976776,5.678754610785951,0.4013762718023256,0.0,0.1338850558005805,../raw_data/wavs/voice-1054.wav,..\notebooks\finetune-wav2vec2\train_set\wavs\voice-1054.wav
..\notebooks\finetune-wav2vec2\train_set\wavs\voice-1055.wav,11.12,16000,1,2,177920,0.661895751953125,0.10534574836492538,6.283079879600548,0.38307666366906473,0.0,0.11683968547485092,../raw_data/wavs/voice-1055.wav,..\notebooks\finetune-wav2vec2\train_set\wavs\voice-1055.wav
..\notebooks\finetune-wav2vec2\train_set\wavs\voice-1056.wav,6.0,16000,1,2,96000,0.525604248046875,0.10592443495988846,4.962067989750535,0.36215625,0.0,0.12144918176231002,../raw_data/wavs/voice-1056.wav,..\notebooks\finetune-wav2vec2\train_set\wavs\voice-1056.wav
..\notebooks\finetune-wav2vec2\train_set\wavs\voice-1057.wav,10.72,16000,1,2,171520,0.5859375,0.10138460993766785,5.779353497145569,0.40135261194029853,0.0,0.13126825599496267,../raw_data/wavs/voice-1057.wav,..\notebooks\finetune-wav2vec2\train_set\wavs\voice-1057.wav
..\notebooks\finetune-wav2vec2\train_set\wavs\voice-1058.wav,9.6,16000,1,2,153600,0.548919677734375,0.10738708823919296,5.111598486698108,0.38415364583333333,0.0,0.11416740994407516,../raw_data/wavs/voice-1058.wav,..\notebooks\finetune-wav2vec2\train_set\wavs\voice-1058.wav
..\notebooks\finetune-wav2vec2\train_set\wavs\voice-1059.wav,16.0,16000,1,2,256000,0.5799560546875,0.09812425822019577,5.910424855248836,0.4304140625,0.0,0.14066851823639936,../raw_data/wavs/voice-1059.wav,..\notebooks\finetune-wav2vec2\train_set\wavs\voice-1059.wav
..\notebooks\finetune-wav2vec2\train_set\wavs\voice-1060.wav,14.48,16000,1,2,231680,0.60870361328125,0.10406935960054398,5.849018535500513,0.42030818370165746,0.0,0.1250954985130288,../raw_data/wavs/voice-1060.wav,..\notebooks\finetune-wav2vec2\train_set\wavs\voice-1060.wav
..\notebooks\finetune-wav2vec2\train_set\wavs\voice-1061.wav,16.72,16000,1,2,267520,0.6297607421875,0.10883978754281998,5.786126162178865,0.41107206937799046,0.0,0.1241481913434186,../raw_data/wavs/voice-1061.wav,..\notebooks\finetune-wav2vec2\train_set\wavs\voice-1061.wav
..\notebooks\finetune-wav2vec2\train_set\wavs\voice-1062.wav,7.76,16000,1,2,124160,0.5455322265625,0.1067616268992424,5.109815599544514,0.3817493556701031,0.0,0.12645076071811145,../raw_data/wavs/voice-1062.wav,..\notebooks\finetune-wav2vec2\train_set\wavs\voice-1062.wav
..\notebooks\finetune-wav2vec2\train_set\wavs\voice-1063.wav,12.16,16000,1,2,194560,0.588287353515625,0.1046537309885025,5.62127453994216,0.3928351151315789,0.0,0.11713670403322385,../raw_data/wavs/voice-1063.wav,..\notebooks\finetune-wav2vec2\train_set\wavs\voice-1063.wav
..\notebooks\finetune-wav2vec2\train_set\wavs\voice-1064.wav,6.24,16000,1,2,99840,0.57098388671875,0.10202957689762115,5.596258497589267,0.44898838141025643,0.0,0.15210488887108245,../raw_data/wavs/voice-1064.wav,..\notebooks\finetune-wav2vec2\train_set\wavs\voice-1064.wav
..\notebooks\finetune-wav2vec2\train_set\wavs\voice-1065.wav,13.36,16000,1,2,213760,0.6439208984375,0.10246215015649796,6.2844757547444825,0.4452236152694611,0.0,0.1432080052769708,../raw_data/wavs/voice-1065.wav,..\notebooks\finetune-wav2vec2\train_set\wavs\voice-1065.wav
..\notebooks\finetune-wav2vec2\train_set\wavs\voice-1066.wav,7.52,16000,1,2,120320,0.587860107421875,0.10670916736125946,5.508993481616242,0.40366522606382976,0.0,0.12835877957762282,../raw_data/wavs/voice-1066.wav,..\notebooks\finetune-wav2vec2\train_set\wavs\voice-1066.wav
..\notebooks\finetune-wav2vec2\train_set\wavs\voice-1067.wav,13.44,16000,1,2,215040,0.55322265625,0.09945504367351532,5.56253997601252,0.42972935267857143,0.0,0.1434390970940155,../raw_data/wavs/voice-1067.wav,..\notebooks\finetune-wav2vec2\train_set\wavs\voice-1067.wav
..\notebooks\finetune-wav2vec2\train_set\wavs\voice-1068.wav,10.24,16000,1,2,163840,0.5028076171875,0.10455029457807541,4.809241515929125,0.369561767578125,0.0,0.11582101941540171,../raw_data/wavs/voice-1068.wav,..\notebooks\finetune-wav2vec2\train_set\wavs\voice-1068.wav
..\notebooks\finetune-wav2vec2\train_set\wavs\voice-1069.wav,6.4,16000,1,2,102400,0.632171630859375,0.09810516983270645,6.443815671869116,0.424755859375,0.0,0.12591919842967217,../raw_data/wavs/voice-1069.wav,..\notebooks\finetune-wav2vec2\train_set\wavs\voice-1069.wav
..\notebooks\finetune-wav2vec2\train_set\wavs\voice-1070.wav,10.56,16000,1,2,168960,0.784515380859375,0.09880232810974121,7.940251974508152,0.4709812973484849,0.0,0.14637278866470563,../raw_data/wavs/voice-1070.wav,..\notebooks\finetune-wav2vec2\train_set\wavs\voice-1070.wav
..\notebooks\finetune-wav2vec2\train_set\wavs\voice-1071.wav,8.08,16000,1,2,129280,0.7130126953125,0.10911606252193451,6.534443040126839,0.3733756188118812,0.0,0.10659117103319178,../raw_data/wavs/voice-1071.wav,..\notebooks\finetune-wav2vec2\train_set\wavs\voice-1071.wav
..\notebooks\finetune-wav2vec2\train_set\wavs\voice-1072.wav,7.92,16000,1,2,126720,0.6728515625,0.1092304065823555,6.159929121866776,0.4027304292929293,0.0,0.12317016390596516,../raw_data/wavs/voice-1072.wav,..\notebooks\finetune-wav2vec2\train_set\wavs\voice-1072.wav
..\notebooks\finetune-wav2vec2\train_set\wavs\voice-1073.wav,13.12,16000,1,2,209920,0.596282958984375,0.10330506414175034,5.7720593267933475,0.39732755335365855,0.0,0.13031216802671505,../raw_data/wavs/voice-1073.wav,..\notebooks\finetune-wav2vec2\train_set\wavs\voice-1073.wav
..\notebooks\finetune-wav2vec2\train_set\wavs\voice-1074.wav,13.36,16000,1,2,213760,0.592132568359375,0.10599946975708008,5.586184249000212,0.43749064371257484,0.0,0.13636852717312486,../raw_data/wavs/voice-1074.wav,..\notebooks\finetune-wav2vec2\train_set\wavs\voice-1074.wav
..\notebooks\finetune-wav2vec2\train_set\wavs\voice-1075.wav,14.96,16000,1,2,239360,0.564544677734375,0.10676801204681396,5.287582553160607,0.3975894050802139,0.0,0.12629147013481842,../raw_data/wavs/voice-1075.wav,..\notebooks\finetune-wav2vec2\train_set\wavs\voice-1075.wav
..\notebooks\finetune-wav2vec2\train_set\wavs\voice-1076.wav,8.88,16000,1,2,142080,0.625457763671875,0.09887886792421341,6.32549478773627,0.4172438063063063,0.0,0.14117498011669563,../raw_data/wavs/voice-1076.wav,..\notebooks\finetune-wav2vec2\train_set\wavs\voice-1076.wav
..\notebooks\finetune-wav2vec2\train_set\wavs\voice-1077.wav,17.2,16000,1,2,275200,0.59442138671875,0.10630393773317337,5.591715597692803,0.4160574127906977,0.0,0.15788574813135223,../raw_data/wavs/voice-1077.wav,..\notebooks\finetune-wav2vec2\train_set\wavs\voice-1077.wav
..\notebooks\finetune-wav2vec2\train_set\wavs\voice-1078.wav,10.08,16000,1,2,161280,0.552398681640625,0.09927009046077728,5.564603387350431,0.4121651785714286,0.0,0.14487317009654077,../raw_data/wavs/voice-1078.wav,..\notebooks\finetune-wav2vec2\train_set\wavs\voice-1078.wav
..\notebooks\finetune-wav2vec2\train_set\wavs\voice-1079.wav,9.76,16000,1,2,156160,0.592010498046875,0.10899133235216141,5.43172090175054,0.38094262295081965,0.0,0.12767755941060074,../raw_data/wavs/voice-1079.wav,..\notebooks\finetune-wav2vec2\train_set\wavs\voice-1079.wav
..\notebooks\finetune-wav2vec2\train_set\wavs\voice-1080.wav,13.68,16000,1,2,218880,0.605316162109375,0.09777280688285828,6.191048220949666,0.4678545321637427,0.0,0.14239831139579404,../raw_data/wavs/voice-1080.wav,..\notebooks\finetune-wav2vec2\train_set\wavs\voice-1080.wav
..\notebooks\finetune-wav2vec2\train_set\wavs\voice-1081.wav,10.64,16000,1,2,170240,0.529632568359375,0.10187416523694992,5.198889896447234,0.44701597744360905,0.0,0.13074559883457962,../raw_data/wavs/voice-1081.wav,..\notebooks\finetune-wav2vec2\train_set\wavs\voice-1081.wav
..\notebooks\finetune-wav2vec2\train_set\wavs\voice-1082.wav,11.36,16000,1,2,181760,0.517730712890625,0.10752448439598083,4.8150029809394495,0.4511993838028169,0.0,0.12884093772522956,../raw_data/wavs/voice-1082.wav,..\notebooks\finetune-wav2vec2\train_set\wavs\voice-1082.wav
..\notebooks\finetune-wav2vec2\train_set\wavs\voice-1083.wav,7.04,16000,1,2,112640,0.59735107421875,0.09814247488975525,6.086570314125076,0.3723366477272727,0.0,0.12471701630873853,../raw_data/wavs/voice-1083.wav,..\notebooks\finetune-wav2vec2\train_set\wavs\voice-1083.wav
..\notebooks\finetune-wav2vec2\train_set\wavs\voice-1084.wav,13.68,16000,1,2,218880,0.575103759765625,0.10322882980108261,5.571154500867873,0.41703216374269003,0.0,0.12484523412479041,../raw_data/wavs/voice-1084.wav,..\notebooks\finetune-wav2vec2\train_set\wavs\voice-1084.wav
..\notebooks\finetune-wav2vec2\train_set\wavs\voice-1085.wav,9.28,16000,1,2,148480,0.5782470703125,0.10347356647253036,5.588355461450245,0.3863752693965517,0.0,0.10466126522942638,../raw_data/wavs/voice-1085.wav,..\notebooks\finetune-wav2vec2\train_set\wavs\voice-1085.wav
..\notebooks\finetune-wav2vec2\train_set\wavs\voice-1086.wav,6.64,16000,1,2,106240,0.6500244140625,0.10164329409599304,6.395152969448332,0.4158509036144578,0.0,0.13736010316362166,../raw_data/wavs/voice-1086.wav,..\notebooks\finetune-wav2vec2\train_set\wavs\voice-1086.wav
..\notebooks\finetune-wav2vec2\train_set\wavs\voice-1087.wav,4.16,16000,1,2,66560,0.609619140625,0.09491245448589325,6.422962549299651,0.5072716346153846,0.0,0.1690229720999414,../raw_data/wavs/voice-1087.wav,..\notebooks\finetune-wav2vec2\train_set\wavs\voice-1087.wav
..\notebooks\finetune-wav2vec2\train_set\wavs\voice-1088.wav,6.88,16000,1,2,110080,0.60662841796875,0.09359997510910034,6.481074565048362,0.44672056686046513,0.0,0.1415983066706638,../raw_data/wavs/voice-1088.wav,..\notebooks\finetune-wav2vec2\train_set\wavs\voice-1088.wav
..\notebooks\finetune-wav2vec2\train_set\wavs\voice-1089.wav,9.52,16000,1,2,152320,0.604248046875,0.10490381717681885,5.760019636430579,0.4283416491596639,0.0,0.12375343850734315,../raw_data/wavs/voice-1089.wav,..\notebooks\finetune-wav2vec2\train_set\wavs\voice-1089.wav
..\notebooks\finetune-wav2vec2\train_set\wavs\voice-1090.wav,11.52,16000,1,2,184320,0.608551025390625,0.10930364578962326,5.567527240234083,0.4061414930555556,0.0,0.14831894704289844,../raw_data/wavs/voice-1090.wav,..\notebooks\finetune-wav2vec2\train_set\wavs\voice-1090.wav
..\notebooks\finetune-wav2vec2\train_set\wavs\voice-1091.wav,15.76,16000,1,2,252160,0.598602294921875,0.1057162657380104,5.662348085632832,0.4146177030456853,0.0,0.1287520968912472,../raw_data/wavs/voice-1091.wav,..\notebooks\finetune-wav2vec2\train_set\wavs\voice-1091.wav
..\notebooks\finetune-wav2vec2\train_set\wavs\voice-1092.wav,9.2,16000,1,2,147200,0.4429931640625,0.10157033801078796,4.36144225507499,0.4081997282608696,0.0,0.12331605513624413,../raw_data/wavs/voice-1092.wav,..\notebooks\finetune-wav2vec2\train_set\wavs\voice-1092.wav
..\notebooks\finetune-wav2vec2\train_set\wavs\voice-1093.wav,8.72,16000,1,2,139520,0.596343994140625,0.10866686701774597,5.487818048929655,0.42542287844036697,0.0,0.12763852951927696,../raw_data/wavs/voice-1093.wav,..\notebooks\finetune-wav2vec2\train_set\wavs\voice-1093.wav
..\notebooks\finetune-wav2vec2\train_set\wavs\voice-1094.wav,11.6,16000,1,2,185600,0.586822509765625,0.10148628056049347,5.782284132640319,0.41073814655172414,0.0,0.11418164968561254,../raw_data/wavs/voice-1094.wav,..\notebooks\finetune-wav2vec2\train_set\wavs\voice-1094.wav
..\notebooks\finetune-wav2vec2\train_set\wavs\voice-1095.wav,5.52,16000,1,2,88320,0.4879150390625,0.10430753231048584,4.677658729478454,0.2939764492753623,0.0,0.09685345169216136,../raw_data/wavs/voice-1095.wav,..\notebooks\finetune-wav2vec2\train_set\wavs\voice-1095.wav
..\notebooks\finetune-wav2vec2\train_set\wavs\voice-1096.wav,7.28,16000,1,2,116480,0.51910400390625,0.10625167936086655,4.885607521959232,0.3818337912087912,0.0,0.12676104705569244,../raw_data/wavs/voice-1096.wav,..\notebooks\finetune-wav2vec2\train_set\wavs\voice-1096.wav
..\notebooks\finetune-wav2vec2\train_set\wavs\voice-1097.wav,14.08,16000,1,2,225280,0.599456787109375,0.10611402243375778,5.649175984103222,0.45322265625,0.0,0.14563718766507308,../raw_data/wavs/voice-1097.wav,..\notebooks\finetune-wav2vec2\train_set\wavs\voice-1097.wav
..\notebooks\finetune-wav2vec2\train_set\wavs\voice-1098.wav,12.4,16000,1,2,198400,0.574005126953125,0.10653816163539886,5.387788921283614,0.4077671370967742,0.0,0.1328030887252456,../raw_data/wavs/voice-1098.wav,..\notebooks\finetune-wav2vec2\train_set\wavs\voice-1098.wav
..\notebooks\finetune-wav2vec2\train_set\wavs\voice-1099.wav,9.28,16000,1,2,148480,0.517303466796875,0.10679741948843002,4.843782455370258,0.45577855603448275,0.0,0.11077660813987163,../raw_data/wavs/voice-1099.wav,..\notebooks\finetune-wav2vec2\train_set\wavs\voice-1099.wav
..\notebooks\finetune-wav2vec2\train_set\wavs\voice-1100.wav,9.44,16000,1,2,151040,0.606964111328125,0.1071886196732521,5.662579788585402,0.38639433262711864,0.0,0.10970014367150206,../raw_data/wavs/voice-1100.wav,..\notebooks\finetune-wav2vec2\train_set\wavs\voice-1100.wav
..\notebooks\finetune-wav2vec2\train_set\wavs\voice-1101.wav,9.92,16000,1,2,158720,0.58099365234375,0.10482180118560791,5.54267953586282,0.4037802419354839,0.0,0.12712403681978843,../raw_data/wavs/voice-1101.wav,..\notebooks\finetune-wav2vec2\train_set\wavs\voice-1101.wav
..\notebooks\finetune-wav2vec2\train_set\wavs\voice-1102.wav,7.76,16000,1,2,124160,0.538970947265625,0.10501449555158615,5.132348105227691,0.3728334407216495,0.0,0.1074670382332332,../raw_data/wavs/voice-1102.wav,..\notebooks\finetune-wav2vec2\train_set\wavs\voice-1102.wav
..\notebooks\finetune-wav2vec2\train_set\wavs\voice-1103.wav,10.24,16000,1,2,163840,0.487396240234375,0.1123693585395813,4.3374479179098735,0.31524658203125,0.0,0.1223335103363668,../raw_data/wavs/voice-1103.wav,..\notebooks\finetune-wav2vec2\train_set\wavs\voice-1103.wav
..\notebooks\finetune-wav2vec2\train_set\wavs\voice-1104.wav,10.0,16000,1,2,160000,0.660797119140625,0.09693526476621628,6.816890847044191,0.45235625,0.0,0.13946337164607278,../raw_data/wavs/voice-1104.wav,..\notebooks\finetune-wav2vec2\train_set\wavs\voice-1104.wav
..\notebooks\finetune-wav2vec2\train_set\wavs\voice-1105.wav,11.2,16000,1,2,179200,0.585357666015625,0.10159000009298325,5.761961467465883,0.4341573660714286,0.0,0.13632330537558804,../raw_data/wavs/voice-1105.wav,..\notebooks\finetune-wav2vec2\train_set\wavs\voice-1105.wav
..\notebooks\finetune-wav2vec2\train_set\wavs\voice-1106.wav,8.08,16000,1,2,129280,0.589111328125,0.10088436305522919,5.839471155727977,0.4292233910891089,0.0,0.12295113668886672,../raw_data/wavs/voice-1106.wav,..\notebooks\finetune-wav2vec2\train_set\wavs\voice-1106.wav
..\notebooks\finetune-wav2vec2\train_set\wavs\voice-1107.wav,4.64,16000,1,2,74240,0.4088134765625,0.10697297751903534,3.821651841837847,0.37377424568965517,0.0,0.1020218483546384,../raw_data/wavs/voice-1107.wav,..\notebooks\finetune-wav2vec2\train_set\wavs\voice-1107.wav
..\notebooks\finetune-wav2vec2\train_set\wavs\voice-1108.wav,4.32,16000,1,2,69120,0.57342529296875,0.1024911180138588,5.594877918018337,0.3888599537037037,0.0,0.0787771813828325,../raw_data/wavs/voice-1108.wav,..\notebooks\finetune-wav2vec2\train_set\wavs\voice-1108.wav
..\notebooks\finetune-wav2vec2\train_set\wavs\voice-1109.wav,8.24,16000,1,2,131840,0.513824462890625,0.0984281674027443,5.220298990106961,0.4106341019417476,0.0,0.12114017855111159,../raw_data/wavs/voice-1109.wav,..\notebooks\finetune-wav2vec2\train_set\wavs\voice-1109.wav
..\notebooks\finetune-wav2vec2\train_set\wavs\voice-1110.wav,12.72,16000,1,2,203520,0.534942626953125,0.10286862403154373,5.200250630251356,0.378626179245283,0.0,0.13155528476456743,../raw_data/wavs/voice-1110.wav,..\notebooks\finetune-wav2vec2\train_set\wavs\voice-1110.wav
..\notebooks\finetune-wav2vec2\train_set\wavs\voice-1111.wav,12.0,16000,1,2,192000,0.57586669921875,0.1058165431022644,5.442123531310359,0.4126875,0.0,0.14388095771332143,../raw_data/wavs/voice-1111.wav,..\notebooks\finetune-wav2vec2\train_set\wavs\voice-1111.wav
..\notebooks\finetune-wav2vec2\train_set\wavs\voice-1112.wav,18.07,16000,1,2,289120,0.7130126953125,0.10068218410015106,7.081815930842826,0.42811981184283343,0.0,0.13215665521809358,../raw_data/wavs/voice-1112.wav,..\notebooks\finetune-wav2vec2\train_set\wavs\voice-1112.wav
..\notebooks\finetune-wav2vec2\train_set\wavs\voice-1113.wav,10.48,16000,1,2,167680,0.51544189453125,0.10241734236478806,5.032759907939803,0.4486641221374046,0.0,0.13847291551118507,../raw_data/wavs/voice-1113.wav,..\notebooks\finetune-wav2vec2\train_set\wavs\voice-1113.wav
..\notebooks\finetune-wav2vec2\train_set\wavs\voice-1114.wav,7.52,16000,1,2,120320,0.89898681640625,0.1104588434100151,8.138658604900261,0.39471409574468086,0.0,0.11376424338633133,../raw_data/wavs/voice-1114.wav,..\notebooks\finetune-wav2vec2\train_set\wavs\voice-1114.wav
..\notebooks\finetune-wav2vec2\train_set\wavs\voice-1115.wav,13.44,16000,1,2,215040,0.631988525390625,0.0985780879855156,6.411044668298752,0.4550595238095238,0.0,0.1388538823190212,../raw_data/wavs/voice-1115.wav,..\notebooks\finetune-wav2vec2\train_set\wavs\voice-1115.wav
..\notebooks\finetune-wav2vec2\train_set\wavs\voice-1116.wav,6.16,16000,1,2,98560,0.555389404296875,0.10153792053461075,5.469773276552005,0.38292410714285713,0.0,0.11124301180003855,../raw_data/wavs/voice-1116.wav,..\notebooks\finetune-wav2vec2\train_set\wavs\voice-1116.wav
..\notebooks\finetune-wav2vec2\train_set\wavs\voice-1117.wav,6.64,16000,1,2,106240,0.525177001953125,0.10921796411275864,4.808522171416074,0.40095067771084336,0.0,0.10996903208802794,../raw_data/wavs/voice-1117.wav,..\notebooks\finetune-wav2vec2\train_set\wavs\voice-1117.wav
..\notebooks\finetune-wav2vec2\train_set\wavs\voice-1118.wav,13.6,16000,1,2,217600,0.66790771484375,0.10699327290058136,6.242520643932193,0.4605376838235294,0.0,0.13566698376371214,../raw_data/wavs/voice-1118.wav,..\notebooks\finetune-wav2vec2\train_set\wavs\voice-1118.wav
..\notebooks\finetune-wav2vec2\train_set\wavs\voice-1119.wav,10.08,16000,1,2,161280,0.535552978515625,0.10641656816005707,5.032608998536021,0.3797557043650794,0.0,0.10341705987760341,../raw_data/wavs/voice-1119.wav,..\notebooks\finetune-wav2vec2\train_set\wavs\voice-1119.wav
..\notebooks\finetune-wav2vec2\train_set\wavs\voice-1120.wav,8.56,16000,1,2,136960,0.523406982421875,0.1010628417134285,5.179024986315307,0.378307535046729,0.0,0.10850692543023825,../raw_data/wavs/voice-1120.wav,..\notebooks\finetune-wav2vec2\train_set\wavs\voice-1120.wav
..\notebooks\finetune-wav2vec2\train_set\wavs\voice-1121.wav,11.92,16000,1,2,190720,0.5682373046875,0.10656014084815979,5.332550240311671,0.44640310402684563,0.0,0.13713893214624656,../raw_data/wavs/voice-1121.wav,..\notebooks\finetune-wav2vec2\train_set\wavs\voice-1121.wav
..\notebooks\finetune-wav2vec2\train_set\wavs\voice-1122.wav,6.64,16000,1,2,106240,0.622833251953125,0.10444386303424835,5.963330289199384,0.430261671686747,0.0,0.1323148749517597,../raw_data/wavs/voice-1122.wav,..\notebooks\finetune-wav2vec2\train_set\wavs\voice-1122.wav
..\notebooks\finetune-wav2vec2\train_set\wavs\voice-1123.wav,10.48,16000,1,2,167680,0.624420166015625,0.10223378986120224,6.107766980597798,0.3905832538167939,0.0,0.11820204080415556,../raw_data/wavs/voice-1123.wav,..\notebooks\finetune-wav2vec2\train_set\wavs\voice-1123.wav
..\notebooks\finetune-wav2vec2\train_set\wavs\voice-1124.wav,7.6,16000,1,2,121600,0.523834228515625,0.101865753531456,5.142397816297169,0.4318421052631579,0.0,0.10976241580934054,../raw_data/wavs/voice-1124.wav,..\notebooks\finetune-wav2vec2\train_set\wavs\voice-1124.wav
..\notebooks\finetune-wav2vec2\train_set\wavs\voice-1125.wav,6.72,16000,1,2,107520,0.506256103515625,0.10554342716932297,4.79666159317946,0.3229724702380952,0.0,0.08532445428249891,../raw_data/wavs/voice-1125.wav,..\notebooks\finetune-wav2vec2\train_set\wavs\voice-1125.wav
..\notebooks\finetune-wav2vec2\train_set\wavs\voice-1126.wav,8.72,16000,1,2,139520,0.60357666015625,0.103085458278656,5.855109636556968,0.41409116972477067,0.0,0.13727162608676954,../raw_data/wavs/voice-1126.wav,..\notebooks\finetune-wav2vec2\train_set\wavs\voice-1126.wav
..\notebooks\finetune-wav2vec2\train_set\wavs\voice-1127.wav,8.4,16000,1,2,134400,0.611846923828125,0.1020922064781189,5.993081596872531,0.4376785714285714,0.0,0.14108735928094704,../raw_data/wavs/voice-1127.wav,..\notebooks\finetune-wav2vec2\train_set\wavs\voice-1127.wav
..\notebooks\finetune-wav2vec2\train_set\wavs\voice-1128.wav,14.08,16000,1,2,225280,0.60382080078125,0.1115550845861435,5.412759113771959,0.4427778764204545,0.0,0.13399828656909876,../raw_data/wavs/voice-1128.wav,..\notebooks\finetune-wav2vec2\train_set\wavs\voice-1128.wav
..\notebooks\finetune-wav2vec2\train_set\wavs\voice-1129.wav,5.52,16000,1,2,88320,0.635528564453125,0.10542014241218567,6.02853069547422,0.4466598731884058,0.0,0.13428594073755365,../raw_data/wavs/voice-1129.wav,..\notebooks\finetune-wav2vec2\train_set\wavs\voice-1129.wav
..\notebooks\finetune-wav2vec2\train_set\wavs\voice-1130.wav,12.32,16000,1,2,197120,0.571563720703125,0.10379019379615784,5.506914476194797,0.3906300730519481,0.0,0.12358524546086375,../raw_data/wavs/voice-1130.wav,..\notebooks\finetune-wav2vec2\train_set\wavs\voice-1130.wav
..\notebooks\finetune-wav2vec2\train_set\wavs\voice-1131.wav,7.76,16000,1,2,124160,0.57550048828125,0.10044287890195847,5.729629562320607,0.37149645618556704,0.0,0.11622999540911251,../raw_data/wavs/voice-1131.wav,..\notebooks\finetune-wav2vec2\train_set\wavs\voice-1131.wav
..\notebooks\finetune-wav2vec2\train_set\wavs\voice-1132.wav,6.16,16000,1,2,98560,0.52191162109375,0.10599736869335175,4.923816765712646,0.390625,0.0,0.13748110268975944,../raw_data/wavs/voice-1132.wav,..\notebooks\finetune-wav2vec2\train_set\wavs\voice-1132.wav
..\notebooks\finetune-wav2vec2\train_set\wavs\voice-1133.wav,8.64,16000,1,2,138240,0.60321044921875,0.10538247972726822,5.724010772757195,0.42094184027777776,0.0,0.13483893836037586,../raw_data/wavs/voice-1133.wav,..\notebooks\finetune-wav2vec2\train_set\wavs\voice-1133.wav
..\notebooks\finetune-wav2vec2\train_set\wavs\voice-1134.wav,8.24,16000,1,2,131840,0.6552734375,0.10518895089626312,6.229489237384141,0.412060072815534,0.0,0.11699117863454668,../raw_data/wavs/voice-1134.wav,..\notebooks\finetune-wav2vec2\train_set\wavs\voice-1134.wav
..\notebooks\finetune-wav2vec2\train_set\wavs\voice-1135.wav,14.16,16000,1,2,226560,0.720062255859375,0.10801386833190918,6.6663870758404835,0.40077242231638416,0.0,0.12364549631663276,../raw_data/wavs/voice-1135.wav,..\notebooks\finetune-wav2vec2\train_set\wavs\voice-1135.wav
..\notebooks\finetune-wav2vec2\train_set\wavs\voice-1136.wav,9.04,16000,1,2,144640,0.5169677734375,0.10805177688598633,4.784444905362289,0.42219303097345134,0.0,0.14987658930164063,../raw_data/wavs/voice-1136.wav,..\notebooks\finetune-wav2vec2\train_set\wavs\voice-1136.wav
..\notebooks\finetune-wav2vec2\train_set\wavs\voice-1137.wav,12.24,16000,1,2,195840,0.621063232421875,0.10064966976642609,6.170544164358941,0.41050857843137256,0.0,0.12318792477494268,../raw_data/wavs/voice-1137.wav,..\notebooks\finetune-wav2vec2\train_set\wavs\voice-1137.wav
..\notebooks\finetune-wav2vec2\train_set\wavs\voice-1138.wav,9.04,16000,1,2,144640,0.494659423828125,0.1021716296672821,4.841455748909595,0.41850801991150444,0.0,0.11285337979383155,../raw_data/wavs/voice-1138.wav,..\notebooks\finetune-wav2vec2\train_set\wavs\voice-1138.wav
..\notebooks\finetune-wav2vec2\train_set\wavs\voice-1139.wav,6.08,16000,1,2,97280,0.668365478515625,0.10851059854030609,6.159448823493142,0.39140625,0.0,0.11790828441904214,../raw_data/wavs/voice-1139.wav,..\notebooks\finetune-wav2vec2\train_set\wavs\voice-1139.wav
..\notebooks\finetune-wav2vec2\train_set\wavs\voice-1140.wav,8.32,16000,1,2,133120,0.56817626953125,0.10312273353338242,5.509709159787959,0.41491135817307695,0.0,0.1284564938138057,../raw_data/wavs/voice-1140.wav,..\notebooks\finetune-wav2vec2\train_set\wavs\voice-1140.wav
..\notebooks\finetune-wav2vec2\train_set\wavs\voice-1141.wav,12.16,16000,1,2,194560,0.548248291015625,0.10210800170898438,5.369298016213995,0.4251953125,0.0,0.1340467416053742,../raw_data/wavs/voice-1141.wav,..\notebooks\finetune-wav2vec2\train_set\wavs\voice-1141.wav
..\notebooks\finetune-wav2vec2\train_set\wavs\voice-1142.wav,9.84,16000,1,2,157440,0.61248779296875,0.10673942416906357,5.7381590516980525,0.36822916666666666,0.0,0.12836717712891976,../raw_data/wavs/voice-1142.wav,..\notebooks\finetune-wav2vec2\train_set\wavs\voice-1142.wav
..\notebooks\finetune-wav2vec2\train_set\wavs\voice-1143.wav,10.72,16000,1,2,171520,0.58087158203125,0.10798576474189758,5.379149589018715,0.3841884328358209,0.0,0.11705991756015369,../raw_data/wavs/voice-1143.wav,..\notebooks\finetune-wav2vec2\train_set\wavs\voice-1143.wav
..\notebooks\finetune-wav2vec2\train_set\wavs\voice-1144.wav,4.08,16000,1,2,65280,0.621063232421875,0.09869387000799179,6.292824796226798,0.4188878676470588,0.0,0.10695629528638613,../raw_data/wavs/voice-1144.wav,..\notebooks\finetune-wav2vec2\train_set\wavs\voice-1144.wav
..\notebooks\finetune-wav2vec2\train_set\wavs\voice-1145.wav,9.92,16000,1,2,158720,0.55810546875,0.11079543828964233,5.03726035444705,0.3758442540322581,0.0,0.13456485990965164,../raw_data/wavs/voice-1145.wav,..\notebooks\finetune-wav2vec2\train_set\wavs\voice-1145.wav
..\notebooks\finetune-wav2vec2\train_set\wavs\voice-1146.wav,9.76,16000,1,2,156160,0.58697509765625,0.10998553782701492,5.336838908579449,0.39781634221311474,0.0,0.11429376468855461,../raw_data/wavs/voice-1146.wav,..\notebooks\finetune-wav2vec2\train_set\wavs\voice-1146.wav
..\notebooks\finetune-wav2vec2\train_set\wavs\voice-1147.wav,8.96,16000,1,2,143360,0.68780517578125,0.10574056953191757,6.504647921095578,0.43876953125,0.0,0.1231384147489868,../raw_data/wavs/voice-1147.wav,..\notebooks\finetune-wav2vec2\train_set\wavs\voice-1147.wav
..\notebooks\finetune-wav2vec2\train_set\wavs\voice-1148.wav,7.84,16000,1,2,125440,0.5960693359375,0.1005367860198021,5.928868024685969,0.44235491071428573,0.0,0.14965839970025271,../raw_data/wavs/voice-1148.wav,..\notebooks\finetune-wav2vec2\train_set\wavs\voice-1148.wav
..\notebooks\finetune-wav2vec2\train_set\wavs\voice-1149.wav,11.92,16000,1,2,190720,0.6190185546875,0.10068107396364212,6.148311001440445,0.4369599412751678,0.0,0.12538866080463928,../raw_data/wavs/voice-1149.wav,..\notebooks\finetune-wav2vec2\train_set\wavs\voice-1149.wav
..\notebooks\finetune-wav2vec2\train_set\wavs\voice-1150.wav,14.24,16000,1,2,227840,0.61590576171875,0.10621803998947144,5.798504300962435,0.41635797050561796,0.0,0.12944667067534532,../raw_data/wavs/voice-1150.wav,..\notebooks\finetune-wav2vec2\train_set\wavs\voice-1150.wav
..\notebooks\finetune-wav2vec2\train_set\wavs\voice-1151.wav,7.52,16000,1,2,120320,0.552032470703125,0.10697220265865326,5.16052261225893,0.38729222074468084,0.0,0.11677291200890964,../raw_data/wavs/voice-1151.wav,..\notebooks\finetune-wav2vec2\train_set\wavs\voice-1151.wav
..\notebooks\finetune-wav2vec2\train_set\wavs\voice-1152.wav,4.72,16000,1,2,75520,0.498809814453125,0.09672923386096954,5.156763829744297,0.4048728813559322,0.0,0.11685800924270713,../raw_data/wavs/voice-1152.wav,..\notebooks\finetune-wav2vec2\train_set\wavs\voice-1152.wav
..\notebooks\finetune-wav2vec2\train_set\wavs\voice-1153.wav,10.56,16000,1,2,168960,0.58746337890625,0.11106564849615097,5.289334613002406,0.3518643465909091,0.0,0.12310678922105363,../raw_data/wavs/voice-1153.wav,..\notebooks\finetune-wav2vec2\train_set\wavs\voice-1153.wav
..\notebooks\finetune-wav2vec2\train_set\wavs\voice-1154.wav,10.32,16000,1,2,165120,0.62841796875,0.10475657135248184,5.998840556126237,0.433781492248062,0.0,0.13407905813383075,../raw_data/wavs/voice-1154.wav,..\notebooks\finetune-wav2vec2\train_set\wavs\voice-1154.wav
..\notebooks\finetune-wav2vec2\train_set\wavs\voice-1155.wav,4.96,16000,1,2,79360,0.464447021484375,0.1023346558213234,4.5385115898107955,0.36350806451612905,0.0,0.12907168689121587,../raw_data/wavs/voice-1155.wav,..\notebooks\finetune-wav2vec2\train_set\wavs\voice-1155.wav
..\notebooks\finetune-wav2vec2\train_set\wavs\voice-1156.wav,11.44,16000,1,2,183040,0.6004638671875,0.10303770750761032,5.827612839145805,0.4475633741258741,0.0,0.11554914526412403,../raw_data/wavs/voice-1156.wav,..\notebooks\finetune-wav2vec2\train_set\wavs\voice-1156.wav
..\notebooks\finetune-wav2vec2\train_set\wavs\voice-1157.wav,14.08,16000,1,2,225280,0.629364013671875,0.1094079464673996,5.752452486249774,0.42605202414772725,0.0,0.1416288247018142,../raw_data/wavs/voice-1157.wav,..\notebooks\finetune-wav2vec2\train_set\wavs\voice-1157.wav
..\notebooks\finetune-wav2vec2\train_set\wavs\voice-1158.wav,9.92,16000,1,2,158720,0.58544921875,0.10486651957035065,5.582803941130574,0.39409652217741936,0.0,0.11613606436532488,../raw_data/wavs/voice-1158.wav,..\notebooks\finetune-wav2vec2\train_set\wavs\voice-1158.wav
..\notebooks\finetune-wav2vec2\train_set\wavs\voice-1159.wav,14.88,16000,1,2,238080,0.658782958984375,0.10173401981592178,6.4755424014148,0.4031838037634409,0.0,0.12198891964431974,../raw_data/wavs/voice-1159.wav,..\notebooks\finetune-wav2vec2\train_set\wavs\voice-1159.wav
..\notebooks\finetune-wav2vec2\train_set\wavs\voice-1160.wav,10.32,16000,1,2,165120,0.673004150390625,0.10668820142745972,6.308140369656708,0.41418968023255814,0.0,0.12670255997189905,../raw_data/wavs/voice-1160.wav,..\notebooks\finetune-wav2vec2\train_set\wavs\voice-1160.wav
..\notebooks\finetune-wav2vec2\train_set\wavs\voice-1161.wav,9.44,16000,1,2,151040,0.5284423828125,0.09850702434778214,5.364514726856611,0.4442730402542373,0.0,0.1186117492832977,../raw_data/wavs/voice-1161.wav,..\notebooks\finetune-wav2vec2\train_set\wavs\voice-1161.wav
..\notebooks\finetune-wav2vec2\train_set\wavs\voice-1162.wav,12.64,16000,1,2,202240,0.6038818359375,0.10338244587182999,5.841241526498338,0.3844145569620253,0.0,0.11475531425689407,../raw_data/wavs/voice-1162.wav,..\notebooks\finetune-wav2vec2\train_set\wavs\voice-1162.wav
..\notebooks\finetune-wav2vec2\train_set\wavs\voice-1163.wav,6.32,16000,1,2,101120,0.58294677734375,0.10530463606119156,5.5358130387061495,0.3436214398734177,0.0,0.09969441944639484,../raw_data/wavs/voice-1163.wav,..\notebooks\finetune-wav2vec2\train_set\wavs\voice-1163.wav
..\notebooks\finetune-wav2vec2\train_set\wavs\voice-1164.wav,7.36,16000,1,2,117760,0.524688720703125,0.10141858458518982,5.17349677920614,0.4434273097826087,0.0,0.13066517208875755,../raw_data/wavs/voice-1164.wav,..\notebooks\finetune-wav2vec2\train_set\wavs\voice-1164.wav
..\notebooks\finetune-wav2vec2\train_set\wavs\voice-1165.wav,8.8,16000,1,2,140800,0.528594970703125,0.10459406673908234,5.053775870688195,0.3937784090909091,0.0,0.13124382985674615,../raw_data/wavs/voice-1165.wav,..\notebooks\finetune-wav2vec2\train_set\wavs\voice-1165.wav
..\notebooks\finetune-wav2vec2\train_set\wavs\voice-1166.wav,7.84,16000,1,2,125440,0.67852783203125,0.1010868102312088,6.712328052287936,0.4196827168367347,0.0,0.12826951745469908,../raw_data/wavs/voice-1166.wav,..\notebooks\finetune-wav2vec2\train_set\wavs\voice-1166.wav
..\notebooks\finetune-wav2vec2\train_set\wavs\voice-1167.wav,8.32,16000,1,2,133120,0.565887451171875,0.10075952112674713,5.616218148357766,0.4226036658653846,0.0,0.12767523794499658,../raw_data/wavs/voice-1167.wav,..\notebooks\finetune-wav2vec2\train_set\wavs\voice-1167.wav
..\notebooks\finetune-wav2vec2\train_set\wavs\voice-1168.wav,5.44,16000,1,2,87040,0.592559814453125,0.10306177288293839,5.749559685201396,0.37649356617647056,0.0,0.09353278415422972,../raw_data/wavs/voice-1168.wav,..\notebooks\finetune-wav2vec2\train_set\wavs\voice-1168.wav
..\notebooks\finetune-wav2vec2\train_set\wavs\voice-1169.wav,15.6,16000,1,2,249600,0.556732177734375,0.09927696734666824,5.607868497738303,0.41689503205128203,0.0,0.1476768737054235,../raw_data/wavs/voice-1169.wav,..\notebooks\finetune-wav2vec2\train_set\wavs\voice-1169.wav
..\notebooks\finetune-wav2vec2\train_set\wavs\voice-1170.wav,8.64,16000,1,2,138240,0.66961669921875,0.10721267014741898,6.245686244900135,0.36104600694444444,0.0,0.0992194677334182,../raw_data/wavs/voice-1170.wav,..\notebooks\finetune-wav2vec2\train_set\wavs\voice-1170.wav
..\notebooks\finetune-wav2vec2\train_set\wavs\voice-1171.wav,8.8,16000,1,2,140800,0.55657958984375,0.1028057262301445,5.41389677650612,0.4024502840909091,0.0,0.12238013054069986,../raw_data/wavs/voice-1171.wav,..\notebooks\finetune-wav2vec2\train_set\wavs\voice-1171.wav
..\notebooks\finetune-wav2vec2\train_set\wavs\voice-1172.wav,9.84,16000,1,2,157440,0.534332275390625,0.10424792021512985,5.125591707613516,0.41053099593495934,0.0,0.1268427772025991,../raw_data/wavs/voice-1172.wav,..\notebooks\finetune-wav2vec2\train_set\wavs\voice-1172.wav
..\notebooks\finetune-wav2vec2\train_set\wavs\voice-1173.wav,3.92,16000,1,2,62720,0.511810302734375,0.10150643438100815,5.042146400426954,0.34682716836734695,0.0,0.11015800634576445,../raw_data/wavs/voice-1173.wav,..\notebooks\finetune-wav2vec2\train_set\wavs\voice-1173.wav
..\notebooks\finetune-wav2vec2\train_set\wavs\voice-1174.wav,7.68,16000,1,2,122880,0.58251953125,0.10054771602153778,5.793463584247122,0.4386393229166667,0.0,0.14097608216212698,../raw_data/wavs/voice-1174.wav,..\notebooks\finetune-wav2vec2\train_set\wavs\voice-1174.wav
..\notebooks\finetune-wav2vec2\train_set\wavs\voice-1175.wav,10.08,16000,1,2,161280,0.54632568359375,0.10221623629331589,5.344803363978637,0.4220672123015873,0.0,0.12139832216221579,../raw_data/wavs/voice-1175.wav,..\notebooks\finetune-wav2vec2\train_set\wavs\voice-1175.wav
..\notebooks\finetune-wav2vec2\train_set\wavs\voice-1176.wav,7.52,16000,1,2,120320,0.637908935546875,0.10610145330429077,6.012254457225967,0.41699634308510636,0.0,0.11420473906864252,../raw_data/wavs/voice-1176.wav,..\notebooks\finetune-wav2vec2\train_set\wavs\voice-1176.wav
..\notebooks\finetune-wav2vec2\train_set\wavs\voice-1177.wav,8.24,16000,1,2,131840,0.627838134765625,0.10412537306547165,6.029636353579782,0.47035800970873787,0.0,0.13724315263313586,../raw_data/wavs/voice-1177.wav,..\notebooks\finetune-wav2vec2\train_set\wavs\voice-1177.wav
..\notebooks\finetune-wav2vec2\train_set\wavs\voice-1178.wav,3.68,16000,1,2,58880,0.591064453125,0.10760671645402908,5.492821197434363,0.3719938858695652,0.0,0.12146945430459077,../raw_data/wavs/voice-1178.wav,..\notebooks\finetune-wav2vec2\train_set\wavs\voice-1178.wav
..\notebooks\finetune-wav2vec2\train_set\wavs\voice-1179.wav,9.76,16000,1,2,156160,0.619720458984375,0.10069657117128372,6.154335264606354,0.42992443647540984,0.0,0.14543510140305715,../raw_data/wavs/voice-1179.wav,..\notebooks\finetune-wav2vec2\train_set\wavs\voice-1179.wav
..\notebooks\finetune-wav2vec2\train_set\wavs\voice-1180.wav,5.28,16000,1,2,84480,0.4630126953125,0.1016182154417038,4.556394670974324,0.37601799242424244,0.0,0.10794398607938067,../raw_data/wavs/voice-1180.wav,..\notebooks\finetune-wav2vec2\train_set\wavs\voice-1180.wav
..\notebooks\finetune-wav2vec2\train_set\wavs\voice-1181.wav,11.76,16000,1,2,188160,0.544464111328125,0.10197733342647552,5.339069899495629,0.39260204081632655,0.0,0.11069893016013053,../raw_data/wavs/voice-1181.wav,..\notebooks\finetune-wav2vec2\train_set\wavs\voice-1181.wav
..\notebooks\finetune-wav2vec2\train_set\wavs\voice-1182.wav,10.88,16000,1,2,174080,0.671600341796875,0.10546457022428513,6.368018571247417,0.45840992647058826,0.0,0.15390713411726858,../raw_data/wavs/voice-1182.wav,..\notebooks\finetune-wav2vec2\train_set\wavs\voice-1182.wav
..\notebooks\finetune-wav2vec2\train_set\wavs\voice-1183.wav,16.96,16000,1,2,271360,0.6202392578125,0.10888401418924332,5.696329827944327,0.3977115271226415,0.0,0.1259438603473627,../raw_data/wavs/voice-1183.wav,..\notebooks\finetune-wav2vec2\train_set\wavs\voice-1183.wav
..\notebooks\finetune-wav2vec2\train_set\wavs\voice-1184.wav,7.2,16000,1,2,115200,0.645263671875,0.10524348169565201,6.131150941404651,0.474765625,0.0,0.14652904973133446,../raw_data/wavs/voice-1184.wav,..\notebooks\finetune-wav2vec2\train_set\wavs\voice-1184.wav
..\notebooks\finetune-wav2vec2\train_set\wavs\voice-1185.wav,18.8,16000,1,2,300800,0.61431884765625,0.1037697046995163,5.92002116065686,0.39529920212765957,0.0,0.1361274472322049,../raw_data/wavs/voice-1185.wav,..\notebooks\finetune-wav2vec2\train_set\wavs\voice-1185.wav
..\notebooks\finetune-wav2vec2\train_set\wavs\voice-1186.wav,15.36,16000,1,2,245760,0.703094482421875,0.10339580476284027,6.800029111766847,0.41797281901041666,0.0,0.14425514426735134,../raw_data/wavs/voice-1186.wav,..\notebooks\finetune-wav2vec2\train_set\wavs\voice-1186.wav
..\notebooks\finetune-wav2vec2\train_set\wavs\voice-1187.wav,5.52,16000,1,2,88320,0.603973388671875,0.10909037292003632,5.536449940588158,0.40201539855072466,0.0,0.15128115128115127,../raw_data/wavs/voice-1187.wav,..\notebooks\finetune-wav2vec2\train_set\wavs\voice-1187.wav
..\notebooks\finetune-wav2vec2\train_set\wavs\voice-1188.wav,10.8,16000,1,2,172800,0.623138427734375,0.10637801885604858,5.8577743262695074,0.4227314814814815,0.0,0.14058530431310368,../raw_data/wavs/voice-1188.wav,..\notebooks\finetune-wav2vec2\train_set\wavs\voice-1188.wav
..\notebooks\finetune-wav2vec2\train_set\wavs\voice-1189.wav,13.6,16000,1,2,217600,0.586578369140625,0.10691037029027939,5.486636773850539,0.3854090073529412,0.0,0.12668716308438918,../raw_data/wavs/voice-1189.wav,..\notebooks\finetune-wav2vec2\train_set\wavs\voice-1189.wav
..\notebooks\finetune-wav2vec2\train_set\wavs\voice-1190.wav,8.8,16000,1,2,140800,0.57598876953125,0.10455455631017685,5.508978181902399,0.3644318181818182,0.0,0.10046946356153098,../raw_data/wavs/voice-1190.wav,..\notebooks\finetune-wav2vec2\train_set\wavs\voice-1190.wav
..\notebooks\finetune-wav2vec2\train_set\wavs\voice-1191.wav,10.32,16000,1,2,165120,0.626495361328125,0.10026112198829651,6.248637047980132,0.45142926356589147,0.0,0.14149794996335976,../raw_data/wavs/voice-1191.wav,..\notebooks\finetune-wav2vec2\train_set\wavs\voice-1191.wav
..\notebooks\finetune-wav2vec2\train_set\wavs\voice-1192.wav,10.72,16000,1,2,171520,0.609649658203125,0.10076510906219482,6.050205908345055,0.39361007462686565,0.0,0.13732589392428826,../raw_data/wavs/voice-1192.wav,..\notebooks\finetune-wav2vec2\train_set\wavs\voice-1192.wav
..\notebooks\finetune-wav2vec2\train_set\wavs\voice-1193.wav,9.44,16000,1,2,151040,0.602020263671875,0.10386934131383896,5.795938012670012,0.42117319915254237,0.0,0.11924734671177643,../raw_data/wavs/voice-1193.wav,..\notebooks\finetune-wav2vec2\train_set\wavs\voice-1193.wav
..\notebooks\finetune-wav2vec2\train_set\wavs\voice-1194.wav,12.56,16000,1,2,200960,0.501800537109375,0.10658525675535202,4.7079732449411,0.3998109076433121,0.0,0.1366099552645067,../raw_data/wavs/voice-1194.wav,..\notebooks\finetune-wav2vec2\train_set\wavs\voice-1194.wav
..\notebooks\finetune-wav2vec2\train_set\wavs\voice-1195.wav,9.84,16000,1,2,157440,0.661590576171875,0.10576067119836807,6.255544416231764,0.37481580284552846,0.0,0.13037430369857533,../raw_data/wavs/voice-1195.wav,..\notebooks\finetune-wav2vec2\train_set\wavs\voice-1195.wav
..\notebooks\finetune-wav2vec2\train_set\wavs\voice-1196.wav,7.68,16000,1,2,122880,0.618072509765625,0.10289812088012695,6.0066452572604305,0.4510009765625,0.0,0.15724411819757647,../raw_data/wavs/voice-1196.wav,..\notebooks\finetune-wav2vec2\train_set\wavs\voice-1196.wav
..\notebooks\finetune-wav2vec2\train_set\wavs\voice-1197.wav,4.08,16000,1,2,65280,0.55804443359375,0.09534658491611481,5.852799385365644,0.4233762254901961,0.0,0.13647574258184103,../raw_data/wavs/voice-1197.wav,..\notebooks\finetune-wav2vec2\train_set\wavs\voice-1197.wav
..\notebooks\finetune-wav2vec2\train_set\wavs\voice-1198.wav,10.16,16000,1,2,162560,0.66326904296875,0.10670453310012817,6.215940632497396,0.41512057086614174,0.0,0.12756599142465197,../raw_data/wavs/voice-1198.wav,..\notebooks\finetune-wav2vec2\train_set\wavs\voice-1198.wav
..\notebooks\finetune-wav2vec2\train_set\wavs\voice-1199.wav,9.76,16000,1,2,156160,0.625701904296875,0.10616018623113632,5.893941283548346,0.40269595286885246,0.0,0.1184177665072138,../raw_data/wavs/voice-1199.wav,..\notebooks\finetune-wav2vec2\train_set\wavs\voice-1199.wav
..\notebooks\finetune-wav2vec2\train_set\wavs\voice-1200.wav,13.52,16000,1,2,216320,0.61639404296875,0.10604038834571838,5.8128233268926754,0.4473788831360947,0.0,0.12961413468072616,../raw_data/wavs/voice-1200.wav,..\notebooks\finetune-wav2vec2\train_set\wavs\voice-1200.wav
..\notebooks\finetune-wav2vec2\train_set\wavs\voice-1201.wav,7.84,16000,1,2,125440,0.554351806640625,0.10416535288095474,5.3218444646769,0.40355548469387753,0.0,0.13097202624383167,../raw_data/wavs/voice-1201.wav,..\notebooks\finetune-wav2vec2\train_set\wavs\voice-1201.wav
..\notebooks\finetune-wav2vec2\train_set\wavs\voice-1202.wav,6.48,16000,1,2,103680,0.677093505859375,0.10508142411708832,6.443512843001774,0.4061246141975309,0.0,0.12115278889649785,../raw_data/wavs/voice-1202.wav,..\notebooks\finetune-wav2vec2\train_set\wavs\voice-1202.wav
..\notebooks\finetune-wav2vec2\train_set\wavs\voice-1203.wav,7.28,16000,1,2,116480,0.66326904296875,0.1086871400475502,6.102553095780903,0.4333533653846154,0.0,0.13636792898290678,../raw_data/wavs/voice-1203.wav,..\notebooks\finetune-wav2vec2\train_set\wavs\voice-1203.wav
..\notebooks\finetune-wav2vec2\train_set\wavs\voice-1204.wav,7.92,16000,1,2,126720,0.55572509765625,0.09970737993717194,5.573560332308662,0.40112058080808083,0.0,0.13360269572834382,../raw_data/wavs/voice-1204.wav,..\notebooks\finetune-wav2vec2\train_set\wavs\voice-1204.wav
..\notebooks\finetune-wav2vec2\train_set\wavs\voice-1205.wav,11.28,16000,1,2,180480,0.705413818359375,0.10609718412160873,6.648751559238638,0.40920877659574467,0.0,0.14320225621817498,../raw_data/wavs/voice-1205.wav,..\notebooks\finetune-wav2vec2\train_set\wavs\voice-1205.wav
..\notebooks\finetune-wav2vec2\train_set\wavs\voice-1206.wav,15.68,16000,1,2,250880,0.610198974609375,0.10806327313184738,5.6466823271665545,0.3956951530612245,0.0,0.15377133996867015,../raw_data/wavs/voice-1206.wav,..\notebooks\finetune-wav2vec2\train_set\wavs\voice-1206.wav
..\notebooks\finetune-wav2vec2\train_set\wavs\voice-1207.wav,7.6,16000,1,2,121600,0.52911376953125,0.09570135921239853,5.528800989722004,0.48463815789473685,0.0,0.17277280240791454,../raw_data/wavs/voice-1207.wav,..\notebooks\finetune-wav2vec2\train_set\wavs\voice-1207.wav
..\notebooks\finetune-wav2vec2\train_set\wavs\voice-1208.wav,12.72,16000,1,2,203520,0.6405029296875,0.10530896484851837,6.082131095000612,0.450186713836478,0.0,0.15111119846304277,../raw_data/wavs/voice-1208.wav,..\notebooks\finetune-wav2vec2\train_set\wavs\voice-1208.wav
..\notebooks\finetune-wav2vec2\train_set\wavs\voice-1209.wav,6.72,16000,1,2,107520,0.5882568359375,0.10378927737474442,5.667799707416053,0.4373418898809524,0.0,0.13853365451687608,../raw_data/wavs/voice-1209.wav,..\notebooks\finetune-wav2vec2\train_set\wavs\voice-1209.wav
..\notebooks\finetune-wav2vec2\train_set\wavs\voice-1210.wav,7.36,16000,1,2,117760,0.61761474609375,0.10979865491390228,5.624975520675072,0.34025985054347824,0.0,0.11723944666649683,../raw_data/wavs/voice-1210.wav,..\notebooks\finetune-wav2vec2\train_set\wavs\voice-1210.wav
..\notebooks\finetune-wav2vec2\train_set\wavs\voice-1211.wav,6.88,16000,1,2,110080,0.626922607421875,0.11667615920305252,5.373185162281835,0.4170421511627907,0.0,0.1287711552612215,../raw_data/wavs/voice-1211.wav,..\notebooks\finetune-wav2vec2\train_set\wavs\voice-1211.wav
..\notebooks\finetune-wav2vec2\train_set\wavs\voice-1212.wav,18.24,16000,1,2,291840,0.607086181640625,0.1034526526927948,5.868251473873583,0.43021518640350875,0.0,0.15046652435075503,../raw_data/wavs/voice-1212.wav,..\notebooks\finetune-wav2vec2\train_set\wavs\voice-1212.wav
..\notebooks\finetune-wav2vec2\train_set\wavs\voice-1213.wav,18.16,16000,1,2,290560,0.564697265625,0.10302618891000748,5.481104092069817,0.40301142621145375,0.0,0.13418273052977192,../raw_data/wavs/voice-1213.wav,..\notebooks\finetune-wav2vec2\train_set\wavs\voice-1213.wav
..\notebooks\finetune-wav2vec2\train_set\wavs\voice-1214.wav,8.16,16000,1,2,130560,0.536041259765625,0.10435988754034042,5.136468353881828,0.40657935049019606,0.0,0.12511584800741427,../raw_data/wavs/voice-1214.wav,..\notebooks\finetune-wav2vec2\train_set\wavs\voice-1214.wav
..\notebooks\finetune-wav2vec2\train_set\wavs\voice-1215.wav,3.76,16000,1,2,60160,0.470367431640625,0.10038980096578598,4.685410540866912,0.38851396276595745,0.0,0.12332319353712662,../raw_data/wavs/voice-1215.wav,..\notebooks\finetune-wav2vec2\train_set\wavs\voice-1215.wav
..\notebooks\finetune-wav2vec2\train_set\wavs\voice-1216.wav,7.92,16000,1,2,126720,0.53155517578125,0.09929003566503525,5.353560125353403,0.4363083964646465,0.0,0.12393563711834847,../raw_data/wavs/voice-1216.wav,..\notebooks\finetune-wav2vec2\train_set\wavs\voice-1216.wav
..\notebooks\finetune-wav2vec2\train_set\wavs\voice-1217.wav,12.88,16000,1,2,206080,0.571868896484375,0.09951908141374588,5.746324105493469,0.4189926242236025,0.0,0.12808680166343975,../raw_data/wavs/voice-1217.wav,..\notebooks\finetune-wav2vec2\train_set\wavs\voice-1217.wav
..\notebooks\finetune-wav2vec2\train_set\wavs\voice-1218.wav,11.52,16000,1,2,184320,0.660888671875,0.10061436146497726,6.568532188171248,0.420947265625,0.0,0.12696466452183444,../raw_data/wavs/voice-1218.wav,..\notebooks\finetune-wav2vec2\train_set\wavs\voice-1218.wav
..\notebooks\finetune-wav2vec2\train_set\wavs\voice-1219.wav,7.68,16000,1,2,122880,0.694854736328125,0.10700241476297379,6.4938229465879935,0.426025390625,0.0,0.14014599728187893,../raw_data/wavs/voice-1219.wav,..\notebooks\finetune-wav2vec2\train_set\wavs\voice-1219.wav
..\notebooks\finetune-wav2vec2\train_set\wavs\voice-1220.wav,6.72,16000,1,2,107520,0.584075927734375,0.10754616558551788,5.430932144855812,0.38429129464285716,0.0,0.11810005673415862,../raw_data/wavs/voice-1220.wav,..\notebooks\finetune-wav2vec2\train_set\wavs\voice-1220.wav
..\notebooks\finetune-wav2vec2\train_set\wavs\voice-1221.wav,5.92,16000,1,2,94720,0.479888916015625,0.11198686808347702,4.285224903851291,0.39130067567567567,0.0,0.12466347828841098,../raw_data/wavs/voice-1221.wav,..\notebooks\finetune-wav2vec2\train_set\wavs\voice-1221.wav
..\notebooks\finetune-wav2vec2\train_set\wavs\voice-1222.wav,10.64,16000,1,2,170240,0.6878662109375,0.10034848004579544,6.854774587752426,0.42364309210526313,0.0,0.13504543612215766,../raw_data/wavs/voice-1222.wav,..\notebooks\finetune-wav2vec2\train_set\wavs\voice-1222.wav
..\notebooks\finetune-wav2vec2\train_set\wavs\voice-1223.wav,10.56,16000,1,2,168960,0.619110107421875,0.10369119793176651,5.970710337721022,0.4285570549242424,0.0,0.1376310229108837,../raw_data/wavs/voice-1223.wav,..\notebooks\finetune-wav2vec2\train_set\wavs\voice-1223.wav
..\notebooks\finetune-wav2vec2\train_set\wavs\voice-1224.wav,10.4,16000,1,2,166400,0.607818603515625,0.1037796139717102,5.856820817249457,0.4301923076923077,0.0,0.1259262375374852,../raw_data/wavs/voice-1224.wav,..\notebooks\finetune-wav2vec2\train_set\wavs\voice-1224.wav
..\notebooks\finetune-wav2vec2\train_set\wavs\voice-1225.wav,10.64,16000,1,2,170240,0.605010986328125,0.10309138149023056,5.868686378845925,0.46199483082706766,0.0,0.14090778258800862,../raw_data/wavs/voice-1225.wav,..\notebooks\finetune-wav2vec2\train_set\wavs\voice-1225.wav
..\notebooks\finetune-wav2vec2\train_set\wavs\voice-1226.wav,5.28,16000,1,2,84480,0.559295654296875,0.10793019086122513,5.1820130200270675,0.37514204545454544,0.0,0.11569739225132873,../raw_data/wavs/voice-1226.wav,..\notebooks\finetune-wav2vec2\train_set\wavs\voice-1226.wav
..\notebooks\finetune-wav2vec2\train_set\wavs\voice-1227.wav,9.92,16000,1,2,158720,0.55047607421875,0.10338994115591049,5.324271085410913,0.3927545362903226,0.0,0.13913898147039738,../raw_data/wavs/voice-1227.wav,..\notebooks\finetune-wav2vec2\train_set\wavs\voice-1227.wav
..\notebooks\finetune-wav2vec2\train_set\wavs\voice-1228.wav,13.92,16000,1,2,222720,0.44512939453125,0.10622695833444595,4.190361858331672,0.40771821120689655,0.0,0.12474912333478509,../raw_data/wavs/voice-1228.wav,..\notebooks\finetune-wav2vec2\train_set\wavs\voice-1228.wav
..\notebooks\finetune-wav2vec2\train_set\wavs\voice-1229.wav,11.12,16000,1,2,177920,0.5977783203125,0.0994546189904213,6.010563675982444,0.40908273381294963,0.0,0.12819878708850657,../raw_data/wavs/voice-1229.wav,..\notebooks\finetune-wav2vec2\train_set\wavs\voice-1229.wav
..\notebooks\finetune-wav2vec2\train_set\wavs\voice-1230.wav,12.08,16000,1,2,193280,0.554962158203125,0.10399231314659119,5.33656903487502,0.3875569122516556,0.0,0.11899378618473812,../raw_data/wavs/voice-1230.wav,..\notebooks\finetune-wav2vec2\train_set\wavs\voice-1230.wav
..\notebooks\finetune-wav2vec2\train_set\wavs\voice-1231.wav,8.16,16000,1,2,130560,0.553955078125,0.10085802525281906,5.492424392966354,0.4188342524509804,0.0,0.10944477209537451,../raw_data/wavs/voice-1231.wav,..\notebooks\finetune-wav2vec2\train_set\wavs\voice-1231.wav
..\notebooks\finetune-wav2vec2\train_set\wavs\voice-1232.wav,9.68,16000,1,2,154880,0.708587646484375,0.10559466481208801,6.710449318110426,0.36637396694214874,0.0,0.1112933322141801,../raw_data/wavs/voice-1232.wav,..\notebooks\finetune-wav2vec2\train_set\wavs\voice-1232.wav
..\notebooks\finetune-wav2vec2\train_set\wavs\voice-1233.wav,11.2,16000,1,2,179200,0.533172607421875,0.10584983229637146,5.037066151687727,0.3960546875,0.0,0.12337680455806115,../raw_data/wavs/voice-1233.wav,..\notebooks\finetune-wav2vec2\train_set\wavs\voice-1233.wav
..\notebooks\finetune-wav2vec2\train_set\wavs\voice-1234.wav,6.64,16000,1,2,106240,0.53228759765625,0.10955971479415894,4.858424455159574,0.37152673192771085,0.0,0.10743700524289573,../raw_data/wavs/voice-1234.wav,..\notebooks\finetune-wav2vec2\train_set\wavs\voice-1234.wav
..\notebooks\finetune-wav2vec2\train_set\wavs\voice-1235.wav,8.4,16000,1,2,134400,0.53955078125,0.10444185882806778,5.16603962534034,0.3579092261904762,0.0,0.10950974337606678,../raw_data/wavs/voice-1235.wav,..\notebooks\finetune-wav2vec2\train_set\wavs\voice-1235.wav
..\notebooks\finetune-wav2vec2\train_set\wavs\voice-1236.wav,15.28,16000,1,2,244480,0.631317138671875,0.1068381741642952,5.909097039612814,0.38481266361256544,0.0,0.12495551765182286,../raw_data/wavs/voice-1236.wav,..\notebooks\finetune-wav2vec2\train_set\wavs\voice-1236.wav
..\notebooks\finetune-wav2vec2\train_set\wavs\voice-1237.wav,8.72,16000,1,2,139520,0.601318359375,0.1004425510764122,5.986689435213009,0.4403024655963303,0.0,0.13348002780983234,../raw_data/wavs/voice-1237.wav,..\notebooks\finetune-wav2vec2\train_set\wavs\voice-1237.wav
..\notebooks\finetune-wav2vec2\train_set\wavs\voice-1238.wav,13.84,16000,1,2,221440,0.680206298828125,0.10898875445127487,6.241068652016038,0.4069273843930636,0.0,0.13301180008941516,../raw_data/wavs/voice-1238.wav,..\notebooks\finetune-wav2vec2\train_set\wavs\voice-1238.wav
..\notebooks\finetune-wav2vec2\train_set\wavs\voice-1239.wav,8.72,16000,1,2,139520,0.58056640625,0.10451613366603851,5.554801788832812,0.3979142775229358,0.0,0.12611902321547602,../raw_data/wavs/voice-1239.wav,..\notebooks\finetune-wav2vec2\train_set\wavs\voice-1239.wav
..\notebooks\finetune-wav2vec2\train_set\wavs\voice-1240.wav,9.04,16000,1,2,144640,0.758331298828125,0.1033763438463211,7.335636670953052,0.3916274889380531,0.0,0.14012126743132902,../raw_data/wavs/voice-1240.wav,..\notebooks\finetune-wav2vec2\train_set\wavs\voice-1240.wav
..\notebooks\finetune-wav2vec2\train_set\wavs\voice-1241.wav,13.04,16000,1,2,208640,0.50872802734375,0.10025876015424728,5.074150394051114,0.40734758435582824,0.0,0.1553209131562172,../raw_data/wavs/voice-1241.wav,..\notebooks\finetune-wav2vec2\train_set\wavs\voice-1241.wav
..\notebooks\finetune-wav2vec2\train_set\wavs\voice-1242.wav,14.56,16000,1,2,232960,0.64727783203125,0.10164913535118103,6.367765252454058,0.4452695741758242,0.0,0.13331101180894492,../raw_data/wavs/voice-1242.wav,..\notebooks\finetune-wav2vec2\train_set\wavs\voice-1242.wav
..\notebooks\finetune-wav2vec2\train_set\wavs\voice-1243.wav,12.32,16000,1,2,197120,0.661956787109375,0.10307733714580536,6.421943032667028,0.37706473214285713,0.0,0.1162140635859557,../raw_data/wavs/voice-1243.wav,..\notebooks\finetune-wav2vec2\train_set\wavs\voice-1243.wav
..\notebooks\finetune-wav2vec2\train_set\wavs\voice-1244.wav,10.96,16000,1,2,175360,0.58282470703125,0.10835517942905426,5.378835696662341,0.4134352189781022,0.0,0.11430836170370497,../raw_data/wavs/voice-1244.wav,..\notebooks\finetune-wav2vec2\train_set\wavs\voice-1244.wav
..\notebooks\finetune-wav2vec2\train_set\wavs\voice-1245.wav,14.0,16000,1,2,224000,0.68414306640625,0.10502620041370392,6.514022822032723,0.42802232142857144,0.0,0.14373278452135946,../raw_data/wavs/voice-1245.wav,..\notebooks\finetune-wav2vec2\train_set\wavs\voice-1245.wav
..\notebooks\finetune-wav2vec2\train_set\wavs\voice-1246.wav,8.8,16000,1,2,140800,0.6878662109375,0.10620258748531342,6.476925159969609,0.5002840909090909,0.0,0.14975958636069858,../raw_data/wavs/voice-1246.wav,..\notebooks\finetune-wav2vec2\train_set\wavs\voice-1246.wav
..\notebooks\finetune-wav2vec2\train_set\wavs\voice-1247.wav,17.68,16000,1,2,282880,0.54248046875,0.10695872455835342,5.071867404832779,0.36321054864253394,0.0,0.12905164398912608,../raw_data/wavs/voice-1247.wav,..\notebooks\finetune-wav2vec2\train_set\wavs\voice-1247.wav
..\notebooks\finetune-wav2vec2\train_set\wavs\voice-1248.wav,5.84,16000,1,2,93440,0.549835205078125,0.10236363857984543,5.3713917628010455,0.41404109589041094,0.0,0.1301276768801036,../raw_data/wavs/voice-1248.wav,..\notebooks\finetune-wav2vec2\train_set\wavs\voice-1248.wav
..\notebooks\finetune-wav2vec2\train_set\wavs\voice-1249.wav,8.96,16000,1,2,143360,0.5289306640625,0.10425686091184616,5.073341547370533,0.41641322544642856,0.0,0.11897404418278587,../raw_data/wavs/voice-1249.wav,..\notebooks\finetune-wav2vec2\train_set\wavs\voice-1249.wav
..\notebooks\finetune-wav2vec2\train_set\wavs\voice-1250.wav,5.92,16000,1,2,94720,0.48419189453125,0.09924750030040741,4.878630626118272,0.3534522804054054,0.0,0.09614755223344841,../raw_data/wavs/voice-1250.wav,..\notebooks\finetune-wav2vec2\train_set\wavs\voice-1250.wav
..\notebooks\finetune-wav2vec2\train_set\wavs\voice-1251.wav,16.15,16000,1,2,258400,0.59063720703125,0.10283252596855164,5.743680819548081,0.385406346749226,0.0,0.11818544189412497,../raw_data/wavs/voice-1251.wav,..\notebooks\finetune-wav2vec2\train_set\wavs\voice-1251.wav
..\notebooks\finetune-wav2vec2\train_set\wavs\voice-1252.wav,11.84,16000,1,2,189440,0.5672607421875,0.10615124553442001,5.343891532611016,0.4562763935810811,0.0,0.15390706243170624,../raw_data/wavs/voice-1252.wav,..\notebooks\finetune-wav2vec2\train_set\wavs\voice-1252.wav
..\notebooks\finetune-wav2vec2\train_set\wavs\voice-1253.wav,8.8,16000,1,2,140800,0.527435302734375,0.1018517017364502,5.17846333190542,0.3891903409090909,0.0,0.13028501622880845,../raw_data/wavs/voice-1253.wav,..\notebooks\finetune-wav2vec2\train_set\wavs\voice-1253.wav
..\notebooks\finetune-wav2vec2\train_set\wavs\voice-1254.wav,16.72,16000,1,2,267520,0.797943115234375,0.09547717124223709,8.357423087136684,0.40838441985645935,0.0,0.11678049035769422,../raw_data/wavs/voice-1254.wav,..\notebooks\finetune-wav2vec2\train_set\wavs\voice-1254.wav
..\notebooks\finetune-wav2vec2\train_set\wavs\voice-1255.wav,10.72,16000,1,2,171520,0.698455810546875,0.10729355365037918,6.5097649092957095,0.4021513526119403,0.0,0.13147814527836565,../raw_data/wavs/voice-1255.wav,..\notebooks\finetune-wav2vec2\train_set\wavs\voice-1255.wav
..\notebooks\finetune-wav2vec2\train_set\wavs\voice-1256.wav,8.96,16000,1,2,143360,0.504241943359375,0.10400604456663132,4.848198443277334,0.38039899553571427,0.0,0.11243800528742527,../raw_data/wavs/voice-1256.wav,..\notebooks\finetune-wav2vec2\train_set\wavs\voice-1256.wav
..\notebooks\finetune-wav2vec2\train_set\wavs\voice-1257.wav,13.6,16000,1,2,217600,0.704986572265625,0.10185666382312775,6.921359347581042,0.41921875,0.0,0.1309426973469547,../raw_data/wavs/voice-1257.wav,..\notebooks\finetune-wav2vec2\train_set\wavs\voice-1257.wav
..\notebooks\finetune-wav2vec2\train_set\wavs\voice-1258.wav,11.2,16000,1,2,179200,0.72601318359375,0.0998690128326416,7.2696541499853184,0.4767299107142857,0.0,0.16127322139074438,../raw_data/wavs/voice-1258.wav,..\notebooks\finetune-wav2vec2\train_set\wavs\voice-1258.wav
..\notebooks\finetune-wav2vec2\train_set\wavs\voice-1259.wav,11.52,16000,1,2,184320,0.615692138671875,0.09975149482488632,6.172259771672817,0.4528537326388889,0.0,0.14407630249730088,../raw_data/wavs/voice-1259.wav,..\notebooks\finetune-wav2vec2\train_set\wavs\voice-1259.wav
..\notebooks\finetune-wav2vec2\train_set\wavs\voice-1260.wav,15.03,16000,1,2,240480,0.598236083984375,0.10468439757823944,5.7146632910340145,0.43009397870924815,0.0,0.12814424544346908,../raw_data/wavs/voice-1260.wav,..\notebooks\finetune-wav2vec2\train_set\wavs\voice-1260.wav
..\notebooks\finetune-wav2vec2\train_set\wavs\voice-1261.wav,15.12,16000,1,2,241920,0.62298583984375,0.1062876433134079,5.861319532758537,0.3990740740740741,0.0,0.15344392131250542,../raw_data/wavs/voice-1261.wav,..\notebooks\finetune-wav2vec2\train_set\wavs\voice-1261.wav
..\notebooks\finetune-wav2vec2\train_set\wavs\voice-1262.wav,14.08,16000,1,2,225280,0.7236328125,0.1105114221572876,6.548036378267534,0.4121892755681818,0.0,0.12455666085165507,../raw_data/wavs/voice-1262.wav,..\notebooks\finetune-wav2vec2\train_set\wavs\voice-1262.wav
..\notebooks\finetune-wav2vec2\train_set\wavs\voice-1263.wav,7.04,16000,1,2,112640,0.452606201171875,0.10467880219221115,4.323761752076603,0.3919122869318182,0.0,0.12451282415504399,../raw_data/wavs/voice-1263.wav,..\notebooks\finetune-wav2vec2\train_set\wavs\voice-1263.wav
..\notebooks\finetune-wav2vec2\train_set\wavs\voice-1264.wav,8.56,16000,1,2,136960,0.52716064453125,0.10247144848108292,5.144463675933772,0.4296363901869159,0.0,0.12833767769916543,../raw_data/wavs/voice-1264.wav,..\notebooks\finetune-wav2vec2\train_set\wavs\voice-1264.wav
..\notebooks\finetune-wav2vec2\train_set\wavs\voice-1265.wav,9.12,16000,1,2,145920,0.516265869140625,0.10373833775520325,4.976615977391931,0.40973135964912283,0.0,0.11623571981715883,../raw_data/wavs/voice-1265.wav,..\notebooks\finetune-wav2vec2\train_set\wavs\voice-1265.wav
..\notebooks\finetune-wav2vec2\train_set\wavs\voice-1266.wav,15.12,16000,1,2,241920,0.53240966796875,0.10302083194255829,5.1679806688574175,0.37983630952380953,0.0,0.13498733047011602,../raw_data/wavs/voice-1266.wav,..\notebooks\finetune-wav2vec2\train_set\wavs\voice-1266.wav
..\notebooks\finetune-wav2vec2\train_set\wavs\voice-1267.wav,13.84,16000,1,2,221440,0.622161865234375,0.10119505226612091,6.1481451049427305,0.4121974349710983,0.0,0.1195543693748617,../raw_data/wavs/voice-1267.wav,..\notebooks\finetune-wav2vec2\train_set\wavs\voice-1267.wav
..\notebooks\finetune-wav2vec2\train_set\wavs\voice-1268.wav,11.76,16000,1,2,188160,0.720794677734375,0.10297922044992447,6.999418665097339,0.40998618197278913,0.0,0.1326750248460079,../raw_data/wavs/voice-1268.wav,..\notebooks\finetune-wav2vec2\train_set\wavs\voice-1268.wav
..\notebooks\finetune-wav2vec2\train_set\wavs\voice-1269.wav,10.64,16000,1,2,170240,0.598388671875,0.10304909199476242,5.806831096633183,0.4225916353383459,0.0,0.13932765112577025,../raw_data/wavs/voice-1269.wav,..\notebooks\finetune-wav2vec2\train_set\wavs\voice-1269.wav
..\notebooks\finetune-wav2vec2\train_set\wavs\voice-1270.wav,17.27,16000,1,2,276320,0.586669921875,0.10393421351909637,5.6446275197647795,0.4117617255356109,0.0,0.11491428385308285,../raw_data/wavs/voice-1270.wav,..\notebooks\finetune-wav2vec2\train_set\wavs\voice-1270.wav
..\notebooks\finetune-wav2vec2\train_set\wavs\voice-1271.wav,9.76,16000,1,2,156160,0.7293701171875,0.10482177138328552,6.958193012408895,0.4073066086065574,0.0,0.13654672481253083,../raw_data/wavs/voice-1271.wav,..\notebooks\finetune-wav2vec2\train_set\wavs\voice-1271.wav
..\notebooks\finetune-wav2vec2\train_set\wavs\voice-1272.wav,10.4,16000,1,2,166400,0.67645263671875,0.10490185767412186,6.448433342526244,0.4297235576923077,0.0,0.13519312015096244,../raw_data/wavs/voice-1272.wav,..\notebooks\finetune-wav2vec2\train_set\wavs\voice-1272.wav
..\notebooks\finetune-wav2vec2\train_set\wavs\voice-1273.wav,9.92,16000,1,2,158720,0.556884765625,0.10445988923311234,5.33108707766536,0.3994077620967742,0.0,0.12827071743143542,../raw_data/wavs/voice-1273.wav,..\notebooks\finetune-wav2vec2\train_set\wavs\voice-1273.wav
..\notebooks\finetune-wav2vec2\train_set\wavs\voice-1274.wav,13.44,16000,1,2,215040,0.548736572265625,0.09855641424655914,5.567740836155499,0.43849051339285716,0.0,0.1526699807941815,../raw_data/wavs/voice-1274.wav,..\notebooks\finetune-wav2vec2\train_set\wavs\voice-1274.wav
..\notebooks\finetune-wav2vec2\train_set\wavs\voice-1275.wav,4.96,16000,1,2,79360,0.57366943359375,0.11027420312166214,5.202208833564076,0.4072076612903226,0.0,0.1252661953905669,../raw_data/wavs/voice-1275.wav,..\notebooks\finetune-wav2vec2\train_set\wavs\voice-1275.wav
..\notebooks\finetune-wav2vec2\train_set\wavs\voice-1276.wav,10.32,16000,1,2,165120,0.6661376953125,0.10850194096565247,6.1394081007580645,0.3989704457364341,0.0,0.11973788600948407,../raw_data/wavs/voice-1276.wav,..\notebooks\finetune-wav2vec2\train_set\wavs\voice-1276.wav
..\notebooks\finetune-wav2vec2\train_set\wavs\voice-1277.wav,13.12,16000,1,2,209920,0.595367431640625,0.10683349519968033,5.57285363104367,0.4384003429878049,0.0,0.1524730967658954,../raw_data/wavs/voice-1277.wav,..\notebooks\finetune-wav2vec2\train_set\wavs\voice-1277.wav
..\notebooks\finetune-wav2vec2\train_set\wavs\voice-1278.wav,9.04,16000,1,2,144640,0.576141357421875,0.10617770999670029,5.42619875150613,0.40282771017699115,0.0,0.12253956401800345,../raw_data/wavs/voice-1278.wav,..\notebooks\finetune-wav2vec2\train_set\wavs\voice-1278.wav
..\notebooks\finetune-wav2vec2\train_set\wavs\voice-1279.wav,7.68,16000,1,2,122880,0.545135498046875,0.10914240777492523,4.994717536111718,0.446728515625,0.0,0.1275482385110556,../raw_data/wavs/voice-1279.wav,..\notebooks\finetune-wav2vec2\train_set\wavs\voice-1279.wav
..\notebooks\finetune-wav2vec2\train_set\wavs\voice-1280.wav,10.64,16000,1,2,170240,0.66424560546875,0.10273019224405289,6.4659239018138175,0.4343926221804511,0.0,0.14429713520403667,../raw_data/wavs/voice-1280.wav,..\notebooks\finetune-wav2vec2\train_set\wavs\voice-1280.wav
..\notebooks\finetune-wav2vec2\train_set\wavs\voice-1281.wav,8.4,16000,1,2,134400,0.518402099609375,0.10377775877714157,4.9953102256006705,0.3880654761904762,0.0,0.12314079717855043,../raw_data/wavs/voice-1281.wav,..\notebooks\finetune-wav2vec2\train_set\wavs\voice-1281.wav
..\notebooks\finetune-wav2vec2\train_set\wavs\voice-1282.wav,6.0,16000,1,2,96000,0.508148193359375,0.09864309430122375,5.151381320294521,0.4381145833333333,0.0,0.14483484202960448,../raw_data/wavs/voice-1282.wav,..\notebooks\finetune-wav2vec2\train_set\wavs\voice-1282.wav
..\notebooks\finetune-wav2vec2\train_set\wavs\voice-1283.wav,10.64,16000,1,2,170240,0.637786865234375,0.1057799831032753,6.029371971176151,0.44610549812030076,0.0,0.1560335763250489,../raw_data/wavs/voice-1283.wav,..\notebooks\finetune-wav2vec2\train_set\wavs\voice-1283.wav
..\notebooks\finetune-wav2vec2\train_set\wavs\voice-1284.wav,14.31,16000,1,2,228960,0.54547119140625,0.10499297827482224,5.195311156699098,0.39682040531097135,0.0,0.11345699448372852,../raw_data/wavs/voice-1284.wav,..\notebooks\finetune-wav2vec2\train_set\wavs\voice-1284.wav
..\notebooks\finetune-wav2vec2\train_set\wavs\voice-1285.wav,9.2,16000,1,2,147200,0.608795166015625,0.09992468357086182,6.092540343987144,0.40433423913043476,0.0,0.1295389234981216,../raw_data/wavs/voice-1285.wav,..\notebooks\finetune-wav2vec2\train_set\wavs\voice-1285.wav
..\notebooks\finetune-wav2vec2\train_set\wavs\voice-1286.wav,9.6,16000,1,2,153600,0.623199462890625,0.10655224323272705,5.84876905434509,0.40716796875,0.0,0.11875728357606495,../raw_data/wavs/voice-1286.wav,..\notebooks\finetune-wav2vec2\train_set\wavs\voice-1286.wav
..\notebooks\finetune-wav2vec2\train_set\wavs\voice-1287.wav,9.92,16000,1,2,158720,0.5989990234375,0.10051935166120529,5.959041851527175,0.41900831653225806,0.0,0.12309175335026053,../raw_data/wavs/voice-1287.wav,..\notebooks\finetune-wav2vec2\train_set\wavs\voice-1287.wav
..\notebooks\finetune-wav2vec2\train_set\wavs\voice-1288.wav,10.16,16000,1,2,162560,0.54510498046875,0.10234682261943817,5.326056701297351,0.44922490157480316,0.0,0.16189814159781987,../raw_data/wavs/voice-1288.wav,..\notebooks\finetune-wav2vec2\train_set\wavs\voice-1288.wav
..\notebooks\finetune-wav2vec2\train_set\wavs\voice-1289.wav,8.72,16000,1,2,139520,0.587188720703125,0.10411272943019867,5.639932061302837,0.3616255733944954,0.0,0.10233731606447867,../raw_data/wavs/voice-1289.wav,..\notebooks\finetune-wav2vec2\train_set\wavs\voice-1289.wav
..\notebooks\finetune-wav2vec2\train_set\wavs\voice-1290.wav,12.72,16000,1,2,203520,0.6123046875,0.10268856585025787,5.962734822812431,0.4150255503144654,0.0,0.135584392611992,../raw_data/wavs/voice-1290.wav,..\notebooks\finetune-wav2vec2\train_set\wavs\voice-1290.wav
..\notebooks\finetune-wav2vec2\train_set\wavs\voice-1291.wav,10.0,16000,1,2,160000,0.673187255859375,0.10402541607618332,6.4713728745517765,0.412725,0.0,0.11413196332477078,../raw_data/wavs/voice-1291.wav,..\notebooks\finetune-wav2vec2\train_set\wavs\voice-1291.wav
..\notebooks\finetune-wav2vec2\train_set\wavs\voice-1292.wav,13.2,16000,1,2,211200,0.54376220703125,0.10173232853412628,5.345028614466876,0.40082386363636363,0.0,0.12162936377539667,../raw_data/wavs/voice-1292.wav,..\notebooks\finetune-wav2vec2\train_set\wavs\voice-1292.wav
..\notebooks\finetune-wav2vec2\train_set\wavs\voice-1293.wav,7.84,16000,1,2,125440,0.60333251953125,0.11095274239778519,5.437743191314698,0.4078204719387755,0.0,0.1101172681542423,../raw_data/wavs/voice-1293.wav,..\notebooks\finetune-wav2vec2\train_set\wavs\voice-1293.wav
..\notebooks\finetune-wav2vec2\train_set\wavs\voice-1294.wav,9.6,16000,1,2,153600,0.54266357421875,0.10821767151355743,5.0145560020737046,0.38302734375,0.0,0.12192787713461677,../raw_data/wavs/voice-1294.wav,..\notebooks\finetune-wav2vec2\train_set\wavs\voice-1294.wav
..\notebooks\finetune-wav2vec2\train_set\wavs\voice-1295.wav,10.72,16000,1,2,171520,0.485748291015625,0.10025004297494888,4.845367409338736,0.39265391791044774,0.0,0.11173689212273859,../raw_data/wavs/voice-1295.wav,..\notebooks\finetune-wav2vec2\train_set\wavs\voice-1295.wav
..\notebooks\finetune-wav2vec2\train_set\wavs\voice-1296.wav,11.2,16000,1,2,179200,0.573455810546875,0.10699169337749481,5.359816191744645,0.35603794642857145,0.0,0.12897393400632817,../raw_data/wavs/voice-1296.wav,..\notebooks\finetune-wav2vec2\train_set\wavs\voice-1296.wav
..\notebooks\finetune-wav2vec2\train_set\wavs\voice-1297.wav,10.8,16000,1,2,172800,0.534332275390625,0.09618472307920456,5.555271755064702,0.44044560185185183,0.0,0.1399660877667116,../raw_data/wavs/voice-1297.wav,..\notebooks\finetune-wav2vec2\train_set\wavs\voice-1297.wav
..\notebooks\finetune-wav2vec2\train_set\wavs\voice-1298.wav,9.76,16000,1,2,156160,0.588897705078125,0.10297521948814392,5.718829326175196,0.40648693647540984,0.0,0.1267169999807888,../raw_data/wavs/voice-1298.wav,..\notebooks\finetune-wav2vec2\train_set\wavs\voice-1298.wav
..\notebooks\finetune-wav2vec2\train_set\wavs\voice-1299.wav,5.04,16000,1,2,80640,0.532257080078125,0.10861971229314804,4.900188638335225,0.388343253968254,0.0,0.12248415778965513,../raw_data/wavs/voice-1299.wav,..\notebooks\finetune-wav2vec2\train_set\wavs\voice-1299.wav
..\notebooks\finetune-wav2vec2\train_set\wavs\voice-1300.wav,10.56,16000,1,2,168960,0.6541748046875,0.10029850155115128,6.522278943059554,0.4151278409090909,0.0,0.13616912978888368,../raw_data/wavs/voice-1300.wav,..\notebooks\finetune-wav2vec2\train_set\wavs\voice-1300.wav
..\notebooks\finetune-wav2vec2\train_set\wavs\voice-1301.wav,11.04,16000,1,2,176640,0.769622802734375,0.1108141615986824,6.945166498859527,0.39375,0.0,0.12566873680217847,../raw_data/wavs/voice-1301.wav,..\notebooks\finetune-wav2vec2\train_set\wavs\voice-1301.wav
..\notebooks\finetune-wav2vec2\train_set\wavs\voice-1302.wav,7.92,16000,1,2,126720,0.548797607421875,0.1009708121418953,5.435210391797624,0.41830018939393937,0.0,0.11132505780506476,../raw_data/wavs/voice-1302.wav,..\notebooks\finetune-wav2vec2\train_set\wavs\voice-1302.wav
..\notebooks\finetune-wav2vec2\train_set\wavs\voice-1303.wav,5.28,16000,1,2,84480,0.47833251953125,0.0939200296998024,5.092976663871907,0.43317945075757575,0.0,0.11412303649427669,../raw_data/wavs/voice-1303.wav,..\notebooks\finetune-wav2vec2\train_set\wavs\voice-1303.wav
..\notebooks\finetune-wav2vec2\train_set\wavs\voice-1304.wav,14.56,16000,1,2,232960,0.66473388671875,0.10557979345321655,6.296033217883687,0.41883585164835163,0.0,0.14918504972978078,../raw_data/wavs/voice-1304.wav,..\notebooks\finetune-wav2vec2\train_set\wavs\voice-1304.wav
..\notebooks\finetune-wav2vec2\train_set\wavs\voice-1305.wav,6.32,16000,1,2,101120,0.501312255859375,0.1084575206041336,4.622199115994439,0.3539853639240506,0.0,0.10182062718183527,../raw_data/wavs/voice-1305.wav,..\notebooks\finetune-wav2vec2\train_set\wavs\voice-1305.wav
..\notebooks\finetune-wav2vec2\train_set\wavs\voice-1306.wav,7.92,16000,1,2,126720,0.64111328125,0.10543979704380035,6.080372868924221,0.4479876893939394,0.0,0.1251667074392948,../raw_data/wavs/voice-1306.wav,..\notebooks\finetune-wav2vec2\train_set\wavs\voice-1306.wav
..\notebooks\finetune-wav2vec2\train_set\wavs\voice-1307.wav,8.0,16000,1,2,128000,0.53759765625,0.10573893785476685,5.084197620638048,0.3616328125,0.0,0.10842272205251603,../raw_data/wavs/voice-1307.wav,..\notebooks\finetune-wav2vec2\train_set\wavs\voice-1307.wav
..\notebooks\finetune-wav2vec2\train_set\wavs\voice-1308.wav,11.12,16000,1,2,177920,0.629364013671875,0.1026318371295929,6.132249322178449,0.42072279676258995,0.0,0.09935982104215964,../raw_data/wavs/voice-1308.wav,..\notebooks\finetune-wav2vec2\train_set\wavs\voice-1308.wav
..\notebooks\finetune-wav2vec2\train_set\wavs\voice-1309.wav,8.24,16000,1,2,131840,0.623931884765625,0.10382101684808731,6.00968766929506,0.41637591019417475,0.0,0.12025273249948801,../raw_data/wavs/voice-1309.wav,..\notebooks\finetune-wav2vec2\train_set\wavs\voice-1309.wav
..\notebooks\finetune-wav2vec2\train_set\wavs\voice-1310.wav,6.88,16000,1,2,110080,0.59381103515625,0.10476177930831909,5.668203032411609,0.38565588662790695,0.0,0.11402719864824354,../raw_data/wavs/voice-1310.wav,..\notebooks\finetune-wav2vec2\train_set\wavs\voice-1310.wav
..\notebooks\finetune-wav2vec2\train_set\wavs\voice-1311.wav,3.36,16000,1,2,53760,0.602081298828125,0.10896211117506027,5.525602361547598,0.3490141369047619,0.0,0.10673561636191149,../raw_data/wavs/voice-1311.wav,..\notebooks\finetune-wav2vec2\train_set\wavs\voice-1311.wav
..\notebooks\finetune-wav2vec2\train_set\wavs\voice-1312.wav,12.72,16000,1,2,203520,0.5965576171875,0.10674528777599335,5.588608449296474,0.4144555817610063,0.0,0.12817967855581053,../raw_data/wavs/voice-1312.wav,..\notebooks\finetune-wav2vec2\train_set\wavs\voice-1312.wav
..\notebooks\finetune-wav2vec2\train_set\wavs\voice-1313.wav,11.6,16000,1,2,185600,0.556640625,0.10444565862417221,5.329475943111865,0.4310883620689655,0.0,0.14277555374759562,../raw_data/wavs/voice-1313.wav,..\notebooks\finetune-wav2vec2\train_set\wavs\voice-1313.wav
..\notebooks\finetune-wav2vec2\train_set\wavs\voice-1314.wav,17.83,16000,1,2,285280,0.564208984375,0.10381405055522919,5.434803683677098,0.3916888670779585,0.0,0.11075473483852649,../raw_data/wavs/voice-1314.wav,..\notebooks\finetune-wav2vec2\train_set\wavs\voice-1314.wav
..\notebooks\finetune-wav2vec2\train_set\wavs\voice-1315.wav,5.52,16000,1,2,88320,0.561309814453125,0.0936892181634903,5.991189012524619,0.4493772644927536,0.0,0.14975260136550458,../raw_data/wavs/voice-1315.wav,..\notebooks\finetune-wav2vec2\train_set\wavs\voice-1315.wav
..\notebooks\finetune-wav2vec2\train_set\wavs\voice-1316.wav,11.04,16000,1,2,176640,0.683197021484375,0.10174543410539627,6.714768357827865,0.41775928442028987,0.0,0.13399645604877744,../raw_data/wavs/voice-1316.wav,..\notebooks\finetune-wav2vec2\train_set\wavs\voice-1316.wav
..\notebooks\finetune-wav2vec2\train_set\wavs\voice-1317.wav,11.84,16000,1,2,189440,0.584197998046875,0.10543593764305115,5.540786292664768,0.4135082347972973,0.0,0.13612297362211584,../raw_data/wavs/voice-1317.wav,..\notebooks\finetune-wav2vec2\train_set\wavs\voice-1317.wav
..\notebooks\finetune-wav2vec2\train_set\wavs\voice-1318.wav,9.2,16000,1,2,147200,0.5714111328125,0.10113919526338577,5.649749647744738,0.4022146739130435,0.0,0.11269777647945978,../raw_data/wavs/voice-1318.wav,..\notebooks\finetune-wav2vec2\train_set\wavs\voice-1318.wav
..\notebooks\finetune-wav2vec2\train_set\wavs\voice-1319.wav,8.08,16000,1,2,129280,0.467926025390625,0.09922792762517929,4.7156686286763465,0.41217512376237625,0.0,0.13367987066731643,../raw_data/wavs/voice-1319.wav,..\notebooks\finetune-wav2vec2\train_set\wavs\voice-1319.wav
..\notebooks\finetune-wav2vec2\train_set\wavs\voice-1320.wav,12.16,16000,1,2,194560,0.5791015625,0.10514028370380402,5.507894235204997,0.43114720394736844,0.0,0.13704326194110783,../raw_data/wavs/voice-1320.wav,..\notebooks\finetune-wav2vec2\train_set\wavs\voice-1320.wav
..\notebooks\finetune-wav2vec2\train_set\wavs\voice-1321.wav,11.76,16000,1,2,188160,0.66143798828125,0.10668177902698517,6.2001027196400536,0.3720928996598639,0.0,0.12205103130862728,../raw_data/wavs/voice-1321.wav,..\notebooks\finetune-wav2vec2\train_set\wavs\voice-1321.wav
..\notebooks\finetune-wav2vec2\train_set\wavs\voice-1322.wav,5.92,16000,1,2,94720,0.50079345703125,0.1068490520119667,4.686924662421553,0.3455342060810811,0.0,0.1018802985673413,../raw_data/wavs/voice-1322.wav,..\notebooks\finetune-wav2vec2\train_set\wavs\voice-1322.wav
..\notebooks\finetune-wav2vec2\train_set\wavs\voice-1323.wav,6.72,16000,1,2,107520,0.557403564453125,0.09917332231998444,5.620499055730459,0.4148251488095238,0.0,0.11038049088998224,../raw_data/wavs/voice-1323.wav,..\notebooks\finetune-wav2vec2\train_set\wavs\voice-1323.wav
..\notebooks\finetune-wav2vec2\train_set\wavs\voice-1324.wav,14.48,16000,1,2,231680,0.734161376953125,0.10201219469308853,7.196800139060879,0.4456146408839779,0.0,0.1512610120036775,../raw_data/wavs/voice-1324.wav,..\notebooks\finetune-wav2vec2\train_set\wavs\voice-1324.wav
..\notebooks\finetune-wav2vec2\train_set\wavs\voice-1325.wav,11.2,16000,1,2,179200,0.511505126953125,0.10147471725940704,5.0407149757858205,0.4231529017857143,0.0,0.14241708938107914,../raw_data/wavs/voice-1325.wav,..\notebooks\finetune-wav2vec2\train_set\wavs\voice-1325.wav
..\notebooks\finetune-wav2vec2\train_set\wavs\voice-1326.wav,9.44,16000,1,2,151040,0.649505615234375,0.1108613833785057,5.858718297036009,0.38332229872881357,0.0,0.11979025284860202,../raw_data/wavs/voice-1326.wav,..\notebooks\finetune-wav2vec2\train_set\wavs\voice-1326.wav
..\notebooks\finetune-wav2vec2\train_set\wavs\voice-1327.wav,7.52,16000,1,2,120320,0.49493408203125,0.11061131954193115,4.474533746463694,0.35624168882978724,0.0,0.10487121734721865,../raw_data/wavs/voice-1327.wav,..\notebooks\finetune-wav2vec2\train_set\wavs\voice-1327.wav
..\notebooks\finetune-wav2vec2\train_set\wavs\voice-1328.wav,8.56,16000,1,2,136960,0.529876708984375,0.1070936769247055,4.947787060826347,0.38930344626168223,0.0,0.11988989405588533,../raw_data/wavs/voice-1328.wav,..\notebooks\finetune-wav2vec2\train_set\wavs\voice-1328.wav
..\notebooks\finetune-wav2vec2\train_set\wavs\voice-1329.wav,8.72,16000,1,2,139520,0.5733642578125,0.10077649354934692,5.689464255191043,0.4375,0.0,0.1347343372587246,../raw_data/wavs/voice-1329.wav,..\notebooks\finetune-wav2vec2\train_set\wavs\voice-1329.wav
..\notebooks\finetune-wav2vec2\train_set\wavs\voice-1330.wav,11.84,16000,1,2,189440,0.570770263671875,0.10119613260030746,5.640237912314653,0.437426097972973,0.0,0.15179556479922296,../raw_data/wavs/voice-1330.wav,..\notebooks\finetune-wav2vec2\train_set\wavs\voice-1330.wav
..\notebooks\finetune-wav2vec2\train_set\wavs\voice-1331.wav,11.52,16000,1,2,184320,0.5279541015625,0.10664459317922592,4.950594172882494,0.3956759982638889,0.0,0.14081565112657946,../raw_data/wavs/voice-1331.wav,..\notebooks\finetune-wav2vec2\train_set\wavs\voice-1331.wav
..\notebooks\finetune-wav2vec2\train_set\wavs\voice-1332.wav,16.95,16000,1,2,271200,0.617828369140625,0.10543665289878845,5.859711515441366,0.42109882005899707,0.0,0.11623936666433136,../raw_data/wavs/voice-1332.wav,..\notebooks\finetune-wav2vec2\train_set\wavs\voice-1332.wav
..\notebooks\finetune-wav2vec2\train_set\wavs\voice-1333.wav,9.92,16000,1,2,158720,0.60845947265625,0.10972841829061508,5.545140284850809,0.3933656754032258,0.0,0.1127653274025164,../raw_data/wavs/voice-1333.wav,..\notebooks\finetune-wav2vec2\train_set\wavs\voice-1333.wav
..\notebooks\finetune-wav2vec2\train_set\wavs\voice-1334.wav,8.48,16000,1,2,135680,0.578277587890625,0.10105784982442856,5.722243139897469,0.40832841981132073,0.0,0.1340811768954665,../raw_data/wavs/voice-1334.wav,..\notebooks\finetune-wav2vec2\train_set\wavs\voice-1334.wav
..\notebooks\finetune-wav2vec2\train_set\wavs\voice-1335.wav,16.39,16000,1,2,262240,0.694091796875,0.10962953418493271,6.331248253815848,0.4030544539353264,0.0,0.11847970744244754,../raw_data/wavs/voice-1335.wav,..\notebooks\finetune-wav2vec2\train_set\wavs\voice-1335.wav
..\notebooks\finetune-wav2vec2\train_set\wavs\voice-1336.wav,13.2,16000,1,2,211200,0.642669677734375,0.10202619433403015,6.299065469699842,0.4114820075757576,0.0,0.13404419528501554,../raw_data/wavs/voice-1336.wav,..\notebooks\finetune-wav2vec2\train_set\wavs\voice-1336.wav
..\notebooks\finetune-wav2vec2\train_set\wavs\voice-1337.wav,10.24,16000,1,2,163840,0.5472412109375,0.10848935693502426,5.0441925954566225,0.38662109375,0.0,0.12694779631223335,../raw_data/wavs/voice-1337.wav,..\notebooks\finetune-wav2vec2\train_set\wavs\voice-1337.wav
..\notebooks\finetune-wav2vec2\train_set\wavs\voice-1338.wav,14.88,16000,1,2,238080,0.601470947265625,0.10303188115358353,5.837716836102874,0.4284064180107527,0.0,0.11680996643971119,../raw_data/wavs/voice-1338.wav,..\notebooks\finetune-wav2vec2\train_set\wavs\voice-1338.wav
..\notebooks\finetune-wav2vec2\train_set\wavs\voice-1339.wav,10.08,16000,1,2,161280,0.594482421875,0.10195235162973404,5.830982928515612,0.4283482142857143,0.0,0.11929017417022675,../raw_data/wavs/voice-1339.wav,..\notebooks\finetune-wav2vec2\train_set\wavs\voice-1339.wav
..\notebooks\finetune-wav2vec2\train_set\wavs\voice-1340.wav,6.4,16000,1,2,102400,0.540374755859375,0.10484545677900314,5.154012128521654,0.393212890625,0.0,0.13860486918817566,../raw_data/wavs/voice-1340.wav,..\notebooks\finetune-wav2vec2\train_set\wavs\voice-1340.wav
..\notebooks\finetune-wav2vec2\train_set\wavs\voice-1341.wav,8.8,16000,1,2,140800,0.5628662109375,0.10489039868116379,5.366231971798001,0.3629758522727273,0.0,0.11485877030376636,../raw_data/wavs/voice-1341.wav,..\notebooks\finetune-wav2vec2\train_set\wavs\voice-1341.wav
..\notebooks\finetune-wav2vec2\train_set\wavs\voice-1342.wav,16.8,16000,1,2,268800,0.659271240234375,0.1052485778927803,6.2639444012820125,0.43895089285714284,0.0,0.15420444272486133,../raw_data/wavs/voice-1342.wav,..\notebooks\finetune-wav2vec2\train_set\wavs\voice-1342.wav
..\notebooks\finetune-wav2vec2\train_set\wavs\voice-1343.wav,14.08,16000,1,2,225280,0.702301025390625,0.10648369789123535,6.595385390428212,0.43888050426136366,0.0,0.12537342584084624,../raw_data/wavs/voice-1343.wav,..\notebooks\finetune-wav2vec2\train_set\wavs\voice-1343.wav
..\notebooks\finetune-wav2vec2\train_set\wavs\voice-1344.wav,10.08,16000,1,2,161280,0.636932373046875,0.10601164400577545,6.008135983743213,0.4312562003968254,0.0,0.14669609806608425,../raw_data/wavs/voice-1344.wav,..\notebooks\finetune-wav2vec2\train_set\wavs\voice-1344.wav
..\notebooks\finetune-wav2vec2\train_set\wavs\voice-1345.wav,5.6,16000,1,2,89600,0.627410888671875,0.11193691939115524,5.6050398035292925,0.46334821428571427,0.0,0.1098003325929977,../raw_data/wavs/voice-1345.wav,..\notebooks\finetune-wav2vec2\train_set\wavs\voice-1345.wav
..\notebooks\finetune-wav2vec2\train_set\wavs\voice-1346.wav,5.44,16000,1,2,87040,0.504425048828125,0.10531184077262878,4.789822731493155,0.39310661764705884,0.0,0.12496696883006468,../raw_data/wavs/voice-1346.wav,..\notebooks\finetune-wav2vec2\train_set\wavs\voice-1346.wav
..\notebooks\finetune-wav2vec2\train_set\wavs\voice-1347.wav,10.96,16000,1,2,175360,0.529449462890625,0.10602264106273651,4.993739616214005,0.43617130474452553,0.0,0.13480916291721554,../raw_data/wavs/voice-1347.wav,..\notebooks\finetune-wav2vec2\train_set\wavs\voice-1347.wav
..\notebooks\finetune-wav2vec2\train_set\wavs\voice-1348.wav,10.08,16000,1,2,161280,0.738861083984375,0.10496753454208374,7.038948635000565,0.41611483134920635,0.0,0.141686146367475,../raw_data/wavs/voice-1348.wav,..\notebooks\finetune-wav2vec2\train_set\wavs\voice-1348.wav
..\notebooks\finetune-wav2vec2\train_set\wavs\voice-1349.wav,8.08,16000,1,2,129280,0.57177734375,0.09960271418094635,5.740579947563106,0.45044090346534654,0.0,0.1330223779577503,../raw_data/wavs/voice-1349.wav,..\notebooks\finetune-wav2vec2\train_set\wavs\voice-1349.wav
..\notebooks\finetune-wav2vec2\train_set\wavs\voice-1350.wav,10.72,16000,1,2,171520,0.590728759765625,0.10949905961751938,5.394829524829188,0.4334013526119403,0.0,0.13136154012091955,../raw_data/wavs/voice-1350.wav,..\notebooks\finetune-wav2vec2\train_set\wavs\voice-1350.wav
..\notebooks\finetune-wav2vec2\train_set\wavs\voice-1351.wav,14.08,16000,1,2,225280,0.677001953125,0.0996926948428154,6.790888281156639,0.4567515980113636,0.0,0.14539304595634747,../raw_data/wavs/voice-1351.wav,..\notebooks\finetune-wav2vec2\train_set\wavs\voice-1351.wav
..\notebooks\finetune-wav2vec2\train_set\wavs\voice-1352.wav,8.48,16000,1,2,135680,0.5736083984375,0.10236004739999771,5.603830918483072,0.37460200471698113,0.0,0.12959264145519941,../raw_data/wavs/voice-1352.wav,..\notebooks\finetune-wav2vec2\train_set\wavs\voice-1352.wav
..\notebooks\finetune-wav2vec2\train_set\wavs\voice-1353.wav,10.96,16000,1,2,175360,0.529266357421875,0.10197310149669647,5.190254583352269,0.3999372718978102,0.0,0.1316100114622004,../raw_data/wavs/voice-1353.wav,..\notebooks\finetune-wav2vec2\train_set\wavs\voice-1353.wav
..\notebooks\finetune-wav2vec2\train_set\wavs\voice-1354.wav,11.28,16000,1,2,180480,0.625091552734375,0.10123847424983978,6.174446596179952,0.3614029255319149,0.0,0.1119576238786784,../raw_data/wavs/voice-1354.wav,..\notebooks\finetune-wav2vec2\train_set\wavs\voice-1354.wav
..\notebooks\finetune-wav2vec2\train_set\wavs\voice-1355.wav,11.44,16000,1,2,183040,0.575958251953125,0.10456649214029312,5.508057506417853,0.3902534965034965,0.0,0.13560498035937696,../raw_data/wavs/voice-1355.wav,..\notebooks\finetune-wav2vec2\train_set\wavs\voice-1355.wav
..\notebooks\finetune-wav2vec2\train_set\wavs\voice-1356.wav,10.16,16000,1,2,162560,0.543426513671875,0.10814159363508224,5.0251387593347046,0.3897699311023622,0.0,0.10928339864295425,../raw_data/wavs/voice-1356.wav,..\notebooks\finetune-wav2vec2\train_set\wavs\voice-1356.wav
..\notebooks\finetune-wav2vec2\train_set\wavs\voice-1357.wav,12.88,16000,1,2,206080,0.807403564453125,0.10487852990627289,7.6984637863886896,0.41404794254658384,0.0,0.12690764221487877,../raw_data/wavs/voice-1357.wav,..\notebooks\finetune-wav2vec2\train_set\wavs\voice-1357.wav
..\notebooks\finetune-wav2vec2\train_set\wavs\voice-1358.wav,9.68,16000,1,2,154880,0.578643798828125,0.09754067659378052,5.932333248393943,0.37055139462809916,0.0,0.09874159827994758,../raw_data/wavs/voice-1358.wav,..\notebooks\finetune-wav2vec2\train_set\wavs\voice-1358.wav
..\notebooks\finetune-wav2vec2\train_set\wavs\voice-1359.wav,8.16,16000,1,2,130560,0.569183349609375,0.1040211170911789,5.471805778729157,0.3780177696078431,0.0,0.13830528726476152,../raw_data/wavs/voice-1359.wav,..\notebooks\finetune-wav2vec2\train_set\wavs\voice-1359.wav
..\notebooks\finetune-wav2vec2\train_set\wavs\voice-1360.wav,9.04,16000,1,2,144640,0.624359130859375,0.1056409627199173,5.910199176381226,0.3746404867256637,0.0,0.11577790222554082,../raw_data/wavs/voice-1360.wav,..\notebooks\finetune-wav2vec2\train_set\wavs\voice-1360.wav
..\notebooks\finetune-wav2vec2\train_set\wavs\voice-1361.wav,8.72,16000,1,2,139520,0.544525146484375,0.10751506686210632,5.064640355781547,0.3717674885321101,0.0,0.11962528401149664,../raw_data/wavs/voice-1361.wav,..\notebooks\finetune-wav2vec2\train_set\wavs\voice-1361.wav
..\notebooks\finetune-wav2vec2\train_set\wavs\voice-1362.wav,10.88,16000,1,2,174080,0.55731201171875,0.10599324852228165,5.257995386390985,0.3712488511029412,0.0,0.12415627387565416,../raw_data/wavs/voice-1362.wav,..\notebooks\finetune-wav2vec2\train_set\wavs\voice-1362.wav
..\notebooks\finetune-wav2vec2\train_set\wavs\voice-1363.wav,14.24,16000,1,2,227840,0.577423095703125,0.09789180010557175,5.898584918046262,0.45300210674157304,0.0,0.13977413875587585,../raw_data/wavs/voice-1363.wav,..\notebooks\finetune-wav2vec2\train_set\wavs\voice-1363.wav
..\notebooks\finetune-wav2vec2\train_set\wavs\voice-1364.wav,7.04,16000,1,2,112640,0.64044189453125,0.10392755270004272,6.162387912469209,0.41183416193181815,0.0,0.1267056703273289,../raw_data/wavs/voice-1364.wav,..\notebooks\finetune-wav2vec2\train_set\wavs\voice-1364.wav
..\notebooks\finetune-wav2vec2\train_set\wavs\voice-1365.wav,5.28,16000,1,2,84480,0.603057861328125,0.1042933538556099,5.782323024754149,0.38579545454545455,0.0,0.10185963375513442,../raw_data/wavs/voice-1365.wav,..\notebooks\finetune-wav2vec2\train_set\wavs\voice-1365.wav
..\notebooks\finetune-wav2vec2\train_set\wavs\voice-1366.wav,10.16,16000,1,2,162560,0.4913330078125,0.10463206470012665,4.695816805495049,0.4108267716535433,0.0,0.11355876943140644,../raw_data/wavs/voice-1366.wav,..\notebooks\finetune-wav2vec2\train_set\wavs\voice-1366.wav
..\notebooks\finetune-wav2vec2\train_set\wavs\voice-1367.wav,14.56,16000,1,2,232960,0.567962646484375,0.1037236824631691,5.475727750854305,0.43937585851648353,0.0,0.14499117870526573,../raw_data/wavs/voice-1367.wav,..\notebooks\finetune-wav2vec2\train_set\wavs\voice-1367.wav
..\notebooks\finetune-wav2vec2\train_set\wavs\voice-1368.wav,11.76,16000,1,2,188160,0.61993408203125,0.10738202184438705,5.773164551973412,0.4077434098639456,0.0,0.12762610345505662,../raw_data/wavs/voice-1368.wav,..\notebooks\finetune-wav2vec2\train_set\wavs\voice-1368.wav
..\notebooks\finetune-wav2vec2\train_set\wavs\voice-1369.wav,5.28,16000,1,2,84480,0.52471923828125,0.10002795606851578,5.245725884090194,0.3712002840909091,0.0,0.1046769019519644,../raw_data/wavs/voice-1369.wav,..\notebooks\finetune-wav2vec2\train_set\wavs\voice-1369.wav
..\notebooks\finetune-wav2vec2\train_set\wavs\voice-1370.wav,12.72,16000,1,2,203520,0.58697509765625,0.10787910223007202,5.441045443670987,0.3648634040880503,0.0,0.11132621524280288,../raw_data/wavs/voice-1370.wav,..\notebooks\finetune-wav2vec2\train_set\wavs\voice-1370.wav
..\notebooks\finetune-wav2vec2\train_set\wavs\voice-1371.wav,10.64,16000,1,2,170240,0.574462890625,0.10503337532281876,5.469336664268815,0.4188028665413534,0.0,0.13116853364975123,../raw_data/wavs/voice-1371.wav,..\notebooks\finetune-wav2vec2\train_set\wavs\voice-1371.wav
..\notebooks\finetune-wav2vec2\train_set\wavs\voice-1372.wav,9.2,16000,1,2,147200,0.605194091796875,0.10968729853630066,5.517449147465219,0.39599184782608693,0.0,0.12968838103519725,../raw_data/wavs/voice-1372.wav,..\notebooks\finetune-wav2vec2\train_set\wavs\voice-1372.wav
..\notebooks\finetune-wav2vec2\train_set\wavs\voice-1373.wav,6.48,16000,1,2,103680,0.489959716796875,0.09883161634206772,4.957520021741499,0.3912519290123457,0.0,0.11833640370759749,../raw_data/wavs/voice-1373.wav,..\notebooks\finetune-wav2vec2\train_set\wavs\voice-1373.wav
..\notebooks\finetune-wav2vec2\train_set\wavs\voice-1374.wav,10.8,16000,1,2,172800,0.559112548828125,0.11064247786998749,5.053326349805006,0.4135474537037037,0.0,0.15381454753789084,../raw_data/wavs/voice-1374.wav,..\notebooks\finetune-wav2vec2\train_set\wavs\voice-1374.wav
..\notebooks\finetune-wav2vec2\train_set\wavs\voice-1375.wav,6.88,16000,1,2,110080,0.506011962890625,0.10209786891937256,4.956146178626181,0.43006904069767443,0.0,0.1335404573079334,../raw_data/wavs/voice-1375.wav,..\notebooks\finetune-wav2vec2\train_set\wavs\voice-1375.wav
..\notebooks\finetune-wav2vec2\train_set\wavs\voice-1376.wav,9.36,16000,1,2,149760,0.57501220703125,0.10191148519515991,5.6422708974371725,0.42574786324786323,0.0,0.12849978966205705,../raw_data/wavs/voice-1376.wav,..\notebooks\finetune-wav2vec2\train_set\wavs\voice-1376.wav
..\notebooks\finetune-wav2vec2\train_set\wavs\voice-1377.wav,6.32,16000,1,2,101120,0.621917724609375,0.11259480565786362,5.523502802599671,0.3741198575949367,0.0,0.10692352574689228,../raw_data/wavs/voice-1377.wav,..\notebooks\finetune-wav2vec2\train_set\wavs\voice-1377.wav
..\notebooks\finetune-wav2vec2\train_set\wavs\voice-1378.wav,15.84,16000,1,2,253440,0.552947998046875,0.10589218884706497,5.221801570703873,0.4395517676767677,0.0,0.15728834157331745,../raw_data/wavs/voice-1378.wav,..\notebooks\finetune-wav2vec2\train_set\wavs\voice-1378.wav
..\notebooks\finetune-wav2vec2\train_set\wavs\voice-1379.wav,16.4,16000,1,2,262400,0.751220703125,0.10142768919467926,7.40646572045149,0.42985137195121953,0.0,0.12557212489376865,../raw_data/wavs/voice-1379.wav,..\notebooks\finetune-wav2vec2\train_set\wavs\voice-1379.wav
..\notebooks\finetune-wav2vec2\train_set\wavs\voice-1380.wav,13.12,16000,1,2,209920,0.529937744140625,0.10316750407218933,5.136673111426753,0.38752858231707316,0.0,0.14596582491341897,../raw_data/wavs/voice-1380.wav,..\notebooks\finetune-wav2vec2\train_set\wavs\voice-1380.wav
..\notebooks\finetune-wav2vec2\train_set\wavs\voice-1381.wav,9.2,16000,1,2,147200,0.583099365234375,0.10127783566713333,5.757423244616219,0.40713994565217393,0.0,0.11919917934225097,../raw_data/wavs/voice-1381.wav,..\notebooks\finetune-wav2vec2\train_set\wavs\voice-1381.wav
..\notebooks\finetune-wav2vec2\train_set\wavs\voice-1382.wav,7.04,16000,1,2,112640,0.59527587890625,0.10531117767095566,5.652542228387067,0.44712357954545456,0.0,0.13195252088530615,../raw_data/wavs/voice-1382.wav,..\notebooks\finetune-wav2vec2\train_set\wavs\voice-1382.wav
..\notebooks\finetune-wav2vec2\train_set\wavs\voice-1383.wav,12.48,16000,1,2,199680,0.604888916015625,0.10181571543216705,5.941017194134649,0.43651342147435895,0.0,0.13668938646527676,../raw_data/wavs/voice-1383.wav,..\notebooks\finetune-wav2vec2\train_set\wavs\voice-1383.wav
..\notebooks\finetune-wav2vec2\train_set\wavs\voice-1384.wav,8.08,16000,1,2,129280,0.55462646484375,0.10818369686603546,5.126710224467069,0.3870436262376238,0.0,0.13370307629235995,../raw_data/wavs/voice-1384.wav,..\notebooks\finetune-wav2vec2\train_set\wavs\voice-1384.wav
..\notebooks\finetune-wav2vec2\train_set\wavs\voice-1385.wav,13.52,16000,1,2,216320,0.589569091796875,0.10513642430305481,5.607657818925317,0.4080898668639053,0.0,0.13282698237325433,../raw_data/wavs/voice-1385.wav,..\notebooks\finetune-wav2vec2\train_set\wavs\voice-1385.wav
..\notebooks\finetune-wav2vec2\train_set\wavs\voice-1386.wav,12.88,16000,1,2,206080,0.55810546875,0.10418391972780228,5.356925235757522,0.3876455745341615,0.0,0.13221628598741259,../raw_data/wavs/voice-1386.wav,..\notebooks\finetune-wav2vec2\train_set\wavs\voice-1386.wav
..\notebooks\finetune-wav2vec2\train_set\wavs\voice-1387.wav,9.04,16000,1,2,144640,0.65228271484375,0.11063297092914581,5.895916103179588,0.35569690265486725,0.0,0.10799991703482463,../raw_data/wavs/voice-1387.wav,..\notebooks\finetune-wav2vec2\train_set\wavs\voice-1387.wav
..\notebooks\finetune-wav2vec2\train_set\wavs\voice-1388.wav,9.6,16000,1,2,153600,0.606414794921875,0.11210132390260696,5.409523936119835,0.38021484375,0.0,0.11097728500836594,../raw_data/wavs/voice-1388.wav,..\notebooks\finetune-wav2vec2\train_set\wavs\voice-1388.wav
..\notebooks\finetune-wav2vec2\train_set\wavs\voice-1389.wav,11.92,16000,1,2,190720,0.521453857421875,0.0997716635465622,5.226472516202148,0.4053324244966443,0.0,0.12719760485321335,../raw_data/wavs/voice-1389.wav,..\notebooks\finetune-wav2vec2\train_set\wavs\voice-1389.wav
..\notebooks\finetune-wav2vec2\train_set\wavs\voice-1390.wav,11.44,16000,1,2,183040,0.594573974609375,0.10135611146688461,5.866187701997981,0.42703234265734263,0.0,0.13652281754161683,../raw_data/wavs/voice-1390.wav,..\notebooks\finetune-wav2vec2\train_set\wavs\voice-1390.wav
..\notebooks\finetune-wav2vec2\train_set\wavs\voice-1391.wav,11.44,16000,1,2,183040,0.565521240234375,0.10469313710927963,5.4017030709861995,0.4128223339160839,0.0,0.13441397734908953,../raw_data/wavs/voice-1391.wav,..\notebooks\finetune-wav2vec2\train_set\wavs\voice-1391.wav
..\notebooks\finetune-wav2vec2\train_set\wavs\voice-1392.wav,10.88,16000,1,2,174080,0.553863525390625,0.10747431218624115,5.153450290808473,0.46576861213235293,0.0,0.1346917204257837,../raw_data/wavs/voice-1392.wav,..\notebooks\finetune-wav2vec2\train_set\wavs\voice-1392.wav
..\notebooks\finetune-wav2vec2\train_set\wavs\voice-1393.wav,6.32,16000,1,2,101120,0.57977294921875,0.09927190840244293,5.840251875368225,0.3818235759493671,0.0,0.12133229165636528,../raw_data/wavs/voice-1393.wav,..\notebooks\finetune-wav2vec2\train_set\wavs\voice-1393.wav
..\notebooks\finetune-wav2vec2\train_set\wavs\voice-1394.wav,9.76,16000,1,2,156160,0.546051025390625,0.10329419374465942,5.286367080229592,0.4194287909836066,0.0,0.13132768524388605,../raw_data/wavs/voice-1394.wav,..\notebooks\finetune-wav2vec2\train_set\wavs\voice-1394.wav
..\notebooks\finetune-wav2vec2\train_set\wavs\voice-1395.wav,9.52,16000,1,2,152320,0.614105224609375,0.10783198475837708,5.6950192096104155,0.4520548844537815,0.0,0.176301052396615,../raw_data/wavs/voice-1395.wav,..\notebooks\finetune-wav2vec2\train_set\wavs\voice-1395.wav
..\notebooks\finetune-wav2vec2\train_set\wavs\voice-1396.wav,7.12,16000,1,2,113920,0.58160400390625,0.10230627655982971,5.6849298348388455,0.4485516151685393,0.0,0.11695151818397283,../raw_data/wavs/voice-1396.wav,..\notebooks\finetune-wav2vec2\train_set\wavs\voice-1396.wav
..\notebooks\finetune-wav2vec2\train_set\wavs\voice-1397.wav,10.08,16000,1,2,161280,0.56884765625,0.10416114330291748,5.461227077699204,0.41544518849206347,0.0,0.14353387607810067,../raw_data/wavs/voice-1397.wav,..\notebooks\finetune-wav2vec2\train_set\wavs\voice-1397.wav
..\notebooks\finetune-wav2vec2\train_set\wavs\voice-1398.wav,3.92,16000,1,2,62720,0.479583740234375,0.09803371131420135,4.892028811367683,0.3671077806122449,0.0,0.11191186083961797,../raw_data/wavs/voice-1398.wav,..\notebooks\finetune-wav2vec2\train_set\wavs\voice-1398.wav
..\notebooks\finetune-wav2vec2\train_set\wavs\voice-1399.wav,11.28,16000,1,2,180480,0.622894287109375,0.10376758873462677,6.0027827060947985,0.42454011524822693,0.0,0.13638151807135457,../raw_data/wavs/voice-1399.wav,..\notebooks\finetune-wav2vec2\train_set\wavs\voice-1399.wav
..\notebooks\finetune-wav2vec2\train_set\wavs\voice-1400.wav,11.2,16000,1,2,179200,0.70037841796875,0.10340587794780731,6.773100638652827,0.4514341517857143,0.0,0.16846076149978514,../raw_data/wavs/voice-1400.wav,..\notebooks\finetune-wav2vec2\train_set\wavs\voice-1400.wav
..\notebooks\finetune-wav2vec2\train_set\wavs\voice-1401.wav,9.36,16000,1,2,149760,0.51025390625,0.10158103704452515,5.023121648446499,0.4211471688034188,0.0,0.14415160357641277,../raw_data/wavs/voice-1401.wav,..\notebooks\finetune-wav2vec2\train_set\wavs\voice-1401.wav
..\notebooks\finetune-wav2vec2\train_set\wavs\voice-1402.wav,10.08,16000,1,2,161280,0.576934814453125,0.09665659070014954,5.96891334852588,0.41709449404761906,0.0,0.13927417704722872,../raw_data/wavs/voice-1402.wav,..\notebooks\finetune-wav2vec2\train_set\wavs\voice-1402.wav
..\notebooks\finetune-wav2vec2\train_set\wavs\voice-1403.wav,9.68,16000,1,2,154880,0.5810546875,0.10283271968364716,5.65048448866807,0.39820506198347105,0.0,0.12185641694484081,../raw_data/wavs/voice-1403.wav,..\notebooks\finetune-wav2vec2\train_set\wavs\voice-1403.wav
..\notebooks\finetune-wav2vec2\train_set\wavs\voice-1404.wav,5.52,16000,1,2,88320,0.527130126953125,0.10517233610153198,5.012060647243212,0.37740036231884055,0.0,0.10853836660288273,../raw_data/wavs/voice-1404.wav,..\notebooks\finetune-wav2vec2\train_set\wavs\voice-1404.wav
..\notebooks\finetune-wav2vec2\train_set\wavs\voice-1405.wav,4.48,16000,1,2,71680,0.6929931640625,0.11424504965543747,6.065848508557387,0.3352678571428571,0.0,0.1287685375074987,../raw_data/wavs/voice-1405.wav,..\notebooks\finetune-wav2vec2\train_set\wavs\voice-1405.wav
..\notebooks\finetune-wav2vec2\train_set\wavs\voice-1406.wav,8.16,16000,1,2,130560,0.510711669921875,0.10000696033239365,5.1067612516610845,0.430890012254902,0.0,0.13776147182499865,../raw_data/wavs/voice-1406.wav,..\notebooks\finetune-wav2vec2\train_set\wavs\voice-1406.wav
..\notebooks\finetune-wav2vec2\train_set\wavs\voice-1407.wav,6.88,16000,1,2,110080,0.55303955078125,0.10135970264673233,5.4562073125722526,0.395030886627907,0.0,0.11518999990915615,../raw_data/wavs/voice-1407.wav,..\notebooks\finetune-wav2vec2\train_set\wavs\voice-1407.wav
..\notebooks\finetune-wav2vec2\train_set\wavs\voice-1408.wav,5.52,16000,1,2,88320,0.620819091796875,0.11207257211208344,5.539438241642172,0.35382699275362317,0.0,0.12359741391999457,../raw_data/wavs/voice-1408.wav,..\notebooks\finetune-wav2vec2\train_set\wavs\voice-1408.wav
..\notebooks\finetune-wav2vec2\train_set\wavs\voice-1409.wav,10.48,16000,1,2,167680,0.635894775390625,0.1087648868560791,5.846507947294238,0.4179150763358779,0.0,0.1277321548911909,../raw_data/wavs/voice-1409.wav,..\notebooks\finetune-wav2vec2\train_set\wavs\voice-1409.wav
..\notebooks\finetune-wav2vec2\train_set\wavs\voice-1410.wav,14.24,16000,1,2,227840,0.571868896484375,0.10608158260583878,5.3908405440106915,0.4134875351123595,0.0,0.12029108273824937,../raw_data/wavs/voice-1410.wav,..\notebooks\finetune-wav2vec2\train_set\wavs\voice-1410.wav
..\notebooks\finetune-wav2vec2\train_set\wavs\voice-1411.wav,7.52,16000,1,2,120320,0.74969482421875,0.10371212661266327,7.228612976172568,0.39913563829787235,0.0,0.12092022041406594,../raw_data/wavs/voice-1411.wav,..\notebooks\finetune-wav2vec2\train_set\wavs\voice-1411.wav
..\notebooks\finetune-wav2vec2\train_set\wavs\voice-1412.wav,8.72,16000,1,2,139520,0.574493408203125,0.10223942250013351,5.619098720969152,0.39740538990825686,0.0,0.15157075380414137,../raw_data/wavs/voice-1412.wav,..\notebooks\finetune-wav2vec2\train_set\wavs\voice-1412.wav
..\notebooks\finetune-wav2vec2\train_set\wavs\voice-1413.wav,14.32,16000,1,2,229120,0.65899658203125,0.10298886150121689,6.398717030418513,0.4130979399441341,0.0,0.12409272037674746,../raw_data/wavs/voice-1413.wav,..\notebooks\finetune-wav2vec2\train_set\wavs\voice-1413.wav
..\notebooks\finetune-wav2vec2\train_set\wavs\voice-1414.wav,11.6,16000,1,2,185600,0.49951171875,0.10423282533884048,4.792268818639285,0.39794719827586206,0.0,0.12744141940419937,../raw_data/wavs/voice-1414.wav,..\notebooks\finetune-wav2vec2\train_set\wavs\voice-1414.wav
..\notebooks\finetune-wav2vec2\train_set\wavs\voice-1415.wav,6.32,16000,1,2,101120,0.58453369140625,0.10470879822969437,5.5824696805705685,0.3957080696202532,0.0,0.1257528258784205,../raw_data/wavs/voice-1415.wav,..\notebooks\finetune-wav2vec2\train_set\wavs\voice-1415.wav
..\notebooks\finetune-wav2vec2\train_set\wavs\voice-1416.wav,12.56,16000,1,2,200960,0.585174560546875,0.1019846722483635,5.737867736847731,0.408469347133758,0.0,0.12000955418767012,../raw_data/wavs/voice-1416.wav,..\notebooks\finetune-wav2vec2\train_set\wavs\voice-1416.wav
..\notebooks\finetune-wav2vec2\train_set\wavs\voice-1417.wav,7.28,16000,1,2,116480,0.53729248046875,0.10345537215471268,5.193471052090501,0.4136504120879121,0.0,0.1476575176641283,../raw_data/wavs/voice-1417.wav,..\notebooks\finetune-wav2vec2\train_set\wavs\voice-1417.wav
..\notebooks\finetune-wav2vec2\train_set\wavs\voice-1418.wav,6.0,16000,1,2,96000,0.5592041015625,0.10098212957382202,5.5376540772365,0.42815625,0.0,0.12963676704965676,../raw_data/wavs/voice-1418.wav,..\notebooks\finetune-wav2vec2\train_set\wavs\voice-1418.wav
..\notebooks\finetune-wav2vec2\train_set\wavs\voice-1419.wav,12.4,16000,1,2,198400,0.586151123046875,0.10391244292259216,5.640817466715882,0.39595766129032256,0.0,0.13103896693027686,../raw_data/wavs/voice-1419.wav,..\notebooks\finetune-wav2vec2\train_set\wavs\voice-1419.wav
..\notebooks\finetune-wav2vec2\train_set\wavs\voice-1420.wav,13.84,16000,1,2,221440,0.556915283203125,0.09821249544620514,5.670513519414334,0.43012554190751445,0.0,0.15382114261715416,../raw_data/wavs/voice-1420.wav,..\notebooks\finetune-wav2vec2\train_set\wavs\voice-1420.wav
..\notebooks\finetune-wav2vec2\train_set\wavs\voice-1421.wav,9.04,16000,1,2,144640,0.53936767578125,0.09994430840015411,5.396682256499743,0.4394358407079646,0.0,0.14317023762608977,../raw_data/wavs/voice-1421.wav,..\notebooks\finetune-wav2vec2\train_set\wavs\voice-1421.wav
..\notebooks\finetune-wav2vec2\train_set\wavs\voice-1422.wav,9.36,16000,1,2,149760,0.468231201171875,0.10070338100194931,4.649607555508107,0.3774906517094017,0.0,0.09310959608437556,../raw_data/wavs/voice-1422.wav,..\notebooks\finetune-wav2vec2\train_set\wavs\voice-1422.wav
..\notebooks\finetune-wav2vec2\train_set\wavs\voice-1423.wav,8.4,16000,1,2,134400,0.751373291015625,0.10272978991270065,7.31407405441147,0.4243824404761905,0.0,0.1322331267345739,../raw_data/wavs/voice-1423.wav,..\notebooks\finetune-wav2vec2\train_set\wavs\voice-1423.wav
..\notebooks\finetune-wav2vec2\train_set\wavs\voice-1424.wav,4.64,16000,1,2,74240,0.585540771484375,0.11133243143558502,5.259390852549183,0.37275053879310344,0.0,0.10705963172995325,../raw_data/wavs/voice-1424.wav,..\notebooks\finetune-wav2vec2\train_set\wavs\voice-1424.wav
..\notebooks\finetune-wav2vec2\train_set\wavs\voice-1425.wav,8.88,16000,1,2,142080,0.506927490234375,0.10513616353273392,4.8216281933907945,0.45043637387387386,0.0,0.13451671253316816,../raw_data/wavs/voice-1425.wav,..\notebooks\finetune-wav2vec2\train_set\wavs\voice-1425.wav
..\notebooks\finetune-wav2vec2\train_set\wavs\voice-1426.wav,7.84,16000,1,2,125440,0.609100341796875,0.1024167612195015,5.94727205336478,0.4091119260204082,0.0,0.11719640622135062,../raw_data/wavs/voice-1426.wav,..\notebooks\finetune-wav2vec2\train_set\wavs\voice-1426.wav
..\notebooks\finetune-wav2vec2\train_set\wavs\voice-1427.wav,23.27,16000,1,2,372320,0.636932373046875,0.1028604507446289,6.192198930064808,0.40664750752041257,0.0,0.12297787649837907,../raw_data/wavs/voice-1427.wav,..\notebooks\finetune-wav2vec2\train_set\wavs\voice-1427.wav
..\notebooks\finetune-wav2vec2\train_set\wavs\voice-1428.wav,5.2,16000,1,2,83200,0.588714599609375,0.10368373245000839,5.677984247849358,0.40611778846153845,0.0,0.15757400930299642,../raw_data/wavs/voice-1428.wav,..\notebooks\finetune-wav2vec2\train_set\wavs\voice-1428.wav
..\notebooks\finetune-wav2vec2\train_set\wavs\voice-1429.wav,6.4,16000,1,2,102400,0.522552490234375,0.10527167469263077,4.963847034447859,0.38419921875,0.0,0.09978613072393284,../raw_data/wavs/voice-1429.wav,..\notebooks\finetune-wav2vec2\train_set\wavs\voice-1429.wav
..\notebooks\finetune-wav2vec2\train_set\wavs\voice-1430.wav,8.08,16000,1,2,129280,0.60113525390625,0.10362569242715836,5.801025207419542,0.4497060643564356,0.0,0.14163940005724054,../raw_data/wavs/voice-1430.wav,..\notebooks\finetune-wav2vec2\train_set\wavs\voice-1430.wav
..\notebooks\finetune-wav2vec2\train_set\wavs\voice-1431.wav,14.24,16000,1,2,227840,0.543670654296875,0.10367671400308609,5.243903219007229,0.39382900280898875,0.0,0.13340121752641118,../raw_data/wavs/voice-1431.wav,..\notebooks\finetune-wav2vec2\train_set\wavs\voice-1431.wav
..\notebooks\finetune-wav2vec2\train_set\wavs\voice-1432.wav,6.08,16000,1,2,97280,0.446624755859375,0.10094606131315231,4.424390115369306,0.3953844572368421,0.0,0.12152674266799618,../raw_data/wavs/voice-1432.wav,..\notebooks\finetune-wav2vec2\train_set\wavs\voice-1432.wav
..\notebooks\finetune-wav2vec2\train_set\wavs\voice-1433.wav,12.4,16000,1,2,198400,0.5965576171875,0.10933757573366165,5.456107959085089,0.44258568548387095,0.0,0.12266190857816824,../raw_data/wavs/voice-1433.wav,..\notebooks\finetune-wav2vec2\train_set\wavs\voice-1433.wav
..\notebooks\finetune-wav2vec2\train_set\wavs\voice-1434.wav,9.12,16000,1,2,145920,0.668304443359375,0.10993432253599167,6.079124589507314,0.41089638157894737,0.0,0.11406328168367381,../raw_data/wavs/voice-1434.wav,..\notebooks\finetune-wav2vec2\train_set\wavs\voice-1434.wav
..\notebooks\finetune-wav2vec2\train_set\wavs\voice-1435.wav,5.76,16000,1,2,92160,0.53631591796875,0.09711182117462158,5.522663579796055,0.40524088541666664,0.0,0.13305265899152552,../raw_data/wavs/voice-1435.wav,..\notebooks\finetune-wav2vec2\train_set\wavs\voice-1435.wav
..\notebooks\finetune-wav2vec2\train_set\wavs\voice-1436.wav,10.32,16000,1,2,165120,0.59710693359375,0.10830818116664886,5.513036292937176,0.38496850775193797,0.0,0.1337338525548241,../raw_data/wavs/voice-1436.wav,..\notebooks\finetune-wav2vec2\train_set\wavs\voice-1436.wav
..\notebooks\finetune-wav2vec2\train_set\wavs\voice-1437.wav,9.76,16000,1,2,156160,0.605712890625,0.10648199915885925,5.688406448129735,0.4066470286885246,0.0,0.127780019083114,../raw_data/wavs/voice-1437.wav,..\notebooks\finetune-wav2vec2\train_set\wavs\voice-1437.wav
..\notebooks\finetune-wav2vec2\train_set\wavs\voice-1438.wav,12.24,16000,1,2,195840,0.52203369140625,0.09923039376735687,5.260824547669786,0.422390727124183,0.0,0.13714326564167506,../raw_data/wavs/voice-1438.wav,..\notebooks\finetune-wav2vec2\train_set\wavs\voice-1438.wav
..\notebooks\finetune-wav2vec2\train_set\wavs\voice-1439.wav,10.24,16000,1,2,163840,0.604400634765625,0.1068873256444931,5.654558490647053,0.435247802734375,0.0,0.11319038812492752,../raw_data/wavs/voice-1439.wav,..\notebooks\finetune-wav2vec2\train_set\wavs\voice-1439.wav
..\notebooks\finetune-wav2vec2\train_set\wavs\voice-1440.wav,8.8,16000,1,2,140800,0.611175537109375,0.10440503805875778,5.853889318687988,0.40404829545454546,0.0,0.13150661581403278,../raw_data/wavs/voice-1440.wav,..\notebooks\finetune-wav2vec2\train_set\wavs\voice-1440.wav
..\notebooks\finetune-wav2vec2\train_set\wavs\voice-1441.wav,15.12,16000,1,2,241920,0.61859130859375,0.09964340180158615,6.208050883544836,0.4621238425925926,0.0,0.13757083982655352,../raw_data/wavs/voice-1441.wav,..\notebooks\finetune-wav2vec2\train_set\wavs\voice-1441.wav
..\notebooks\finetune-wav2vec2\train_set\wavs\voice-1442.wav,10.32,16000,1,2,165120,0.580230712890625,0.10039093345403671,5.779712299978559,0.4021499515503876,0.0,0.12182123195998038,../raw_data/wavs/voice-1442.wav,..\notebooks\finetune-wav2vec2\train_set\wavs\voice-1442.wav
..\notebooks\finetune-wav2vec2\train_set\wavs\voice-1443.wav,11.76,16000,1,2,188160,0.6318359375,0.10701118409633636,5.904391609490017,0.40100977891156464,0.0,0.12112628149596884,../raw_data/wavs/voice-1443.wav,..\notebooks\finetune-wav2vec2\train_set\wavs\voice-1443.wav
..\notebooks\finetune-wav2vec2\train_set\wavs\voice-1444.wav,9.6,16000,1,2,153600,0.587738037109375,0.10138610750436783,5.7970273401023364,0.4274544270833333,0.0,0.12011145905897824,../raw_data/wavs/voice-1444.wav,..\notebooks\finetune-wav2vec2\train_set\wavs\voice-1444.wav
..\notebooks\finetune-wav2vec2\train_set\wavs\voice-1445.wav,10.16,16000,1,2,162560,0.559173583984375,0.10299092531204224,5.429348093438223,0.40796013779527557,0.0,0.11979650465369497,../raw_data/wavs/voice-1445.wav,..\notebooks\finetune-wav2vec2\train_set\wavs\voice-1445.wav
..\notebooks\finetune-wav2vec2\train_set\wavs\voice-1446.wav,10.48,16000,1,2,167680,0.568634033203125,0.10233576595783234,5.5565522755498,0.3717557251908397,0.0,0.12509020211236946,../raw_data/wavs/voice-1446.wav,..\notebooks\finetune-wav2vec2\train_set\wavs\voice-1446.wav
..\notebooks\finetune-wav2vec2\train_set\wavs\voice-1447.wav,10.88,16000,1,2,174080,0.722747802734375,0.09751103073358536,7.411959419329999,0.44256663602941176,0.0,0.12566708218682324,../raw_data/wavs/voice-1447.wav,..\notebooks\finetune-wav2vec2\train_set\wavs\voice-1447.wav
..\notebooks\finetune-wav2vec2\train_set\wavs\voice-1448.wav,10.72,16000,1,2,171520,0.55499267578125,0.10860081762075424,5.11039132061919,0.3849755130597015,0.0,0.12243541531841953,../raw_data/wavs/voice-1448.wav,..\notebooks\finetune-wav2vec2\train_set\wavs\voice-1448.wav
..\notebooks\finetune-wav2vec2\train_set\wavs\voice-1449.wav,8.4,16000,1,2,134400,0.562408447265625,0.10882876068353653,5.167829200049922,0.41200892857142857,0.0,0.11091600383931428,../raw_data/wavs/voice-1449.wav,..\notebooks\finetune-wav2vec2\train_set\wavs\voice-1449.wav
..\notebooks\finetune-wav2vec2\train_set\wavs\voice-1450.wav,4.8,16000,1,2,76800,0.464324951171875,0.10524197667837143,4.411974820568908,0.37981770833333334,0.0,0.1420461203921926,../raw_data/wavs/voice-1450.wav,..\notebooks\finetune-wav2vec2\train_set\wavs\voice-1450.wav
..\notebooks\finetune-wav2vec2\train_set\wavs\voice-1451.wav,7.12,16000,1,2,113920,0.51611328125,0.10355596989393234,4.983906594459318,0.3369996488764045,0.0,0.10120348668790984,../raw_data/wavs/voice-1451.wav,..\notebooks\finetune-wav2vec2\train_set\wavs\voice-1451.wav
..\notebooks\finetune-wav2vec2\train_set\wavs\voice-1452.wav,30.47,16000,1,2,487520,0.62066650390625,0.10331153124570847,6.007717593790212,0.43279044962257956,0.0,0.13095899852108328,../raw_data/wavs/voice-1452.wav,..\notebooks\finetune-wav2vec2\train_set\wavs\voice-1452.wav
..\notebooks\finetune-wav2vec2\train_set\wavs\voice-1453.wav,12.32,16000,1,2,197120,0.599365234375,0.10587296634912491,5.661173527513561,0.3906554383116883,0.0,0.118096175406734,../raw_data/wavs/voice-1453.wav,..\notebooks\finetune-wav2vec2\train_set\wavs\voice-1453.wav
..\notebooks\finetune-wav2vec2\train_set\wavs\voice-1454.wav,6.56,16000,1,2,104960,0.55511474609375,0.10507195442914963,5.283186642046006,0.36506288109756097,0.0,0.10190645871244962,../raw_data/wavs/voice-1454.wav,..\notebooks\finetune-wav2vec2\train_set\wavs\voice-1454.wav
..\notebooks\finetune-wav2vec2\train_set\wavs\voice-1455.wav,7.84,16000,1,2,125440,0.67425537109375,0.0989924818277359,6.811177562626133,0.37637914540816325,0.0,0.12858042554548427,../raw_data/wavs/voice-1455.wav,..\notebooks\finetune-wav2vec2\train_set\wavs\voice-1455.wav
..\notebooks\finetune-wav2vec2\train_set\wavs\voice-1456.wav,11.52,16000,1,2,184320,0.55145263671875,0.10911297798156738,5.053960096404918,0.3867404513888889,0.0,0.11675410565378501,../raw_data/wavs/voice-1456.wav,..\notebooks\finetune-wav2vec2\train_set\wavs\voice-1456.wav
..\notebooks\finetune-wav2vec2\train_set\wavs\voice-1457.wav,12.4,16000,1,2,198400,0.667205810546875,0.10548684746026993,6.3250142232013165,0.4007862903225806,0.0,0.13475874374366806,../raw_data/wavs/voice-1457.wav,..\notebooks\finetune-wav2vec2\train_set\wavs\voice-1457.wav
..\notebooks\finetune-wav2vec2\train_set\wavs\voice-1458.wav,9.84,16000,1,2,157440,0.623504638671875,0.10267988592386246,6.07231526468783,0.4011051829268293,0.0,0.11546059108607143,../raw_data/wavs/voice-1458.wav,..\notebooks\finetune-wav2vec2\train_set\wavs\voice-1458.wav
..\notebooks\finetune-wav2vec2\train_set\wavs\voice-1459.wav,8.0,16000,1,2,128000,0.489013671875,0.10511144250631332,4.652335275920396,0.3549921875,0.0,0.126352549629294,../raw_data/wavs/voice-1459.wav,..\notebooks\finetune-wav2vec2\train_set\wavs\voice-1459.wav
..\notebooks\finetune-wav2vec2\train_set\wavs\voice-1460.wav,7.6,16000,1,2,121600,0.61285400390625,0.10251816362142563,5.978004114172091,0.36177631578947367,0.0,0.13117706560086842,../raw_data/wavs/voice-1460.wav,..\notebooks\finetune-wav2vec2\train_set\wavs\voice-1460.wav
..\notebooks\finetune-wav2vec2\train_set\wavs\voice-1461.wav,7.44,16000,1,2,119040,0.52020263671875,0.107087641954422,4.857727999465667,0.4270581317204301,0.0,0.14738867093977603,../raw_data/wavs/voice-1461.wav,..\notebooks\finetune-wav2vec2\train_set\wavs\voice-1461.wav
..\notebooks\finetune-wav2vec2\train_set\wavs\voice-1462.wav,13.04,16000,1,2,208640,0.607513427734375,0.10176245123147964,5.969917394702498,0.4316526073619632,0.0,0.1469523914512627,../raw_data/wavs/voice-1462.wav,..\notebooks\finetune-wav2vec2\train_set\wavs\voice-1462.wav
..\notebooks\finetune-wav2vec2\train_set\wavs\voice-1463.wav,6.24,16000,1,2,99840,0.5399169921875,0.10460611432790756,5.161428618742385,0.4120292467948718,0.0,0.13301415278598544,../raw_data/wavs/voice-1463.wav,..\notebooks\finetune-wav2vec2\train_set\wavs\voice-1463.wav
..\notebooks\finetune-wav2vec2\train_set\wavs\voice-1464.wav,13.36,16000,1,2,213760,0.59478759765625,0.10915740579366684,5.44889825231408,0.36831025449101795,0.0,0.11277185989829668,../raw_data/wavs/voice-1464.wav,..\notebooks\finetune-wav2vec2\train_set\wavs\voice-1464.wav
..\notebooks\finetune-wav2vec2\train_set\wavs\voice-1465.wav,9.6,16000,1,2,153600,0.53369140625,0.10372662544250488,5.1451727458908065,0.4075651041666667,0.0,0.13918710408270887,../raw_data/wavs/voice-1465.wav,..\notebooks\finetune-wav2vec2\train_set\wavs\voice-1465.wav
..\notebooks\finetune-wav2vec2\train_set\wavs\voice-1466.wav,10.08,16000,1,2,161280,0.536834716796875,0.10156354308128357,5.285702925578661,0.4720238095238095,0.0,0.16152753923325416,../raw_data/wavs/voice-1466.wav,..\notebooks\finetune-wav2vec2\train_set\wavs\voice-1466.wav
..\notebooks\finetune-wav2vec2\train_set\wavs\voice-1467.wav,9.84,16000,1,2,157440,0.6072998046875,0.09986666589975357,6.081106235158678,0.4482787093495935,0.0,0.14111497151277638,../raw_data/wavs/voice-1467.wav,..\notebooks\finetune-wav2vec2\train_set\wavs\voice-1467.wav
..\notebooks\finetune-wav2vec2\train_set\wavs\voice-1468.wav,9.84,16000,1,2,157440,0.524810791015625,0.09857572615146637,5.323935328756573,0.4128493394308943,0.0,0.12703967885974884,../raw_data/wavs/voice-1468.wav,..\notebooks\finetune-wav2vec2\train_set\wavs\voice-1468.wav
..\notebooks\finetune-wav2vec2\train_set\wavs\voice-1469.wav,9.12,16000,1,2,145920,0.597930908203125,0.10271481424570084,5.821272350966177,0.4168174342105263,0.0,0.12670728280758503,../raw_data/wavs/voice-1469.wav,..\notebooks\finetune-wav2vec2\train_set\wavs\voice-1469.wav
..\notebooks\finetune-wav2vec2\train_set\wavs\voice-1470.wav,8.08,16000,1,2,129280,0.51177978515625,0.10229745507240295,5.002859404410678,0.4204594678217822,0.0,0.12355448293999799,../raw_data/wavs/voice-1470.wav,..\notebooks\finetune-wav2vec2\train_set\wavs\voice-1470.wav
..\notebooks\finetune-wav2vec2\train_set\wavs\voice-1471.wav,9.84,16000,1,2,157440,0.592559814453125,0.09638818353414536,6.147639604010295,0.44488694105691057,0.0,0.15268135595373447,../raw_data/wavs/voice-1471.wav,..\notebooks\finetune-wav2vec2\train_set\wavs\voice-1471.wav
..\notebooks\finetune-wav2vec2\train_set\wavs\voice-1472.wav,13.52,16000,1,2,216320,0.733978271484375,0.09830131381750107,7.466617107956712,0.40317585059171596,0.0,0.13233696531511333,../raw_data/wavs/voice-1472.wav,..\notebooks\finetune-wav2vec2\train_set\wavs\voice-1472.wav
..\notebooks\finetune-wav2vec2\train_set\wavs\voice-1473.wav,8.8,16000,1,2,140800,0.490753173828125,0.096296526491642,5.096270776399392,0.4029403409090909,0.0,0.13902087372779637,../raw_data/wavs/voice-1473.wav,..\notebooks\finetune-wav2vec2\train_set\wavs\voice-1473.wav
..\notebooks\finetune-wav2vec2\train_set\wavs\voice-1474.wav,6.64,16000,1,2,106240,0.535430908203125,0.10255243629217148,5.221045228781152,0.42484939759036144,0.0,0.1188734833723962,../raw_data/wavs/voice-1474.wav,..\notebooks\finetune-wav2vec2\train_set\wavs\voice-1474.wav
..\notebooks\finetune-wav2vec2\train_set\wavs\voice-1475.wav,8.96,16000,1,2,143360,0.545684814453125,0.10502511262893677,5.1957555749649975,0.41171875,0.0,0.1136447659372624,../raw_data/wavs/voice-1475.wav,..\notebooks\finetune-wav2vec2\train_set\wavs\voice-1475.wav
..\notebooks\finetune-wav2vec2\train_set\wavs\voice-1476.wav,10.48,16000,1,2,167680,0.688995361328125,0.1016799658536911,6.776117158807185,0.43517414122137404,0.0,0.15485540825028776,../raw_data/wavs/voice-1476.wav,..\notebooks\finetune-wav2vec2\train_set\wavs\voice-1476.wav
..\notebooks\finetune-wav2vec2\train_set\wavs\voice-1477.wav,6.08,16000,1,2,97280,0.519866943359375,0.10052028298377991,5.171761637830461,0.4255345394736842,0.0,0.12643016478376629,../raw_data/wavs/voice-1477.wav,..\notebooks\finetune-wav2vec2\train_set\wavs\voice-1477.wav
..\notebooks\finetune-wav2vec2\train_set\wavs\voice-1478.wav,10.32,16000,1,2,165120,0.712554931640625,0.10452023893594742,6.817387128987489,0.3632388565891473,0.0,0.10445799695976841,../raw_data/wavs/voice-1478.wav,..\notebooks\finetune-wav2vec2\train_set\wavs\voice-1478.wav
..\notebooks\finetune-wav2vec2\train_set\wavs\voice-1479.wav,9.2,16000,1,2,147200,0.623016357421875,0.10596249997615814,5.879592851830179,0.44650135869565216,0.0,0.13512320056522123,../raw_data/wavs/voice-1479.wav,..\notebooks\finetune-wav2vec2\train_set\wavs\voice-1479.wav
..\notebooks\finetune-wav2vec2\train_set\wavs\voice-1480.wav,13.12,16000,1,2,209920,0.544586181640625,0.09899185597896576,5.501323076075482,0.43970083841463414,0.0,0.1392346571772922,../raw_data/wavs/voice-1480.wav,..\notebooks\finetune-wav2vec2\train_set\wavs\voice-1480.wav
..\notebooks\finetune-wav2vec2\train_set\wavs\voice-1481.wav,5.04,16000,1,2,80640,0.703887939453125,0.10310471057891846,6.826923188095803,0.38079117063492063,0.0,0.11324545195252918,../raw_data/wavs/voice-1481.wav,..\notebooks\finetune-wav2vec2\train_set\wavs\voice-1481.wav
..\notebooks\finetune-wav2vec2\train_set\wavs\voice-1482.wav,10.48,16000,1,2,167680,0.564971923828125,0.10092680901288986,5.597837971435019,0.4229604007633588,0.0,0.13693426129688274,../raw_data/wavs/voice-1482.wav,..\notebooks\finetune-wav2vec2\train_set\wavs\voice-1482.wav
..\notebooks\finetune-wav2vec2\train_set\wavs\voice-1483.wav,5.76,16000,1,2,92160,0.47528076171875,0.10229884833097458,4.646003053534299,0.3121527777777778,0.0,0.10609924152822839,../raw_data/wavs/voice-1483.wav,..\notebooks\finetune-wav2vec2\train_set\wavs\voice-1483.wav
..\notebooks\finetune-wav2vec2\train_set\wavs\voice-1484.wav,16.31,16000,1,2,260960,0.601715087890625,0.10048115253448486,5.988337839617414,0.4281614040465972,0.0,0.14819186155679628,../raw_data/wavs/voice-1484.wav,..\notebooks\finetune-wav2vec2\train_set\wavs\voice-1484.wav
..\notebooks\finetune-wav2vec2\train_set\wavs\voice-1485.wav,10.32,16000,1,2,165120,0.517822265625,0.1059398278594017,4.887890381625209,0.4068374515503876,0.0,0.13555072402328017,../raw_data/wavs/voice-1485.wav,..\notebooks\finetune-wav2vec2\train_set\wavs\voice-1485.wav
..\notebooks\finetune-wav2vec2\train_set\wavs\voice-1486.wav,11.04,16000,1,2,176640,0.504241943359375,0.10333027690649033,4.8799050816024945,0.3765228713768116,0.0,0.12154733665838235,../raw_data/wavs/voice-1486.wav,..\notebooks\finetune-wav2vec2\train_set\wavs\voice-1486.wav
..\notebooks\finetune-wav2vec2\train_set\wavs\voice-1487.wav,12.64,16000,1,2,202240,0.71502685546875,0.10609397292137146,6.739561501751583,0.37540051424050636,0.0,0.12203877590375743,../raw_data/wavs/voice-1487.wav,..\notebooks\finetune-wav2vec2\train_set\wavs\voice-1487.wav
..\notebooks\finetune-wav2vec2\train_set\wavs\voice-1488.wav,10.48,16000,1,2,167680,0.541656494140625,0.09883980453014374,5.480145339375221,0.4260197996183206,0.0,0.12102887063973425,../raw_data/wavs/voice-1488.wav,..\notebooks\finetune-wav2vec2\train_set\wavs\voice-1488.wav
..\notebooks\finetune-wav2vec2\train_set\wavs\voice-1489.wav,9.52,16000,1,2,152320,0.5201416015625,0.10062601417303085,5.169056986278853,0.37355567226890757,0.0,0.1238453508754653,../raw_data/wavs/voice-1489.wav,..\notebooks\finetune-wav2vec2\train_set\wavs\voice-1489.wav
..\notebooks\finetune-wav2vec2\train_set\wavs\voice-1490.wav,9.36,16000,1,2,149760,0.570068359375,0.10240749269723892,5.5666665041821695,0.38354700854700857,0.0,0.12984862345501774,../raw_data/wavs/voice-1490.wav,..\notebooks\finetune-wav2vec2\train_set\wavs\voice-1490.wav
..\notebooks\finetune-wav2vec2\train_set\wavs\voice-1491.wav,6.48,16000,1,2,103680,0.5645751953125,0.10087908059358597,5.59655373532812,0.41314621913580246,0.0,0.11670637255374762,../raw_data/wavs/voice-1491.wav,..\notebooks\finetune-wav2vec2\train_set\wavs\voice-1491.wav
..\notebooks\finetune-wav2vec2\train_set\wavs\voice-1492.wav,7.44,16000,1,2,119040,0.502410888671875,0.10132911056280136,4.958208809703237,0.4567204301075269,0.0,0.14840514453246414,../raw_data/wavs/voice-1492.wav,..\notebooks\finetune-wav2vec2\train_set\wavs\voice-1492.wav
..\notebooks\finetune-wav2vec2\train_set\wavs\voice-1493.wav,9.04,16000,1,2,144640,0.61865234375,0.10964794456958771,5.642170003080854,0.41065403761061947,0.0,0.149793624126273,../raw_data/wavs/voice-1493.wav,..\notebooks\finetune-wav2vec2\train_set\wavs\voice-1493.wav
..\notebooks\finetune-wav2vec2\train_set\wavs\voice-1494.wav,9.84,16000,1,2,157440,0.584564208984375,0.10568380355834961,5.531256344891376,0.40191819105691057,0.0,0.11699769434511144,../raw_data/wavs/voice-1494.wav,..\notebooks\finetune-wav2vec2\train_set\wavs\voice-1494.wav
..\notebooks\finetune-wav2vec2\train_set\wavs\voice-1495.wav,12.0,16000,1,2,192000,0.57794189453125,0.10164593160152435,5.685834006587852,0.41828125,0.0,0.12032875171224851,../raw_data/wavs/voice-1495.wav,..\notebooks\finetune-wav2vec2\train_set\wavs\voice-1495.wav
..\notebooks\finetune-wav2vec2\train_set\wavs\voice-1496.wav,6.88,16000,1,2,110080,0.451568603515625,0.1011757105588913,4.463211585282425,0.3797783430232558,0.0,0.12063154643483316,../raw_data/wavs/voice-1496.wav,..\notebooks\finetune-wav2vec2\train_set\wavs\voice-1496.wav
..\notebooks\finetune-wav2vec2\train_set\wavs\voice-1497.wav,13.84,16000,1,2,221440,0.589599609375,0.1055457592010498,5.5861989514130626,0.3803648843930636,0.0,0.11332692073212036,../raw_data/wavs/voice-1497.wav,..\notebooks\finetune-wav2vec2\train_set\wavs\voice-1497.wav
..\notebooks\finetune-wav2vec2\train_set\wavs\voice-1498.wav,8.48,16000,1,2,135680,0.5657958984375,0.10544955730438232,5.3655597320747255,0.42664357311320755,0.0,0.1396531519247636,../raw_data/wavs/voice-1498.wav,..\notebooks\finetune-wav2vec2\train_set\wavs\voice-1498.wav
..\notebooks\finetune-wav2vec2\train_set\wavs\voice-1499.wav,11.36,16000,1,2,181760,0.576171875,0.10343845188617706,5.570190432026336,0.4234099911971831,0.0,0.1287529090719029,../raw_data/wavs/voice-1499.wav,..\notebooks\finetune-wav2vec2\train_set\wavs\voice-1499.wav
..\notebooks\finetune-wav2vec2\train_set\wavs\voice-1500.wav,9.92,16000,1,2,158720,0.590362548828125,0.10432356595993042,5.658956760113789,0.40827242943548386,0.0,0.12568753583376913,../raw_data/wavs/voice-1500.wav,..\notebooks\finetune-wav2vec2\train_set\wavs\voice-1500.wav
..\notebooks\finetune-wav2vec2\train_set\wavs\voice-1501.wav,5.04,16000,1,2,80640,0.561981201171875,0.1072554886341095,5.2396498149294075,0.3127728174603175,0.0,0.1024070238966257,../raw_data/wavs/voice-1501.wav,..\notebooks\finetune-wav2vec2\train_set\wavs\voice-1501.wav
..\notebooks\finetune-wav2vec2\train_set\wavs\voice-1502.wav,12.24,16000,1,2,195840,0.5562744140625,0.10365714132785797,5.366484228067368,0.3805657679738562,0.0,0.12846266576116094,../raw_data/wavs/voice-1502.wav,..\notebooks\finetune-wav2vec2\train_set\wavs\voice-1502.wav
..\notebooks\finetune-wav2vec2\train_set\wavs\voice-1503.wav,13.84,16000,1,2,221440,0.55975341796875,0.1048869639635086,5.336730102737025,0.4169165462427746,0.0,0.12630566431387424,../raw_data/wavs/voice-1503.wav,..\notebooks\finetune-wav2vec2\train_set\wavs\voice-1503.wav
..\notebooks\finetune-wav2vec2\train_set\wavs\voice-1504.wav,9.92,16000,1,2,158720,0.5758056640625,0.10284709930419922,5.598657307382028,0.39575352822580645,0.0,0.1248747786969424,../raw_data/wavs/voice-1504.wav,..\notebooks\finetune-wav2vec2\train_set\wavs\voice-1504.wav
..\notebooks\finetune-wav2vec2\train_set\wavs\voice-1505.wav,4.0,16000,1,2,64000,0.45428466796875,0.10762307792901993,4.221071137441005,0.41015625,0.0,0.1341427209800153,../raw_data/wavs/voice-1505.wav,..\notebooks\finetune-wav2vec2\train_set\wavs\voice-1505.wav
..\notebooks\finetune-wav2vec2\train_set\wavs\voice-1506.wav,11.84,16000,1,2,189440,0.583099365234375,0.10023806244134903,5.817145214429461,0.41193517736486485,0.0,0.14199293704041935,../raw_data/wavs/voice-1506.wav,..\notebooks\finetune-wav2vec2\train_set\wavs\voice-1506.wav
..\notebooks\finetune-wav2vec2\train_set\wavs\voice-1507.wav,16.48,16000,1,2,263680,0.585601806640625,0.10185285657644272,5.74948829443108,0.4610057645631068,0.0,0.1650226222035126,../raw_data/wavs/voice-1507.wav,..\notebooks\finetune-wav2vec2\train_set\wavs\voice-1507.wav
..\notebooks\finetune-wav2vec2\train_set\wavs\voice-1508.wav,10.16,16000,1,2,162560,0.550994873046875,0.1050083264708519,5.247154121628817,0.41015009842519684,0.0,0.1417762166351909,../raw_data/wavs/voice-1508.wav,..\notebooks\finetune-wav2vec2\train_set\wavs\voice-1508.wav
..\notebooks\finetune-wav2vec2\train_set\wavs\voice-1509.wav,10.32,16000,1,2,165120,0.609466552734375,0.10475564748048782,5.8179827760397975,0.39689922480620154,0.0,0.1283983066757914,../raw_data/wavs/voice-1509.wav,..\notebooks\finetune-wav2vec2\train_set\wavs\voice-1509.wav
..\notebooks\finetune-wav2vec2\train_set\wavs\voice-1510.wav,15.67,16000,1,2,250720,0.585601806640625,0.10135377198457718,5.777799830969635,0.43585274409700064,0.0,0.1408309701299064,../raw_data/wavs/voice-1510.wav,..\notebooks\finetune-wav2vec2\train_set\wavs\voice-1510.wav
..\notebooks\finetune-wav2vec2\train_set\wavs\voice-1511.wav,10.4,16000,1,2,166400,0.676788330078125,0.10448422282934189,6.477421296261633,0.4177644230769231,0.0,0.12340819355885552,../raw_data/wavs/voice-1511.wav,..\notebooks\finetune-wav2vec2\train_set\wavs\voice-1511.wav
..\notebooks\finetune-wav2vec2\train_set\wavs\voice-1512.wav,11.68,16000,1,2,186880,0.548828125,0.09827911108732224,5.5843822652441295,0.46237157534246576,0.0,0.12852701480637205,../raw_data/wavs/voice-1512.wav,..\notebooks\finetune-wav2vec2\train_set\wavs\voice-1512.wav
..\notebooks\finetune-wav2vec2\train_set\wavs\voice-1513.wav,8.8,16000,1,2,140800,0.596466064453125,0.10080241411924362,5.917180353910363,0.42954545454545456,0.0,0.13531346103310393,../raw_data/wavs/voice-1513.wav,..\notebooks\finetune-wav2vec2\train_set\wavs\voice-1513.wav
..\notebooks\finetune-wav2vec2\train_set\wavs\voice-1514.wav,7.84,16000,1,2,125440,0.5587158203125,0.10718462616205215,5.212648868763875,0.4685267857142857,0.0,0.14899672350704327,../raw_data/wavs/voice-1514.wav,..\notebooks\finetune-wav2vec2\train_set\wavs\voice-1514.wav
..\notebooks\finetune-wav2vec2\train_set\wavs\voice-1515.wav,12.56,16000,1,2,200960,0.569244384765625,0.10929621756076813,5.208271589537196,0.3794635748407643,0.0,0.10899735766997248,../raw_data/wavs/voice-1515.wav,..\notebooks\finetune-wav2vec2\train_set\wavs\voice-1515.wav
..\notebooks\finetune-wav2vec2\train_set\wavs\voice-1516.wav,5.2,16000,1,2,83200,0.6805419921875,0.09346164017915726,7.281511333237512,0.44210336538461537,0.0,0.1440522121660116,../raw_data/wavs/voice-1516.wav,..\notebooks\finetune-wav2vec2\train_set\wavs\voice-1516.wav
..\notebooks\finetune-wav2vec2\train_set\wavs\voice-1517.wav,9.6,16000,1,2,153600,0.594573974609375,0.10719377547502518,5.546721085012099,0.37419921875,0.0,0.10687569580531123,../raw_data/wavs/voice-1517.wav,..\notebooks\finetune-wav2vec2\train_set\wavs\voice-1517.wav
..\notebooks\finetune-wav2vec2\train_set\wavs\voice-1518.wav,11.04,16000,1,2,176640,0.589111328125,0.10415690392255783,5.655998843466131,0.3956465126811594,0.0,0.1278879522642225,../raw_data/wavs/voice-1518.wav,..\notebooks\finetune-wav2vec2\train_set\wavs\voice-1518.wav
..\notebooks\finetune-wav2vec2\train_set\wavs\voice-1519.wav,5.52,16000,1,2,88320,0.66595458984375,0.10581669211387634,6.293473898494883,0.3910892210144927,0.0,0.12209150918828338,../raw_data/wavs/voice-1519.wav,..\notebooks\finetune-wav2vec2\train_set\wavs\voice-1519.wav
..\notebooks\finetune-wav2vec2\train_set\wavs\voice-1520.wav,7.68,16000,1,2,122880,0.552337646484375,0.10258951783180237,5.3839579145887395,0.39275716145833334,0.0,0.1379242995141562,../raw_data/wavs/voice-1520.wav,..\notebooks\finetune-wav2vec2\train_set\wavs\voice-1520.wav
..\notebooks\finetune-wav2vec2\train_set\wavs\voice-1521.wav,5.04,16000,1,2,80640,0.52740478515625,0.10298041254281998,5.121408743016556,0.3877356150793651,0.0,0.13298776026488424,../raw_data/wavs/voice-1521.wav,..\notebooks\finetune-wav2vec2\train_set\wavs\voice-1521.wav
..\notebooks\finetune-wav2vec2\train_set\wavs\voice-1522.wav,6.72,16000,1,2,107520,0.587921142578125,0.10639059543609619,5.526063090146549,0.4093284970238095,0.0,0.12147620420576828,../raw_data/wavs/voice-1522.wav,..\notebooks\finetune-wav2vec2\train_set\wavs\voice-1522.wav
..\notebooks\finetune-wav2vec2\train_set\wavs\voice-1523.wav,4.4,16000,1,2,70400,0.568511962890625,0.10488675534725189,5.420245492468849,0.4086221590909091,0.0,0.12859557664171367,../raw_data/wavs/voice-1523.wav,..\notebooks\finetune-wav2vec2\train_set\wavs\voice-1523.wav
..\notebooks\finetune-wav2vec2\train_set\wavs\voice-1524.wav,9.92,16000,1,2,158720,0.6141357421875,0.10906673222780228,5.630825547287738,0.40471900201612904,0.0,0.12120792091684045,../raw_data/wavs/voice-1524.wav,..\notebooks\finetune-wav2vec2\train_set\wavs\voice-1524.wav
..\notebooks\finetune-wav2vec2\train_set\wavs\voice-1525.wav,6.96,16000,1,2,111360,0.707916259765625,0.0971192717552185,7.289142998825942,0.3990930316091954,0.0,0.11347982650706274,../raw_data/wavs/voice-1525.wav,..\notebooks\finetune-wav2vec2\train_set\wavs\voice-1525.wav
..\notebooks\finetune-wav2vec2\train_set\wavs\voice-1526.wav,9.2,16000,1,2,147200,0.566864013671875,0.10099589824676514,5.6127429283003725,0.45425951086956523,0.0,0.1643761166855753,../raw_data/wavs/voice-1526.wav,..\notebooks\finetune-wav2vec2\train_set\wavs\voice-1526.wav
..\notebooks\finetune-wav2vec2\train_set\wavs\voice-1527.wav,8.24,16000,1,2,131840,0.58660888671875,0.10161396116018295,5.772916241243929,0.4276092233009709,0.0,0.13444428431647693,../raw_data/wavs/voice-1527.wav,..\notebooks\finetune-wav2vec2\train_set\wavs\voice-1527.wav
..\notebooks\finetune-wav2vec2\train_set\wavs\voice-1528.wav,17.83,16000,1,2,285280,0.668853759765625,0.10284096747636795,6.503767673318732,0.4269910263600673,0.0,0.12724736135502437,../raw_data/wavs/voice-1528.wav,..\notebooks\finetune-wav2vec2\train_set\wavs\voice-1528.wav
..\notebooks\finetune-wav2vec2\train_set\wavs\voice-1529.wav,15.36,16000,1,2,245760,0.590667724609375,0.10436192154884338,5.659801159687647,0.41443277994791666,0.0,0.13229220496502672,../raw_data/wavs/voice-1529.wav,..\notebooks\finetune-wav2vec2\train_set\wavs\voice-1529.wav
..\notebooks\finetune-wav2vec2\train_set\wavs\voice-1530.wav,8.96,16000,1,2,143360,0.59979248046875,0.10365287959575653,5.786549132141092,0.4084402901785714,0.0,0.11523517881681652,../raw_data/wavs/voice-1530.wav,..\notebooks\finetune-wav2vec2\train_set\wavs\voice-1530.wav
..\notebooks\finetune-wav2vec2\train_set\wavs\voice-1531.wav,7.76,16000,1,2,124160,0.6444091796875,0.1070830225944519,6.01784637820718,0.390625,0.0,0.10937588092687602,../raw_data/wavs/voice-1531.wav,..\notebooks\finetune-wav2vec2\train_set\wavs\voice-1531.wav
..\notebooks\finetune-wav2vec2\train_set\wavs\voice-1532.wav,11.44,16000,1,2,183040,0.5850830078125,0.09906923770904541,5.905799028461482,0.43428758741258744,0.0,0.14387097831609658,../raw_data/wavs/voice-1532.wav,..\notebooks\finetune-wav2vec2\train_set\wavs\voice-1532.wav
..\notebooks\finetune-wav2vec2\train_set\wavs\voice-1533.wav,8.16,16000,1,2,130560,0.52294921875,0.09917920082807541,5.272771048604425,0.419125306372549,0.0,0.12490904495285657,../raw_data/wavs/voice-1533.wav,..\notebooks\finetune-wav2vec2\train_set\wavs\voice-1533.wav
..\notebooks\finetune-wav2vec2\train_set\wavs\voice-1534.wav,5.52,16000,1,2,88320,0.660308837890625,0.10322114825248718,6.397030541410533,0.43668478260869564,0.0,0.1422457228908842,../raw_data/wavs/voice-1534.wav,..\notebooks\finetune-wav2vec2\train_set\wavs\voice-1534.wav
..\notebooks\finetune-wav2vec2\train_set\wavs\voice-1535.wav,10.64,16000,1,2,170240,0.617340087890625,0.10239938646554947,6.028747917335604,0.4261983082706767,0.0,0.14242329900904024,../raw_data/wavs/voice-1535.wav,..\notebooks\finetune-wav2vec2\train_set\wavs\voice-1535.wav
..\notebooks\finetune-wav2vec2\train_set\wavs\voice-1536.wav,8.4,16000,1,2,134400,0.73876953125,0.10669896751642227,6.923867666632241,0.4216294642857143,0.0,0.11498597459802529,../raw_data/wavs/voice-1536.wav,..\notebooks\finetune-wav2vec2\train_set\wavs\voice-1536.wav
..\notebooks\finetune-wav2vec2\train_set\wavs\voice-1537.wav,6.88,16000,1,2,110080,0.559783935546875,0.10458025336265564,5.352673354172301,0.3832939680232558,0.0,0.10576949281879378,../raw_data/wavs/voice-1537.wav,..\notebooks\finetune-wav2vec2\train_set\wavs\voice-1537.wav
..\notebooks\finetune-wav2vec2\train_set\wavs\voice-1538.wav,11.12,16000,1,2,177920,0.713165283203125,0.10054083168506622,7.093290071809249,0.4104428956834532,0.0,0.1423231920143436,../raw_data/wavs/voice-1538.wav,..\notebooks\finetune-wav2vec2\train_set\wavs\voice-1538.wav
..\notebooks\finetune-wav2vec2\train_set\wavs\voice-1539.wav,7.28,16000,1,2,116480,0.525421142578125,0.10212565958499908,5.144849440515167,0.4097699175824176,0.0,0.1286841404888435,../raw_data/wavs/voice-1539.wav,..\notebooks\finetune-wav2vec2\train_set\wavs\voice-1539.wav
..\notebooks\finetune-wav2vec2\train_set\wavs\voice-1540.wav,6.24,16000,1,2,99840,0.599822998046875,0.10209491103887558,5.875150797853921,0.4112379807692308,0.0,0.1291479281643446,../raw_data/wavs/voice-1540.wav,..\notebooks\finetune-wav2vec2\train_set\wavs\voice-1540.wav
..\notebooks\finetune-wav2vec2\train_set\wavs\voice-1541.wav,9.2,16000,1,2,147200,0.59185791015625,0.10689568519592285,5.536780170981348,0.36396739130434785,0.0,0.13440988050190558,../raw_data/wavs/voice-1541.wav,..\notebooks\finetune-wav2vec2\train_set\wavs\voice-1541.wav
..\notebooks\finetune-wav2vec2\train_set\wavs\voice-1542.wav,13.2,16000,1,2,211200,0.534515380859375,0.10077796876430511,5.303891191828593,0.4538778409090909,0.0,0.12930932438127074,../raw_data/wavs/voice-1542.wav,..\notebooks\finetune-wav2vec2\train_set\wavs\voice-1542.wav
..\notebooks\finetune-wav2vec2\train_set\wavs\voice-1543.wav,8.72,16000,1,2,139520,0.527923583984375,0.1062532439827919,4.96854085763136,0.4112600344036697,0.0,0.12406195571929271,../raw_data/wavs/voice-1543.wav,..\notebooks\finetune-wav2vec2\train_set\wavs\voice-1543.wav
..\notebooks\finetune-wav2vec2\train_set\wavs\voice-1544.wav,11.6,16000,1,2,185600,0.632659912109375,0.10346782952547073,6.114556717879472,0.3931034482758621,0.0,0.10730122468332265,../raw_data/wavs/voice-1544.wav,..\notebooks\finetune-wav2vec2\train_set\wavs\voice-1544.wav
..\notebooks\finetune-wav2vec2\train_set\wavs\voice-1545.wav,11.6,16000,1,2,185600,0.49603271484375,0.10509195923805237,4.719987318155767,0.4589655172413793,0.0,0.10513526473741777,../raw_data/wavs/voice-1545.wav,..\notebooks\finetune-wav2vec2\train_set\wavs\voice-1545.wav
..\notebooks\finetune-wav2vec2\train_set\wavs\voice-1546.wav,14.32,16000,1,2,229120,0.738525390625,0.10140974074602127,7.282588291736418,0.42765799581005587,0.0,0.13213221077256795,../raw_data/wavs/voice-1546.wav,..\notebooks\finetune-wav2vec2\train_set\wavs\voice-1546.wav
..\notebooks\finetune-wav2vec2\train_set\wavs\voice-1547.wav,9.92,16000,1,2,158720,0.5784912109375,0.11123870313167572,5.2004490761882325,0.3810546875,0.0,0.11078068788235813,../raw_data/wavs/voice-1547.wav,..\notebooks\finetune-wav2vec2\train_set\wavs\voice-1547.wav
..\notebooks\finetune-wav2vec2\train_set\wavs\voice-1548.wav,9.28,16000,1,2,148480,0.5787353515625,0.10405286401510239,5.56193582022405,0.41788119612068964,0.0,0.12186235090484177,../raw_data/wavs/voice-1548.wav,..\notebooks\finetune-wav2vec2\train_set\wavs\voice-1548.wav
..\notebooks\finetune-wav2vec2\train_set\wavs\voice-1549.wav,6.32,16000,1,2,101120,0.68792724609375,0.10453943908214569,6.580552298096664,0.44156447784810127,0.0,0.13514769726757583,../raw_data/wavs/voice-1549.wav,..\notebooks\finetune-wav2vec2\train_set\wavs\voice-1549.wav
..\notebooks\finetune-wav2vec2\train_set\wavs\voice-1550.wav,12.56,16000,1,2,200960,0.65203857421875,0.10624223202466965,6.137282338602839,0.34524781050955416,0.0,0.11109231236222314,../raw_data/wavs/voice-1550.wav,..\notebooks\finetune-wav2vec2\train_set\wavs\voice-1550.wav
..\notebooks\finetune-wav2vec2\train_set\wavs\voice-1551.wav,9.84,16000,1,2,157440,0.606231689453125,0.10321664065122604,5.8733910116452135,0.38462271341463417,0.0,0.1323941336009502,../raw_data/wavs/voice-1551.wav,..\notebooks\finetune-wav2vec2\train_set\wavs\voice-1551.wav
..\notebooks\finetune-wav2vec2\train_set\wavs\voice-1552.wav,7.6,16000,1,2,121600,0.575897216796875,0.10313765704631805,5.58377253555649,0.4215953947368421,0.0,0.09792021315964769,../raw_data/wavs/voice-1552.wav,..\notebooks\finetune-wav2vec2\train_set\wavs\voice-1552.wav
..\notebooks\finetune-wav2vec2\train_set\wavs\voice-1553.wav,19.76,16000,1,2,316160,0.6094970703125,0.10502417385578156,5.803397902938585,0.41717484817813766,0.0,0.1327243570481941,../raw_data/wavs/voice-1553.wav,..\notebooks\finetune-wav2vec2\train_set\wavs\voice-1553.wav
..\notebooks\finetune-wav2vec2\train_set\wavs\voice-1554.wav,13.28,16000,1,2,212480,0.599029541015625,0.10410384833812714,5.7541536703810365,0.40794427710843373,0.0,0.14990657900310148,../raw_data/wavs/voice-1554.wav,..\notebooks\finetune-wav2vec2\train_set\wavs\voice-1554.wav
..\notebooks\finetune-wav2vec2\train_set\wavs\voice-1555.wav,13.12,16000,1,2,209920,0.64385986328125,0.10466624796390533,6.151551964519529,0.4934308307926829,0.0,0.14764266216969402,../raw_data/wavs/voice-1555.wav,..\notebooks\finetune-wav2vec2\train_set\wavs\voice-1555.wav
..\notebooks\finetune-wav2vec2\train_set\wavs\voice-1556.wav,13.2,16000,1,2,211200,0.607391357421875,0.10426006466150284,5.825733557655745,0.44644886363636366,0.0,0.1524249641333529,../raw_data/wavs/voice-1556.wav,..\notebooks\finetune-wav2vec2\train_set\wavs\voice-1556.wav
..\notebooks\finetune-wav2vec2\train_set\wavs\voice-1557.wav,8.0,16000,1,2,128000,0.603729248046875,0.10428501665592194,5.789223297905007,0.4386640625,0.0,0.14417300135157307,../raw_data/wavs/voice-1557.wav,..\notebooks\finetune-wav2vec2\train_set\wavs\voice-1557.wav
..\notebooks\finetune-wav2vec2\train_set\wavs\voice-1558.wav,10.24,16000,1,2,163840,0.622711181640625,0.10322178900241852,6.0327493609516365,0.457659912109375,0.0,0.13449178766960249,../raw_data/wavs/voice-1558.wav,..\notebooks\finetune-wav2vec2\train_set\wavs\voice-1558.wav
..\notebooks\finetune-wav2vec2\train_set\wavs\voice-1559.wav,7.76,16000,1,2,124160,0.64337158203125,0.1067909523844719,6.0245888595034245,0.45311694587628865,0.0,0.13729975273641057,../raw_data/wavs/voice-1559.wav,..\notebooks\finetune-wav2vec2\train_set\wavs\voice-1559.wav
..\notebooks\finetune-wav2vec2\train_set\wavs\voice-1560.wav,8.96,16000,1,2,143360,0.594024658203125,0.10270444303750992,5.783826294507767,0.4603306361607143,0.0,0.16964404048577347,../raw_data/wavs/voice-1560.wav,..\notebooks\finetune-wav2vec2\train_set\wavs\voice-1560.wav
..\notebooks\finetune-wav2vec2\train_set\wavs\voice-1561.wav,12.88,16000,1,2,206080,0.57159423828125,0.10029786080121994,5.69896739287482,0.45551242236024847,0.0,0.1323570087199569,../raw_data/wavs/voice-1561.wav,..\notebooks\finetune-wav2vec2\train_set\wavs\voice-1561.wav
..\notebooks\finetune-wav2vec2\train_set\wavs\voice-1562.wav,9.6,16000,1,2,153600,0.56787109375,0.10670548677444458,5.32185467604279,0.3415885416666667,0.0,0.11245515921327613,../raw_data/wavs/voice-1562.wav,..\notebooks\finetune-wav2vec2\train_set\wavs\voice-1562.wav
..\notebooks\finetune-wav2vec2\train_set\wavs\voice-1563.wav,10.56,16000,1,2,168960,0.603759765625,0.10638496279716492,5.675235952059662,0.42366832386363634,0.0,0.1391580205848756,../raw_data/wavs/voice-1563.wav,..\notebooks\finetune-wav2vec2\train_set\wavs\voice-1563.wav
..\notebooks\finetune-wav2vec2\train_set\wavs\voice-1564.wav,9.76,16000,1,2,156160,0.61187744140625,0.10744503885507584,5.694794733441005,0.4021580430327869,0.0,0.13540686095582066,../raw_data/wavs/voice-1564.wav,..\notebooks\finetune-wav2vec2\train_set\wavs\voice-1564.wav
..\notebooks\finetune-wav2vec2\train_set\wavs\voice-1565.wav,8.56,16000,1,2,136960,0.55694580078125,0.09996037930250168,5.571665540561944,0.3907126168224299,0.0,0.13188618491665388,../raw_data/wavs/voice-1565.wav,..\notebooks\finetune-wav2vec2\train_set\wavs\voice-1565.wav
..\notebooks\finetune-wav2vec2\train_set\wavs\voice-1566.wav,5.76,16000,1,2,92160,0.5321044921875,0.1107013002038002,4.8066688576186545,0.4037000868055556,0.0,0.12578261482871994,../raw_data/wavs/voice-1566.wav,..\notebooks\finetune-wav2vec2\train_set\wavs\voice-1566.wav
..\notebooks\finetune-wav2vec2\train_set\wavs\voice-1567.wav,14.24,16000,1,2,227840,0.5682373046875,0.10356680303812027,5.486674185340514,0.4273393609550562,0.0,0.1324531796575652,../raw_data/wavs/voice-1567.wav,..\notebooks\finetune-wav2vec2\train_set\wavs\voice-1567.wav
..\notebooks\finetune-wav2vec2\train_set\wavs\voice-1568.wav,11.52,16000,1,2,184320,0.624267578125,0.10673405975103378,5.848813205280085,0.4146755642361111,0.0,0.13655673045101155,../raw_data/wavs/voice-1568.wav,..\notebooks\finetune-wav2vec2\train_set\wavs\voice-1568.wav
..\notebooks\finetune-wav2vec2\train_set\wavs\voice-1569.wav,7.28,16000,1,2,116480,0.58624267578125,0.10653121024370193,5.503013383966586,0.43378262362637365,0.0,0.13228135543746083,../raw_data/wavs/voice-1569.wav,..\notebooks\finetune-wav2vec2\train_set\wavs\voice-1569.wav
..\notebooks\finetune-wav2vec2\train_set\wavs\voice-1570.wav,9.36,16000,1,2,149760,0.539306640625,0.10374031960964203,5.198621352376041,0.40186298076923077,0.0,0.1353174099720217,../raw_data/wavs/voice-1570.wav,..\notebooks\finetune-wav2vec2\train_set\wavs\voice-1570.wav
..\notebooks\finetune-wav2vec2\train_set\wavs\voice-1571.wav,4.4,16000,1,2,70400,0.51507568359375,0.09931592643260956,5.186234495262475,0.40529829545454543,0.0,0.13314109575420105,../raw_data/wavs/voice-1571.wav,..\notebooks\finetune-wav2vec2\train_set\wavs\voice-1571.wav
..\notebooks\finetune-wav2vec2\train_set\wavs\voice-1572.wav,12.08,16000,1,2,193280,0.55712890625,0.10961443930864334,5.082623327400163,0.3863255380794702,0.0,0.10182689273019832,../raw_data/wavs/voice-1572.wav,..\notebooks\finetune-wav2vec2\train_set\wavs\voice-1572.wav
..\notebooks\finetune-wav2vec2\train_set\wavs\voice-1573.wav,9.44,16000,1,2,151040,0.59466552734375,0.10761396586894989,5.525914062752056,0.3921808792372881,0.0,0.12679506617496145,../raw_data/wavs/voice-1573.wav,..\notebooks\finetune-wav2vec2\train_set\wavs\voice-1573.wav
..\notebooks\finetune-wav2vec2\train_set\wavs\voice-1574.wav,11.6,16000,1,2,185600,0.542633056640625,0.10139166563749313,5.351850699254785,0.40771551724137933,0.0,0.12076573688435821,../raw_data/wavs/voice-1574.wav,..\notebooks\finetune-wav2vec2\train_set\wavs\voice-1574.wav
..\notebooks\finetune-wav2vec2\train_set\wavs\voice-1575.wav,9.2,16000,1,2,147200,0.57598876953125,0.10307352989912033,5.588134704370551,0.4150407608695652,0.0,0.12065978709094491,../raw_data/wavs/voice-1575.wav,..\notebooks\finetune-wav2vec2\train_set\wavs\voice-1575.wav
..\notebooks\finetune-wav2vec2\train_set\wavs\voice-1576.wav,12.08,16000,1,2,193280,0.734405517578125,0.1097426638007164,6.69206935701638,0.4274006622516556,0.0,0.15954138835569306,../raw_data/wavs/voice-1576.wav,..\notebooks\finetune-wav2vec2\train_set\wavs\voice-1576.wav
..\notebooks\finetune-wav2vec2\train_set\wavs\voice-1577.wav,8.48,16000,1,2,135680,0.623748779296875,0.11293264478445053,5.5231928773774515,0.36976709905660377,0.0,0.11933313187744603,../raw_data/wavs/voice-1577.wav,..\notebooks\finetune-wav2vec2\train_set\wavs\voice-1577.wav
..\notebooks\finetune-wav2vec2\train_set\wavs\voice-1578.wav,6.72,16000,1,2,107520,0.493194580078125,0.10091277956962585,4.887335203544167,0.39637276785714287,0.0,0.09649457305220473,../raw_data/wavs/voice-1578.wav,..\notebooks\finetune-wav2vec2\train_set\wavs\voice-1578.wav
..\notebooks\finetune-wav2vec2\train_set\wavs\voice-1579.wav,7.76,16000,1,2,124160,0.446563720703125,0.10426381975412369,4.283017078754811,0.3628865979381443,0.0,0.11204987153569214,../raw_data/wavs/voice-1579.wav,..\notebooks\finetune-wav2vec2\train_set\wavs\voice-1579.wav
..\notebooks\finetune-wav2vec2\train_set\wavs\voice-1580.wav,9.04,16000,1,2,144640,0.570404052734375,0.10753637552261353,5.304289362202153,0.3972137721238938,0.0,0.1112079038157067,../raw_data/wavs/voice-1580.wav,..\notebooks\finetune-wav2vec2\train_set\wavs\voice-1580.wav
..\notebooks\finetune-wav2vec2\train_set\wavs\voice-1581.wav,5.12,16000,1,2,81920,0.60626220703125,0.10054878890514374,6.029532664020339,0.40653076171875,0.0,0.12428130226199051,../raw_data/wavs/voice-1581.wav,..\notebooks\finetune-wav2vec2\train_set\wavs\voice-1581.wav
..\notebooks\finetune-wav2vec2\train_set\wavs\voice-1582.wav,9.36,16000,1,2,149760,0.521514892578125,0.10755623877048492,4.848764688499284,0.37314369658119656,0.0,0.12244339238376324,../raw_data/wavs/voice-1582.wav,..\notebooks\finetune-wav2vec2\train_set\wavs\voice-1582.wav
..\notebooks\finetune-wav2vec2\train_set\wavs\voice-1583.wav,10.24,16000,1,2,163840,0.576904296875,0.1017102599143982,5.672036403805639,0.421185302734375,0.0,0.13347859789183283,../raw_data/wavs/voice-1583.wav,..\notebooks\finetune-wav2vec2\train_set\wavs\voice-1583.wav
..\notebooks\finetune-wav2vec2\train_set\wavs\voice-1584.wav,7.12,16000,1,2,113920,0.448089599609375,0.10324535518884659,4.340046085267198,0.41795997191011236,0.0,0.1195059647644379,../raw_data/wavs/voice-1584.wav,..\notebooks\finetune-wav2vec2\train_set\wavs\voice-1584.wav
..\notebooks\finetune-wav2vec2\train_set\wavs\voice-1585.wav,14.4,16000,1,2,230400,0.56787109375,0.10251302272081375,5.539501993776467,0.42377170138888887,0.0,0.14100755645640822,../raw_data/wavs/voice-1585.wav,..\notebooks\finetune-wav2vec2\train_set\wavs\voice-1585.wav
..\notebooks\finetune-wav2vec2\train_set\wavs\voice-1586.wav,4.8,16000,1,2,76800,0.566253662109375,0.11246279627084732,5.035030969225151,0.4078125,0.0,0.1466034713993672,../raw_data/wavs/voice-1586.wav,..\notebooks\finetune-wav2vec2\train_set\wavs\voice-1586.wav
..\notebooks\finetune-wav2vec2\train_set\wavs\voice-1587.wav,4.32,16000,1,2,69120,0.716461181640625,0.10211353749036789,7.016319278021359,0.3918402777777778,0.0,0.11428116726225784,../raw_data/wavs/voice-1587.wav,..\notebooks\finetune-wav2vec2\train_set\wavs\voice-1587.wav
..\notebooks\finetune-wav2vec2\train_set\wavs\voice-1588.wav,9.52,16000,1,2,152320,0.52362060546875,0.10660506039857864,4.911780017862373,0.39068408613445377,0.0,0.12994439301728608,../raw_data/wavs/voice-1588.wav,..\notebooks\finetune-wav2vec2\train_set\wavs\voice-1588.wav
..\notebooks\finetune-wav2vec2\train_set\wavs\voice-1589.wav,4.32,16000,1,2,69120,0.545867919921875,0.10127079486846924,5.390181054970978,0.41922743055555556,0.0,0.13857260666386956,../raw_data/wavs/voice-1589.wav,..\notebooks\finetune-wav2vec2\train_set\wavs\voice-1589.wav
..\notebooks\finetune-wav2vec2\train_set\wavs\voice-1590.wav,12.32,16000,1,2,197120,0.56915283203125,0.10257347673177719,5.548732968460714,0.3932426948051948,0.0,0.11855782547598151,../raw_data/wavs/voice-1590.wav,..\notebooks\finetune-wav2vec2\train_set\wavs\voice-1590.wav
..\notebooks\finetune-wav2vec2\train_set\wavs\voice-1591.wav,10.0,16000,1,2,160000,0.51513671875,0.11036281287670135,4.667665722923507,0.3895375,0.0,0.1257570359814749,../raw_data/wavs/voice-1591.wav,..\notebooks\finetune-wav2vec2\train_set\wavs\voice-1591.wav
..\notebooks\finetune-wav2vec2\train_set\wavs\voice-1592.wav,8.72,16000,1,2,139520,0.492645263671875,0.11050739139318466,4.458029978456789,0.35632167431192663,0.0,0.09868189995627835,../raw_data/wavs/voice-1592.wav,..\notebooks\finetune-wav2vec2\train_set\wavs\voice-1592.wav
..\notebooks\finetune-wav2vec2\train_set\wavs\voice-1593.wav,7.52,16000,1,2,120320,0.58551025390625,0.10890355706214905,5.3764107408549675,0.3580119680851064,0.0,0.11451225492233147,../raw_data/wavs/voice-1593.wav,..\notebooks\finetune-wav2vec2\train_set\wavs\voice-1593.wav
..\notebooks\finetune-wav2vec2\train_set\wavs\voice-1594.wav,7.6,16000,1,2,121600,0.647186279296875,0.10609450191259384,6.100092536652471,0.43395559210526313,0.0,0.1495160322042122,../raw_data/wavs/voice-1594.wav,..\notebooks\finetune-wav2vec2\train_set\wavs\voice-1594.wav
..\notebooks\finetune-wav2vec2\train_set\wavs\voice-1595.wav,10.4,16000,1,2,166400,0.582183837890625,0.09942898899316788,5.8552726301041735,0.4170853365384615,0.0,0.15274130253186619,../raw_data/wavs/voice-1595.wav,..\notebooks\finetune-wav2vec2\train_set\wavs\voice-1595.wav
..\notebooks\finetune-wav2vec2\train_set\wavs\voice-1596.wav,6.8,16000,1,2,108800,0.68292236328125,0.10738641023635864,6.359485914261689,0.38636948529411763,0.0,0.10034099578121122,../raw_data/wavs/voice-1596.wav,..\notebooks\finetune-wav2vec2\train_set\wavs\voice-1596.wav
..\notebooks\finetune-wav2vec2\train_set\wavs\voice-1597.wav,6.4,16000,1,2,102400,0.6531982421875,0.11105698347091675,5.881649417918482,0.36853515625,0.0,0.13551890155177296,../raw_data/wavs/voice-1597.wav,..\notebooks\finetune-wav2vec2\train_set\wavs\voice-1597.wav
..\notebooks\finetune-wav2vec2\train_set\wavs\voice-1598.wav,6.72,16000,1,2,107520,0.554351806640625,0.08804821223020554,6.296002980631228,0.47754836309523807,0.0,0.13123261935099842,../raw_data/wavs/voice-1598.wav,..\notebooks\finetune-wav2vec2\train_set\wavs\voice-1598.wav
..\notebooks\finetune-wav2vec2\train_set\wavs\voice-1599.wav,19.27,16000,1,2,308320,0.788360595703125,0.10320545732975006,7.638749113666025,0.4584036066424494,0.0,0.14133089430103238,../raw_data/wavs/voice-1599.wav,..\notebooks\finetune-wav2vec2\train_set\wavs\voice-1599.wav
..\notebooks\finetune-wav2vec2\train_set\wavs\voice-1600.wav,7.12,16000,1,2,113920,0.584075927734375,0.10514270514249802,5.555077995594534,0.415063202247191,0.0,0.14521721574100896,../raw_data/wavs/voice-1600.wav,..\notebooks\finetune-wav2vec2\train_set\wavs\voice-1600.wav
..\notebooks\finetune-wav2vec2\train_set\wavs\voice-1601.wav,10.72,16000,1,2,171520,0.63787841796875,0.1015147715806961,6.283601962909287,0.42730293843283584,0.0,0.12789836694476997,../raw_data/wavs/voice-1601.wav,..\notebooks\finetune-wav2vec2\train_set\wavs\voice-1601.wav
..\notebooks\finetune-wav2vec2\train_set\wavs\voice-1602.wav,12.4,16000,1,2,198400,0.594512939453125,0.10446830093860626,5.690845300552052,0.40046370967741934,0.0,0.13312063064833995,../raw_data/wavs/voice-1602.wav,..\notebooks\finetune-wav2vec2\train_set\wavs\voice-1602.wav
..\notebooks\finetune-wav2vec2\train_set\wavs\voice-1603.wav,8.24,16000,1,2,131840,0.904296875,0.10777828842401505,8.390343623219994,0.3765625,0.0,0.10362639279727547,../raw_data/wavs/voice-1603.wav,..\notebooks\finetune-wav2vec2\train_set\wavs\voice-1603.wav
..\notebooks\finetune-wav2vec2\train_set\wavs\voice-1604.wav,9.12,16000,1,2,145920,0.553558349609375,0.10867080092430115,5.0939014427157625,0.3961006030701754,0.0,0.17075226666849416,../raw_data/wavs/voice-1604.wav,..\notebooks\finetune-wav2vec2\train_set\wavs\voice-1604.wav
..\notebooks\finetune-wav2vec2\train_set\wavs\voice-1605.wav,5.92,16000,1,2,94720,0.580718994140625,0.10678400099277496,5.438258435174354,0.3769847972972973,0.0,0.13631900674627054,../raw_data/wavs/voice-1605.wav,..\notebooks\finetune-wav2vec2\train_set\wavs\voice-1605.wav
..\notebooks\finetune-wav2vec2\train_set\wavs\voice-1606.wav,10.96,16000,1,2,175360,0.587432861328125,0.10400865226984024,5.647923018981999,0.4146612682481752,0.0,0.14051745276832098,../raw_data/wavs/voice-1606.wav,..\notebooks\finetune-wav2vec2\train_set\wavs\voice-1606.wav
..\notebooks\finetune-wav2vec2\train_set\wavs\voice-1607.wav,14.48,16000,1,2,231680,0.7587890625,0.10824389010667801,7.009994390927633,0.45677227209944754,0.0,0.15834408815645787,../raw_data/wavs/voice-1607.wav,..\notebooks\finetune-wav2vec2\train_set\wavs\voice-1607.wav
..\notebooks\finetune-wav2vec2\train_set\wavs\voice-1608.wav,17.92,16000,1,2,286720,0.60357666015625,0.10531040281057358,5.731405863501726,0.3957449776785714,0.0,0.12627694711546847,../raw_data/wavs/voice-1608.wav,..\notebooks\finetune-wav2vec2\train_set\wavs\voice-1608.wav
..\notebooks\finetune-wav2vec2\train_set\wavs\voice-1609.wav,6.16,16000,1,2,98560,0.56817626953125,0.09929206967353821,5.722272396973427,0.3859172077922078,0.0,0.10805710285209874,../raw_data/wavs/voice-1609.wav,..\notebooks\finetune-wav2vec2\train_set\wavs\voice-1609.wav
..\notebooks\finetune-wav2vec2\train_set\wavs\voice-1610.wav,9.52,16000,1,2,152320,0.58642578125,0.10751574486494064,5.454324685065035,0.3922859768907563,0.0,0.10316506804797826,../raw_data/wavs/voice-1610.wav,..\notebooks\finetune-wav2vec2\train_set\wavs\voice-1610.wav
..\notebooks\finetune-wav2vec2\train_set\wavs\voice-1611.wav,8.88,16000,1,2,142080,0.663482666015625,0.10886409133672714,6.094596095634594,0.360838963963964,0.0,0.11167730628734718,../raw_data/wavs/voice-1611.wav,..\notebooks\finetune-wav2vec2\train_set\wavs\voice-1611.wav
..\notebooks\finetune-wav2vec2\train_set\wavs\voice-1612.wav,10.4,16000,1,2,166400,0.595916748046875,0.10712862014770508,5.562628802884294,0.41888822115384616,0.0,0.1175067157855516,../raw_data/wavs/voice-1612.wav,..\notebooks\finetune-wav2vec2\train_set\wavs\voice-1612.wav
..\notebooks\finetune-wav2vec2\train_set\wavs\voice-1613.wav,11.76,16000,1,2,188160,0.611724853515625,0.10416407883167267,5.872704490615826,0.38943983843537416,0.0,0.11809161400730234,../raw_data/wavs/voice-1613.wav,..\notebooks\finetune-wav2vec2\train_set\wavs\voice-1613.wav
..\notebooks\finetune-wav2vec2\train_set\wavs\voice-1614.wav,10.88,16000,1,2,174080,0.515167236328125,0.10251760482788086,5.025158724621503,0.42032398897058826,0.0,0.12929761774826373,../raw_data/wavs/voice-1614.wav,..\notebooks\finetune-wav2vec2\train_set\wavs\voice-1614.wav
..\notebooks\finetune-wav2vec2\train_set\wavs\voice-1615.wav,8.24,16000,1,2,131840,0.66107177734375,0.09918897598981857,6.664770663743992,0.3765018203883495,0.0,0.10793467790259331,../raw_data/wavs/voice-1615.wav,..\notebooks\finetune-wav2vec2\train_set\wavs\voice-1615.wav
..\notebooks\finetune-wav2vec2\train_set\wavs\voice-1616.wav,8.48,16000,1,2,135680,0.57733154296875,0.11107674241065979,5.197591596936721,0.37622346698113207,0.0,0.10323631512614333,../raw_data/wavs/voice-1616.wav,..\notebooks\finetune-wav2vec2\train_set\wavs\voice-1616.wav
..\notebooks\finetune-wav2vec2\train_set\wavs\voice-1617.wav,11.36,16000,1,2,181760,0.687591552734375,0.10118211805820465,6.79558370520412,0.41904159330985913,0.0,0.12719590226618765,../raw_data/wavs/voice-1617.wav,..\notebooks\finetune-wav2vec2\train_set\wavs\voice-1617.wav
..\notebooks\finetune-wav2vec2\train_set\wavs\voice-1618.wav,16.55,16000,1,2,264800,0.66107177734375,0.10310493409633636,6.411640559568913,0.4238293051359517,0.0,0.12887510904497373,../raw_data/wavs/voice-1618.wav,..\notebooks\finetune-wav2vec2\train_set\wavs\voice-1618.wav
..\notebooks\finetune-wav2vec2\train_set\wavs\voice-1619.wav,9.6,16000,1,2,153600,0.628936767578125,0.10496366769075394,5.991947322487921,0.4212955729166667,0.0,0.13755948931959192,../raw_data/wavs/voice-1619.wav,..\notebooks\finetune-wav2vec2\train_set\wavs\voice-1619.wav
..\notebooks\finetune-wav2vec2\train_set\wavs\voice-1620.wav,6.0,16000,1,2,96000,0.735992431640625,0.10099024325609207,7.287757786406039,0.43352083333333336,0.0,0.12629298221856478,../raw_data/wavs/voice-1620.wav,..\notebooks\finetune-wav2vec2\train_set\wavs\voice-1620.wav
..\notebooks\finetune-wav2vec2\train_set\wavs\voice-1621.wav,11.04,16000,1,2,176640,0.583160400390625,0.10207755118608475,5.712915265057041,0.4057971014492754,0.0,0.12381184223189669,../raw_data/wavs/voice-1621.wav,..\notebooks\finetune-wav2vec2\train_set\wavs\voice-1621.wav
..\notebooks\finetune-wav2vec2\train_set\wavs\voice-1622.wav,8.64,16000,1,2,138240,0.7353515625,0.10131121426820755,7.258343193412504,0.486451099537037,0.0,0.16441814538588964,../raw_data/wavs/voice-1622.wav,..\notebooks\finetune-wav2vec2\train_set\wavs\voice-1622.wav
..\notebooks\finetune-wav2vec2\train_set\wavs\voice-1623.wav,6.48,16000,1,2,103680,0.534454345703125,0.10356242954730988,5.1606972532348045,0.42098765432098767,0.0,0.12435498027565853,../raw_data/wavs/voice-1623.wav,..\notebooks\finetune-wav2vec2\train_set\wavs\voice-1623.wav
..\notebooks\finetune-wav2vec2\train_set\wavs\voice-1624.wav,10.8,16000,1,2,172800,0.6322021484375,0.1142439916729927,5.533789035025048,0.4037326388888889,0.0,0.11930624598521983,../raw_data/wavs/voice-1624.wav,..\notebooks\finetune-wav2vec2\train_set\wavs\voice-1624.wav
..\notebooks\finetune-wav2vec2\train_set\wavs\voice-1625.wav,9.44,16000,1,2,151040,0.684112548828125,0.10622305423021317,6.440339658709813,0.36671742584745765,0.0,0.1267420997225882,../raw_data/wavs/voice-1625.wav,..\notebooks\finetune-wav2vec2\train_set\wavs\voice-1625.wav
..\notebooks\finetune-wav2vec2\train_set\wavs\voice-1626.wav,9.36,16000,1,2,149760,0.52667236328125,0.10275236517190933,5.125647107004334,0.3648838141025641,0.0,0.13159142355384318,../raw_data/wavs/voice-1626.wav,..\notebooks\finetune-wav2vec2\train_set\wavs\voice-1626.wav
..\notebooks\finetune-wav2vec2\train_set\wavs\voice-1627.wav,11.04,16000,1,2,176640,0.62744140625,0.10174501687288284,6.166802321472966,0.4170686141304348,0.0,0.12954670259682177,../raw_data/wavs/voice-1627.wav,..\notebooks\finetune-wav2vec2\train_set\wavs\voice-1627.wav
..\notebooks\finetune-wav2vec2\train_set\wavs\voice-1628.wav,6.32,16000,1,2,101120,0.491973876953125,0.10363155603408813,4.74733658144916,0.35515229430379747,0.0,0.1114528426902956,../raw_data/wavs/voice-1628.wav,..\notebooks\finetune-wav2vec2\train_set\wavs\voice-1628.wav
..\notebooks\finetune-wav2vec2\train_set\wavs\voice-1629.wav,9.92,16000,1,2,158720,0.61114501953125,0.10320265591144562,5.921795462857574,0.3957157258064516,0.0,0.1350121913570524,../raw_data/wavs/voice-1629.wav,..\notebooks\finetune-wav2vec2\train_set\wavs\voice-1629.wav
..\notebooks\finetune-wav2vec2\train_set\wavs\voice-1630.wav,10.24,16000,1,2,163840,0.645263671875,0.10167801380157471,6.3461474880325275,0.43385009765625,0.0,0.125995642063245,../raw_data/wavs/voice-1630.wav,..\notebooks\finetune-wav2vec2\train_set\wavs\voice-1630.wav
..\notebooks\finetune-wav2vec2\train_set\wavs\voice-1631.wav,8.72,16000,1,2,139520,0.548614501953125,0.10411384701728821,5.269371151582047,0.37840452981651373,0.0,0.12928705050924963,../raw_data/wavs/voice-1631.wav,..\notebooks\finetune-wav2vec2\train_set\wavs\voice-1631.wav
..\notebooks\finetune-wav2vec2\train_set\wavs\voice-1632.wav,9.68,16000,1,2,154880,0.654022216796875,0.0990375429391861,6.6037807218064435,0.4137913223140496,0.0,0.12020351371070319,../raw_data/wavs/voice-1632.wav,..\notebooks\finetune-wav2vec2\train_set\wavs\voice-1632.wav
..\notebooks\finetune-wav2vec2\train_set\wavs\voice-1633.wav,9.04,16000,1,2,144640,0.654754638671875,0.1055741086602211,6.20184860645267,0.4324806415929204,0.0,0.12442702175761725,../raw_data/wavs/voice-1633.wav,..\notebooks\finetune-wav2vec2\train_set\wavs\voice-1633.wav
..\notebooks\finetune-wav2vec2\train_set\wavs\voice-1634.wav,7.2,16000,1,2,115200,0.536285400390625,0.10509178787469864,5.103019096316453,0.42095486111111113,0.0,0.12027882186477314,../raw_data/wavs/voice-1634.wav,..\notebooks\finetune-wav2vec2\train_set\wavs\voice-1634.wav
..\notebooks\finetune-wav2vec2\train_set\wavs\voice-1635.wav,13.84,16000,1,2,221440,0.6053466796875,0.1024046465754509,5.911320432530233,0.4065751445086705,0.0,0.12859974981823435,../raw_data/wavs/voice-1635.wav,..\notebooks\finetune-wav2vec2\train_set\wavs\voice-1635.wav
..\notebooks\finetune-wav2vec2\train_set\wavs\voice-1636.wav,11.04,16000,1,2,176640,0.56292724609375,0.10407374054193497,5.408926816336796,0.38727921195652176,0.0,0.12994865233612057,../raw_data/wavs/voice-1636.wav,..\notebooks\finetune-wav2vec2\train_set\wavs\voice-1636.wav
..\notebooks\finetune-wav2vec2\train_set\wavs\voice-1637.wav,22.31,16000,1,2,356960,0.744232177734375,0.1050817146897316,7.082413718997869,0.45340094128193636,0.0,0.13653668908754227,../raw_data/wavs/voice-1637.wav,..\notebooks\finetune-wav2vec2\train_set\wavs\voice-1637.wav
..\notebooks\finetune-wav2vec2\train_set\wavs\voice-1638.wav,6.08,16000,1,2,97280,0.640228271484375,0.10441958159208298,6.13130470092706,0.3997327302631579,0.0,0.11549255234942793,../raw_data/wavs/voice-1638.wav,..\notebooks\finetune-wav2vec2\train_set\wavs\voice-1638.wav
..\notebooks\finetune-wav2vec2\train_set\wavs\voice-1639.wav,6.32,16000,1,2,101120,0.58575439453125,0.09782242029905319,5.987936024691871,0.45107792721518986,0.0,0.16493438424035048,../raw_data/wavs/voice-1639.wav,..\notebooks\finetune-wav2vec2\train_set\wavs\voice-1639.wav
..\notebooks\finetune-wav2vec2\train_set\wavs\voice-1640.wav,11.76,16000,1,2,188160,0.578460693359375,0.10425364226102829,5.5485897740727,0.41128826530612245,0.0,0.12329466036703002,../raw_data/wavs/voice-1640.wav,..\notebooks\finetune-wav2vec2\train_set\wavs\voice-1640.wav
..\notebooks\finetune-wav2vec2\train_set\wavs\voice-1641.wav,5.28,16000,1,2,84480,0.5340576171875,0.10751578211784363,4.967248590557072,0.36300899621212124,0.0,0.143514956379692,../raw_data/wavs/voice-1641.wav,..\notebooks\finetune-wav2vec2\train_set\wavs\voice-1641.wav
..\notebooks\finetune-wav2vec2\train_set\wavs\voice-1642.wav,5.12,16000,1,2,81920,0.505950927734375,0.0979970395565033,5.162920533356041,0.36268310546875,0.0,0.11724996643025427,../raw_data/wavs/voice-1642.wav,..\notebooks\finetune-wav2vec2\train_set\wavs\voice-1642.wav
..\notebooks\finetune-wav2vec2\train_set\wavs\voice-1643.wav,10.4,16000,1,2,166400,0.5814208984375,0.09982092678546906,5.824639353299788,0.41973557692307695,0.0,0.12482046166142825,../raw_data/wavs/voice-1643.wav,..\notebooks\finetune-wav2vec2\train_set\wavs\voice-1643.wav
..\notebooks\finetune-wav2vec2\train_set\wavs\voice-1644.wav,8.88,16000,1,2,142080,0.62353515625,0.10509368032217026,5.933136553392362,0.41747606981981983,0.0,0.10403367140816025,../raw_data/wavs/voice-1644.wav,..\notebooks\finetune-wav2vec2\train_set\wavs\voice-1644.wav
..\notebooks\finetune-wav2vec2\train_set\wavs\voice-1645.wav,9.44,16000,1,2,151040,0.532867431640625,0.10068691521883011,5.292320561043169,0.40880561440677965,0.0,0.14215533736319758,../raw_data/wavs/voice-1645.wav,..\notebooks\finetune-wav2vec2\train_set\wavs\voice-1645.wav
..\notebooks\finetune-wav2vec2\train_set\wavs\voice-1646.wav,10.96,16000,1,2,175360,0.5308837890625,0.10031496733427048,5.292169286099491,0.3979014598540146,0.0,0.13067478715093037,../raw_data/wavs/voice-1646.wav,..\notebooks\finetune-wav2vec2\train_set\wavs\voice-1646.wav
..\notebooks\finetune-wav2vec2\train_set\wavs\voice-1647.wav,8.24,16000,1,2,131840,0.619110107421875,0.10227525234222412,6.053371595215089,0.4259177791262136,0.0,0.14726294950659516,../raw_data/wavs/voice-1647.wav,..\notebooks\finetune-wav2vec2\train_set\wavs\voice-1647.wav
..\notebooks\finetune-wav2vec2\train_set\wavs\voice-1648.wav,9.44,16000,1,2,151040,0.530364990234375,0.10667584836483002,4.971743823592887,0.3863215042372881,0.0,0.11988294414025516,../raw_data/wavs/voice-1648.wav,..\notebooks\finetune-wav2vec2\train_set\wavs\voice-1648.wav
..\notebooks\finetune-wav2vec2\train_set\wavs\voice-1649.wav,10.64,16000,1,2,170240,0.58154296875,0.10658791661262512,5.455993392417217,0.4117011278195489,0.0,0.11251240902495903,../raw_data/wavs/voice-1649.wav,..\notebooks\finetune-wav2vec2\train_set\wavs\voice-1649.wav
..\notebooks\finetune-wav2vec2\train_set\wavs\voice-1650.wav,10.4,16000,1,2,166400,0.529754638671875,0.10175135731697083,5.206364343834839,0.396015625,0.0,0.12520507935744807,../raw_data/wavs/voice-1650.wav,..\notebooks\finetune-wav2vec2\train_set\wavs\voice-1650.wav
..\notebooks\finetune-wav2vec2\train_set\wavs\voice-1651.wav,8.16,16000,1,2,130560,0.54339599609375,0.1078377291560173,5.039015568545368,0.40183823529411766,0.0,0.0966765983195337,../raw_data/wavs/voice-1651.wav,..\notebooks\finetune-wav2vec2\train_set\wavs\voice-1651.wav
..\notebooks\finetune-wav2vec2\train_set\wavs\voice-1652.wav,13.76,16000,1,2,220160,0.505462646484375,0.10153387486934662,4.978266092324382,0.4347701671511628,0.0,0.13578368361048151,../raw_data/wavs/voice-1652.wav,..\notebooks\finetune-wav2vec2\train_set\wavs\voice-1652.wav
..\notebooks\finetune-wav2vec2\train_set\wavs\voice-1653.wav,9.76,16000,1,2,156160,0.53643798828125,0.10462921857833862,5.127038083340027,0.41610527663934427,0.0,0.12530177575419923,../raw_data/wavs/voice-1653.wav,..\notebooks\finetune-wav2vec2\train_set\wavs\voice-1653.wav
..\notebooks\finetune-wav2vec2\train_set\wavs\voice-1654.wav,14.0,16000,1,2,224000,0.637359619140625,0.10479217767715454,6.0821297282724,0.4072901785714286,0.0,0.15397390166920388,../raw_data/wavs/voice-1654.wav,..\notebooks\finetune-wav2vec2\train_set\wavs\voice-1654.wav
..\notebooks\finetune-wav2vec2\train_set\wavs\voice-1655.wav,12.8,16000,1,2,204800,0.57171630859375,0.10749690979719162,5.3184441271137475,0.42173828125,0.0,0.12720765238111514,../raw_data/wavs/voice-1655.wav,..\notebooks\finetune-wav2vec2\train_set\wavs\voice-1655.wav
..\notebooks\finetune-wav2vec2\train_set\wavs\voice-1656.wav,8.88,16000,1,2,142080,0.681732177734375,0.10478588938713074,6.505954014626151,0.33193271396396395,0.0,0.10844670922514939,../raw_data/wavs/voice-1656.wav,..\notebooks\finetune-wav2vec2\train_set\wavs\voice-1656.wav
..\notebooks\finetune-wav2vec2\train_set\wavs\voice-1657.wav,12.32,16000,1,2,197120,0.53228759765625,0.1042313203215599,5.106791279378508,0.4367644074675325,0.0,0.14381160618712555,../raw_data/wavs/voice-1657.wav,..\notebooks\finetune-wav2vec2\train_set\wavs\voice-1657.wav
..\notebooks\finetune-wav2vec2\train_set\wavs\voice-1658.wav,13.04,16000,1,2,208640,0.60089111328125,0.10688421875238419,5.621888060699759,0.39037097392638037,0.0,0.12770383293631585,../raw_data/wavs/voice-1658.wav,..\notebooks\finetune-wav2vec2\train_set\wavs\voice-1658.wav
..\notebooks\finetune-wav2vec2\train_set\wavs\voice-1659.wav,13.04,16000,1,2,208640,0.619903564453125,0.10377177596092224,5.973720298345521,0.412916986196319,0.0,0.11716409683712058,../raw_data/wavs/voice-1659.wav,..\notebooks\finetune-wav2vec2\train_set\wavs\voice-1659.wav
..\notebooks\finetune-wav2vec2\train_set\wavs\voice-1660.wav,11.68,16000,1,2,186880,0.556640625,0.10525679588317871,5.288405564024563,0.38984375,0.0,0.13382456027697065,../raw_data/wavs/voice-1660.wav,..\notebooks\finetune-wav2vec2\train_set\wavs\voice-1660.wav
..\notebooks\finetune-wav2vec2\train_set\wavs\voice-1661.wav,9.76,16000,1,2,156160,0.612548828125,0.10845717787742615,5.6478403745419,0.454015112704918,0.0,0.11996106532444496,../raw_data/wavs/voice-1661.wav,..\notebooks\finetune-wav2vec2\train_set\wavs\voice-1661.wav
..\notebooks\finetune-wav2vec2\train_set\wavs\voice-1662.wav,11.36,16000,1,2,181760,0.615814208984375,0.10287035256624222,5.986313778674262,0.4001430457746479,0.0,0.1294296293443516,../raw_data/wavs/voice-1662.wav,..\notebooks\finetune-wav2vec2\train_set\wavs\voice-1662.wav
..\notebooks\finetune-wav2vec2\train_set\wavs\voice-1663.wav,8.96,16000,1,2,143360,0.6234130859375,0.10442361980676651,5.97003903035646,0.440966796875,0.0,0.14024930419436518,../raw_data/wavs/voice-1663.wav,..\notebooks\finetune-wav2vec2\train_set\wavs\voice-1663.wav
..\notebooks\finetune-wav2vec2\train_set\wavs\voice-1664.wav,11.44,16000,1,2,183040,0.574493408203125,0.10713046044111252,5.36255893830413,0.3774256993006993,0.0,0.10817913122340048,../raw_data/wavs/voice-1664.wav,..\notebooks\finetune-wav2vec2\train_set\wavs\voice-1664.wav
..\notebooks\finetune-wav2vec2\train_set\wavs\voice-1665.wav,10.08,16000,1,2,161280,0.5657958984375,0.10092125087976456,5.606310796836806,0.43604290674603174,0.0,0.13560351936705956,../raw_data/wavs/voice-1665.wav,..\notebooks\finetune-wav2vec2\train_set\wavs\voice-1665.wav
..\notebooks\finetune-wav2vec2\train_set\wavs\voice-1666.wav,4.32,16000,1,2,69120,0.65631103515625,0.11357232928276062,5.778793472855829,0.3359375,0.0,0.1083059650747262,../raw_data/wavs/voice-1666.wav,..\notebooks\finetune-wav2vec2\train_set\wavs\voice-1666.wav
..\notebooks\finetune-wav2vec2\train_set\wavs\voice-1667.wav,14.64,16000,1,2,234240,0.69287109375,0.10019464045763016,6.915251061188229,0.36791752049180326,0.0,0.11542484385606154,../raw_data/wavs/voice-1667.wav,..\notebooks\finetune-wav2vec2\train_set\wavs\voice-1667.wav
..\notebooks\finetune-wav2vec2\train_set\wavs\voice-1668.wav,4.4,16000,1,2,70400,0.510406494140625,0.1061120554804802,4.810070748601384,0.3333664772727273,0.0,0.11679143169647296,../raw_data/wavs/voice-1668.wav,..\notebooks\finetune-wav2vec2\train_set\wavs\voice-1668.wav
..\notebooks\finetune-wav2vec2\train_set\wavs\voice-1669.wav,11.2,16000,1,2,179200,0.639251708984375,0.10276000201702118,6.220822269724063,0.4029073660714286,0.0,0.1233935457229114,../raw_data/wavs/voice-1669.wav,..\notebooks\finetune-wav2vec2\train_set\wavs\voice-1669.wav
..\notebooks\finetune-wav2vec2\train_set\wavs\voice-1670.wav,7.2,16000,1,2,115200,0.591156005859375,0.10405707359313965,5.681074678025053,0.36786458333333333,0.0,0.12781360949313797,../raw_data/wavs/voice-1670.wav,..\notebooks\finetune-wav2vec2\train_set\wavs\voice-1670.wav
..\notebooks\finetune-wav2vec2\train_set\wavs\voice-1671.wav,6.88,16000,1,2,110080,0.566986083984375,0.10277018696069717,5.517028826669448,0.42596293604651164,0.0,0.13488494626586361,../raw_data/wavs/voice-1671.wav,..\notebooks\finetune-wav2vec2\train_set\wavs\voice-1671.wav
..\notebooks\finetune-wav2vec2\train_set\wavs\voice-1672.wav,6.96,16000,1,2,111360,0.54852294921875,0.0979149118065834,5.602036902226669,0.4094019396551724,0.0,0.12205569374724988,../raw_data/wavs/voice-1672.wav,..\notebooks\finetune-wav2vec2\train_set\wavs\voice-1672.wav
..\notebooks\finetune-wav2vec2\train_set\wavs\voice-1673.wav,8.8,16000,1,2,140800,0.57025146484375,0.10224413871765137,5.57735115182013,0.4085085227272727,0.0,0.11983039652270258,../raw_data/wavs/voice-1673.wav,..\notebooks\finetune-wav2vec2\train_set\wavs\voice-1673.wav
..\notebooks\finetune-wav2vec2\train_set\wavs\voice-1674.wav,5.92,16000,1,2,94720,0.557891845703125,0.10082633793354034,5.533195563155921,0.41242609797297297,0.0,0.13752256675007127,../raw_data/wavs/voice-1674.wav,..\notebooks\finetune-wav2vec2\train_set\wavs\voice-1674.wav
..\notebooks\finetune-wav2vec2\train_set\wavs\voice-1675.wav,11.76,16000,1,2,188160,0.666900634765625,0.1031724363565445,6.463941904608534,0.41018813775510204,0.0,0.14060448875684925,../raw_data/wavs/voice-1675.wav,..\notebooks\finetune-wav2vec2\train_set\wavs\voice-1675.wav
..\notebooks\finetune-wav2vec2\train_set\wavs\voice-1676.wav,8.32,16000,1,2,133120,0.65496826171875,0.10368705540895462,6.316779458491457,0.3380333533653846,0.0,0.09843823946994794,../raw_data/wavs/voice-1676.wav,..\notebooks\finetune-wav2vec2\train_set\wavs\voice-1676.wav
..\notebooks\finetune-wav2vec2\train_set\wavs\voice-1677.wav,15.75,16000,1,2,252000,0.5960693359375,0.10707010328769684,5.567094059261946,0.41614285714285715,0.0,0.11148060111349649,../raw_data/wavs/voice-1677.wav,..\notebooks\finetune-wav2vec2\train_set\wavs\voice-1677.wav
..\notebooks\finetune-wav2vec2\train_set\wavs\voice-1678.wav,8.24,16000,1,2,131840,0.47412109375,0.10499735176563263,4.515552876117278,0.44976486650485437,0.0,0.12685169031925303,../raw_data/wavs/voice-1678.wav,..\notebooks\finetune-wav2vec2\train_set\wavs\voice-1678.wav
..\notebooks\finetune-wav2vec2\train_set\wavs\voice-1679.wav,9.12,16000,1,2,145920,0.52874755859375,0.10036507248878479,5.2682426812657805,0.3752535635964912,0.0,0.13205956729418375,../raw_data/wavs/voice-1679.wav,..\notebooks\finetune-wav2vec2\train_set\wavs\voice-1679.wav
..\notebooks\finetune-wav2vec2\train_set\wavs\voice-1680.wav,6.32,16000,1,2,101120,0.548065185546875,0.10374550521373749,5.2827848726337185,0.39042721518987344,0.0,0.10596425993136799,../raw_data/wavs/voice-1680.wav,..\notebooks\finetune-wav2vec2\train_set\wavs\voice-1680.wav
..\notebooks\finetune-wav2vec2\train_set\wavs\voice-1681.wav,8.72,16000,1,2,139520,0.6185302734375,0.10210704803466797,6.057664826697302,0.3697032683486238,0.0,0.11122499444520101,../raw_data/wavs/voice-1681.wav,..\notebooks\finetune-wav2vec2\train_set\wavs\voice-1681.wav
..\notebooks\finetune-wav2vec2\train_set\wavs\voice-1682.wav,11.52,16000,1,2,184320,0.604583740234375,0.10072898864746094,6.002082899395959,0.4432508680555556,0.0,0.13694193219364253,../raw_data/wavs/voice-1682.wav,..\notebooks\finetune-wav2vec2\train_set\wavs\voice-1682.wav
..\notebooks\finetune-wav2vec2\train_set\wavs\voice-1683.wav,6.48,16000,1,2,103680,0.5772705078125,0.10405801236629486,5.547583455471441,0.3900655864197531,0.0,0.13347929667531516,../raw_data/wavs/voice-1683.wav,..\notebooks\finetune-wav2vec2\train_set\wavs\voice-1683.wav
..\notebooks\finetune-wav2vec2\train_set\wavs\voice-1684.wav,7.44,16000,1,2,119040,0.543609619140625,0.10650210082530975,5.104214986634692,0.39963037634408605,0.0,0.14747267702181638,../raw_data/wavs/voice-1684.wav,..\notebooks\finetune-wav2vec2\train_set\wavs\voice-1684.wav
..\notebooks\finetune-wav2vec2\train_set\wavs\voice-1685.wav,5.52,16000,1,2,88320,0.583770751953125,0.10391056537628174,5.618011506714162,0.4064538043478261,0.0,0.12740180482115965,../raw_data/wavs/voice-1685.wav,..\notebooks\finetune-wav2vec2\train_set\wavs\voice-1685.wav
..\notebooks\finetune-wav2vec2\train_set\wavs\voice-1686.wav,12.8,16000,1,2,204800,0.557037353515625,0.10512477159500122,5.29882105867151,0.352705078125,0.0,0.10757865028637835,../raw_data/wavs/voice-1686.wav,..\notebooks\finetune-wav2vec2\train_set\wavs\voice-1686.wav
..\notebooks\finetune-wav2vec2\train_set\wavs\voice-1687.wav,9.6,16000,1,2,153600,0.4962158203125,0.10422046482563019,4.761212887917088,0.41703125,0.0,0.10796294246707336,../raw_data/wavs/voice-1687.wav,..\notebooks\finetune-wav2vec2\train_set\wavs\voice-1687.wav
..\notebooks\finetune-wav2vec2\train_set\wavs\voice-1688.wav,4.48,16000,1,2,71680,0.52801513671875,0.10378985106945038,5.08734843800317,0.40138113839285716,0.0,0.12402516776182704,../raw_data/wavs/voice-1688.wav,..\notebooks\finetune-wav2vec2\train_set\wavs\voice-1688.wav
..\notebooks\finetune-wav2vec2\train_set\wavs\voice-1689.wav,10.96,16000,1,2,175360,0.588226318359375,0.10647571831941605,5.5245113876081815,0.4358519616788321,0.0,0.11329330117074117,../raw_data/wavs/voice-1689.wav,..\notebooks\finetune-wav2vec2\train_set\wavs\voice-1689.wav
..\notebooks\finetune-wav2vec2\train_set\wavs\voice-1690.wav,8.4,16000,1,2,134400,0.523773193359375,0.11083647608757019,4.725639174467707,0.3580952380952381,0.0,0.09954687162850914,../raw_data/wavs/voice-1690.wav,..\notebooks\finetune-wav2vec2\train_set\wavs\voice-1690.wav
..\notebooks\finetune-wav2vec2\train_set\wavs\voice-1691.wav,14.48,16000,1,2,231680,0.613189697265625,0.1053379476070404,5.821166172262138,0.39716419198895025,0.0,0.137030114943521,../raw_data/wavs/voice-1691.wav,..\notebooks\finetune-wav2vec2\train_set\wavs\voice-1691.wav
..\notebooks\finetune-wav2vec2\train_set\wavs\voice-1692.wav,10.08,16000,1,2,161280,0.582672119140625,0.10182051360607147,5.722541543984912,0.40636160714285713,0.0,0.12793978137265236,../raw_data/wavs/voice-1692.wav,..\notebooks\finetune-wav2vec2\train_set\wavs\voice-1692.wav
..\notebooks\finetune-wav2vec2\train_set\wavs\voice-1693.wav,8.4,16000,1,2,134400,0.570037841796875,0.10421578586101532,5.469784035952972,0.39226934523809526,0.0,0.12682386029657958,../raw_data/wavs/voice-1693.wav,..\notebooks\finetune-wav2vec2\train_set\wavs\voice-1693.wav
..\notebooks\finetune-wav2vec2\train_set\wavs\voice-1694.wav,13.52,16000,1,2,216320,0.639678955078125,0.09962428361177444,6.420913976866202,0.3946606878698225,0.0,0.1405470624401925,../raw_data/wavs/voice-1694.wav,..\notebooks\finetune-wav2vec2\train_set\wavs\voice-1694.wav
..\notebooks\finetune-wav2vec2\train_set\wavs\voice-1695.wav,14.4,16000,1,2,230400,0.506805419921875,0.10441089421510696,4.853951531894327,0.3843229166666667,0.0,0.12717069084501234,../raw_data/wavs/voice-1695.wav,..\notebooks\finetune-wav2vec2\train_set\wavs\voice-1695.wav
..\notebooks\finetune-wav2vec2\train_set\wavs\voice-1696.wav,8.48,16000,1,2,135680,0.554229736328125,0.10637716203927994,5.210044390199795,0.4281028891509434,0.0,0.12713831912086615,../raw_data/wavs/voice-1696.wav,..\notebooks\finetune-wav2vec2\train_set\wavs\voice-1696.wav
..\notebooks\finetune-wav2vec2\train_set\wavs\voice-1697.wav,10.64,16000,1,2,170240,0.61077880859375,0.10397644340991974,5.8742037000226865,0.40049929511278193,0.0,0.12793190749475736,../raw_data/wavs/voice-1697.wav,..\notebooks\finetune-wav2vec2\train_set\wavs\voice-1697.wav
..\notebooks\finetune-wav2vec2\train_set\wavs\voice-1698.wav,7.6,16000,1,2,121600,0.59063720703125,0.10993464291095734,5.3726213265607505,0.42478618421052633,0.0,0.13240240462503802,../raw_data/wavs/voice-1698.wav,..\notebooks\finetune-wav2vec2\train_set\wavs\voice-1698.wav
..\notebooks\finetune-wav2vec2\train_set\wavs\voice-1699.wav,9.12,16000,1,2,145920,0.6004638671875,0.10598146915435791,5.6657439454150955,0.38919956140350875,0.0,0.12373988308582158,../raw_data/wavs/voice-1699.wav,..\notebooks\finetune-wav2vec2\train_set\wavs\voice-1699.wav
..\notebooks\finetune-wav2vec2\train_set\wavs\voice-1700.wav,9.68,16000,1,2,154880,0.593048095703125,0.10138356685638428,5.849548542153899,0.44316244834710744,0.0,0.1307407718283305,../raw_data/wavs/voice-1700.wav,..\notebooks\finetune-wav2vec2\train_set\wavs\voice-1700.wav
..\notebooks\finetune-wav2vec2\train_set\wavs\voice-1701.wav,10.64,16000,1,2,170240,0.515106201171875,0.10663402825593948,4.830598727223678,0.3761806860902256,0.0,0.11713532151857095,../raw_data/wavs/voice-1701.wav,..\notebooks\finetune-wav2vec2\train_set\wavs\voice-1701.wav
..\notebooks\finetune-wav2vec2\train_set\wavs\voice-1702.wav,8.16,16000,1,2,130560,0.5164794921875,0.10006061941385269,5.161665950230936,0.41510416666666666,0.0,0.13524919768074203,../raw_data/wavs/voice-1702.wav,..\notebooks\finetune-wav2vec2\train_set\wavs\voice-1702.wav
..\notebooks\finetune-wav2vec2\train_set\wavs\voice-1703.wav,10.56,16000,1,2,168960,0.623870849609375,0.10253012925386429,6.084756296997077,0.44008641098484846,0.0,0.12458051953432489,../raw_data/wavs/voice-1703.wav,..\notebooks\finetune-wav2vec2\train_set\wavs\voice-1703.wav
..\notebooks\finetune-wav2vec2\train_set\wavs\voice-1704.wav,7.36,16000,1,2,117760,0.506591796875,0.09908497333526611,5.112700541997269,0.39090523097826085,0.0,0.12781188698952947,../raw_data/wavs/voice-1704.wav,..\notebooks\finetune-wav2vec2\train_set\wavs\voice-1704.wav
..\notebooks\finetune-wav2vec2\train_set\wavs\voice-1705.wav,13.28,16000,1,2,212480,0.597503662109375,0.1026429533958435,5.82118540378604,0.4212114081325301,0.0,0.13105765746261983,../raw_data/wavs/voice-1705.wav,..\notebooks\finetune-wav2vec2\train_set\wavs\voice-1705.wav
..\notebooks\finetune-wav2vec2\train_set\wavs\voice-1706.wav,10.48,16000,1,2,167680,0.611358642578125,0.09850859642028809,6.206145095903673,0.4347208969465649,0.0,0.14738876066770437,../raw_data/wavs/voice-1706.wav,..\notebooks\finetune-wav2vec2\train_set\wavs\voice-1706.wav
..\notebooks\finetune-wav2vec2\train_set\wavs\voice-1707.wav,15.44,16000,1,2,247040,0.646514892578125,0.10526765882968903,6.141628870307753,0.4178068329015544,0.0,0.13841943984553046,../raw_data/wavs/voice-1707.wav,..\notebooks\finetune-wav2vec2\train_set\wavs\voice-1707.wav
..\notebooks\finetune-wav2vec2\train_set\wavs\voice-1708.wav,9.04,16000,1,2,144640,0.747802734375,0.09915580600500107,7.541693870526185,0.4931346792035398,0.0,0.16375251488187834,../raw_data/wavs/voice-1708.wav,..\notebooks\finetune-wav2vec2\train_set\wavs\voice-1708.wav
..\notebooks\finetune-wav2vec2\train_set\wavs\voice-1709.wav,19.99,16000,1,2,319840,0.570709228515625,0.10535508394241333,5.41700701247196,0.4261912206103052,0.0,0.12516609919365682,../raw_data/wavs/voice-1709.wav,..\notebooks\finetune-wav2vec2\train_set\wavs\voice-1709.wav
..\notebooks\finetune-wav2vec2\train_set\wavs\voice-1710.wav,10.96,16000,1,2,175360,0.538299560546875,0.09925102442502975,5.423617173377237,0.41259694343065695,0.0,0.12724753220536159,../raw_data/wavs/voice-1710.wav,..\notebooks\finetune-wav2vec2\train_set\wavs\voice-1710.wav
..\notebooks\finetune-wav2vec2\train_set\wavs\voice-1711.wav,8.64,16000,1,2,138240,0.63427734375,0.10172109305858612,6.235455446636705,0.42486979166666666,0.0,0.15010959280666092,../raw_data/wavs/voice-1711.wav,..\notebooks\finetune-wav2vec2\train_set\wavs\voice-1711.wav
..\notebooks\finetune-wav2vec2\train_set\wavs\voice-1712.wav,14.48,16000,1,2,231680,0.553955078125,0.10557746887207031,5.246906220078406,0.39067247928176796,0.0,0.1338187751155694,../raw_data/wavs/voice-1712.wav,..\notebooks\finetune-wav2vec2\train_set\wavs\voice-1712.wav
..\notebooks\finetune-wav2vec2\train_set\wavs\voice-1713.wav,7.28,16000,1,2,116480,0.560455322265625,0.10349953174591064,5.415051767012164,0.4252833104395604,0.0,0.13089054679384265,../raw_data/wavs/voice-1713.wav,..\notebooks\finetune-wav2vec2\train_set\wavs\voice-1713.wav
..\notebooks\finetune-wav2vec2\train_set\wavs\voice-1714.wav,9.68,16000,1,2,154880,0.519775390625,0.0961015373468399,5.408606407086699,0.4093104338842975,0.0,0.12358680001807863,../raw_data/wavs/voice-1714.wav,..\notebooks\finetune-wav2vec2\train_set\wavs\voice-1714.wav
..\notebooks\finetune-wav2vec2\train_set\wavs\voice-1715.wav,9.36,16000,1,2,149760,0.586578369140625,0.10220969468355179,5.7389699769352776,0.4552684294871795,0.0,0.15311934508109695,../raw_data/wavs/voice-1715.wav,..\notebooks\finetune-wav2vec2\train_set\wavs\voice-1715.wav
..\notebooks\finetune-wav2vec2\train_set\wavs\voice-1716.wav,8.4,16000,1,2,134400,0.53228759765625,0.09385666996240616,5.671281517546438,0.4564955357142857,0.0,0.13119145231735355,../raw_data/wavs/voice-1716.wav,..\notebooks\finetune-wav2vec2\train_set\wavs\voice-1716.wav
..\notebooks\finetune-wav2vec2\train_set\wavs\voice-1717.wav,13.12,16000,1,2,209920,0.657379150390625,0.10196492075920105,6.447110883782105,0.42379954268292686,0.0,0.13706239073166315,../raw_data/wavs/voice-1717.wav,..\notebooks\finetune-wav2vec2\train_set\wavs\voice-1717.wav
..\notebooks\finetune-wav2vec2\train_set\wavs\voice-1718.wav,8.0,16000,1,2,128000,0.578369140625,0.10295183211565018,5.617861564379868,0.4092890625,0.0,0.11773529480699067,../raw_data/wavs/voice-1718.wav,..\notebooks\finetune-wav2vec2\train_set\wavs\voice-1718.wav
..\notebooks\finetune-wav2vec2\train_set\wavs\voice-1719.wav,9.44,16000,1,2,151040,0.772125244140625,0.10514947772026062,7.34312010749863,0.4479277012711864,0.0,0.14196333397334462,../raw_data/wavs/voice-1719.wav,..\notebooks\finetune-wav2vec2\train_set\wavs\voice-1719.wav
..\notebooks\finetune-wav2vec2\train_set\wavs\voice-1720.wav,6.32,16000,1,2,101120,0.642791748046875,0.10207338631153107,6.297349106113273,0.43344541139240506,0.0,0.14454256865673118,../raw_data/wavs/voice-1720.wav,..\notebooks\finetune-wav2vec2\train_set\wavs\voice-1720.wav
..\notebooks\finetune-wav2vec2\train_set\wavs\voice-1721.wav,13.04,16000,1,2,208640,0.5845947265625,0.10555732250213623,5.538173124376749,0.435242523006135,0.0,0.1257099583491102,../raw_data/wavs/voice-1721.wav,..\notebooks\finetune-wav2vec2\train_set\wavs\voice-1721.wav
..\notebooks\finetune-wav2vec2\train_set\wavs\voice-1722.wav,11.6,16000,1,2,185600,0.718597412109375,0.10112342983484268,7.106141606183713,0.43454202586206897,0.0,0.11851356957742229,../raw_data/wavs/voice-1722.wav,..\notebooks\finetune-wav2vec2\train_set\wavs\voice-1722.wav
..\notebooks\finetune-wav2vec2\train_set\wavs\voice-1723.wav,8.4,16000,1,2,134400,0.526031494140625,0.10126979649066925,5.194357176269158,0.3838020833333333,0.0,0.10265701381706709,../raw_data/wavs/voice-1723.wav,..\notebooks\finetune-wav2vec2\train_set\wavs\voice-1723.wav
..\notebooks\finetune-wav2vec2\train_set\wavs\voice-1724.wav,7.36,16000,1,2,117760,0.532501220703125,0.10331123322248459,5.154339988918376,0.4046790081521739,0.0,0.11117621583063715,../raw_data/wavs/voice-1724.wav,..\notebooks\finetune-wav2vec2\train_set\wavs\voice-1724.wav
..\notebooks\finetune-wav2vec2\train_set\wavs\voice-1725.wav,13.92,16000,1,2,222720,0.583526611328125,0.10386878997087479,5.617920565857638,0.398114224137931,0.0,0.11183150068022935,../raw_data/wavs/voice-1725.wav,..\notebooks\finetune-wav2vec2\train_set\wavs\voice-1725.wav
..\notebooks\finetune-wav2vec2\train_set\wavs\voice-1726.wav,11.04,16000,1,2,176640,0.517486572265625,0.10701074451208115,4.835837509823161,0.4433423913043478,0.0,0.14717021722269713,../raw_data/wavs/voice-1726.wav,..\notebooks\finetune-wav2vec2\train_set\wavs\voice-1726.wav
..\notebooks\finetune-wav2vec2\train_set\wavs\voice-1727.wav,8.88,16000,1,2,142080,0.61529541015625,0.11016049236059189,5.5854453531505985,0.3888795045045045,0.0,0.14111867341408654,../raw_data/wavs/voice-1727.wav,..\notebooks\finetune-wav2vec2\train_set\wavs\voice-1727.wav
..\notebooks\finetune-wav2vec2\train_set\wavs\voice-1728.wav,13.04,16000,1,2,208640,0.56494140625,0.10300353169441223,5.484679961518709,0.4069114263803681,0.0,0.14487703641217606,../raw_data/wavs/voice-1728.wav,..\notebooks\finetune-wav2vec2\train_set\wavs\voice-1728.wav
..\notebooks\finetune-wav2vec2\train_set\wavs\voice-1729.wav,5.6,16000,1,2,89600,0.553314208984375,0.09884333610534668,5.597890872427209,0.44151785714285713,0.0,0.12840545095369368,../raw_data/wavs/voice-1729.wav,..\notebooks\finetune-wav2vec2\train_set\wavs\voice-1729.wav
..\notebooks\finetune-wav2vec2\train_set\wavs\voice-1730.wav,5.12,16000,1,2,81920,0.640380859375,0.10347765684127808,6.188590647711177,0.3658935546875,0.0,0.10335819529046986,../raw_data/wavs/voice-1730.wav,..\notebooks\finetune-wav2vec2\train_set\wavs\voice-1730.wav
..\notebooks\finetune-wav2vec2\train_set\wavs\voice-1731.wav,11.04,16000,1,2,176640,0.629150390625,0.1012992411851883,6.210810498321805,0.4553328804347826,0.0,0.13708750615662452,../raw_data/wavs/voice-1731.wav,..\notebooks\finetune-wav2vec2\train_set\wavs\voice-1731.wav
..\notebooks\finetune-wav2vec2\train_set\wavs\voice-1732.wav,8.8,16000,1,2,140800,0.62811279296875,0.10783013701438904,5.825020818483552,0.45267755681818184,0.0,0.15436189177479953,../raw_data/wavs/voice-1732.wav,..\notebooks\finetune-wav2vec2\train_set\wavs\voice-1732.wav
..\notebooks\finetune-wav2vec2\train_set\wavs\voice-1733.wav,8.88,16000,1,2,142080,0.5914306640625,0.10424353182315826,5.673547832836478,0.41247888513513514,0.0,0.14266006939801096,../raw_data/wavs/voice-1733.wav,..\notebooks\finetune-wav2vec2\train_set\wavs\voice-1733.wav
..\notebooks\finetune-wav2vec2\train_set\wavs\voice-1734.wav,9.92,16000,1,2,158720,0.544525146484375,0.10466953366994858,5.2023270515507445,0.3818548387096774,0.0,0.12360208922687264,../raw_data/wavs/voice-1734.wav,..\notebooks\finetune-wav2vec2\train_set\wavs\voice-1734.wav
..\notebooks\finetune-wav2vec2\train_set\wavs\voice-1735.wav,9.04,16000,1,2,144640,0.57025146484375,0.10333706438541412,5.518363311704839,0.4020533738938053,0.0,0.12318945789171662,../raw_data/wavs/voice-1735.wav,..\notebooks\finetune-wav2vec2\train_set\wavs\voice-1735.wav
..\notebooks\finetune-wav2vec2\train_set\wavs\voice-1736.wav,12.88,16000,1,2,206080,0.609619140625,0.10837975144386292,5.624843501701167,0.3838460791925466,0.0,0.119997670796151,../raw_data/wavs/voice-1736.wav,..\notebooks\finetune-wav2vec2\train_set\wavs\voice-1736.wav
..\notebooks\finetune-wav2vec2\train_set\wavs\voice-1737.wav,8.64,16000,1,2,138240,0.597076416015625,0.10160654783248901,5.876357663484242,0.3599175347222222,0.0,0.10859453555074906,../raw_data/wavs/voice-1737.wav,..\notebooks\finetune-wav2vec2\train_set\wavs\voice-1737.wav
..\notebooks\finetune-wav2vec2\train_set\wavs\voice-1738.wav,8.24,16000,1,2,131840,0.521453857421875,0.10488256812095642,4.971787655127832,0.45422481796116504,0.0,0.15503758371953671,../raw_data/wavs/voice-1738.wav,..\notebooks\finetune-wav2vec2\train_set\wavs\voice-1738.wav
..\notebooks\finetune-wav2vec2\train_set\wavs\voice-1739.wav,13.36,16000,1,2,213760,0.590728759765625,0.10041819512844086,5.882686489336397,0.41652320359281436,0.0,0.13738368910782703,../raw_data/wavs/voice-1739.wav,..\notebooks\finetune-wav2vec2\train_set\wavs\voice-1739.wav
..\notebooks\finetune-wav2vec2\train_set\wavs\voice-1740.wav,6.96,16000,1,2,111360,0.6754150390625,0.1026342511177063,6.58079570618096,0.46551724137931033,0.0,0.13079320036997458,../raw_data/wavs/voice-1740.wav,..\notebooks\finetune-wav2vec2\train_set\wavs\voice-1740.wav
..\notebooks\finetune-wav2vec2\train_set\wavs\voice-1741.wav,8.88,16000,1,2,142080,0.589630126953125,0.10667739063501358,5.527226748266535,0.4555250563063063,0.0,0.16281083059424686,../raw_data/wavs/voice-1741.wav,..\notebooks\finetune-wav2vec2\train_set\wavs\voice-1741.wav
..\notebooks\finetune-wav2vec2\train_set\wavs\voice-1742.wav,6.08,16000,1,2,97280,0.6588134765625,0.10636693984270096,6.19378048796718,0.3678248355263158,0.0,0.10272515136874351,../raw_data/wavs/voice-1742.wav,..\notebooks\finetune-wav2vec2\train_set\wavs\voice-1742.wav
..\notebooks\finetune-wav2vec2\train_set\wavs\voice-1743.wav,6.96,16000,1,2,111360,0.579742431640625,0.10409261286258698,5.569486783907951,0.4101652298850575,0.0,0.11687425354035147,../raw_data/wavs/voice-1743.wav,..\notebooks\finetune-wav2vec2\train_set\wavs\voice-1743.wav
..\notebooks\finetune-wav2vec2\train_set\wavs\voice-1744.wav,8.56,16000,1,2,136960,0.53497314453125,0.10684274137020111,5.007107995082352,0.4590172313084112,0.0,0.14943888316941567,../raw_data/wavs/voice-1744.wav,..\notebooks\finetune-wav2vec2\train_set\wavs\voice-1744.wav
..\notebooks\finetune-wav2vec2\train_set\wavs\voice-1745.wav,5.76,16000,1,2,92160,0.558197021484375,0.10677969455718994,5.227557765539508,0.45478515625,0.0,0.14289434564177128,../raw_data/wavs/voice-1745.wav,..\notebooks\finetune-wav2vec2\train_set\wavs\voice-1745.wav
..\notebooks\finetune-wav2vec2\train_set\wavs\voice-1746.wav,4.56,16000,1,2,72960,0.531036376953125,0.10523735731840134,5.0460824034800265,0.43109923245614035,0.0,0.1424224564481421,../raw_data/wavs/voice-1746.wav,..\notebooks\finetune-wav2vec2\train_set\wavs\voice-1746.wav
..\notebooks\finetune-wav2vec2\train_set\wavs\voice-1747.wav,14.16,16000,1,2,226560,0.60528564453125,0.09963709115982056,6.074902804622785,0.42356108757062144,0.0,0.11185165894976584,../raw_data/wavs/voice-1747.wav,..\notebooks\finetune-wav2vec2\train_set\wavs\voice-1747.wav
..\notebooks\finetune-wav2vec2\train_set\wavs\voice-1748.wav,5.52,16000,1,2,88320,0.512420654296875,0.1013902798295021,5.053942598428188,0.41479846014492755,0.0,0.11536588955943794,../raw_data/wavs/voice-1748.wav,..\notebooks\finetune-wav2vec2\train_set\wavs\voice-1748.wav
..\notebooks\finetune-wav2vec2\train_set\wavs\voice-1749.wav,11.68,16000,1,2,186880,0.578216552734375,0.1019403487443924,5.6721068728557,0.42676048801369865,0.0,0.12681467687648157,../raw_data/wavs/voice-1749.wav,..\notebooks\finetune-wav2vec2\train_set\wavs\voice-1749.wav
..\notebooks\finetune-wav2vec2\train_set\wavs\voice-1750.wav,6.4,16000,1,2,102400,0.62835693359375,0.10110313445329666,6.215009425687111,0.421669921875,0.0,0.14030410453227082,../raw_data/wavs/voice-1750.wav,..\notebooks\finetune-wav2vec2\train_set\wavs\voice-1750.wav
..\notebooks\finetune-wav2vec2\train_set\wavs\voice-1751.wav,7.28,16000,1,2,116480,0.569091796875,0.10513678938150406,5.412870225758636,0.42239869505494504,0.0,0.11880253092832184,../raw_data/wavs/voice-1751.wav,..\notebooks\finetune-wav2vec2\train_set\wavs\voice-1751.wav
..\notebooks\finetune-wav2vec2\train_set\wavs\voice-1752.wav,9.28,16000,1,2,148480,0.6561279296875,0.101325623691082,6.475439338896939,0.4036570581896552,0.0,0.12640844833276085,../raw_data/wavs/voice-1752.wav,..\notebooks\finetune-wav2vec2\train_set\wavs\voice-1752.wav
..\notebooks\finetune-wav2vec2\train_set\wavs\voice-1753.wav,10.8,16000,1,2,172800,0.589752197265625,0.1047588437795639,5.629617280872209,0.405625,0.0,0.1315574742909392,../raw_data/wavs/voice-1753.wav,..\notebooks\finetune-wav2vec2\train_set\wavs\voice-1753.wav
..\notebooks\finetune-wav2vec2\train_set\wavs\voice-1754.wav,9.76,16000,1,2,156160,0.878814697265625,0.10508181899785995,8.363146980578271,0.40013447745901637,0.0,0.13927471359319668,../raw_data/wavs/voice-1754.wav,..\notebooks\finetune-wav2vec2\train_set\wavs\voice-1754.wav
..\notebooks\finetune-wav2vec2\train_set\wavs\voice-1755.wav,10.56,16000,1,2,168960,0.608551025390625,0.10846346616744995,5.6106544156639915,0.39016927083333336,0.0,0.12199409324155565,../raw_data/wavs/voice-1755.wav,..\notebooks\finetune-wav2vec2\train_set\wavs\voice-1755.wav
..\notebooks\finetune-wav2vec2\train_set\wavs\voice-1756.wav,13.2,16000,1,2,211200,0.607391357421875,0.10888119041919708,5.578478294399549,0.40182765151515154,0.0,0.12455551399391096,../raw_data/wavs/voice-1756.wav,..\notebooks\finetune-wav2vec2\train_set\wavs\voice-1756.wav
..\notebooks\finetune-wav2vec2\train_set\wavs\voice-1757.wav,13.12,16000,1,2,209920,0.4949951171875,0.09872201830148697,5.014029551906399,0.41854992378048783,0.0,0.1597854410510721,../raw_data/wavs/voice-1757.wav,..\notebooks\finetune-wav2vec2\train_set\wavs\voice-1757.wav
..\notebooks\finetune-wav2vec2\train_set\wavs\voice-1758.wav,8.64,16000,1,2,138240,0.60821533203125,0.10716064274311066,5.675734266444124,0.43929398148148147,0.0,0.14033666331498348,../raw_data/wavs/voice-1758.wav,..\notebooks\finetune-wav2vec2\train_set\wavs\voice-1758.wav
..\notebooks\finetune-wav2vec2\train_set\wavs\voice-1759.wav,4.16,16000,1,2,66560,0.466522216796875,0.0974767655134201,4.785983760741903,0.3728515625,0.0,0.1262639162247029,../raw_data/wavs/voice-1759.wav,..\notebooks\finetune-wav2vec2\train_set\wavs\voice-1759.wav
..\notebooks\finetune-wav2vec2\train_set\wavs\voice-1760.wav,6.64,16000,1,2,106240,0.899505615234375,0.10480494797229767,8.582663630271872,0.4257906626506024,0.0,0.12257268987848154,../raw_data/wavs/voice-1760.wav,..\notebooks\finetune-wav2vec2\train_set\wavs\voice-1760.wav
..\notebooks\finetune-wav2vec2\train_set\wavs\voice-1761.wav,5.44,16000,1,2,87040,0.579925537109375,0.10472522675991058,5.537591610461653,0.42867647058823527,0.0,0.1321821252541964,../raw_data/wavs/voice-1761.wav,..\notebooks\finetune-wav2vec2\train_set\wavs\voice-1761.wav
..\notebooks\finetune-wav2vec2\train_set\wavs\voice-1762.wav,5.04,16000,1,2,80640,0.632049560546875,0.10274504125118256,6.15163080232449,0.37300347222222224,0.0,0.09177941194707276,../raw_data/wavs/voice-1762.wav,..\notebooks\finetune-wav2vec2\train_set\wavs\voice-1762.wav
..\notebooks\finetune-wav2vec2\train_set\wavs\voice-1763.wav,19.67,16000,1,2,314720,0.61761474609375,0.10452266782522202,5.908907215480731,0.3882911794611083,0.0,0.126697148885196,../raw_data/wavs/voice-1763.wav,..\notebooks\finetune-wav2vec2\train_set\wavs\voice-1763.wav
..\notebooks\finetune-wav2vec2\train_set\wavs\voice-1764.wav,9.2,16000,1,2,147200,0.524078369140625,0.10163336992263794,5.1565580236053075,0.4378804347826087,0.0,0.1382686023682226,../raw_data/wavs/voice-1764.wav,..\notebooks\finetune-wav2vec2\train_set\wavs\voice-1764.wav
..\notebooks\finetune-wav2vec2\train_set\wavs\voice-1765.wav,7.36,16000,1,2,117760,0.61553955078125,0.10910052806138992,5.641948409588735,0.3654721467391304,0.0,0.11214429470358954,../raw_data/wavs/voice-1765.wav,..\notebooks\finetune-wav2vec2\train_set\wavs\voice-1765.wav
..\notebooks\finetune-wav2vec2\train_set\wavs\voice-1766.wav,4.8,16000,1,2,76800,0.534759521484375,0.10808560997247696,4.947555198333495,0.4083984375,0.0,0.11244938085131317,../raw_data/wavs/voice-1766.wav,..\notebooks\finetune-wav2vec2\train_set\wavs\voice-1766.wav
..\notebooks\finetune-wav2vec2\train_set\wavs\voice-1767.wav,7.36,16000,1,2,117760,0.543212890625,0.1109786331653595,4.894752035877088,0.4182065217391304,0.0,0.12703912227515518,../raw_data/wavs/voice-1767.wav,..\notebooks\finetune-wav2vec2\train_set\wavs\voice-1767.wav
..\notebooks\finetune-wav2vec2\train_set\wavs\voice-1768.wav,5.84,16000,1,2,93440,0.57989501953125,0.1025356724858284,5.655544119159097,0.44293664383561643,0.0,0.11975727479960188,../raw_data/wavs/voice-1768.wav,..\notebooks\finetune-wav2vec2\train_set\wavs\voice-1768.wav
..\notebooks\finetune-wav2vec2\train_set\wavs\voice-1769.wav,4.24,16000,1,2,67840,0.5279541015625,0.09003474563360214,5.863892854332235,0.44697818396226413,0.0,0.10280222291012545,../raw_data/wavs/voice-1769.wav,..\notebooks\finetune-wav2vec2\train_set\wavs\voice-1769.wav
..\notebooks\finetune-wav2vec2\train_set\wavs\voice-1770.wav,9.28,16000,1,2,148480,0.498992919921875,0.10122502595186234,4.929541042144772,0.3982421875,0.0,0.1230140289199146,../raw_data/wavs/voice-1770.wav,..\notebooks\finetune-wav2vec2\train_set\wavs\voice-1770.wav
..\notebooks\finetune-wav2vec2\train_set\wavs\voice-1771.wav,10.88,16000,1,2,174080,0.579803466796875,0.10182470828294754,5.694133345177224,0.4256893382352941,0.0,0.15386692248921466,../raw_data/wavs/voice-1771.wav,..\notebooks\finetune-wav2vec2\train_set\wavs\voice-1771.wav
..\notebooks\finetune-wav2vec2\train_set\wavs\voice-1772.wav,9.84,16000,1,2,157440,0.64892578125,0.09831283241510391,6.6006213564273715,0.48877032520325203,0.0,0.14284262476260648,../raw_data/wavs/voice-1772.wav,..\notebooks\finetune-wav2vec2\train_set\wavs\voice-1772.wav
..\notebooks\finetune-wav2vec2\train_set\wavs\voice-1773.wav,9.6,16000,1,2,153600,0.551666259765625,0.10772448033094406,5.121085365841007,0.3772200520833333,0.0,0.11932369351362965,../raw_data/wavs/voice-1773.wav,..\notebooks\finetune-wav2vec2\train_set\wavs\voice-1773.wav
..\notebooks\finetune-wav2vec2\train_set\wavs\voice-1774.wav,7.76,16000,1,2,124160,0.504547119140625,0.10867971181869507,4.642514326706495,0.41152545103092786,0.0,0.12009600592788279,../raw_data/wavs/voice-1774.wav,..\notebooks\finetune-wav2vec2\train_set\wavs\voice-1774.wav
..\notebooks\finetune-wav2vec2\train_set\wavs\voice-1775.wav,8.64,16000,1,2,138240,0.531494140625,0.10478030890226364,5.072462051250144,0.3909794560185185,0.0,0.13368152258045848,../raw_data/wavs/voice-1775.wav,..\notebooks\finetune-wav2vec2\train_set\wavs\voice-1775.wav
..\notebooks\finetune-wav2vec2\train_set\wavs\voice-1776.wav,10.56,16000,1,2,168960,0.529571533203125,0.10287574678659439,5.147681059381946,0.40690696022727274,0.0,0.14218834155031695,../raw_data/wavs/voice-1776.wav,..\notebooks\finetune-wav2vec2\train_set\wavs\voice-1776.wav
..\notebooks\finetune-wav2vec2\train_set\wavs\voice-1777.wav,10.48,16000,1,2,167680,0.609954833984375,0.10400451719760895,5.864695596110106,0.465636927480916,0.0,0.14758556527651048,../raw_data/wavs/voice-1777.wav,..\notebooks\finetune-wav2vec2\train_set\wavs\voice-1777.wav
..\notebooks\finetune-wav2vec2\train_set\wavs\voice-1778.wav,11.76,16000,1,2,188160,0.623321533203125,0.10460621118545532,5.958743043451257,0.39113520408163266,0.0,0.1556024426150224,../raw_data/wavs/voice-1778.wav,..\notebooks\finetune-wav2vec2\train_set\wavs\voice-1778.wav
..\notebooks\finetune-wav2vec2\train_set\wavs\voice-1779.wav,12.96,16000,1,2,207360,0.66461181640625,0.10136575251817703,6.556571622028565,0.3924672067901235,0.0,0.1228979692224596,../raw_data/wavs/voice-1779.wav,..\notebooks\finetune-wav2vec2\train_set\wavs\voice-1779.wav
..\notebooks\finetune-wav2vec2\train_set\wavs\voice-1780.wav,13.28,16000,1,2,212480,0.63153076171875,0.10215693712234497,6.181966487135548,0.4670463102409639,0.0,0.15078195962895158,../raw_data/wavs/voice-1780.wav,..\notebooks\finetune-wav2vec2\train_set\wavs\voice-1780.wav
..\notebooks\finetune-wav2vec2\train_set\wavs\voice-1781.wav,12.24,16000,1,2,195840,0.579010009765625,0.10416378825902939,5.558649694323438,0.3868106617647059,0.0,0.11484433641920148,../raw_data/wavs/voice-1781.wav,..\notebooks\finetune-wav2vec2\train_set\wavs\voice-1781.wav
..\notebooks\finetune-wav2vec2\train_set\wavs\voice-1782.wav,5.92,16000,1,2,94720,0.518157958984375,0.10732396692037582,4.827979936380836,0.37055532094594595,0.0,0.10642004244132645,../raw_data/wavs/voice-1782.wav,..\notebooks\finetune-wav2vec2\train_set\wavs\voice-1782.wav
..\notebooks\finetune-wav2vec2\train_set\wavs\voice-1783.wav,22.31,16000,1,2,356960,0.80902099609375,0.10391562432050705,7.785364341347609,0.41600459435230835,0.0,0.13267350031796368,../raw_data/wavs/voice-1783.wav,..\notebooks\finetune-wav2vec2\train_set\wavs\voice-1783.wav
..\notebooks\finetune-wav2vec2\train_set\wavs\voice-1784.wav,14.32,16000,1,2,229120,0.572662353515625,0.10263503342866898,5.579599230253319,0.4309313896648045,0.0,0.14914083947642928,../raw_data/wavs/voice-1784.wav,..\notebooks\finetune-wav2vec2\train_set\wavs\voice-1784.wav
..\notebooks\finetune-wav2vec2\train_set\wavs\voice-1785.wav,9.68,16000,1,2,154880,0.592742919921875,0.10441244393587112,5.676937514133187,0.42142303719008267,0.0,0.14583642714635295,../raw_data/wavs/voice-1785.wav,..\notebooks\finetune-wav2vec2\train_set\wavs\voice-1785.wav
..\notebooks\finetune-wav2vec2\train_set\wavs\voice-1786.wav,12.64,16000,1,2,202240,0.602020263671875,0.1047745868563652,5.745861489267246,0.4159612341772152,0.0,0.1327538209741939,../raw_data/wavs/voice-1786.wav,..\notebooks\finetune-wav2vec2\train_set\wavs\voice-1786.wav
..\notebooks\finetune-wav2vec2\train_set\wavs\voice-1787.wav,11.12,16000,1,2,177920,0.62591552734375,0.10458502918481827,5.9847526192076534,0.41538893884892086,0.0,0.10956671294240637,../raw_data/wavs/voice-1787.wav,..\notebooks\finetune-wav2vec2\train_set\wavs\voice-1787.wav
..\notebooks\finetune-wav2vec2\train_set\wavs\voice-1788.wav,6.08,16000,1,2,97280,0.62908935546875,0.09818832576274872,6.406966923835845,0.4142269736842105,0.0,0.12587506039330174,../raw_data/wavs/voice-1788.wav,..\notebooks\finetune-wav2vec2\train_set\wavs\voice-1788.wav
..\notebooks\finetune-wav2vec2\train_set\wavs\voice-1789.wav,16.55,16000,1,2,264800,0.608062744140625,0.10013338923454285,6.07252734366513,0.44806268882175226,0.0,0.14966823892839473,../raw_data/wavs/voice-1789.wav,..\notebooks\finetune-wav2vec2\train_set\wavs\voice-1789.wav
..\notebooks\finetune-wav2vec2\train_set\wavs\voice-1790.wav,6.32,16000,1,2,101120,0.59228515625,0.10860191285610199,5.453726740842773,0.36418117088607593,0.0,0.12286513909354325,../raw_data/wavs/voice-1790.wav,..\notebooks\finetune-wav2vec2\train_set\wavs\voice-1790.wav
..\notebooks\finetune-wav2vec2\train_set\wavs\voice-1791.wav,12.8,16000,1,2,204800,0.552825927734375,0.10399790108203888,5.315741202298665,0.4397705078125,0.0,0.13046938705755398,../raw_data/wavs/voice-1791.wav,..\notebooks\finetune-wav2vec2\train_set\wavs\voice-1791.wav
..\notebooks\finetune-wav2vec2\train_set\wavs\voice-1792.wav,5.36,16000,1,2,85760,0.49530029296875,0.09887730330228806,5.009241518799477,0.3863339552238806,0.0,0.1255378444244919,../raw_data/wavs/voice-1792.wav,..\notebooks\finetune-wav2vec2\train_set\wavs\voice-1792.wav
..\notebooks\finetune-wav2vec2\train_set\wavs\voice-1793.wav,10.16,16000,1,2,162560,0.5867919921875,0.10474341362714767,5.602185109951521,0.4081569881889764,0.0,0.12608345277714553,../raw_data/wavs/voice-1793.wav,..\notebooks\finetune-wav2vec2\train_set\wavs\voice-1793.wav
..\notebooks\finetune-wav2vec2\train_set\wavs\voice-1794.wav,4.48,16000,1,2,71680,0.477386474609375,0.10367590934038162,4.604603689002163,0.401953125,0.0,0.13076354301817827,../raw_data/wavs/voice-1794.wav,..\notebooks\finetune-wav2vec2\train_set\wavs\voice-1794.wav
..\notebooks\finetune-wav2vec2\train_set\wavs\voice-1795.wav,6.0,16000,1,2,96000,0.566741943359375,0.09927352517843246,5.7088931045887925,0.42534375,0.0,0.13416806425066927,../raw_data/wavs/voice-1795.wav,..\notebooks\finetune-wav2vec2\train_set\wavs\voice-1795.wav
..\notebooks\finetune-wav2vec2\train_set\wavs\voice-1796.wav,9.2,16000,1,2,147200,0.501495361328125,0.10559007525444031,4.749455477891005,0.40617527173913043,0.0,0.13950502381130306,../raw_data/wavs/voice-1796.wav,..\notebooks\finetune-wav2vec2\train_set\wavs\voice-1796.wav
..\notebooks\finetune-wav2vec2\train_set\wavs\voice-1797.wav,8.96,16000,1,2,143360,0.60382080078125,0.10051993280649185,6.006975770105704,0.4055245535714286,0.0,0.12839096254856688,../raw_data/wavs/voice-1797.wav,..\notebooks\finetune-wav2vec2\train_set\wavs\voice-1797.wav
..\notebooks\finetune-wav2vec2\train_set\wavs\voice-1798.wav,9.52,16000,1,2,152320,0.58221435546875,0.10948904603719711,5.317558025585064,0.39068408613445377,0.0,0.1218167136076261,../raw_data/wavs/voice-1798.wav,..\notebooks\finetune-wav2vec2\train_set\wavs\voice-1798.wav
..\notebooks\finetune-wav2vec2\train_set\wavs\voice-1799.wav,3.84,16000,1,2,61440,0.4781494140625,0.09883243590593338,4.837980665756255,0.388916015625,0.0,0.13209850420742525,../raw_data/wavs/voice-1799.wav,..\notebooks\finetune-wav2vec2\train_set\wavs\voice-1799.wav
..\notebooks\finetune-wav2vec2\train_set\wavs\voice-1800.wav,13.68,16000,1,2,218880,0.581817626953125,0.10418254882097244,5.584597742496412,0.4386832967836257,0.0,0.14894987641573654,../raw_data/wavs/voice-1800.wav,..\notebooks\finetune-wav2vec2\train_set\wavs\voice-1800.wav
..\notebooks\finetune-wav2vec2\train_set\wavs\voice-1801.wav,8.32,16000,1,2,133120,0.5914306640625,0.09862782061100006,5.996590621171418,0.4558819110576923,0.0,0.16035276707306995,../raw_data/wavs/voice-1801.wav,..\notebooks\finetune-wav2vec2\train_set\wavs\voice-1801.wav
..\notebooks\finetune-wav2vec2\train_set\wavs\voice-1802.wav,3.84,16000,1,2,61440,0.46630859375,0.10556986182928085,4.417061703690368,0.384423828125,0.0,0.13476781848662903,../raw_data/wavs/voice-1802.wav,..\notebooks\finetune-wav2vec2\train_set\wavs\voice-1802.wav
..\notebooks\finetune-wav2vec2\train_set\wavs\voice-1803.wav,11.44,16000,1,2,183040,0.62408447265625,0.10382381826639175,6.010995194329787,0.43118444055944055,0.0,0.14447194313780123,../raw_data/wavs/voice-1803.wav,..\notebooks\finetune-wav2vec2\train_set\wavs\voice-1803.wav
..\notebooks\finetune-wav2vec2\train_set\wavs\voice-1804.wav,10.0,16000,1,2,160000,0.6353759765625,0.1052563264966011,6.036463533458175,0.40234375,0.0,0.1263382896143101,../raw_data/wavs/voice-1804.wav,..\notebooks\finetune-wav2vec2\train_set\wavs\voice-1804.wav
..\notebooks\finetune-wav2vec2\train_set\wavs\voice-1805.wav,12.32,16000,1,2,197120,0.5806884765625,0.10319752246141434,5.626961410625144,0.42096185064935066,0.0,0.1299164464105439,../raw_data/wavs/voice-1805.wav,..\notebooks\finetune-wav2vec2\train_set\wavs\voice-1805.wav
..\notebooks\finetune-wav2vec2\train_set\wavs\voice-1806.wav,8.48,16000,1,2,135680,0.5955810546875,0.10843442380428314,5.4925459442887234,0.3942364386792453,0.0,0.11709254932598265,../raw_data/wavs/voice-1806.wav,..\notebooks\finetune-wav2vec2\train_set\wavs\voice-1806.wav
..\notebooks\finetune-wav2vec2\train_set\wavs\voice-1807.wav,13.44,16000,1,2,215040,0.524871826171875,0.10457024723291397,5.019322800325838,0.3953264508928571,0.0,0.12573533173052331,../raw_data/wavs/voice-1807.wav,..\notebooks\finetune-wav2vec2\train_set\wavs\voice-1807.wav
..\notebooks\finetune-wav2vec2\train_set\wavs\voice-1808.wav,6.96,16000,1,2,111360,0.552520751953125,0.10624813288450241,5.200286696367131,0.3989403735632184,0.0,0.1468493790353721,../raw_data/wavs/voice-1808.wav,..\notebooks\finetune-wav2vec2\train_set\wavs\voice-1808.wav
..\notebooks\finetune-wav2vec2\train_set\wavs\voice-1809.wav,7.84,16000,1,2,125440,0.53228759765625,0.11037853360176086,4.82238330486172,0.3778698979591837,0.0,0.11143264853833337,../raw_data/wavs/voice-1809.wav,..\notebooks\finetune-wav2vec2\train_set\wavs\voice-1809.wav
..\notebooks\finetune-wav2vec2\train_set\wavs\voice-1810.wav,7.92,16000,1,2,126720,0.594451904296875,0.106297068297863,5.592364058725652,0.42574968434343435,0.0,0.16812001357333944,../raw_data/wavs/voice-1810.wav,..\notebooks\finetune-wav2vec2\train_set\wavs\voice-1810.wav
..\notebooks\finetune-wav2vec2\train_set\wavs\voice-1811.wav,6.64,16000,1,2,106240,0.47369384765625,0.09333904832601547,5.074980473356958,0.46170933734939756,0.0,0.14683873153926524,../raw_data/wavs/voice-1811.wav,..\notebooks\finetune-wav2vec2\train_set\wavs\voice-1811.wav
..\notebooks\finetune-wav2vec2\train_set\wavs\voice-1812.wav,12.16,16000,1,2,194560,0.746856689453125,0.10724614560604095,6.963949009381052,0.4041786595394737,0.0,0.12677388350063476,../raw_data/wavs/voice-1812.wav,..\notebooks\finetune-wav2vec2\train_set\wavs\voice-1812.wav
..\notebooks\finetune-wav2vec2\train_set\wavs\voice-1813.wav,9.52,16000,1,2,152320,0.541839599609375,0.10871425271034241,4.9840714175081455,0.403125,0.0,0.1165054917639953,../raw_data/wavs/voice-1813.wav,..\notebooks\finetune-wav2vec2\train_set\wavs\voice-1813.wav
..\notebooks\finetune-wav2vec2\train_set\wavs\voice-1814.wav,7.44,16000,1,2,119040,0.532623291015625,0.09751132875680923,5.462168322451783,0.4461693548387097,0.0,0.132536395635044,../raw_data/wavs/voice-1814.wav,..\notebooks\finetune-wav2vec2\train_set\wavs\voice-1814.wav
..\notebooks\finetune-wav2vec2\train_set\wavs\voice-1815.wav,8.8,16000,1,2,140800,0.703704833984375,0.09773813188076019,7.199900596042594,0.44930397727272725,0.0,0.15243716219575423,../raw_data/wavs/voice-1815.wav,..\notebooks\finetune-wav2vec2\train_set\wavs\voice-1815.wav
..\notebooks\finetune-wav2vec2\train_set\wavs\voice-1816.wav,9.36,16000,1,2,149760,0.5743408203125,0.10659159719944,5.388237303901826,0.4261351495726496,0.0,0.13074339438698174,../raw_data/wavs/voice-1816.wav,..\notebooks\finetune-wav2vec2\train_set\wavs\voice-1816.wav
..\notebooks\finetune-wav2vec2\train_set\wavs\voice-1817.wav,8.8,16000,1,2,140800,0.721405029296875,0.10991896688938141,6.563062315013129,0.3537571022727273,0.0,0.11876504804721624,../raw_data/wavs/voice-1817.wav,..\notebooks\finetune-wav2vec2\train_set\wavs\voice-1817.wav
..\notebooks\finetune-wav2vec2\train_set\wavs\voice-1818.wav,12.08,16000,1,2,193280,0.561492919921875,0.10499484091997147,5.347814378326005,0.4042684188741722,0.0,0.12957951976158816,../raw_data/wavs/voice-1818.wav,..\notebooks\finetune-wav2vec2\train_set\wavs\voice-1818.wav
..\notebooks\finetune-wav2vec2\train_set\wavs\voice-1819.wav,10.64,16000,1,2,170240,0.582855224609375,0.10222643613815308,5.701609550602743,0.38416940789473686,0.0,0.12327375043321448,../raw_data/wavs/voice-1819.wav,..\notebooks\finetune-wav2vec2\train_set\wavs\voice-1819.wav
..\notebooks\finetune-wav2vec2\train_set\wavs\voice-1820.wav,14.96,16000,1,2,239360,0.653900146484375,0.10322301089763641,6.3348292284637076,0.45192179144385025,0.0,0.14206693711120116,../raw_data/wavs/voice-1820.wav,..\notebooks\finetune-wav2vec2\train_set\wavs\voice-1820.wav
..\notebooks\finetune-wav2vec2\train_set\wavs\voice-1821.wav,10.64,16000,1,2,170240,0.52886962890625,0.09791915863752365,5.401084284884589,0.4082589285714286,0.0,0.1358325648059493,../raw_data/wavs/voice-1821.wav,..\notebooks\finetune-wav2vec2\train_set\wavs\voice-1821.wav
..\notebooks\finetune-wav2vec2\train_set\wavs\voice-1822.wav,10.08,16000,1,2,161280,0.603515625,0.1115000918507576,5.4126917295081975,0.40504712301587303,0.0,0.1301595371995114,../raw_data/wavs/voice-1822.wav,..\notebooks\finetune-wav2vec2\train_set\wavs\voice-1822.wav
..\notebooks\finetune-wav2vec2\train_set\wavs\voice-1823.wav,11.28,16000,1,2,180480,0.58233642578125,0.10383664071559906,5.608197855477882,0.44512411347517733,0.0,0.15010610652762926,../raw_data/wavs/voice-1823.wav,..\notebooks\finetune-wav2vec2\train_set\wavs\voice-1823.wav
..\notebooks\finetune-wav2vec2\train_set\wavs\voice-1824.wav,7.28,16000,1,2,116480,0.565093994140625,0.10768753290176392,5.247534035867663,0.3424107142857143,0.0,0.10193253719554597,../raw_data/wavs/voice-1824.wav,..\notebooks\finetune-wav2vec2\train_set\wavs\voice-1824.wav
..\notebooks\finetune-wav2vec2\train_set\wavs\voice-1825.wav,4.72,16000,1,2,75520,0.543487548828125,0.10811120271682739,5.027115924809999,0.3458156779661017,0.0,0.10667514135515566,../raw_data/wavs/voice-1825.wav,..\notebooks\finetune-wav2vec2\train_set\wavs\voice-1825.wav
..\notebooks\finetune-wav2vec2\train_set\wavs\voice-1826.wav,10.8,16000,1,2,172800,0.673431396484375,0.10666370391845703,6.313594706960526,0.39012152777777775,0.0,0.11322403486131286,../raw_data/wavs/voice-1826.wav,..\notebooks\finetune-wav2vec2\train_set\wavs\voice-1826.wav
..\notebooks\finetune-wav2vec2\train_set\wavs\voice-1827.wav,5.52,16000,1,2,88320,0.504302978515625,0.10380212217569351,4.858310870196385,0.38611865942028983,0.0,0.09707990353151644,../raw_data/wavs/voice-1827.wav,..\notebooks\finetune-wav2vec2\train_set\wavs\voice-1827.wav
..\notebooks\finetune-wav2vec2\train_set\wavs\voice-1828.wav,13.04,16000,1,2,208640,0.689727783203125,0.10497500747442245,6.570399943731175,0.38378546779141104,0.0,0.11137898475356957,../raw_data/wavs/voice-1828.wav,..\notebooks\finetune-wav2vec2\train_set\wavs\voice-1828.wav
..\notebooks\finetune-wav2vec2\train_set\wavs\voice-1829.wav,13.76,16000,1,2,220160,0.710601806640625,0.10391169786453247,6.838515982743559,0.44924600290697675,0.0,0.14372794207822528,../raw_data/wavs/voice-1829.wav,..\notebooks\finetune-wav2vec2\train_set\wavs\voice-1829.wav
..\notebooks\finetune-wav2vec2\train_set\wavs\voice-1830.wav,6.96,16000,1,2,111360,0.509918212890625,0.09731034189462662,5.240123536332804,0.4726921695402299,0.0,0.14065320270476567,../raw_data/wavs/voice-1830.wav,..\notebooks\finetune-wav2vec2\train_set\wavs\voice-1830.wav
..\notebooks\finetune-wav2vec2\train_set\wavs\voice-1831.wav,13.76,16000,1,2,220160,0.671630859375,0.10090915113687515,6.655797336596229,0.42638535610465117,0.0,0.13465722500556415,../raw_data/wavs/voice-1831.wav,..\notebooks\finetune-wav2vec2\train_set\wavs\voice-1831.wav
..\notebooks\finetune-wav2vec2\train_set\wavs\voice-1832.wav,11.6,16000,1,2,185600,0.8187255859375,0.1003950834274292,8.155036661026509,0.4485883620689655,0.0,0.1413315804503257,../raw_data/wavs/voice-1832.wav,..\notebooks\finetune-wav2vec2\train_set\wavs\voice-1832.wav
..\notebooks\finetune-wav2vec2\train_set\wavs\voice-1833.wav,6.16,16000,1,2,98560,0.482330322265625,0.10044225305318832,4.802065939423035,0.41161728896103894,0.0,0.12392577035075437,../raw_data/wavs/voice-1833.wav,..\notebooks\finetune-wav2vec2\train_set\wavs\voice-1833.wav
..\notebooks\finetune-wav2vec2\train_set\wavs\voice-1834.wav,8.4,16000,1,2,134400,0.471923828125,0.09849807620048523,4.791198430763617,0.3890401785714286,0.0,0.1078133021823079,../raw_data/wavs/voice-1834.wav,..\notebooks\finetune-wav2vec2\train_set\wavs\voice-1834.wav
..\notebooks\finetune-wav2vec2\train_set\wavs\voice-1835.wav,10.4,16000,1,2,166400,0.61260986328125,0.10652678459882736,5.750758981305004,0.40615985576923075,0.0,0.1368818322225494,../raw_data/wavs/voice-1835.wav,..\notebooks\finetune-wav2vec2\train_set\wavs\voice-1835.wav
..\notebooks\finetune-wav2vec2\train_set\wavs\voice-1836.wav,9.76,16000,1,2,156160,0.515533447265625,0.10622288286685944,4.853318167911132,0.3954789959016393,0.0,0.12510966386823685,../raw_data/wavs/voice-1836.wav,..\notebooks\finetune-wav2vec2\train_set\wavs\voice-1836.wav
..\notebooks\finetune-wav2vec2\train_set\wavs\voice-1837.wav,9.28,16000,1,2,148480,0.66424560546875,0.11210419237613678,5.925252137226454,0.39071928879310347,0.0,0.12299382404245718,../raw_data/wavs/voice-1837.wav,..\notebooks\finetune-wav2vec2\train_set\wavs\voice-1837.wav
..\notebooks\finetune-wav2vec2\train_set\wavs\voice-1838.wav,10.08,16000,1,2,161280,0.5111083984375,0.10495830327272415,4.869632820849185,0.3863095238095238,0.0,0.12392189931733208,../raw_data/wavs/voice-1838.wav,..\notebooks\finetune-wav2vec2\train_set\wavs\voice-1838.wav
..\notebooks\finetune-wav2vec2\train_set\wavs\voice-1839.wav,8.8,16000,1,2,140800,0.479217529296875,0.09793221205472946,4.893359592746298,0.4412002840909091,0.0,0.1411373660324292,../raw_data/wavs/voice-1839.wav,..\notebooks\finetune-wav2vec2\train_set\wavs\voice-1839.wav
..\notebooks\finetune-wav2vec2\train_set\wavs\voice-1840.wav,11.2,16000,1,2,179200,0.584869384765625,0.10414941608905792,5.615676080848159,0.4386495535714286,0.0,0.12839357362485282,../raw_data/wavs/voice-1840.wav,..\notebooks\finetune-wav2vec2\train_set\wavs\voice-1840.wav
..\notebooks\finetune-wav2vec2\train_set\wavs\voice-1841.wav,5.52,16000,1,2,88320,0.536834716796875,0.10188588500022888,5.268980259588156,0.3909759963768116,0.0,0.12398238204689818,../raw_data/wavs/voice-1841.wav,..\notebooks\finetune-wav2vec2\train_set\wavs\voice-1841.wav
..\notebooks\finetune-wav2vec2\train_set\wavs\voice-1842.wav,11.84,16000,1,2,189440,0.60418701171875,0.10157951712608337,5.947921675674201,0.4297772381756757,0.0,0.12929227878103242,../raw_data/wavs/voice-1842.wav,..\notebooks\finetune-wav2vec2\train_set\wavs\voice-1842.wav
..\notebooks\finetune-wav2vec2\train_set\wavs\voice-1843.wav,13.6,16000,1,2,217600,0.73089599609375,0.10853657871484756,6.73409835419628,0.3940625,0.0,0.12995004572631308,../raw_data/wavs/voice-1843.wav,..\notebooks\finetune-wav2vec2\train_set\wavs\voice-1843.wav
..\notebooks\finetune-wav2vec2\train_set\wavs\voice-1844.wav,8.64,16000,1,2,138240,0.590972900390625,0.10136310011148453,5.830256767409852,0.4505280671296296,0.0,0.1526993106142261,../raw_data/wavs/voice-1844.wav,..\notebooks\finetune-wav2vec2\train_set\wavs\voice-1844.wav
..\notebooks\finetune-wav2vec2\train_set\wavs\voice-1845.wav,8.08,16000,1,2,129280,0.5494384765625,0.0987992063164711,5.561162857954067,0.40173267326732676,0.0,0.0941684264265658,../raw_data/wavs/voice-1845.wav,..\notebooks\finetune-wav2vec2\train_set\wavs\voice-1845.wav
..\notebooks\finetune-wav2vec2\train_set\wavs\voice-1846.wav,6.4,16000,1,2,102400,0.6072998046875,0.09705808758735657,6.257075734579082,0.398017578125,0.0,0.11161241809002041,../raw_data/wavs/voice-1846.wav,..\notebooks\finetune-wav2vec2\train_set\wavs\voice-1846.wav
..\notebooks\finetune-wav2vec2\train_set\wavs\voice-1847.wav,10.16,16000,1,2,162560,0.577423095703125,0.10156972706317902,5.684992097536629,0.4105807086614173,0.0,0.13272104282137562,../raw_data/wavs/voice-1847.wav,..\notebooks\finetune-wav2vec2\train_set\wavs\voice-1847.wav
..\notebooks\finetune-wav2vec2\train_set\wavs\voice-1848.wav,12.56,16000,1,2,200960,0.641510009765625,0.10176176577806473,6.304037718495504,0.4369078423566879,0.0,0.15434989226658175,../raw_data/wavs/voice-1848.wav,..\notebooks\finetune-wav2vec2\train_set\wavs\voice-1848.wav
..\notebooks\finetune-wav2vec2\train_set\wavs\voice-1849.wav,10.8,16000,1,2,172800,0.622894287109375,0.10419530421495438,5.978141642778328,0.38477430555555553,0.0,0.11686410222281379,../raw_data/wavs/voice-1849.wav,..\notebooks\finetune-wav2vec2\train_set\wavs\voice-1849.wav
..\notebooks\finetune-wav2vec2\train_set\wavs\voice-1850.wav,9.2,16000,1,2,147200,0.513336181640625,0.1008206382393837,5.091578377254309,0.4332744565217391,0.0,0.13757566287814454,../raw_data/wavs/voice-1850.wav,..\notebooks\finetune-wav2vec2\train_set\wavs\voice-1850.wav
..\notebooks\finetune-wav2vec2\train_set\wavs\voice-1851.wav,8.88,16000,1,2,142080,0.614410400390625,0.1060304194688797,5.794661602474907,0.4431447072072072,0.0,0.14116090344104337,../raw_data/wavs/voice-1851.wav,..\notebooks\finetune-wav2vec2\train_set\wavs\voice-1851.wav
..\notebooks\finetune-wav2vec2\train_set\wavs\voice-1852.wav,12.32,16000,1,2,197120,0.58929443359375,0.10096549242734909,5.8365924775515134,0.4494926948051948,0.0,0.12688274595548882,../raw_data/wavs/voice-1852.wav,..\notebooks\finetune-wav2vec2\train_set\wavs\voice-1852.wav
..\notebooks\finetune-wav2vec2\train_set\wavs\voice-1853.wav,13.12,16000,1,2,209920,0.603546142578125,0.1100625991821289,5.483662452668336,0.4190596417682927,0.0,0.1264678280670163,../raw_data/wavs/voice-1853.wav,..\notebooks\finetune-wav2vec2\train_set\wavs\voice-1853.wav
..\notebooks\finetune-wav2vec2\train_set\wavs\voice-1854.wav,10.72,16000,1,2,171520,0.6337890625,0.09999663382768631,6.338103976501269,0.41661030783582087,0.0,0.14661349471487123,../raw_data/wavs/voice-1854.wav,..\notebooks\finetune-wav2vec2\train_set\wavs\voice-1854.wav
..\notebooks\finetune-wav2vec2\train_set\wavs\voice-1855.wav,9.84,16000,1,2,157440,0.5494384765625,0.09896128624677658,5.552054721604799,0.528125,0.0,0.1583279873474806,../raw_data/wavs/voice-1855.wav,..\notebooks\finetune-wav2vec2\train_set\wavs\voice-1855.wav
..\notebooks\finetune-wav2vec2\train_set\wavs\voice-1856.wav,8.0,16000,1,2,128000,0.570404052734375,0.10210482031106949,5.58645567365575,0.39478125,0.0,0.1290713208696943,../raw_data/wavs/voice-1856.wav,..\notebooks\finetune-wav2vec2\train_set\wavs\voice-1856.wav
..\notebooks\finetune-wav2vec2\train_set\wavs\voice-1857.wav,6.88,16000,1,2,110080,0.55462646484375,0.0996699184179306,5.5646324753484775,0.4032249273255814,0.0,0.10339846837271414,../raw_data/wavs/voice-1857.wav,..\notebooks\finetune-wav2vec2\train_set\wavs\voice-1857.wav
..\notebooks\finetune-wav2vec2\train_set\wavs\voice-1858.wav,11.04,16000,1,2,176640,0.518707275390625,0.10429046303033829,4.973678899476476,0.4160326086956522,0.0,0.12320608699098161,../raw_data/wavs/voice-1858.wav,..\notebooks\finetune-wav2vec2\train_set\wavs\voice-1858.wav
..\notebooks\finetune-wav2vec2\train_set\wavs\voice-1859.wav,9.28,16000,1,2,148480,0.78826904296875,0.10119639337062836,7.789497399198225,0.391924838362069,0.0,0.12436102075040915,../raw_data/wavs/voice-1859.wav,..\notebooks\finetune-wav2vec2\train_set\wavs\voice-1859.wav
..\notebooks\finetune-wav2vec2\train_set\wavs\voice-1860.wav,10.08,16000,1,2,161280,0.6240234375,0.10800659656524658,5.77764189729864,0.404656498015873,0.0,0.11839111105599613,../raw_data/wavs/voice-1860.wav,..\notebooks\finetune-wav2vec2\train_set\wavs\voice-1860.wav
..\notebooks\finetune-wav2vec2\train_set\wavs\voice-1861.wav,6.56,16000,1,2,104960,0.53472900390625,0.09870059788227081,5.417687586290713,0.4339939024390244,0.0,0.11666460236854391,../raw_data/wavs/voice-1861.wav,..\notebooks\finetune-wav2vec2\train_set\wavs\voice-1861.wav
..\notebooks\finetune-wav2vec2\train_set\wavs\voice-1862.wav,9.68,16000,1,2,154880,0.7391357421875,0.10407264530658722,7.102113528584603,0.4239282024793388,0.0,0.12361908328437038,../raw_data/wavs/voice-1862.wav,..\notebooks\finetune-wav2vec2\train_set\wavs\voice-1862.wav
..\notebooks\finetune-wav2vec2\train_set\wavs\voice-1863.wav,11.2,16000,1,2,179200,0.585723876953125,0.10695702582597733,5.476254340749128,0.4441796875,0.0,0.14481665634294835,../raw_data/wavs/voice-1863.wav,..\notebooks\finetune-wav2vec2\train_set\wavs\voice-1863.wav
..\notebooks\finetune-wav2vec2\train_set\wavs\voice-1864.wav,11.92,16000,1,2,190720,0.620758056640625,0.10847623646259308,5.722525752031294,0.3729026845637584,0.0,0.10668050902112532,../raw_data/wavs/voice-1864.wav,..\notebooks\finetune-wav2vec2\train_set\wavs\voice-1864.wav
..\notebooks\finetune-wav2vec2\train_set\wavs\voice-1865.wav,9.52,16000,1,2,152320,0.642974853515625,0.09869404882192612,6.514829021512187,0.45451680672268907,0.0,0.15376939186838148,../raw_data/wavs/voice-1865.wav,..\notebooks\finetune-wav2vec2\train_set\wavs\voice-1865.wav
..\notebooks\finetune-wav2vec2\train_set\wavs\voice-1866.wav,12.64,16000,1,2,202240,0.6041259765625,0.10345025360584259,5.83977279421943,0.3811807753164557,0.0,0.13775780141317945,../raw_data/wavs/voice-1866.wav,..\notebooks\finetune-wav2vec2\train_set\wavs\voice-1866.wav
..\notebooks\finetune-wav2vec2\train_set\wavs\voice-1867.wav,10.72,16000,1,2,171520,0.563873291015625,0.10142636299133301,5.559435184162214,0.40181902985074625,0.0,0.1395064103685306,../raw_data/wavs/voice-1867.wav,..\notebooks\finetune-wav2vec2\train_set\wavs\voice-1867.wav
..\notebooks\finetune-wav2vec2\train_set\wavs\voice-1868.wav,17.68,16000,1,2,282880,0.634063720703125,0.10973402112722397,5.7781872402907855,0.39368636877828056,0.0,0.11694045864132721,../raw_data/wavs/voice-1868.wav,..\notebooks\finetune-wav2vec2\train_set\wavs\voice-1868.wav
..\notebooks\finetune-wav2vec2\train_set\wavs\voice-1869.wav,3.92,16000,1,2,62720,0.53082275390625,0.10396260023117065,5.105901090641399,0.3497927295918367,0.0,0.1070967330474019,../raw_data/wavs/voice-1869.wav,..\notebooks\finetune-wav2vec2\train_set\wavs\voice-1869.wav
..\notebooks\finetune-wav2vec2\train_set\wavs\voice-1870.wav,7.84,16000,1,2,125440,0.495635986328125,0.10047265142202377,4.933043761792085,0.4443478954081633,0.0,0.1293297937642998,../raw_data/wavs/voice-1870.wav,..\notebooks\finetune-wav2vec2\train_set\wavs\voice-1870.wav
..\notebooks\finetune-wav2vec2\train_set\wavs\voice-1871.wav,6.88,16000,1,2,110080,0.56134033203125,0.09839651733636856,5.704880083431283,0.40313408430232556,0.0,0.12512831693601867,../raw_data/wavs/voice-1871.wav,..\notebooks\finetune-wav2vec2\train_set\wavs\voice-1871.wav
..\notebooks\finetune-wav2vec2\train_set\wavs\voice-1872.wav,13.44,16000,1,2,215040,0.634063720703125,0.10776679962873459,5.883664754706702,0.39906529017857145,0.0,0.12189416803463558,../raw_data/wavs/voice-1872.wav,..\notebooks\finetune-wav2vec2\train_set\wavs\voice-1872.wav
..\notebooks\finetune-wav2vec2\train_set\wavs\voice-1873.wav,5.52,16000,1,2,88320,0.7142333984375,0.10947230458259583,6.52432961159247,0.46226222826086955,0.0,0.1436950146627566,../raw_data/wavs/voice-1873.wav,..\notebooks\finetune-wav2vec2\train_set\wavs\voice-1873.wav
..\notebooks\finetune-wav2vec2\train_set\wavs\voice-1874.wav,3.44,16000,1,2,55040,0.60272216796875,0.10105479508638382,5.9643104263734354,0.3587572674418605,0.0,0.12881774741546903,../raw_data/wavs/voice-1874.wav,..\notebooks\finetune-wav2vec2\train_set\wavs\voice-1874.wav
..\notebooks\finetune-wav2vec2\train_set\wavs\voice-1875.wav,8.64,16000,1,2,138240,0.674560546875,0.10111727565526962,6.671071214128839,0.42194010416666666,0.0,0.1387379827689726,../raw_data/wavs/voice-1875.wav,..\notebooks\finetune-wav2vec2\train_set\wavs\voice-1875.wav
..\notebooks\finetune-wav2vec2\train_set\wavs\voice-1876.wav,12.0,16000,1,2,192000,0.58282470703125,0.09966623038053513,5.847765133746606,0.45339583333333333,0.0,0.15184454085698362,../raw_data/wavs/voice-1876.wav,..\notebooks\finetune-wav2vec2\train_set\wavs\voice-1876.wav
..\notebooks\finetune-wav2vec2\train_set\wavs\voice-1877.wav,6.4,16000,1,2,102400,0.578155517578125,0.10514089465141296,5.498864352400251,0.358310546875,0.0,0.10567486010605573,../raw_data/wavs/voice-1877.wav,..\notebooks\finetune-wav2vec2\train_set\wavs\voice-1877.wav
..\notebooks\finetune-wav2vec2\train_set\wavs\voice-1878.wav,8.4,16000,1,2,134400,0.62054443359375,0.10868199169635773,5.709726366880212,0.35879464285714285,0.0,0.09416736731672111,../raw_data/wavs/voice-1878.wav,..\notebooks\finetune-wav2vec2\train_set\wavs\voice-1878.wav
..\notebooks\finetune-wav2vec2\train_set\wavs\voice-1879.wav,9.28,16000,1,2,148480,0.547210693359375,0.10247015208005905,5.340195971719101,0.4031990840517241,0.0,0.10167767832488096,../raw_data/wavs/voice-1879.wav,..\notebooks\finetune-wav2vec2\train_set\wavs\voice-1879.wav
..\notebooks\finetune-wav2vec2\train_set\wavs\voice-1880.wav,10.48,16000,1,2,167680,0.6102294921875,0.10221870243549347,5.969841894369514,0.37631798664122135,0.0,0.11740289481688226,../raw_data/wavs/voice-1880.wav,..\notebooks\finetune-wav2vec2\train_set\wavs\voice-1880.wav
..\notebooks\finetune-wav2vec2\train_set\wavs\voice-1881.wav,5.6,16000,1,2,89600,0.65020751953125,0.10250595211982727,6.343119653882843,0.4069196428571429,0.0,0.12972242993783412,../raw_data/wavs/voice-1881.wav,..\notebooks\finetune-wav2vec2\train_set\wavs\voice-1881.wav
..\notebooks\finetune-wav2vec2\train_set\wavs\voice-1882.wav,6.48,16000,1,2,103680,0.562957763671875,0.1063503548502922,5.293426283949331,0.3990547839506173,0.0,0.11461337397158537,../raw_data/wavs/voice-1882.wav,..\notebooks\finetune-wav2vec2\train_set\wavs\voice-1882.wav
..\notebooks\finetune-wav2vec2\train_set\wavs\voice-1883.wav,11.84,16000,1,2,189440,0.673614501953125,0.10550379753112793,6.384741760166322,0.4175200591216216,0.0,0.13444433300429162,../raw_data/wavs/voice-1883.wav,..\notebooks\finetune-wav2vec2\train_set\wavs\voice-1883.wav
..\notebooks\finetune-wav2vec2\train_set\wavs\voice-1884.wav,11.28,16000,1,2,180480,0.597991943359375,0.10357274115085602,5.77364214478389,0.42185283687943265,0.0,0.15640046764443508,../raw_data/wavs/voice-1884.wav,..\notebooks\finetune-wav2vec2\train_set\wavs\voice-1884.wav
..\notebooks\finetune-wav2vec2\train_set\wavs\voice-1885.wav,12.16,16000,1,2,194560,0.5550537109375,0.10699419677257538,5.1876992180922725,0.4047286184210526,0.0,0.11440745480805309,../raw_data/wavs/voice-1885.wav,..\notebooks\finetune-wav2vec2\train_set\wavs\voice-1885.wav
..\notebooks\finetune-wav2vec2\train_set\wavs\voice-1886.wav,10.24,16000,1,2,163840,0.62738037109375,0.10669290274381638,5.880244655074878,0.385479736328125,0.0,0.13073199909667418,../raw_data/wavs/voice-1886.wav,..\notebooks\finetune-wav2vec2\train_set\wavs\voice-1886.wav
..\notebooks\finetune-wav2vec2\train_set\wavs\voice-1887.wav,16.56,16000,1,2,264960,0.712554931640625,0.10485485196113586,6.79563146877296,0.40734827898550724,0.0,0.1260949807328681,../raw_data/wavs/voice-1887.wav,..\notebooks\finetune-wav2vec2\train_set\wavs\voice-1887.wav
..\notebooks\finetune-wav2vec2\train_set\wavs\voice-1888.wav,13.68,16000,1,2,218880,0.629974365234375,0.10209468007087708,6.170491594635769,0.3782574926900585,0.0,0.12422845499111382,../raw_data/wavs/voice-1888.wav,..\notebooks\finetune-wav2vec2\train_set\wavs\voice-1888.wav
..\notebooks\finetune-wav2vec2\train_set\wavs\voice-1889.wav,15.44,16000,1,2,247040,0.610382080078125,0.10344751924276352,5.900403262892389,0.4200331930051813,0.0,0.14220426734240343,../raw_data/wavs/voice-1889.wav,..\notebooks\finetune-wav2vec2\train_set\wavs\voice-1889.wav
..\notebooks\finetune-wav2vec2\train_set\wavs\voice-1890.wav,11.6,16000,1,2,185600,0.63189697265625,0.10381298512220383,6.086877974970185,0.43017780172413794,0.0,0.15820128341208736,../raw_data/wavs/voice-1890.wav,..\notebooks\finetune-wav2vec2\train_set\wavs\voice-1890.wav
..\notebooks\finetune-wav2vec2\train_set\wavs\voice-1891.wav,9.12,16000,1,2,145920,0.5941162109375,0.10380011051893234,5.723656824326191,0.4353961074561403,0.0,0.12136185143812663,../raw_data/wavs/voice-1891.wav,..\notebooks\finetune-wav2vec2\train_set\wavs\voice-1891.wav
..\notebooks\finetune-wav2vec2\train_set\wavs\voice-1892.wav,4.08,16000,1,2,65280,0.50152587890625,0.0970848947763443,5.165848714793599,0.35997242647058825,0.0,0.0748479602935094,../raw_data/wavs/voice-1892.wav,..\notebooks\finetune-wav2vec2\train_set\wavs\voice-1892.wav
..\notebooks\finetune-wav2vec2\train_set\wavs\voice-1893.wav,11.52,16000,1,2,184320,0.61688232421875,0.10206307470798492,6.044128358700996,0.4039116753472222,0.0,0.12887439710501902,../raw_data/wavs/voice-1893.wav,..\notebooks\finetune-wav2vec2\train_set\wavs\voice-1893.wav
..\notebooks\finetune-wav2vec2\train_set\wavs\voice-1894.wav,8.72,16000,1,2,139520,0.596038818359375,0.1024533361196518,5.817661395264683,0.40379157110091746,0.0,0.10320458145485562,../raw_data/wavs/voice-1894.wav,..\notebooks\finetune-wav2vec2\train_set\wavs\voice-1894.wav
..\notebooks\finetune-wav2vec2\train_set\wavs\voice-1895.wav,7.12,16000,1,2,113920,0.55499267578125,0.10417860746383667,5.327319008116936,0.42053195224719103,0.0,0.11349292040836033,../raw_data/wavs/voice-1895.wav,..\notebooks\finetune-wav2vec2\train_set\wavs\voice-1895.wav
..\notebooks\finetune-wav2vec2\train_set\wavs\voice-1896.wav,13.92,16000,1,2,222720,0.6103515625,0.10306322574615479,5.922108085412529,0.4108881106321839,0.0,0.12114817325868021,../raw_data/wavs/voice-1896.wav,..\notebooks\finetune-wav2vec2\train_set\wavs\voice-1896.wav
..\notebooks\finetune-wav2vec2\train_set\wavs\voice-1897.wav,12.8,16000,1,2,204800,0.818572998046875,0.10648062080144882,7.68753029317178,0.4235205078125,0.0,0.14560129688133241,../raw_data/wavs/voice-1897.wav,..\notebooks\finetune-wav2vec2\train_set\wavs\voice-1897.wav
..\notebooks\finetune-wav2vec2\train_set\wavs\voice-1898.wav,6.88,16000,1,2,110080,0.651611328125,0.10774926096200943,6.047478398526994,0.42029433139534883,0.0,0.13762843049082932,../raw_data/wavs/voice-1898.wav,..\notebooks\finetune-wav2vec2\train_set\wavs\voice-1898.wav
..\notebooks\finetune-wav2vec2\train_set\wavs\voice-1899.wav,10.56,16000,1,2,168960,0.6435546875,0.10320062935352325,6.235957004636514,0.4271306818181818,0.0,0.13622239714960435,../raw_data/wavs/voice-1899.wav,..\notebooks\finetune-wav2vec2\train_set\wavs\voice-1899.wav
..\notebooks\finetune-wav2vec2\train_set\wavs\voice-1900.wav,12.64,16000,1,2,202240,0.6083984375,0.09560108929872513,6.3639278795133265,0.45064774525316453,0.0,0.15540029371189534,../raw_data/wavs/voice-1900.wav,..\notebooks\finetune-wav2vec2\train_set\wavs\voice-1900.wav
..\notebooks\finetune-wav2vec2\train_set\wavs\voice-1901.wav,12.4,16000,1,2,198400,0.556915283203125,0.10470046103000641,5.319129235195221,0.4037600806451613,0.0,0.1118150797131034,../raw_data/wavs/voice-1901.wav,..\notebooks\finetune-wav2vec2\train_set\wavs\voice-1901.wav
..\notebooks\finetune-wav2vec2\train_set\wavs\voice-1902.wav,10.8,16000,1,2,172800,0.568389892578125,0.10066119581460953,5.646564080412319,0.42412037037037037,0.0,0.1330216031342774,../raw_data/wavs/voice-1902.wav,..\notebooks\finetune-wav2vec2\train_set\wavs\voice-1902.wav
..\notebooks\finetune-wav2vec2\train_set\wavs\voice-1903.wav,12.72,16000,1,2,203520,0.51019287109375,0.10366468876600266,4.921568541486523,0.3618022798742138,0.0,0.1111984630427626,../raw_data/wavs/voice-1903.wav,..\notebooks\finetune-wav2vec2\train_set\wavs\voice-1903.wav
..\notebooks\finetune-wav2vec2\train_set\wavs\voice-1904.wav,12.16,16000,1,2,194560,0.617218017578125,0.09930367767810822,6.215459809845417,0.42694284539473687,0.0,0.1433292728683844,../raw_data/wavs/voice-1904.wav,..\notebooks\finetune-wav2vec2\train_set\wavs\voice-1904.wav
..\notebooks\finetune-wav2vec2\train_set\wavs\voice-1905.wav,9.6,16000,1,2,153600,0.522613525390625,0.10417695343494415,5.016594440122343,0.3702213541666667,0.0,0.11905676469247847,../raw_data/wavs/voice-1905.wav,..\notebooks\finetune-wav2vec2\train_set\wavs\voice-1905.wav
..\notebooks\finetune-wav2vec2\train_set\wavs\voice-1906.wav,8.64,16000,1,2,138240,0.501495361328125,0.10567308962345123,4.745724413993399,0.38699363425925926,0.0,0.1185121420149162,../raw_data/wavs/voice-1906.wav,..\notebooks\finetune-wav2vec2\train_set\wavs\voice-1906.wav
..\notebooks\finetune-wav2vec2\train_set\wavs\voice-1907.wav,8.56,16000,1,2,136960,0.5458984375,0.1022011861205101,5.341409999452512,0.3825642523364486,0.0,0.1229419023211326,../raw_data/wavs/voice-1907.wav,..\notebooks\finetune-wav2vec2\train_set\wavs\voice-1907.wav
..\notebooks\finetune-wav2vec2\train_set\wavs\voice-1908.wav,13.44,16000,1,2,215040,0.725799560546875,0.10166118294000626,7.139397157863038,0.43224516369047616,0.0,0.1429461632541074,../raw_data/wavs/voice-1908.wav,..\notebooks\finetune-wav2vec2\train_set\wavs\voice-1908.wav
..\notebooks\finetune-wav2vec2\train_set\wavs\voice-1909.wav,5.76,16000,1,2,92160,0.607421875,0.1037474125623703,5.854814688846659,0.42256944444444444,0.0,0.13283564274785967,../raw_data/wavs/voice-1909.wav,..\notebooks\finetune-wav2vec2\train_set\wavs\voice-1909.wav
..\notebooks\finetune-wav2vec2\train_set\wavs\voice-1910.wav,10.48,16000,1,2,167680,0.620330810546875,0.1054798886179924,5.881033993062646,0.4137106393129771,0.0,0.13651083319914836,../raw_data/wavs/voice-1910.wav,..\notebooks\finetune-wav2vec2\train_set\wavs\voice-1910.wav
..\notebooks\finetune-wav2vec2\train_set\wavs\voice-1911.wav,8.48,16000,1,2,135680,0.61322021484375,0.10442095994949341,5.872577834376871,0.3840064858490566,0.0,0.11094568798413904,../raw_data/wavs/voice-1911.wav,..\notebooks\finetune-wav2vec2\train_set\wavs\voice-1911.wav
..\notebooks\finetune-wav2vec2\train_set\wavs\voice-1912.wav,12.16,16000,1,2,194560,0.621856689453125,0.10650955140590668,5.838506324031319,0.41649876644736844,0.0,0.12495952384623688,../raw_data/wavs/voice-1912.wav,..\notebooks\finetune-wav2vec2\train_set\wavs\voice-1912.wav
..\notebooks\finetune-wav2vec2\train_set\wavs\voice-1913.wav,7.2,16000,1,2,115200,0.680755615234375,0.10625678300857544,6.406702668378683,0.4415277777777778,0.0,0.12798722211130306,../raw_data/wavs/voice-1913.wav,..\notebooks\finetune-wav2vec2\train_set\wavs\voice-1913.wav
..\notebooks\finetune-wav2vec2\train_set\wavs\voice-1914.wav,17.35,16000,1,2,277600,0.5662841796875,0.09999056905508041,5.663375906737354,0.4556952449567723,0.0,0.1523492519785734,../raw_data/wavs/voice-1914.wav,..\notebooks\finetune-wav2vec2\train_set\wavs\voice-1914.wav
..\notebooks\finetune-wav2vec2\train_set\wavs\voice-1915.wav,12.4,16000,1,2,198400,0.57470703125,0.10471802204847336,5.488138717745944,0.41082157258064517,0.0,0.12250061744262825,../raw_data/wavs/voice-1915.wav,..\notebooks\finetune-wav2vec2\train_set\wavs\voice-1915.wav
..\notebooks\finetune-wav2vec2\train_set\wavs\voice-1916.wav,6.08,16000,1,2,97280,0.524322509765625,0.10815758258104324,4.847764689754844,0.36248972039473687,0.0,0.11398143484205224,../raw_data/wavs/voice-1916.wav,..\notebooks\finetune-wav2vec2\train_set\wavs\voice-1916.wav
..\notebooks\finetune-wav2vec2\train_set\wavs\voice-1917.wav,7.84,16000,1,2,125440,0.534027099609375,0.10730811208486557,4.976577159302131,0.37753507653061225,0.0,0.1356276756032813,../raw_data/wavs/voice-1917.wav,..\notebooks\finetune-wav2vec2\train_set\wavs\voice-1917.wav
..\notebooks\finetune-wav2vec2\train_set\wavs\voice-1918.wav,8.0,16000,1,2,128000,0.5819091796875,0.10607738047838211,5.4857046531808855,0.4058125,0.0,0.12865725513480575,../raw_data/wavs/voice-1918.wav,..\notebooks\finetune-wav2vec2\train_set\wavs\voice-1918.wav
..\notebooks\finetune-wav2vec2\train_set\wavs\voice-1919.wav,6.08,16000,1,2,97280,0.660614013671875,0.10385861992835999,6.360704716927261,0.3697574013157895,0.0,0.11388891744364149,../raw_data/wavs/voice-1919.wav,..\notebooks\finetune-wav2vec2\train_set\wavs\voice-1919.wav
..\notebooks\finetune-wav2vec2\train_set\wavs\voice-1920.wav,7.84,16000,1,2,125440,0.528656005859375,0.10549574345350266,5.0111595838213185,0.41371970663265306,0.0,0.14563253852470126,../raw_data/wavs/voice-1920.wav,..\notebooks\finetune-wav2vec2\train_set\wavs\voice-1920.wav
..\notebooks\finetune-wav2vec2\train_set\wavs\voice-1921.wav,6.56,16000,1,2,104960,0.55316162109375,0.10421518981456757,5.307879034505459,0.40269626524390245,0.0,0.11842719538105355,../raw_data/wavs/voice-1921.wav,..\notebooks\finetune-wav2vec2\train_set\wavs\voice-1921.wav
..\notebooks\finetune-wav2vec2\train_set\wavs\voice-1922.wav,10.0,16000,1,2,160000,0.592010498046875,0.10153254866600037,5.830745961025189,0.37443125,0.0,0.11667572922330764,../raw_data/wavs/voice-1922.wav,..\notebooks\finetune-wav2vec2\train_set\wavs\voice-1922.wav
..\notebooks\finetune-wav2vec2\train_set\wavs\voice-1923.wav,9.12,16000,1,2,145920,0.637420654296875,0.10139552503824234,6.286477179899856,0.4278851425438597,0.0,0.1350954981873505,../raw_data/wavs/voice-1923.wav,..\notebooks\finetune-wav2vec2\train_set\wavs\voice-1923.wav
..\notebooks\finetune-wav2vec2\train_set\wavs\voice-1924.wav,11.6,16000,1,2,185600,0.584014892578125,0.10211970657110214,5.718924507205641,0.42592672413793103,0.0,0.16233923674157727,../raw_data/wavs/voice-1924.wav,..\notebooks\finetune-wav2vec2\train_set\wavs\voice-1924.wav
..\notebooks\finetune-wav2vec2\train_set\wavs\voice-1925.wav,6.32,16000,1,2,101120,0.539947509765625,0.10536085069179535,5.124745161227819,0.4067147943037975,0.0,0.12232122548680267,../raw_data/wavs/voice-1925.wav,..\notebooks\finetune-wav2vec2\train_set\wavs\voice-1925.wav
..\notebooks\finetune-wav2vec2\train_set\wavs\voice-1926.wav,5.92,16000,1,2,94720,0.58905029296875,0.10424726456403732,5.650510787330122,0.4028188344594595,0.0,0.14943147626136255,../raw_data/wavs/voice-1926.wav,..\notebooks\finetune-wav2vec2\train_set\wavs\voice-1926.wav
..\notebooks\finetune-wav2vec2\train_set\wavs\voice-1927.wav,9.68,16000,1,2,154880,0.6695556640625,0.10572773963212967,6.332828701267612,0.4627195247933884,0.0,0.16680118027621563,../raw_data/wavs/voice-1927.wav,..\notebooks\finetune-wav2vec2\train_set\wavs\voice-1927.wav
..\notebooks\finetune-wav2vec2\train_set\wavs\voice-1928.wav,11.6,16000,1,2,185600,0.60003662109375,0.10266168415546417,5.84479619665204,0.42180495689655173,0.0,0.11909546926438182,../raw_data/wavs/voice-1928.wav,..\notebooks\finetune-wav2vec2\train_set\wavs\voice-1928.wav
..\notebooks\finetune-wav2vec2\train_set\wavs\voice-1929.wav,14.48,16000,1,2,231680,0.597991943359375,0.10269633680582047,5.822914058658838,0.4230015538674033,0.0,0.12712416749036382,../raw_data/wavs/voice-1929.wav,..\notebooks\finetune-wav2vec2\train_set\wavs\voice-1929.wav
..\notebooks\finetune-wav2vec2\train_set\wavs\voice-1930.wav,3.68,16000,1,2,58880,0.796661376953125,0.10164730250835419,7.837506331145866,0.3997961956521739,0.0,0.13614361656957488,../raw_data/wavs/voice-1930.wav,..\notebooks\finetune-wav2vec2\train_set\wavs\voice-1930.wav
..\notebooks\finetune-wav2vec2\train_set\wavs\voice-1931.wav,17.67,16000,1,2,282720,0.561614990234375,0.11046096682548523,5.084284579200341,0.3890456989247312,0.0,0.1286153389054149,../raw_data/wavs/voice-1931.wav,..\notebooks\finetune-wav2vec2\train_set\wavs\voice-1931.wav
..\notebooks\finetune-wav2vec2\train_set\wavs\voice-1932.wav,4.08,16000,1,2,65280,0.538787841796875,0.09483826905488968,5.68112268566437,0.3574142156862745,0.0,0.08782303650484842,../raw_data/wavs/voice-1932.wav,..\notebooks\finetune-wav2vec2\train_set\wavs\voice-1932.wav
..\notebooks\finetune-wav2vec2\train_set\wavs\voice-1933.wav,6.48,16000,1,2,103680,0.5458984375,0.1077788844704628,5.064985040271089,0.4112461419753086,0.0,0.14506312753788134,../raw_data/wavs/voice-1933.wav,..\notebooks\finetune-wav2vec2\train_set\wavs\voice-1933.wav
..\notebooks\finetune-wav2vec2\train_set\wavs\voice-1934.wav,3.92,16000,1,2,62720,0.5679931640625,0.10599161684513092,5.358849888028599,0.3591198979591837,0.0,0.10701701238859038,../raw_data/wavs/voice-1934.wav,..\notebooks\finetune-wav2vec2\train_set\wavs\voice-1934.wav
..\notebooks\finetune-wav2vec2\train_set\wavs\voice-1935.wav,8.56,16000,1,2,136960,0.4920654296875,0.10456305742263794,4.705920444718822,0.42827102803738315,0.0,0.14256091238983928,../raw_data/wavs/voice-1935.wav,..\notebooks\finetune-wav2vec2\train_set\wavs\voice-1935.wav
..\notebooks\finetune-wav2vec2\train_set\wavs\voice-1936.wav,10.72,16000,1,2,171520,0.54376220703125,0.09856913983821869,5.5165562763733735,0.43271921641791045,0.0,0.12564788740605998,../raw_data/wavs/voice-1936.wav,..\notebooks\finetune-wav2vec2\train_set\wavs\voice-1936.wav
..\notebooks\finetune-wav2vec2\train_set\wavs\voice-1937.wav,9.12,16000,1,2,145920,0.643646240234375,0.09838274866342545,6.542267307821778,0.3940995065789474,0.0,0.14264078015885526,../raw_data/wavs/voice-1937.wav,..\notebooks\finetune-wav2vec2\train_set\wavs\voice-1937.wav
..\notebooks\finetune-wav2vec2\train_set\wavs\voice-1938.wav,5.92,16000,1,2,94720,0.52294921875,0.1091713160276413,4.790170511616746,0.3891258445945946,0.0,0.1454512822137058,../raw_data/wavs/voice-1938.wav,..\notebooks\finetune-wav2vec2\train_set\wavs\voice-1938.wav
..\notebooks\finetune-wav2vec2\train_set\wavs\voice-1939.wav,12.72,16000,1,2,203520,0.67529296875,0.10386893153190613,6.501395160135691,0.43985357704402517,0.0,0.12602263179359174,../raw_data/wavs/voice-1939.wav,..\notebooks\finetune-wav2vec2\train_set\wavs\voice-1939.wav
..\notebooks\finetune-wav2vec2\train_set\wavs\voice-1940.wav,5.76,16000,1,2,92160,0.600494384765625,0.10646945238113403,5.640062678410378,0.4402126736111111,0.0,0.13055697218936838,../raw_data/wavs/voice-1940.wav,..\notebooks\finetune-wav2vec2\train_set\wavs\voice-1940.wav
..\notebooks\finetune-wav2vec2\train_set\wavs\voice-1941.wav,6.88,16000,1,2,110080,0.524322509765625,0.10024719685316086,5.230295970605913,0.42230196220930233,0.0,0.1462313429446125,../raw_data/wavs/voice-1941.wav,..\notebooks\finetune-wav2vec2\train_set\wavs\voice-1941.wav
..\notebooks\finetune-wav2vec2\train_set\wavs\voice-1942.wav,8.96,16000,1,2,143360,0.586151123046875,0.10915111750364304,5.370088153493358,0.4165248325892857,0.0,0.1508799587050691,../raw_data/wavs/voice-1942.wav,..\notebooks\finetune-wav2vec2\train_set\wavs\voice-1942.wav
..\notebooks\finetune-wav2vec2\train_set\wavs\voice-1943.wav,9.2,16000,1,2,147200,0.67645263671875,0.10879641771316528,6.217600275242275,0.4346195652173913,0.0,0.12960006521783435,../raw_data/wavs/voice-1943.wav,..\notebooks\finetune-wav2vec2\train_set\wavs\voice-1943.wav
..\notebooks\finetune-wav2vec2\train_set\wavs\voice-1944.wav,8.4,16000,1,2,134400,0.51995849609375,0.10542398691177368,4.9320701229871755,0.39973214285714287,0.0,0.16062619513538048,../raw_data/wavs/voice-1944.wav,..\notebooks\finetune-wav2vec2\train_set\wavs\voice-1944.wav
..\notebooks\finetune-wav2vec2\train_set\wavs\voice-1945.wav,12.88,16000,1,2,206080,0.723388671875,0.10399536043405533,6.955970620763503,0.41658579192546585,0.0,0.13982501856084317,../raw_data/wavs/voice-1945.wav,..\notebooks\finetune-wav2vec2\train_set\wavs\voice-1945.wav
..\notebooks\finetune-wav2vec2\train_set\wavs\voice-1946.wav,11.12,16000,1,2,177920,0.62457275390625,0.09774190187454224,6.390020471546867,0.43865220323741005,0.0,0.13519635339677044,../raw_data/wavs/voice-1946.wav,..\notebooks\finetune-wav2vec2\train_set\wavs\voice-1946.wav
..\notebooks\finetune-wav2vec2\train_set\wavs\voice-1947.wav,14.72,16000,1,2,235520,0.6279296875,0.10722588002681732,5.8561392766648686,0.3646272078804348,0.0,0.12229161978439107,../raw_data/wavs/voice-1947.wav,..\notebooks\finetune-wav2vec2\train_set\wavs\voice-1947.wav
..\notebooks\finetune-wav2vec2\train_set\wavs\voice-1948.wav,7.44,16000,1,2,119040,0.60443115234375,0.10724639892578125,5.635910934054208,0.37934307795698924,0.0,0.13136031048647923,../raw_data/wavs/voice-1948.wav,..\notebooks\finetune-wav2vec2\train_set\wavs\voice-1948.wav
..\notebooks\finetune-wav2vec2\train_set\wavs\voice-1949.wav,7.76,16000,1,2,124160,0.5855712890625,0.10358788818120956,5.652893396553675,0.4291317654639175,0.0,0.1251379279794457,../raw_data/wavs/voice-1949.wav,..\notebooks\finetune-wav2vec2\train_set\wavs\voice-1949.wav
..\notebooks\finetune-wav2vec2\train_set\wavs\voice-1950.wav,7.12,16000,1,2,113920,0.5050048828125,0.10460314899682999,4.827817208713327,0.35984901685393256,0.0,0.11939184859417656,../raw_data/wavs/voice-1950.wav,..\notebooks\finetune-wav2vec2\train_set\wavs\voice-1950.wav
..\notebooks\finetune-wav2vec2\train_set\wavs\voice-1951.wav,8.24,16000,1,2,131840,0.53955078125,0.098879374563694,5.456656493133901,0.40677336165048544,0.0,0.12898307784494725,../raw_data/wavs/voice-1951.wav,..\notebooks\finetune-wav2vec2\train_set\wavs\voice-1951.wav
..\notebooks\finetune-wav2vec2\train_set\wavs\voice-1952.wav,15.76,16000,1,2,252160,0.70391845703125,0.10489022731781006,6.711001349042998,0.4161048540609137,0.0,0.13451036845799674,../raw_data/wavs/voice-1952.wav,..\notebooks\finetune-wav2vec2\train_set\wavs\voice-1952.wav
..\notebooks\finetune-wav2vec2\train_set\wavs\voice-1953.wav,9.6,16000,1,2,153600,0.569671630859375,0.1073710024356842,5.305637629681359,0.41365234375,0.0,0.13181075397626288,../raw_data/wavs/voice-1953.wav,..\notebooks\finetune-wav2vec2\train_set\wavs\voice-1953.wav
..\notebooks\finetune-wav2vec2\train_set\wavs\voice-1954.wav,12.48,16000,1,2,199680,0.729034423828125,0.106753870844841,6.829114654659442,0.4555388621794872,0.0,0.1353622564215566,../raw_data/wavs/voice-1954.wav,..\notebooks\finetune-wav2vec2\train_set\wavs\voice-1954.wav
..\notebooks\finetune-wav2vec2\train_set\wavs\voice-1955.wav,11.52,16000,1,2,184320,0.527923583984375,0.10910282284021378,4.838771080722118,0.3840060763888889,0.0,0.11161084858316289,../raw_data/wavs/voice-1955.wav,..\notebooks\finetune-wav2vec2\train_set\wavs\voice-1955.wav
..\notebooks\finetune-wav2vec2\train_set\wavs\voice-1956.wav,10.56,16000,1,2,168960,0.63616943359375,0.10365936160087585,6.137115102475943,0.3712298768939394,0.0,0.10937564734639765,../raw_data/wavs/voice-1956.wav,..\notebooks\finetune-wav2vec2\train_set\wavs\voice-1956.wav
..\notebooks\finetune-wav2vec2\train_set\wavs\voice-1957.wav,21.28,16000,1,2,340480,0.6314697265625,0.1041509211063385,6.063025846096617,0.43697720864661654,0.0,0.14857891382434746,../raw_data/wavs/voice-1957.wav,..\notebooks\finetune-wav2vec2\train_set\wavs\voice-1957.wav
..\notebooks\finetune-wav2vec2\train_set\wavs\voice-1958.wav,17.27,16000,1,2,276320,0.595855712890625,0.09543740749359131,6.243418891388444,0.42929212507237985,0.0,0.14681219894397418,../raw_data/wavs/voice-1958.wav,..\notebooks\finetune-wav2vec2\train_set\wavs\voice-1958.wav
..\notebooks\finetune-wav2vec2\train_set\wavs\voice-1959.wav,8.96,16000,1,2,143360,0.505950927734375,0.10415960103273392,4.857458388069011,0.41329520089285715,0.0,0.1231593412342441,../raw_data/wavs/voice-1959.wav,..\notebooks\finetune-wav2vec2\train_set\wavs\voice-1959.wav
..\notebooks\finetune-wav2vec2\train_set\wavs\voice-1960.wav,5.36,16000,1,2,85760,0.6328125,0.10792803764343262,5.863281810891949,0.3875116604477612,0.0,0.127228629065171,../raw_data/wavs/voice-1960.wav,..\notebooks\finetune-wav2vec2\train_set\wavs\voice-1960.wav
..\notebooks\finetune-wav2vec2\train_set\wavs\voice-1961.wav,8.16,16000,1,2,130560,0.583831787109375,0.10790824145078659,5.410446683774765,0.44947150735294117,0.0,0.13193268943542766,../raw_data/wavs/voice-1961.wav,..\notebooks\finetune-wav2vec2\train_set\wavs\voice-1961.wav
..\notebooks\finetune-wav2vec2\train_set\wavs\voice-1962.wav,9.76,16000,1,2,156160,0.6162109375,0.10743823647499084,5.735490061245,0.3924052254098361,0.0,0.11674639309934105,../raw_data/wavs/voice-1962.wav,..\notebooks\finetune-wav2vec2\train_set\wavs\voice-1962.wav
..\notebooks\finetune-wav2vec2\train_set\wavs\voice-1963.wav,17.92,16000,1,2,286720,0.614013671875,0.10362266004085541,5.925476837140759,0.3968505859375,0.0,0.12004436399401505,../raw_data/wavs/voice-1963.wav,..\notebooks\finetune-wav2vec2\train_set\wavs\voice-1963.wav
..\notebooks\finetune-wav2vec2\train_set\wavs\voice-1964.wav,9.76,16000,1,2,156160,0.5672607421875,0.10746181756258011,5.2787190376447635,0.4205814549180328,0.0,0.13512509685640917,../raw_data/wavs/voice-1964.wav,..\notebooks\finetune-wav2vec2\train_set\wavs\voice-1964.wav
..\notebooks\finetune-wav2vec2\train_set\wavs\voice-1965.wav,19.99,16000,1,2,319840,0.574920654296875,0.10722050815820694,5.362040006829319,0.38115307653826913,0.0,0.12203014641741626,../raw_data/wavs/voice-1965.wav,..\notebooks\finetune-wav2vec2\train_set\wavs\voice-1965.wav
..\notebooks\finetune-wav2vec2\train_set\wavs\voice-1966.wav,7.12,16000,1,2,113920,0.65399169921875,0.10971657931804657,5.960737231179601,0.36105161516853934,0.0,0.12996953976070716,../raw_data/wavs/voice-1966.wav,..\notebooks\finetune-wav2vec2\train_set\wavs\voice-1966.wav
..\notebooks\finetune-wav2vec2\train_set\wavs\voice-1967.wav,11.84,16000,1,2,189440,0.5860595703125,0.10787928104400635,5.432549833859509,0.4143528293918919,0.0,0.12358595642924636,../raw_data/wavs/voice-1967.wav,..\notebooks\finetune-wav2vec2\train_set\wavs\voice-1967.wav
..\notebooks\finetune-wav2vec2\train_set\wavs\voice-1968.wav,11.2,16000,1,2,179200,0.651763916015625,0.1020464301109314,6.386934999167667,0.41054129464285716,0.0,0.12689244917661371,../raw_data/wavs/voice-1968.wav,..\notebooks\finetune-wav2vec2\train_set\wavs\voice-1968.wav
..\notebooks\finetune-wav2vec2\train_set\wavs\voice-1969.wav,5.84,16000,1,2,93440,0.547698974609375,0.1031249538064003,5.3110227388570515,0.433347602739726,0.0,0.1461274200280397,../raw_data/wavs/voice-1969.wav,..\notebooks\finetune-wav2vec2\train_set\wavs\voice-1969.wav
..\notebooks\finetune-wav2vec2\train_set\wavs\voice-1970.wav,7.68,16000,1,2,122880,0.660003662109375,0.11395943909883499,5.791566432131748,0.4245361328125,0.0,0.134953897736798,../raw_data/wavs/voice-1970.wav,..\notebooks\finetune-wav2vec2\train_set\wavs\voice-1970.wav
..\notebooks\finetune-wav2vec2\train_set\wavs\voice-1971.wav,9.28,16000,1,2,148480,0.589630126953125,0.10361051559448242,5.690832861606999,0.4101427801724138,0.0,0.13620107894045622,../raw_data/wavs/voice-1971.wav,..\notebooks\finetune-wav2vec2\train_set\wavs\voice-1971.wav
..\notebooks\finetune-wav2vec2\train_set\wavs\voice-1972.wav,8.16,16000,1,2,130560,0.602813720703125,0.10254618525505066,5.878460707278577,0.44088541666666664,0.0,0.13573939751376773,../raw_data/wavs/voice-1972.wav,..\notebooks\finetune-wav2vec2\train_set\wavs\voice-1972.wav
..\notebooks\finetune-wav2vec2\train_set\wavs\voice-1973.wav,9.28,16000,1,2,148480,0.536590576171875,0.10306976735591888,5.206090883264817,0.4017645474137931,0.0,0.13154048720694508,../raw_data/wavs/voice-1973.wav,..\notebooks\finetune-wav2vec2\train_set\wavs\voice-1973.wav
..\notebooks\finetune-wav2vec2\train_set\wavs\voice-1974.wav,6.48,16000,1,2,103680,0.52685546875,0.09480428695678711,5.557295831887294,0.42096836419753086,0.0,0.1453717724900896,../raw_data/wavs/voice-1974.wav,..\notebooks\finetune-wav2vec2\train_set\wavs\voice-1974.wav
..\notebooks\finetune-wav2vec2\train_set\wavs\voice-1975.wav,11.52,16000,1,2,184320,0.52374267578125,0.10748074948787689,4.8728975028251424,0.4465277777777778,0.0,0.13496709509057667,../raw_data/wavs/voice-1975.wav,..\notebooks\finetune-wav2vec2\train_set\wavs\voice-1975.wav
..\notebooks\finetune-wav2vec2\train_set\wavs\voice-1976.wav,12.48,16000,1,2,199680,0.556671142578125,0.10121095925569534,5.500107366552798,0.4136768830128205,0.0,0.1435003180104067,../raw_data/wavs/voice-1976.wav,..\notebooks\finetune-wav2vec2\train_set\wavs\voice-1976.wav
..\notebooks\finetune-wav2vec2\train_set\wavs\voice-1977.wav,10.08,16000,1,2,161280,0.656829833984375,0.1093549132347107,6.006404418012821,0.37800719246031744,0.0,0.09368857693810105,../raw_data/wavs/voice-1977.wav,..\notebooks\finetune-wav2vec2\train_set\wavs\voice-1977.wav
..\notebooks\finetune-wav2vec2\train_set\wavs\voice-1978.wav,4.56,16000,1,2,72960,0.548309326171875,0.10771696269512177,5.09027837819555,0.3782483552631579,0.0,0.13961265916473636,../raw_data/wavs/voice-1978.wav,..\notebooks\finetune-wav2vec2\train_set\wavs\voice-1978.wav
..\notebooks\finetune-wav2vec2\train_set\wavs\voice-1979.wav,13.12,16000,1,2,209920,0.5601806640625,0.10651371628046036,5.25923499455688,0.41111375762195124,0.0,0.1298024476107451,../raw_data/wavs/voice-1979.wav,..\notebooks\finetune-wav2vec2\train_set\wavs\voice-1979.wav
..\notebooks\finetune-wav2vec2\train_set\wavs\voice-1980.wav,6.88,16000,1,2,110080,0.534637451171875,0.10108259320259094,5.289114913191317,0.3982830668604651,0.0,0.13891841313965425,../raw_data/wavs/voice-1980.wav,..\notebooks\finetune-wav2vec2\train_set\wavs\voice-1980.wav
..\notebooks\finetune-wav2vec2\train_set\wavs\voice-1981.wav,7.92,16000,1,2,126720,0.69024658203125,0.10124096274375916,6.817858733507542,0.4104561237373737,0.0,0.14006581491331213,../raw_data/wavs/voice-1981.wav,..\notebooks\finetune-wav2vec2\train_set\wavs\voice-1981.wav
..\notebooks\finetune-wav2vec2\train_set\wavs\voice-1982.wav,7.84,16000,1,2,125440,0.571624755859375,0.10330653190612793,5.533287637405118,0.4069834183673469,0.0,0.14931560360015625,../raw_data/wavs/voice-1982.wav,..\notebooks\finetune-wav2vec2\train_set\wavs\voice-1982.wav
..\notebooks\finetune-wav2vec2\train_set\wavs\voice-1983.wav,8.64,16000,1,2,138240,0.599609375,0.10993015021085739,5.454457888485436,0.4245659722222222,0.0,0.1340793842548051,../raw_data/wavs/voice-1983.wav,..\notebooks\finetune-wav2vec2\train_set\wavs\voice-1983.wav
..\notebooks\finetune-wav2vec2\train_set\wavs\voice-1984.wav,8.32,16000,1,2,133120,0.5498046875,0.10356216132640839,5.308934078414214,0.39962439903846153,0.0,0.12711183227037462,../raw_data/wavs/voice-1984.wav,..\notebooks\finetune-wav2vec2\train_set\wavs\voice-1984.wav
..\notebooks\finetune-wav2vec2\train_set\wavs\voice-1985.wav,7.68,16000,1,2,122880,0.607757568359375,0.11044005304574966,5.503053933771764,0.3926513671875,0.0,0.11214283970409915,../raw_data/wavs/voice-1985.wav,..\notebooks\finetune-wav2vec2\train_set\wavs\voice-1985.wav
..\notebooks\finetune-wav2vec2\train_set\wavs\voice-1986.wav,13.44,16000,1,2,215040,0.597991943359375,0.10237573832273483,5.841149017887742,0.4015485491071429,0.0,0.137812210808272,../raw_data/wavs/voice-1986.wav,..\notebooks\finetune-wav2vec2\train_set\wavs\voice-1986.wav
..\notebooks\finetune-wav2vec2\train_set\wavs\voice-1987.wav,5.92,16000,1,2,94720,0.6309814453125,0.10865765810012817,5.807059128138486,0.3849239864864865,0.0,0.1538973173280968,../raw_data/wavs/voice-1987.wav,..\notebooks\finetune-wav2vec2\train_set\wavs\voice-1987.wav
..\notebooks\finetune-wav2vec2\train_set\wavs\voice-1988.wav,6.96,16000,1,2,111360,0.525482177734375,0.09910349547863007,5.302357653446099,0.37376077586206896,0.0,0.12422884544581039,../raw_data/wavs/voice-1988.wav,..\notebooks\finetune-wav2vec2\train_set\wavs\voice-1988.wav
..\notebooks\finetune-wav2vec2\train_set\wavs\voice-1989.wav,5.6,16000,1,2,89600,0.541259765625,0.10782743245363235,5.019685188718102,0.3848325892857143,0.0,0.11832721347336465,../raw_data/wavs/voice-1989.wav,..\notebooks\finetune-wav2vec2\train_set\wavs\voice-1989.wav
..\notebooks\finetune-wav2vec2\train_set\wavs\voice-1990.wav,6.08,16000,1,2,97280,0.617645263671875,0.1092120036482811,5.655470488949281,0.41421669407894735,0.0,0.12199960937098449,../raw_data/wavs/voice-1990.wav,..\notebooks\finetune-wav2vec2\train_set\wavs\voice-1990.wav
..\notebooks\finetune-wav2vec2\train_set\wavs\voice-1991.wav,8.32,16000,1,2,133120,0.596832275390625,0.1046745628118515,5.701789043661047,0.4106219951923077,0.0,0.1254892239274634,../raw_data/wavs/voice-1991.wav,..\notebooks\finetune-wav2vec2\train_set\wavs\voice-1991.wav
..\notebooks\finetune-wav2vec2\train_set\wavs\voice-1992.wav,8.56,16000,1,2,136960,0.57708740234375,0.10410133004188538,5.543516130980822,0.38377628504672895,0.0,0.11506363218189385,../raw_data/wavs/voice-1992.wav,..\notebooks\finetune-wav2vec2\train_set\wavs\voice-1992.wav
..\notebooks\finetune-wav2vec2\train_set\wavs\voice-1993.wav,7.12,16000,1,2,113920,0.563873291015625,0.10897756367921829,5.174214507817576,0.3692503511235955,0.0,0.10794511890027124,../raw_data/wavs/voice-1993.wav,..\notebooks\finetune-wav2vec2\train_set\wavs\voice-1993.wav
..\notebooks\finetune-wav2vec2\train_set\wavs\voice-1994.wav,8.16,16000,1,2,130560,0.60888671875,0.10742595046758652,5.667966781766744,0.4339767156862745,0.0,0.14475447881800566,../raw_data/wavs/voice-1994.wav,..\notebooks\finetune-wav2vec2\train_set\wavs\voice-1994.wav
..\notebooks\finetune-wav2vec2\train_set\wavs\voice-1995.wav,12.24,16000,1,2,195840,0.69427490234375,0.10958283394575119,6.335617334804917,0.48152062908496734,0.0,0.13966063960702413,../raw_data/wavs/voice-1995.wav,..\notebooks\finetune-wav2vec2\train_set\wavs\voice-1995.wav
..\notebooks\finetune-wav2vec2\train_set\wavs\voice-1996.wav,9.52,16000,1,2,152320,0.538116455078125,0.10380692780017853,5.183820256331674,0.40713629201680673,0.0,0.12593307466566875,../raw_data/wavs/voice-1996.wav,..\notebooks\finetune-wav2vec2\train_set\wavs\voice-1996.wav
..\notebooks\finetune-wav2vec2\train_set\wavs\voice-1997.wav,9.04,16000,1,2,144640,0.80908203125,0.10806220769882202,7.48718769012175,0.3718957411504425,0.0,0.11880613112645967,../raw_data/wavs/voice-1997.wav,..\notebooks\finetune-wav2vec2\train_set\wavs\voice-1997.wav
..\notebooks\finetune-wav2vec2\train_set\wavs\voice-1998.wav,9.36,16000,1,2,149760,0.55987548828125,0.10418102145195007,5.3740641095506385,0.4538528311965812,0.0,0.12771853444534217,../raw_data/wavs/voice-1998.wav,..\notebooks\finetune-wav2vec2\train_set\wavs\voice-1998.wav
..\notebooks\finetune-wav2vec2\train_set\wavs\voice-1999.wav,13.28,16000,1,2,212480,0.610626220703125,0.10847918689250946,5.62897121738372,0.4013601280120482,0.0,0.11876938426856301,../raw_data/wavs/voice-1999.wav,..\notebooks\finetune-wav2vec2\train_set\wavs\voice-1999.wav
..\notebooks\finetune-wav2vec2\train_set\wavs\voice-2000.wav,10.48,16000,1,2,167680,0.52764892578125,0.10134908556938171,5.206252457206743,0.39912333015267176,0.0,0.14937469808383877,../raw_data/wavs/voice-2000.wav,..\notebooks\finetune-wav2vec2\train_set\wavs\voice-2000.wav
..\notebooks\finetune-wav2vec2\train_set\wavs\voice-2001.wav,8.4,16000,1,2,134400,0.5965576171875,0.10854192823171616,5.496102998225387,0.36460565476190476,0.0,0.10572995334786717,../raw_data/wavs/voice-2001.wav,..\notebooks\finetune-wav2vec2\train_set\wavs\voice-2001.wav
..\notebooks\finetune-wav2vec2\train_set\wavs\voice-2002.wav,9.44,16000,1,2,151040,0.546478271484375,0.10361044108867645,5.274355226580532,0.36085143008474574,0.0,0.09373075828097378,../raw_data/wavs/voice-2002.wav,..\notebooks\finetune-wav2vec2\train_set\wavs\voice-2002.wav
..\notebooks\finetune-wav2vec2\train_set\wavs\voice-2003.wav,7.12,16000,1,2,113920,0.5767822265625,0.10343432426452637,5.576313575437666,0.4096207865168539,0.0,0.13882671020637471,../raw_data/wavs/voice-2003.wav,..\notebooks\finetune-wav2vec2\train_set\wavs\voice-2003.wav
..\notebooks\finetune-wav2vec2\train_set\wavs\voice-2004.wav,6.32,16000,1,2,101120,0.464202880859375,0.10632602125406265,4.3658445541771655,0.345342167721519,0.0,0.12366617549619754,../raw_data/wavs/voice-2004.wav,..\notebooks\finetune-wav2vec2\train_set\wavs\voice-2004.wav
..\notebooks\finetune-wav2vec2\train_set\wavs\voice-2005.wav,13.04,16000,1,2,208640,0.64483642578125,0.10433462262153625,6.1804644477445585,0.4151025690184049,0.0,0.12582019660753743,../raw_data/wavs/voice-2005.wav,..\notebooks\finetune-wav2vec2\train_set\wavs\voice-2005.wav
..\notebooks\finetune-wav2vec2\train_set\wavs\voice-2006.wav,8.8,16000,1,2,140800,0.704010009765625,0.10097379982471466,6.972204779732468,0.4511505681818182,0.0,0.14647121073303077,../raw_data/wavs/voice-2006.wav,..\notebooks\finetune-wav2vec2\train_set\wavs\voice-2006.wav
..\notebooks\finetune-wav2vec2\train_set\wavs\voice-2007.wav,5.84,16000,1,2,93440,0.553009033203125,0.1098334938287735,5.034976252920137,0.3621896404109589,0.0,0.1181947580774623,../raw_data/wavs/voice-2007.wav,..\notebooks\finetune-wav2vec2\train_set\wavs\voice-2007.wav
..\notebooks\finetune-wav2vec2\train_set\wavs\voice-2008.wav,13.92,16000,1,2,222720,0.601470947265625,0.10097678005695343,5.9565273018844564,0.4452002514367816,0.0,0.1543065477125885,../raw_data/wavs/voice-2008.wav,..\notebooks\finetune-wav2vec2\train_set\wavs\voice-2008.wav
..\notebooks\finetune-wav2vec2\train_set\wavs\voice-2009.wav,9.04,16000,1,2,144640,0.616607666015625,0.10208486765623093,6.040147576936094,0.43086974557522123,0.0,0.1140148922489785,../raw_data/wavs/voice-2009.wav,..\notebooks\finetune-wav2vec2\train_set\wavs\voice-2009.wav
..\notebooks\finetune-wav2vec2\train_set\wavs\voice-2010.wav,6.88,16000,1,2,110080,0.551849365234375,0.11196418106555939,4.928802765156168,0.38054142441860467,0.0,0.1170613831884374,../raw_data/wavs/voice-2010.wav,..\notebooks\finetune-wav2vec2\train_set\wavs\voice-2010.wav
..\notebooks\finetune-wav2vec2\train_set\wavs\voice-2011.wav,10.88,16000,1,2,174080,0.516571044921875,0.1044374629855156,4.946223607457011,0.3800379136029412,0.0,0.10572211467207418,../raw_data/wavs/voice-2011.wav,..\notebooks\finetune-wav2vec2\train_set\wavs\voice-2011.wav
..\notebooks\finetune-wav2vec2\train_set\wavs\voice-2012.wav,13.52,16000,1,2,216320,0.63916015625,0.1021396592259407,6.257707937287407,0.4422707100591716,0.0,0.13191166749106645,../raw_data/wavs/voice-2012.wav,..\notebooks\finetune-wav2vec2\train_set\wavs\voice-2012.wav
..\notebooks\finetune-wav2vec2\train_set\wavs\voice-2013.wav,5.28,16000,1,2,84480,0.527099609375,0.10286712646484375,5.124082177556923,0.3709635416666667,0.0,0.10586062808508623,../raw_data/wavs/voice-2013.wav,..\notebooks\finetune-wav2vec2\train_set\wavs\voice-2013.wav
..\notebooks\finetune-wav2vec2\train_set\wavs\voice-2014.wav,8.32,16000,1,2,133120,0.56610107421875,0.10581356287002563,5.349985945696877,0.40833082932692305,0.0,0.12068900757968434,../raw_data/wavs/voice-2014.wav,..\notebooks\finetune-wav2vec2\train_set\wavs\voice-2014.wav
..\notebooks\finetune-wav2vec2\train_set\wavs\voice-2015.wav,8.64,16000,1,2,138240,0.52532958984375,0.09984607994556427,5.261394239314732,0.408984375,0.0,0.12508771041457187,../raw_data/wavs/voice-2015.wav,..\notebooks\finetune-wav2vec2\train_set\wavs\voice-2015.wav
..\notebooks\finetune-wav2vec2\train_set\wavs\voice-2016.wav,9.2,16000,1,2,147200,0.552337646484375,0.10713615268468857,5.155473970676872,0.4310326086956522,0.0,0.14504853973192752,../raw_data/wavs/voice-2016.wav,..\notebooks\finetune-wav2vec2\train_set\wavs\voice-2016.wav
..\notebooks\finetune-wav2vec2\train_set\wavs\voice-2017.wav,8.48,16000,1,2,135680,0.586761474609375,0.11396953463554382,5.148406339340978,0.3823481721698113,0.0,0.12226652613890138,../raw_data/wavs/voice-2017.wav,..\notebooks\finetune-wav2vec2\train_set\wavs\voice-2017.wav
..\notebooks\finetune-wav2vec2\train_set\wavs\voice-2018.wav,12.32,16000,1,2,197120,0.6102294921875,0.1063043624162674,5.740399343142278,0.40027901785714287,0.0,0.13192538517342317,../raw_data/wavs/voice-2018.wav,..\notebooks\finetune-wav2vec2\train_set\wavs\voice-2018.wav
..\notebooks\finetune-wav2vec2\train_set\wavs\voice-2019.wav,8.96,16000,1,2,143360,0.59765625,0.10702391713857651,5.584324195741629,0.42287946428571427,0.0,0.12070396696405528,../raw_data/wavs/voice-2019.wav,..\notebooks\finetune-wav2vec2\train_set\wavs\voice-2019.wav
..\notebooks\finetune-wav2vec2\train_set\wavs\voice-2020.wav,6.24,16000,1,2,99840,0.440948486328125,0.09438528120517731,4.671792897131695,0.40872395833333336,0.0,0.1294684441951542,../raw_data/wavs/voice-2020.wav,..\notebooks\finetune-wav2vec2\train_set\wavs\voice-2020.wav
..\notebooks\finetune-wav2vec2\train_set\wavs\voice-2021.wav,9.84,16000,1,2,157440,0.668914794921875,0.11118466407060623,6.016250537008325,0.4560403963414634,0.0,0.1327117169189337,../raw_data/wavs/voice-2021.wav,..\notebooks\finetune-wav2vec2\train_set\wavs\voice-2021.wav
..\notebooks\finetune-wav2vec2\train_set\wavs\voice-2022.wav,16.24,16000,1,2,259840,0.64520263671875,0.10386302322149277,6.2120533054658456,0.42307189039408866,0.0,0.137935413852424,../raw_data/wavs/voice-2022.wav,..\notebooks\finetune-wav2vec2\train_set\wavs\voice-2022.wav
..\notebooks\finetune-wav2vec2\train_set\wavs\voice-2023.wav,8.8,16000,1,2,140800,0.57513427734375,0.10734041035175323,5.358040606133719,0.40428267045454547,0.0,0.11338858940759522,../raw_data/wavs/voice-2023.wav,..\notebooks\finetune-wav2vec2\train_set\wavs\voice-2023.wav
..\notebooks\finetune-wav2vec2\train_set\wavs\voice-2024.wav,7.04,16000,1,2,112640,0.51409912109375,0.10980362445116043,4.6819868074793485,0.38831676136363635,0.0,0.11285611555500315,../raw_data/wavs/voice-2024.wav,..\notebooks\finetune-wav2vec2\train_set\wavs\voice-2024.wav
..\notebooks\finetune-wav2vec2\train_set\wavs\voice-2025.wav,12.48,16000,1,2,199680,0.613006591796875,0.10476884245872498,5.851039081952029,0.451552483974359,0.0,0.14533826792001162,../raw_data/wavs/voice-2025.wav,..\notebooks\finetune-wav2vec2\train_set\wavs\voice-2025.wav
..\notebooks\finetune-wav2vec2\train_set\wavs\voice-2026.wav,14.0,16000,1,2,224000,0.65313720703125,0.10269340872764587,6.360069405850974,0.45688839285714283,0.0,0.14779530265760116,../raw_data/wavs/voice-2026.wav,..\notebooks\finetune-wav2vec2\train_set\wavs\voice-2026.wav
..\notebooks\finetune-wav2vec2\train_set\wavs\voice-2027.wav,11.04,16000,1,2,176640,0.572021484375,0.10338950902223587,5.5326840197294676,0.42209578804347825,0.0,0.13808954987290462,../raw_data/wavs/voice-2027.wav,..\notebooks\finetune-wav2vec2\train_set\wavs\voice-2027.wav
..\notebooks\finetune-wav2vec2\train_set\wavs\voice-2028.wav,13.44,16000,1,2,215040,0.7286376953125,0.10235072672367096,7.119028058097665,0.4108816964285714,0.0,0.1246983105390185,../raw_data/wavs/voice-2028.wav,..\notebooks\finetune-wav2vec2\train_set\wavs\voice-2028.wav
..\notebooks\finetune-wav2vec2\train_set\wavs\voice-2029.wav,5.36,16000,1,2,85760,0.605255126953125,0.11211766302585602,5.398392283770168,0.4105293843283582,0.0,0.1040823703634604,../raw_data/wavs/voice-2029.wav,..\notebooks\finetune-wav2vec2\train_set\wavs\voice-2029.wav
..\notebooks\finetune-wav2vec2\train_set\wavs\voice-2030.wav,10.16,16000,1,2,162560,0.6011962890625,0.09621172398328781,6.248680141797783,0.49707800196850394,0.0,0.13191518156484722,../raw_data/wavs/voice-2030.wav,..\notebooks\finetune-wav2vec2\train_set\wavs\voice-2030.wav
..\notebooks\finetune-wav2vec2\train_set\wavs\voice-2031.wav,12.72,16000,1,2,203520,0.680267333984375,0.10817388445138931,6.288646630694587,0.41621462264150944,0.0,0.1287643905483026,../raw_data/wavs/voice-2031.wav,..\notebooks\finetune-wav2vec2\train_set\wavs\voice-2031.wav
..\notebooks\finetune-wav2vec2\train_set\wavs\voice-2032.wav,6.4,16000,1,2,102400,0.56671142578125,0.10873539000749588,5.21183973076459,0.458525390625,0.0,0.12031367493823182,../raw_data/wavs/voice-2032.wav,..\notebooks\finetune-wav2vec2\train_set\wavs\voice-2032.wav
..\notebooks\finetune-wav2vec2\train_set\wavs\voice-2033.wav,10.16,16000,1,2,162560,0.67584228515625,0.10866576433181763,6.219459176604361,0.4050873523622047,0.0,0.12442866897557195,../raw_data/wavs/voice-2033.wav,..\notebooks\finetune-wav2vec2\train_set\wavs\voice-2033.wav
..\notebooks\finetune-wav2vec2\train_set\wavs\voice-2034.wav,6.08,16000,1,2,97280,0.674072265625,0.09611320495605469,7.0133158698974025,0.42168996710526313,0.0,0.12948323893132124,../raw_data/wavs/voice-2034.wav,..\notebooks\finetune-wav2vec2\train_set\wavs\voice-2034.wav
..\notebooks\finetune-wav2vec2\train_set\wavs\voice-2035.wav,13.36,16000,1,2,213760,0.546630859375,0.10483724623918533,5.214090211105566,0.41955464071856285,0.0,0.1408876351405087,../raw_data/wavs/voice-2035.wav,..\notebooks\finetune-wav2vec2\train_set\wavs\voice-2035.wav
..\notebooks\finetune-wav2vec2\train_set\wavs\voice-2036.wav,8.64,16000,1,2,138240,0.655914306640625,0.11021105200052261,5.951438578387898,0.42685185185185187,0.0,0.1475054073018468,../raw_data/wavs/voice-2036.wav,..\notebooks\finetune-wav2vec2\train_set\wavs\voice-2036.wav
..\notebooks\finetune-wav2vec2\train_set\wavs\voice-2037.wav,6.48,16000,1,2,103680,0.56781005859375,0.11087760329246521,5.121052780118454,0.37244405864197533,0.0,0.08545607114266149,../raw_data/wavs/voice-2037.wav,..\notebooks\finetune-wav2vec2\train_set\wavs\voice-2037.wav
..\notebooks\finetune-wav2vec2\train_set\wavs\voice-2038.wav,9.2,16000,1,2,147200,0.607452392578125,0.10812343657016754,5.618138045250847,0.378226902173913,0.0,0.1273853762593496,../raw_data/wavs/voice-2038.wav,..\notebooks\finetune-wav2vec2\train_set\wavs\voice-2038.wav
..\notebooks\finetune-wav2vec2\train_set\wavs\voice-2039.wav,12.24,16000,1,2,195840,0.61859130859375,0.1078062653541565,5.737990334435605,0.44787581699346407,0.0,0.1381491939807699,../raw_data/wavs/voice-2039.wav,..\notebooks\finetune-wav2vec2\train_set\wavs\voice-2039.wav
..\notebooks\finetune-wav2vec2\train_set\wavs\voice-2040.wav,7.28,16000,1,2,116480,0.621795654296875,0.1042085662484169,5.966838204208774,0.4075206043956044,0.0,0.1446870251289932,../raw_data/wavs/voice-2040.wav,..\notebooks\finetune-wav2vec2\train_set\wavs\voice-2040.wav
..\notebooks\finetune-wav2vec2\train_set\wavs\voice-2041.wav,12.24,16000,1,2,195840,0.60137939453125,0.09997637569904327,6.015214997806776,0.42804330065359475,0.0,0.14265289344818957,../raw_data/wavs/voice-2041.wav,..\notebooks\finetune-wav2vec2\train_set\wavs\voice-2041.wav
..\notebooks\finetune-wav2vec2\train_set\wavs\voice-2042.wav,9.04,16000,1,2,144640,0.712005615234375,0.10252923518419266,6.944415550893993,0.47684596238938054,0.0,0.14849383637884664,../raw_data/wavs/voice-2042.wav,..\notebooks\finetune-wav2vec2\train_set\wavs\voice-2042.wav
..\notebooks\finetune-wav2vec2\train_set\wavs\voice-2043.wav,8.0,16000,1,2,128000,0.6014404296875,0.1087312251329422,5.531441671443856,0.3966640625,0.0,0.12612598535926062,../raw_data/wavs/voice-2043.wav,..\notebooks\finetune-wav2vec2\train_set\wavs\voice-2043.wav
..\notebooks\finetune-wav2vec2\train_set\wavs\voice-2044.wav,6.08,16000,1,2,97280,0.480987548828125,0.09770750999450684,4.92272854824738,0.3991570723684211,0.0,0.12382939791733057,../raw_data/wavs/voice-2044.wav,..\notebooks\finetune-wav2vec2\train_set\wavs\voice-2044.wav
..\notebooks\finetune-wav2vec2\train_set\wavs\voice-2045.wav,11.12,16000,1,2,177920,0.656768798828125,0.10318505764007568,6.36496033291011,0.42786083633093525,0.0,0.12831681832744113,../raw_data/wavs/voice-2045.wav,..\notebooks\finetune-wav2vec2\train_set\wavs\voice-2045.wav
..\notebooks\finetune-wav2vec2\train_set\wavs\voice-2046.wav,5.68,16000,1,2,90880,0.6083984375,0.10696305334568024,5.687930724395037,0.3768705985915493,0.0,0.12983197438352095,../raw_data/wavs/voice-2046.wav,..\notebooks\finetune-wav2vec2\train_set\wavs\voice-2046.wav
..\notebooks\finetune-wav2vec2\train_set\wavs\voice-2047.wav,7.04,16000,1,2,112640,0.622711181640625,0.10569256544113159,5.891721702861506,0.4461381392045455,0.0,0.13252070774776054,../raw_data/wavs/voice-2047.wav,..\notebooks\finetune-wav2vec2\train_set\wavs\voice-2047.wav
..\notebooks\finetune-wav2vec2\train_set\wavs\voice-2048.wav,7.52,16000,1,2,120320,0.5673828125,0.10441900044679642,5.433712351892249,0.36419547872340424,0.0,0.09910321728072873,../raw_data/wavs/voice-2048.wav,..\notebooks\finetune-wav2vec2\train_set\wavs\voice-2048.wav
..\notebooks\finetune-wav2vec2\train_set\wavs\voice-2049.wav,9.44,16000,1,2,151040,0.650482177734375,0.10114798694849014,6.430994796422737,0.3989605402542373,0.0,0.12473599533895219,../raw_data/wavs/voice-2049.wav,..\notebooks\finetune-wav2vec2\train_set\wavs\voice-2049.wav
..\notebooks\finetune-wav2vec2\train_set\wavs\voice-2050.wav,9.92,16000,1,2,158720,0.57293701171875,0.10378988087177277,5.520162533249125,0.36594632056451615,0.0,0.11284723316049118,../raw_data/wavs/voice-2050.wav,..\notebooks\finetune-wav2vec2\train_set\wavs\voice-2050.wav
..\notebooks\finetune-wav2vec2\train_set\wavs\voice-2051.wav,5.12,16000,1,2,81920,0.476531982421875,0.10035183280706406,4.748612647046049,0.35101318359375,0.0,0.12793124916075635,../raw_data/wavs/voice-2051.wav,..\notebooks\finetune-wav2vec2\train_set\wavs\voice-2051.wav
..\notebooks\finetune-wav2vec2\train_set\wavs\voice-2052.wav,7.68,16000,1,2,122880,0.55194091796875,0.1046404168009758,5.274643726033046,0.365087890625,0.0,0.12886660861497895,../raw_data/wavs/voice-2052.wav,..\notebooks\finetune-wav2vec2\train_set\wavs\voice-2052.wav
..\notebooks\finetune-wav2vec2\train_set\wavs\voice-2053.wav,14.4,16000,1,2,230400,0.59051513671875,0.10454464703798294,5.648449284105434,0.41762586805555557,0.0,0.12011336854760654,../raw_data/wavs/voice-2053.wav,..\notebooks\finetune-wav2vec2\train_set\wavs\voice-2053.wav
..\notebooks\finetune-wav2vec2\train_set\wavs\voice-2054.wav,6.48,16000,1,2,103680,0.561614990234375,0.1085195541381836,5.175242330237014,0.38604359567901236,0.0,0.12711349453601983,../raw_data/wavs/voice-2054.wav,..\notebooks\finetune-wav2vec2\train_set\wavs\voice-2054.wav
..\notebooks\finetune-wav2vec2\train_set\wavs\voice-2055.wav,10.64,16000,1,2,170240,0.579498291015625,0.10067713260650635,5.756007109187121,0.42635103383458645,0.0,0.1333889414294022,../raw_data/wavs/voice-2055.wav,..\notebooks\finetune-wav2vec2\train_set\wavs\voice-2055.wav
..\notebooks\finetune-wav2vec2\train_set\wavs\voice-2056.wav,7.6,16000,1,2,121600,0.59832763671875,0.11143328994512558,5.369379626262417,0.40288651315789475,0.0,0.1297954752917376,../raw_data/wavs/voice-2056.wav,..\notebooks\finetune-wav2vec2\train_set\wavs\voice-2056.wav
..\notebooks\finetune-wav2vec2\train_set\wavs\voice-2057.wav,9.12,16000,1,2,145920,0.6331787109375,0.10284802317619324,6.156449986916862,0.44837582236842105,0.0,0.11919626642178195,../raw_data/wavs/voice-2057.wav,..\notebooks\finetune-wav2vec2\train_set\wavs\voice-2057.wav
..\notebooks\finetune-wav2vec2\train_set\wavs\voice-2058.wav,10.88,16000,1,2,174080,0.64306640625,0.10546780377626419,6.097276924569124,0.39455997242647056,0.0,0.11887706156400255,../raw_data/wavs/voice-2058.wav,..\notebooks\finetune-wav2vec2\train_set\wavs\voice-2058.wav
..\notebooks\finetune-wav2vec2\train_set\wavs\voice-2059.wav,14.88,16000,1,2,238080,0.597137451171875,0.10184583812952042,5.863150248834688,0.41879620295698927,0.0,0.12982665417781492,../raw_data/wavs/voice-2059.wav,..\notebooks\finetune-wav2vec2\train_set\wavs\voice-2059.wav
..\notebooks\finetune-wav2vec2\train_set\wavs\voice-2060.wav,7.92,16000,1,2,126720,0.58953857421875,0.09944058209657669,5.928551118558318,0.4298532196969697,0.0,0.13103796589303893,../raw_data/wavs/voice-2060.wav,..\notebooks\finetune-wav2vec2\train_set\wavs\voice-2060.wav
..\notebooks\finetune-wav2vec2\train_set\wavs\voice-2061.wav,8.16,16000,1,2,130560,0.66839599609375,0.10528583079576492,6.348394565934659,0.40894607843137254,0.0,0.12643326005867078,../raw_data/wavs/voice-2061.wav,..\notebooks\finetune-wav2vec2\train_set\wavs\voice-2061.wav
..\notebooks\finetune-wav2vec2\train_set\wavs\voice-2062.wav,13.84,16000,1,2,221440,0.590850830078125,0.10762090235948563,5.4901122098429225,0.41967124277456647,0.0,0.14667244703959104,../raw_data/wavs/voice-2062.wav,..\notebooks\finetune-wav2vec2\train_set\wavs\voice-2062.wav
..\notebooks\finetune-wav2vec2\train_set\wavs\voice-2063.wav,8.4,16000,1,2,134400,0.532928466796875,0.10477194935083389,5.086556755876885,0.380141369047619,0.0,0.11892945632035953,../raw_data/wavs/voice-2063.wav,..\notebooks\finetune-wav2vec2\train_set\wavs\voice-2063.wav
..\notebooks\finetune-wav2vec2\train_set\wavs\voice-2064.wav,6.0,16000,1,2,96000,0.523590087890625,0.10898185521364212,4.804378553330803,0.37233333333333335,0.0,0.11094907238617069,../raw_data/wavs/voice-2064.wav,..\notebooks\finetune-wav2vec2\train_set\wavs\voice-2064.wav
..\notebooks\finetune-wav2vec2\train_set\wavs\voice-2065.wav,6.72,16000,1,2,107520,0.636016845703125,0.10254513472318649,6.2023112790285815,0.4016183035714286,0.0,0.12168081920404766,../raw_data/wavs/voice-2065.wav,..\notebooks\finetune-wav2vec2\train_set\wavs\voice-2065.wav
..\notebooks\finetune-wav2vec2\train_set\wavs\voice-2066.wav,7.84,16000,1,2,125440,0.6177978515625,0.10290756076574326,6.0034252776512975,0.45066964285714284,0.0,0.14110444120249682,../raw_data/wavs/voice-2066.wav,..\notebooks\finetune-wav2vec2\train_set\wavs\voice-2066.wav
..\notebooks\finetune-wav2vec2\train_set\wavs\voice-2067.wav,9.28,16000,1,2,148480,0.561065673828125,0.1040082722902298,5.394433168378182,0.4085196659482759,0.0,0.10981350898106804,../raw_data/wavs/voice-2067.wav,..\notebooks\finetune-wav2vec2\train_set\wavs\voice-2067.wav
..\notebooks\finetune-wav2vec2\train_set\wavs\voice-2068.wav,15.92,16000,1,2,254720,0.667877197265625,0.10584336519241333,6.310052557866871,0.4246270414572864,0.0,0.134532563334498,../raw_data/wavs/voice-2068.wav,..\notebooks\finetune-wav2vec2\train_set\wavs\voice-2068.wav
..\notebooks\finetune-wav2vec2\train_set\wavs\voice-2069.wav,9.28,16000,1,2,148480,0.629669189453125,0.10591065883636475,5.945286304242366,0.43289331896551725,0.0,0.14996060048895804,../raw_data/wavs/voice-2069.wav,..\notebooks\finetune-wav2vec2\train_set\wavs\voice-2069.wav
..\notebooks\finetune-wav2vec2\train_set\wavs\voice-2070.wav,7.68,16000,1,2,122880,0.58673095703125,0.1005798801779747,5.83348236240725,0.43583984375,0.0,0.14244093783315293,../raw_data/wavs/voice-2070.wav,..\notebooks\finetune-wav2vec2\train_set\wavs\voice-2070.wav
..\notebooks\finetune-wav2vec2\train_set\wavs\voice-2071.wav,10.4,16000,1,2,166400,0.69097900390625,0.10547496378421783,6.551118664708571,0.3389963942307692,0.0,0.10345615057782799,../raw_data/wavs/voice-2071.wav,..\notebooks\finetune-wav2vec2\train_set\wavs\voice-2071.wav
..\notebooks\finetune-wav2vec2\train_set\wavs\voice-2072.wav,7.84,16000,1,2,125440,0.5675048828125,0.1055770143866539,5.375269286685179,0.3797672193877551,0.0,0.1145098414368737,../raw_data/wavs/voice-2072.wav,..\notebooks\finetune-wav2vec2\train_set\wavs\voice-2072.wav
..\notebooks\finetune-wav2vec2\train_set\wavs\voice-2073.wav,4.72,16000,1,2,75520,0.558441162109375,0.10833590477705002,5.15471914190055,0.4057468220338983,0.0,0.12435281187515725,../raw_data/wavs/voice-2073.wav,..\notebooks\finetune-wav2vec2\train_set\wavs\voice-2073.wav
..\notebooks\finetune-wav2vec2\train_set\wavs\voice-2074.wav,14.32,16000,1,2,229120,0.583648681640625,0.10408677160739899,5.607328122751926,0.3912578561452514,0.0,0.13795887726465286,../raw_data/wavs/voice-2074.wav,..\notebooks\finetune-wav2vec2\train_set\wavs\voice-2074.wav
..\notebooks\finetune-wav2vec2\train_set\wavs\voice-2075.wav,9.36,16000,1,2,149760,0.50823974609375,0.09752453863620758,5.211403747210937,0.4350761217948718,0.0,0.15725932999018422,../raw_data/wavs/voice-2075.wav,..\notebooks\finetune-wav2vec2\train_set\wavs\voice-2075.wav
..\notebooks\finetune-wav2vec2\train_set\wavs\voice-2076.wav,12.0,16000,1,2,192000,0.539093017578125,0.10809244215488434,4.987333127376891,0.43426041666666665,0.0,0.14068823275121226,../raw_data/wavs/voice-2076.wav,..\notebooks\finetune-wav2vec2\train_set\wavs\voice-2076.wav
..\notebooks\finetune-wav2vec2\train_set\wavs\voice-2077.wav,11.84,16000,1,2,189440,0.635711669921875,0.10987881571054459,5.785570820098205,0.42686338682432434,0.0,0.13873067319823268,../raw_data/wavs/voice-2077.wav,..\notebooks\finetune-wav2vec2\train_set\wavs\voice-2077.wav
..\notebooks\finetune-wav2vec2\train_set\wavs\voice-2078.wav,16.0,16000,1,2,256000,0.59796142578125,0.10536313056945801,5.675243536799231,0.41046484375,0.0,0.13209035972796768,../raw_data/wavs/voice-2078.wav,..\notebooks\finetune-wav2vec2\train_set\wavs\voice-2078.wav
..\notebooks\finetune-wav2vec2\train_set\wavs\voice-2079.wav,11.68,16000,1,2,186880,0.523468017578125,0.09976912289857864,5.246793821273361,0.4228060787671233,0.0,0.1166904788660042,../raw_data/wavs/voice-2079.wav,..\notebooks\finetune-wav2vec2\train_set\wavs\voice-2079.wav
..\notebooks\finetune-wav2vec2\train_set\wavs\voice-2080.wav,7.68,16000,1,2,122880,0.632171630859375,0.10472464561462402,6.036512486141055,0.39285481770833336,0.0,0.1370698003727244,../raw_data/wavs/voice-2080.wav,..\notebooks\finetune-wav2vec2\train_set\wavs\voice-2080.wav
..\notebooks\finetune-wav2vec2\train_set\wavs\voice-2081.wav,14.0,16000,1,2,224000,0.581207275390625,0.10919079929590225,5.3228594271535545,0.44950892857142855,0.0,0.15653641310898708,../raw_data/wavs/voice-2081.wav,..\notebooks\finetune-wav2vec2\train_set\wavs\voice-2081.wav
..\notebooks\finetune-wav2vec2\train_set\wavs\voice-2082.wav,11.76,16000,1,2,188160,0.504119873046875,0.10964405536651611,4.59778572911876,0.3807769982993197,0.0,0.1273710000584612,../raw_data/wavs/voice-2082.wav,..\notebooks\finetune-wav2vec2\train_set\wavs\voice-2082.wav
..\notebooks\finetune-wav2vec2\train_set\wavs\voice-2083.wav,9.68,16000,1,2,154880,0.624176025390625,0.10426831245422363,5.986248465128403,0.4144240702479339,0.0,0.1258014320856927,../raw_data/wavs/voice-2083.wav,..\notebooks\finetune-wav2vec2\train_set\wavs\voice-2083.wav
..\notebooks\finetune-wav2vec2\train_set\wavs\voice-2084.wav,9.76,16000,1,2,156160,0.525970458984375,0.10120143741369247,5.197262730906742,0.41344134221311474,0.0,0.1388264525259511,../raw_data/wavs/voice-2084.wav,..\notebooks\finetune-wav2vec2\train_set\wavs\voice-2084.wav
..\notebooks\finetune-wav2vec2\train_set\wavs\voice-2085.wav,5.28,16000,1,2,84480,0.527862548828125,0.10563409328460693,4.997085054783591,0.3951822916666667,0.0,0.10691414434356468,../raw_data/wavs/voice-2085.wav,..\notebooks\finetune-wav2vec2\train_set\wavs\voice-2085.wav
..\notebooks\finetune-wav2vec2\train_set\wavs\voice-2086.wav,4.4,16000,1,2,70400,0.463531494140625,0.10802306979894638,4.291041672888527,0.40563920454545455,0.0,0.13835423798633503,../raw_data/wavs/voice-2086.wav,..\notebooks\finetune-wav2vec2\train_set\wavs\voice-2086.wav
..\notebooks\finetune-wav2vec2\train_set\wavs\voice-2087.wav,5.76,16000,1,2,92160,0.510162353515625,0.1053965762257576,4.840407267337283,0.40846354166666665,0.0,0.12833255569179353,../raw_data/wavs/voice-2087.wav,..\notebooks\finetune-wav2vec2\train_set\wavs\voice-2087.wav
..\notebooks\finetune-wav2vec2\train_set\wavs\voice-2088.wav,12.8,16000,1,2,204800,0.60345458984375,0.1076657772064209,5.604887695063809,0.3875,0.0,0.1162993959931445,../raw_data/wavs/voice-2088.wav,..\notebooks\finetune-wav2vec2\train_set\wavs\voice-2088.wav
..\notebooks\finetune-wav2vec2\train_set\wavs\voice-2089.wav,9.04,16000,1,2,144640,0.57403564453125,0.10917452722787857,5.257963181586057,0.3995367809734513,0.0,0.11207212439245294,../raw_data/wavs/voice-2089.wav,..\notebooks\finetune-wav2vec2\train_set\wavs\voice-2089.wav
..\notebooks\finetune-wav2vec2\train_set\wavs\voice-2090.wav,14.64,16000,1,2,234240,0.553985595703125,0.1071869432926178,5.168405578940315,0.3871371243169399,0.0,0.11922865107859922,../raw_data/wavs/voice-2090.wav,..\notebooks\finetune-wav2vec2\train_set\wavs\voice-2090.wav
..\notebooks\finetune-wav2vec2\train_set\wavs\voice-2091.wav,8.64,16000,1,2,138240,0.57177734375,0.10680750012397766,5.353344503768976,0.369798900462963,0.0,0.10876091406911219,../raw_data/wavs/voice-2091.wav,..\notebooks\finetune-wav2vec2\train_set\wavs\voice-2091.wav
..\notebooks\finetune-wav2vec2\train_set\wavs\voice-2092.wav,9.76,16000,1,2,156160,0.637054443359375,0.10006650537252426,6.366310495082944,0.4470799180327869,0.0,0.13711025301135382,../raw_data/wavs/voice-2092.wav,..\notebooks\finetune-wav2vec2\train_set\wavs\voice-2092.wav
..\notebooks\finetune-wav2vec2\train_set\wavs\voice-2093.wav,13.52,16000,1,2,216320,0.6109619140625,0.09956271201372147,6.136453112871201,0.4505408653846154,0.0,0.1493350098696832,../raw_data/wavs/voice-2093.wav,..\notebooks\finetune-wav2vec2\train_set\wavs\voice-2093.wav
..\notebooks\finetune-wav2vec2\train_set\wavs\voice-2094.wav,10.64,16000,1,2,170240,0.569488525390625,0.10226631909608841,5.568681169169092,0.41500234962406013,0.0,0.12477751866493576,../raw_data/wavs/voice-2094.wav,..\notebooks\finetune-wav2vec2\train_set\wavs\voice-2094.wav
..\notebooks\finetune-wav2vec2\train_set\wavs\voice-2095.wav,8.64,16000,1,2,138240,0.542510986328125,0.10012251138687134,5.418471618554129,0.3901982060185185,0.0,0.11435267905583808,../raw_data/wavs/voice-2095.wav,..\notebooks\finetune-wav2vec2\train_set\wavs\voice-2095.wav
..\notebooks\finetune-wav2vec2\train_set\wavs\voice-2096.wav,9.28,16000,1,2,148480,0.50531005859375,0.10740750283002853,4.704606710700638,0.40922683189655173,0.0,0.1342816155820015,../raw_data/wavs/voice-2096.wav,..\notebooks\finetune-wav2vec2\train_set\wavs\voice-2096.wav
..\notebooks\finetune-wav2vec2\train_set\wavs\voice-2097.wav,12.4,16000,1,2,198400,0.630035400390625,0.10649874806404114,5.915894898705893,0.37421370967741935,0.0,0.12579700502522695,../raw_data/wavs/voice-2097.wav,..\notebooks\finetune-wav2vec2\train_set\wavs\voice-2097.wav
..\notebooks\finetune-wav2vec2\train_set\wavs\voice-2098.wav,9.28,16000,1,2,148480,0.738128662109375,0.1091286912560463,6.763836838998826,0.3786637931034483,0.0,0.1198014534041851,../raw_data/wavs/voice-2098.wav,..\notebooks\finetune-wav2vec2\train_set\wavs\voice-2098.wav
..\notebooks\finetune-wav2vec2\train_set\wavs\voice-2099.wav,8.08,16000,1,2,129280,0.5068359375,0.09843549877405167,5.148914200794457,0.4479733910891089,0.0,0.1296652975347891,../raw_data/wavs/voice-2099.wav,..\notebooks\finetune-wav2vec2\train_set\wavs\voice-2099.wav
..\notebooks\finetune-wav2vec2\train_set\wavs\voice-2100.wav,5.52,16000,1,2,88320,0.56951904296875,0.10918141156435013,5.216263783447082,0.3600203804347826,0.0,0.11356559743656518,../raw_data/wavs/voice-2100.wav,..\notebooks\finetune-wav2vec2\train_set\wavs\voice-2100.wav
..\notebooks\finetune-wav2vec2\train_set\wavs\voice-2101.wav,7.2,16000,1,2,115200,0.63873291015625,0.10200607031583786,6.261714701669846,0.38839409722222223,0.0,0.13968871257563,../raw_data/wavs/voice-2101.wav,..\notebooks\finetune-wav2vec2\train_set\wavs\voice-2101.wav
..\notebooks\finetune-wav2vec2\train_set\wavs\voice-2102.wav,16.87,16000,1,2,269920,0.630218505859375,0.10040071606636047,6.277031982947494,0.39464285714285713,0.0,0.11434541473553177,../raw_data/wavs/voice-2102.wav,..\notebooks\finetune-wav2vec2\train_set\wavs\voice-2102.wav
..\notebooks\finetune-wav2vec2\train_set\wavs\voice-2103.wav,7.76,16000,1,2,124160,0.6358642578125,0.10719466954469681,5.931864527530117,0.40337467783505154,0.0,0.09913095305213476,../raw_data/wavs/voice-2103.wav,..\notebooks\finetune-wav2vec2\train_set\wavs\voice-2103.wav
..\notebooks\finetune-wav2vec2\train_set\wavs\voice-2104.wav,3.76,16000,1,2,60160,0.542022705078125,0.10523281991481781,5.150700185710816,0.3823470744680851,0.0,0.13017171163084493,../raw_data/wavs/voice-2104.wav,..\notebooks\finetune-wav2vec2\train_set\wavs\voice-2104.wav
..\notebooks\finetune-wav2vec2\train_set\wavs\voice-2105.wav,6.72,16000,1,2,107520,0.6224365234375,0.10369373857975006,6.002643283603752,0.4005952380952381,0.0,0.1259498321226946,../raw_data/wavs/voice-2105.wav,..\notebooks\finetune-wav2vec2\train_set\wavs\voice-2105.wav
..\notebooks\finetune-wav2vec2\train_set\wavs\voice-2106.wav,12.16,16000,1,2,194560,0.657196044921875,0.10558872669935226,6.2241118485417495,0.4356496710526316,0.0,0.14338067115887726,../raw_data/wavs/voice-2106.wav,..\notebooks\finetune-wav2vec2\train_set\wavs\voice-2106.wav
..\notebooks\finetune-wav2vec2\train_set\wavs\voice-2107.wav,6.96,16000,1,2,111360,0.550079345703125,0.104659803211689,5.255879801250085,0.4056034482758621,0.0,0.13061360105604397,../raw_data/wavs/voice-2107.wav,..\notebooks\finetune-wav2vec2\train_set\wavs\voice-2107.wav
..\notebooks\finetune-wav2vec2\train_set\wavs\voice-2108.wav,13.04,16000,1,2,208640,0.625244140625,0.10614017397165298,5.890739738112591,0.4274875383435583,0.0,0.1388139321986781,../raw_data/wavs/voice-2108.wav,..\notebooks\finetune-wav2vec2\train_set\wavs\voice-2108.wav
..\notebooks\finetune-wav2vec2\train_set\wavs\voice-2109.wav,9.52,16000,1,2,152320,0.633941650390625,0.10408338159322739,6.090709589626506,0.4022452731092437,0.0,0.1346647496372744,../raw_data/wavs/voice-2109.wav,..\notebooks\finetune-wav2vec2\train_set\wavs\voice-2109.wav
..\notebooks\finetune-wav2vec2\train_set\wavs\voice-2110.wav,8.64,16000,1,2,138240,0.567840576171875,0.11134038120508194,5.100041602389959,0.402220775462963,0.0,0.13377556261257678,../raw_data/wavs/voice-2110.wav,..\notebooks\finetune-wav2vec2\train_set\wavs\voice-2110.wav
..\notebooks\finetune-wav2vec2\train_set\wavs\voice-2111.wav,7.92,16000,1,2,126720,0.616912841796875,0.109840989112854,5.616417393720297,0.4140388257575758,0.0,0.12898618202479503,../raw_data/wavs/voice-2111.wav,..\notebooks\finetune-wav2vec2\train_set\wavs\voice-2111.wav
..\notebooks\finetune-wav2vec2\train_set\wavs\voice-2112.wav,13.76,16000,1,2,220160,0.63848876953125,0.1096937283873558,5.820649720981199,0.39709756540697677,0.0,0.13684655181028257,../raw_data/wavs/voice-2112.wav,..\notebooks\finetune-wav2vec2\train_set\wavs\voice-2112.wav
..\notebooks\finetune-wav2vec2\train_set\wavs\voice-2113.wav,9.36,16000,1,2,149760,0.579437255859375,0.10493960231542587,5.521626183771034,0.4072516025641026,0.0,0.1304095246362489,../raw_data/wavs/voice-2113.wav,..\notebooks\finetune-wav2vec2\train_set\wavs\voice-2113.wav
..\notebooks\finetune-wav2vec2\train_set\wavs\voice-2114.wav,14.8,16000,1,2,236800,0.572540283203125,0.10313885658979416,5.551159884196149,0.40778716216216215,0.0,0.13763571636704547,../raw_data/wavs/voice-2114.wav,..\notebooks\finetune-wav2vec2\train_set\wavs\voice-2114.wav
..\notebooks\finetune-wav2vec2\train_set\wavs\voice-2115.wav,11.84,16000,1,2,189440,0.505950927734375,0.10046152025461197,5.036265890184435,0.43251161317567566,0.0,0.1393377287675716,../raw_data/wavs/voice-2115.wav,..\notebooks\finetune-wav2vec2\train_set\wavs\voice-2115.wav
..\notebooks\finetune-wav2vec2\train_set\wavs\voice-2116.wav,19.2,16000,1,2,307200,0.660980224609375,0.10639888793230057,6.212285085441336,0.43547200520833335,0.0,0.14441127738046022,../raw_data/wavs/voice-2116.wav,..\notebooks\finetune-wav2vec2\train_set\wavs\voice-2116.wav
..\notebooks\finetune-wav2vec2\train_set\wavs\voice-2117.wav,11.44,16000,1,2,183040,0.585906982421875,0.10490471869707108,5.585134679344347,0.3921820367132867,0.0,0.13763187080348996,../raw_data/wavs/voice-2117.wav,..\notebooks\finetune-wav2vec2\train_set\wavs\voice-2117.wav
..\notebooks\finetune-wav2vec2\train_set\wavs\voice-2118.wav,6.64,16000,1,2,106240,0.5645751953125,0.09891010820865631,5.707962568613286,0.42214796686746986,0.0,0.11880759419798756,../raw_data/wavs/voice-2118.wav,..\notebooks\finetune-wav2vec2\train_set\wavs\voice-2118.wav
..\notebooks\finetune-wav2vec2\train_set\wavs\voice-2119.wav,11.68,16000,1,2,186880,0.54193115234375,0.10319329053163528,5.251612285564377,0.38539704623287674,0.0,0.12868754648729927,../raw_data/wavs/voice-2119.wav,..\notebooks\finetune-wav2vec2\train_set\wavs\voice-2119.wav
..\notebooks\finetune-wav2vec2\train_set\wavs\voice-2120.wav,6.08,16000,1,2,97280,0.63092041015625,0.1027589738368988,6.139808394327294,0.41263363486842103,0.0,0.14617748948899556,../raw_data/wavs/voice-2120.wav,..\notebooks\finetune-wav2vec2\train_set\wavs\voice-2120.wav
..\notebooks\finetune-wav2vec2\train_set\wavs\voice-2121.wav,7.0,16000,1,2,112000,0.479400634765625,0.04244580119848251,11.294418322412634,0.6553125,0.0,0.06291127599353566,../raw_data/wavs/voice-2121.wav,..\notebooks\finetune-wav2vec2\train_set\wavs\voice-2121.wav
..\notebooks\finetune-wav2vec2\train_set\wavs\voice-2122.wav,7.0,16000,1,2,112000,0.55645751953125,0.06515995413064957,8.53986972451699,0.3513839285714286,0.0,0.08654541558406771,../raw_data/wavs/voice-2122.wav,..\notebooks\finetune-wav2vec2\train_set\wavs\voice-2122.wav
..\notebooks\finetune-wav2vec2\train_set\wavs\voice-2123.wav,6.0,16000,1,2,96000,0.429962158203125,0.04969026893377304,8.65284425761866,0.6079791666666666,0.0,0.059406868821550225,../raw_data/wavs/voice-2123.wav,..\notebooks\finetune-wav2vec2\train_set\wavs\voice-2123.wav
..\notebooks\finetune-wav2vec2\train_set\wavs\voice-2124.wav,7.0,16000,1,2,112000,0.32879638671875,0.0452541708946228,7.265548792936085,0.6318214285714285,0.0,0.0870722060018393,../raw_data/wavs/voice-2124.wav,..\notebooks\finetune-wav2vec2\train_set\wavs\voice-2124.wav
..\notebooks\finetune-wav2vec2\train_set\wavs\voice-2125.wav,5.0,16000,1,2,80000,0.529754638671875,0.04569678381085396,11.592821080464025,0.6832875,0.0,0.05918823985299816,../raw_data/wavs/voice-2125.wav,..\notebooks\finetune-wav2vec2\train_set\wavs\voice-2125.wav
..\notebooks\finetune-wav2vec2\train_set\wavs\voice-2126.wav,7.0,16000,1,2,112000,0.29736328125,0.04080485552549362,7.287448452408232,0.6125625,0.0,0.08250966526486844,../raw_data/wavs/voice-2126.wav,..\notebooks\finetune-wav2vec2\train_set\wavs\voice-2126.wav
..\notebooks\finetune-wav2vec2\train_set\wavs\voice-2127.wav,6.0,16000,1,2,96000,0.511627197265625,0.046778783202171326,10.937163436989033,0.6791979166666666,0.0,0.06597985395681205,../raw_data/wavs/voice-2127.wav,..\notebooks\finetune-wav2vec2\train_set\wavs\voice-2127.wav
..\notebooks\finetune-wav2vec2\train_set\wavs\voice-2128.wav,5.0,16000,1,2,80000,0.9666748046875,0.09525570273399353,10.148209261412823,0.3603375,0.0,0.057250715633945425,../raw_data/wavs/voice-2128.wav,..\notebooks\finetune-wav2vec2\train_set\wavs\voice-2128.wav
..\notebooks\finetune-wav2vec2\train_set\wavs\voice-2129.wav,6.0,16000,1,2,96000,0.364044189453125,0.038732245564460754,9.398995182121798,0.6355520833333334,0.0,0.09536557672475755,../raw_data/wavs/voice-2129.wav,..\notebooks\finetune-wav2vec2\train_set\wavs\voice-2129.wav
..\notebooks\finetune-wav2vec2\train_set\wavs\voice-2130.wav,6.0,16000,1,2,96000,0.4505615234375,0.05487718805670738,8.210360978625799,0.52159375,0.0,0.06243815039739997,../raw_data/wavs/voice-2130.wav,..\notebooks\finetune-wav2vec2\train_set\wavs\voice-2130.wav
..\notebooks\finetune-wav2vec2\train_set\wavs\voice-2131.wav,5.0,16000,1,2,80000,0.422119140625,0.0531938299536705,7.935490657330884,0.548125,0.0,0.05623820297753722,../raw_data/wavs/voice-2131.wav,..\notebooks\finetune-wav2vec2\train_set\wavs\voice-2131.wav
..\notebooks\finetune-wav2vec2\train_set\wavs\voice-2132.wav,5.0,16000,1,2,80000,0.54931640625,0.052010711282491684,10.561601499091896,0.5669875,0.0,0.06076325954074426,../raw_data/wavs/voice-2132.wav,..\notebooks\finetune-wav2vec2\train_set\wavs\voice-2132.wav
..\notebooks\finetune-wav2vec2\train_set\wavs\voice-2133.wav,6.0,16000,1,2,96000,0.429595947265625,0.053935468196868896,7.964998944619604,0.5527604166666666,0.0,0.059542286898821864,../raw_data/wavs/voice-2133.wav,..\notebooks\finetune-wav2vec2\train_set\wavs\voice-2133.wav
..\notebooks\finetune-wav2vec2\train_set\wavs\voice-2134.wav,6.0,16000,1,2,96000,0.53851318359375,0.055089838802814484,9.775181690425239,0.6279895833333333,0.0,0.06210481359180825,../raw_data/wavs/voice-2134.wav,..\notebooks\finetune-wav2vec2\train_set\wavs\voice-2134.wav
..\notebooks\finetune-wav2vec2\train_set\wavs\voice-2135.wav,6.0,16000,1,2,96000,0.382293701171875,0.033365506678819656,11.457752008740036,0.7037291666666666,0.0,0.058688111334493066,../raw_data/wavs/voice-2135.wav,..\notebooks\finetune-wav2vec2\train_set\wavs\voice-2135.wav
..\notebooks\finetune-wav2vec2\train_set\wavs\voice-2136.wav,5.0,16000,1,2,80000,0.53887939453125,0.07494035363197327,7.190777310414737,0.3163625,0.0,0.0751884398554982,../raw_data/wavs/voice-2136.wav,..\notebooks\finetune-wav2vec2\train_set\wavs\voice-2136.wav
..\notebooks\finetune-wav2vec2\train_set\wavs\voice-2137.wav,6.0,16000,1,2,96000,0.33148193359375,0.03677541762590408,9.013682372440519,0.6756041666666667,0.0,0.06008395920790842,../raw_data/wavs/voice-2137.wav,..\notebooks\finetune-wav2vec2\train_set\wavs\voice-2137.wav
..\notebooks\finetune-wav2vec2\train_set\wavs\voice-2138.wav,5.0,16000,1,2,80000,0.97161865234375,0.0988103449344635,9.833167296280378,0.4627,0.0,0.07013837672970911,../raw_data/wavs/voice-2138.wav,..\notebooks\finetune-wav2vec2\train_set\wavs\voice-2138.wav
..\notebooks\finetune-wav2vec2\train_set\wavs\voice-2139.wav,7.0,16000,1,2,112000,0.208984375,0.024206548929214478,8.63338163614807,0.7667946428571428,0.0,0.05851837962838954,../raw_data/wavs/voice-2139.wav,..\notebooks\finetune-wav2vec2\train_set\wavs\voice-2139.wav
..\notebooks\finetune-wav2vec2\train_set\wavs\voice-2140.wav,7.0,16000,1,2,112000,0.45306396484375,0.051730573177337646,8.75814701087113,0.6065892857142857,0.0,0.06251841534299413,../raw_data/wavs/voice-2140.wav,..\notebooks\finetune-wav2vec2\train_set\wavs\voice-2140.wav
..\notebooks\finetune-wav2vec2\train_set\wavs\voice-2141.wav,6.0,16000,1,2,96000,0.381561279296875,0.04625381901860237,8.249292434499703,0.6344375,0.0,0.06934447233825353,../raw_data/wavs/voice-2141.wav,..\notebooks\finetune-wav2vec2\train_set\wavs\voice-2141.wav
..\notebooks\finetune-wav2vec2\train_set\wavs\voice-2142.wav,6.0,16000,1,2,96000,0.447967529296875,0.043023474514484406,10.41216532026164,0.64571875,0.0,0.061844394212439716,../raw_data/wavs/voice-2142.wav,..\notebooks\finetune-wav2vec2\train_set\wavs\voice-2142.wav
..\notebooks\finetune-wav2vec2\train_set\wavs\voice-2143.wav,6.0,16000,1,2,96000,0.395965576171875,0.04829289764165878,8.19925072854407,0.5944895833333333,0.0,0.06435483702955239,../raw_data/wavs/voice-2143.wav,..\notebooks\finetune-wav2vec2\train_set\wavs\voice-2143.wav
..\notebooks\finetune-wav2vec2\train_set\wavs\voice-2144.wav,6.0,16000,1,2,96000,0.243194580078125,0.03367762267589569,7.22125140537869,0.71353125,0.0,0.07785497765601725,../raw_data/wavs/voice-2144.wav,..\notebooks\finetune-wav2vec2\train_set\wavs\voice-2144.wav
..\notebooks\finetune-wav2vec2\train_set\wavs\voice-2145.wav,7.0,16000,1,2,112000,0.45196533203125,0.06024211272597313,7.5024814300111204,0.5338660714285715,0.0,0.07608103643782534,../raw_data/wavs/voice-2145.wav,..\notebooks\finetune-wav2vec2\train_set\wavs\voice-2145.wav
..\notebooks\finetune-wav2vec2\train_set\wavs\voice-2146.wav,6.0,16000,1,2,96000,0.52581787109375,0.05385283753275871,9.76397707500361,0.57284375,0.0,0.06311524078375816,../raw_data/wavs/voice-2146.wav,..\notebooks\finetune-wav2vec2\train_set\wavs\voice-2146.wav
..\notebooks\finetune-wav2vec2\train_set\wavs\voice-2147.wav,6.0,16000,1,2,96000,0.4097900390625,0.05781499296426773,7.087954491593015,0.5588958333333334,0.0,0.06207356326628402,../raw_data/wavs/voice-2147.wav,..\notebooks\finetune-wav2vec2\train_set\wavs\voice-2147.wav
..\notebooks\finetune-wav2vec2\train_set\wavs\voice-2148.wav,7.0,16000,1,2,112000,0.38507080078125,0.04491884633898735,8.572588838886261,0.6348571428571429,0.0,0.07806319699283029,../raw_data/wavs/voice-2148.wav,..\notebooks\finetune-wav2vec2\train_set\wavs\voice-2148.wav
..\notebooks\finetune-wav2vec2\train_set\wavs\voice-2149.wav,7.0,16000,1,2,112000,0.40350341796875,0.03794683888554573,10.633386859595513,0.6928660714285715,0.0,0.07491138313734944,../raw_data/wavs/voice-2149.wav,..\notebooks\finetune-wav2vec2\train_set\wavs\voice-2149.wav
..\notebooks\finetune-wav2vec2\train_set\wavs\voice-2150.wav,6.0,16000,1,2,96000,0.4359130859375,0.04274269938468933,10.19853898356374,0.6116979166666666,0.0,0.08098001020843967,../raw_data/wavs/voice-2150.wav,..\notebooks\finetune-wav2vec2\train_set\wavs\voice-2150.wav
..\notebooks\finetune-wav2vec2\train_set\wavs\voice-2151.wav,7.0,16000,1,2,112000,0.444732666015625,0.031544990837574005,14.098360919030387,0.6903303571428572,0.0,0.08124179680175715,../raw_data/wavs/voice-2151.wav,..\notebooks\finetune-wav2vec2\train_set\wavs\voice-2151.wav
..\notebooks\finetune-wav2vec2\train_set\wavs\voice-2152.wav,6.0,16000,1,2,96000,0.4588623046875,0.05292532593011856,8.669994877185484,0.5635,0.0,0.061781893561391264,../raw_data/wavs/voice-2152.wav,..\notebooks\finetune-wav2vec2\train_set\wavs\voice-2152.wav
..\notebooks\finetune-wav2vec2\train_set\wavs\voice-2153.wav,4.0,16000,1,2,64000,0.513763427734375,0.06803027540445328,7.551982182637819,0.378359375,0.0,0.12362693167080735,../raw_data/wavs/voice-2153.wav,..\notebooks\finetune-wav2vec2\train_set\wavs\voice-2153.wav
..\notebooks\finetune-wav2vec2\train_set\wavs\voice-2154.wav,5.0,16000,1,2,80000,0.4539794921875,0.0613149031996727,7.4040644035449334,0.4944875,0.0,0.07030087876098451,../raw_data/wavs/voice-2154.wav,..\notebooks\finetune-wav2vec2\train_set\wavs\voice-2154.wav
..\notebooks\finetune-wav2vec2\train_set\wavs\voice-2155.wav,6.0,16000,1,2,96000,0.500335693359375,0.04987744614481926,10.03130136027112,0.6146875,0.0,0.061365222554401605,../raw_data/wavs/voice-2155.wav,..\notebooks\finetune-wav2vec2\train_set\wavs\voice-2155.wav
..\notebooks\finetune-wav2vec2\train_set\wavs\voice-2156.wav,5.0,16000,1,2,80000,0.292694091796875,0.026581881567835808,11.011037388377959,0.7975125,0.0,0.06801335016687708,../raw_data/wavs/voice-2156.wav,..\notebooks\finetune-wav2vec2\train_set\wavs\voice-2156.wav
..\notebooks\finetune-wav2vec2\train_set\wavs\voice-2157.wav,6.0,16000,1,2,96000,0.31500244140625,0.038597073405981064,8.161303788318747,0.66515625,0.0,0.06008395920790842,../raw_data/wavs/voice-2157.wav,..\notebooks\finetune-wav2vec2\train_set\wavs\voice-2157.wav
..\notebooks\finetune-wav2vec2\train_set\wavs\voice-2158.wav,6.0,16000,1,2,96000,0.73260498046875,0.06316734105348587,11.597844206366533,0.5874583333333333,0.0,0.062448567172574715,../raw_data/wavs/voice-2158.wav,..\notebooks\finetune-wav2vec2\train_set\wavs\voice-2158.wav
..\notebooks\finetune-wav2vec2\train_set\wavs\voice-2159.wav,6.0,16000,1,2,96000,0.35791015625,0.038126345723867416,9.387476020969542,0.6363229166666666,0.0,0.06115688705090678,../raw_data/wavs/voice-2159.wav,..\notebooks\finetune-wav2vec2\train_set\wavs\voice-2159.wav
..\notebooks\finetune-wav2vec2\train_set\wavs\voice-2160.wav,7.0,16000,1,2,112000,0.573211669921875,0.04779243841767311,11.99377325995377,0.6376696428571429,0.0,0.06449164724685041,../raw_data/wavs/voice-2160.wav,..\notebooks\finetune-wav2vec2\train_set\wavs\voice-2160.wav
..\notebooks\finetune-wav2vec2\train_set\wavs\voice-2161.wav,7.0,16000,1,2,112000,0.3656005859375,0.036925170570611954,9.901121112991543,0.682875,0.0,0.05906302734845847,../raw_data/wavs/voice-2161.wav,..\notebooks\finetune-wav2vec2\train_set\wavs\voice-2161.wav
..\notebooks\finetune-wav2vec2\train_set\wavs\voice-2162.wav,6.0,16000,1,2,96000,0.708984375,0.05724057927727699,12.386044724768329,0.5843333333333334,0.0,0.05969853852644298,../raw_data/wavs/voice-2162.wav,..\notebooks\finetune-wav2vec2\train_set\wavs\voice-2162.wav
..\notebooks\finetune-wav2vec2\train_set\wavs\voice-2163.wav,5.0,16000,1,2,80000,0.281768798828125,0.03394121676683426,8.30167052536125,0.6823375,0.0,0.0611257640720509,../raw_data/wavs/voice-2163.wav,..\notebooks\finetune-wav2vec2\train_set\wavs\voice-2163.wav
..\notebooks\finetune-wav2vec2\train_set\wavs\voice-2164.wav,6.0,16000,1,2,96000,0.51806640625,0.049617916345596313,10.441115717991641,0.6085833333333334,0.0,0.06157355805789644,../raw_data/wavs/voice-2164.wav,..\notebooks\finetune-wav2vec2\train_set\wavs\voice-2164.wav
..\notebooks\finetune-wav2vec2\train_set\wavs\voice-2165.wav,7.0,16000,1,2,112000,0.602203369140625,0.04685269668698311,12.853120774752176,0.6527767857142858,0.0,0.06269698836596756,../raw_data/wavs/voice-2165.wav,..\notebooks\finetune-wav2vec2\train_set\wavs\voice-2165.wav
..\notebooks\finetune-wav2vec2\train_set\wavs\voice-2166.wav,6.0,16000,1,2,96000,0.493072509765625,0.05667814984917641,8.6995166757863,0.5572291666666667,0.0,0.0962093355139116,../raw_data/wavs/voice-2166.wav,..\notebooks\finetune-wav2vec2\train_set\wavs\voice-2166.wav
..\notebooks\finetune-wav2vec2\train_set\wavs\voice-2167.wav,5.0,16000,1,2,80000,0.47216796875,0.05571696534752846,8.474402110827539,0.5310625,0.0,0.06848835610445131,../raw_data/wavs/voice-2167.wav,..\notebooks\finetune-wav2vec2\train_set\wavs\voice-2167.wav
..\notebooks\finetune-wav2vec2\train_set\wavs\voice-2168.wav,5.0,16000,1,2,80000,0.4521484375,0.048731736838817596,9.278315669221913,0.6462375,0.0,0.06936336704208802,../raw_data/wavs/voice-2168.wav,..\notebooks\finetune-wav2vec2\train_set\wavs\voice-2168.wav
..\notebooks\finetune-wav2vec2\train_set\wavs\voice-2169.wav,5.0,16000,1,2,80000,0.338287353515625,0.0345880389213562,9.780472211356027,0.684125,0.0,0.06618832735409193,../raw_data/wavs/voice-2169.wav,..\notebooks\finetune-wav2vec2\train_set\wavs\voice-2169.wav
..\notebooks\finetune-wav2vec2\train_set\wavs\voice-2170.wav,5.0,16000,1,2,80000,0.637725830078125,0.05579013377428055,11.430799443110834,0.55185,0.0,0.058400730009125115,../raw_data/wavs/voice-2170.wav,..\notebooks\finetune-wav2vec2\train_set\wavs\voice-2170.wav
..\notebooks\finetune-wav2vec2\train_set\wavs\voice-2171.wav,6.0,16000,1,2,96000,0.2216796875,0.026265965774655342,8.439807216755915,0.7470833333333333,0.0,0.06419858540193127,../raw_data/wavs/voice-2171.wav,..\notebooks\finetune-wav2vec2\train_set\wavs\voice-2171.wav
..\notebooks\finetune-wav2vec2\train_set\wavs\voice-2172.wav,6.0,16000,1,2,96000,0.513885498046875,0.05513896048069,9.31982564718174,0.6027083333333333,0.0,0.06863613162637111,../raw_data/wavs/voice-2172.wav,..\notebooks\finetune-wav2vec2\train_set\wavs\voice-2172.wav
..\notebooks\finetune-wav2vec2\train_set\wavs\voice-2173.wav,5.0,16000,1,2,80000,0.82012939453125,0.08232452720403671,9.962151285711066,0.372325,0.0,0.07472593407417592,../raw_data/wavs/voice-2173.wav,..\notebooks\finetune-wav2vec2\train_set\wavs\voice-2173.wav
..\notebooks\finetune-wav2vec2\train_set\wavs\voice-2174.wav,2.0,16000,1,2,32000,0.647796630859375,0.06917007267475128,9.36527324332039,0.692875,0.0,0.07968999031219726,../raw_data/wavs/voice-2174.wav,..\notebooks\finetune-wav2vec2\train_set\wavs\voice-2174.wav
..\notebooks\finetune-wav2vec2\train_set\wavs\voice-2175.wav,6.0,16000,1,2,96000,0.473907470703125,0.045585546642541885,10.396002803679433,0.60565625,0.0,0.057615183491494706,../raw_data/wavs/voice-2175.wav,..\notebooks\finetune-wav2vec2\train_set\wavs\voice-2175.wav
..\notebooks\finetune-wav2vec2\train_set\wavs\voice-2176.wav,7.0,16000,1,2,112000,0.48968505859375,0.05067778378725052,9.662716519915076,0.569,0.0,0.06269698836596756,../raw_data/wavs/voice-2176.wav,..\notebooks\finetune-wav2vec2\train_set\wavs\voice-2176.wav
..\notebooks\finetune-wav2vec2\train_set\wavs\voice-2177.wav,7.0,16000,1,2,112000,0.662017822265625,0.04657714068889618,14.213363303845906,0.6414196428571428,0.0,0.06786667738104804,../raw_data/wavs/voice-2177.wav,..\notebooks\finetune-wav2vec2\train_set\wavs\voice-2177.wav
..\notebooks\finetune-wav2vec2\train_set\wavs\voice-2178.wav,2.0,16000,1,2,32000,0.41534423828125,0.05756758153438568,7.214898163355374,0.56003125,0.0,0.06428325885183912,../raw_data/wavs/voice-2178.wav,..\notebooks\finetune-wav2vec2\train_set\wavs\voice-2178.wav
..\notebooks\finetune-wav2vec2\train_set\wavs\voice-2179.wav,6.0,16000,1,2,96000,0.244049072265625,0.03366464003920555,7.2494187367340785,0.6921875,0.0,0.06471942416066834,../raw_data/wavs/voice-2179.wav,..\notebooks\finetune-wav2vec2\train_set\wavs\voice-2179.wav
..\notebooks\finetune-wav2vec2\train_set\wavs\voice-2180.wav,6.0,16000,1,2,96000,0.45501708984375,0.04911874234676361,9.263614418941463,0.6138125,0.0,0.05685475890373858,../raw_data/wavs/voice-2180.wav,..\notebooks\finetune-wav2vec2\train_set\wavs\voice-2180.wav
..\notebooks\finetune-wav2vec2\train_set\wavs\voice-2181.wav,5.0,16000,1,2,80000,0.956146240234375,0.1402619183063507,6.8168627078522075,0.2723625,0.0,0.05563819547744347,../raw_data/wavs/voice-2181.wav,..\notebooks\finetune-wav2vec2\train_set\wavs\voice-2181.wav
..\notebooks\finetune-wav2vec2\train_set\wavs\voice-2182.wav,5.0,16000,1,2,80000,0.278106689453125,0.029259856790304184,9.504718066333155,0.7240125,0.0,0.05492568657108214,../raw_data/wavs/voice-2182.wav,..\notebooks\finetune-wav2vec2\train_set\wavs\voice-2182.wav
..\notebooks\finetune-wav2vec2\train_set\wavs\voice-2183.wav,6.0,16000,1,2,96000,0.510528564453125,0.04704641178250313,10.851594098468397,0.5904166666666667,0.0,0.05571933040969177,../raw_data/wavs/voice-2183.wav,..\notebooks\finetune-wav2vec2\train_set\wavs\voice-2183.wav
..\notebooks\finetune-wav2vec2\train_set\wavs\voice-2184.wav,6.0,16000,1,2,96000,0.606231689453125,0.06757916510105133,8.970689243446925,0.5578854166666667,0.0,0.06008395920790842,../raw_data/wavs/voice-2184.wav,..\notebooks\finetune-wav2vec2\train_set\wavs\voice-2184.wav
..\notebooks\finetune-wav2vec2\train_set\wavs\voice-2185.wav,6.0,16000,1,2,96000,0.343414306640625,0.044672731310129166,7.687336246726394,0.6017083333333333,0.0,0.05790685319638746,../raw_data/wavs/voice-2185.wav,..\notebooks\finetune-wav2vec2\train_set\wavs\voice-2185.wav
..\notebooks\finetune-wav2vec2\train_set\wavs\voice-2186.wav,6.0,16000,1,2,96000,0.337738037109375,0.0382210798561573,8.8364336743083,0.6622604166666667,0.0,0.0659173533057636,../raw_data/wavs/voice-2186.wav,..\notebooks\finetune-wav2vec2\train_set\wavs\voice-2186.wav
..\notebooks\finetune-wav2vec2\train_set\wavs\voice-2187.wav,6.0,16000,1,2,96000,0.373687744140625,0.043813690543174744,8.529017745546609,0.6375625,0.0,0.06299023948166127,../raw_data/wavs/voice-2187.wav,..\notebooks\finetune-wav2vec2\train_set\wavs\voice-2187.wav
..\notebooks\finetune-wav2vec2\train_set\wavs\voice-2188.wav,7.0,16000,1,2,112000,0.3760986328125,0.03616143390536308,10.400545337797599,0.7265178571428571,0.0,0.056473718515343885,../raw_data/wavs/voice-2188.wav,..\notebooks\finetune-wav2vec2\train_set\wavs\voice-2188.wav
..\notebooks\finetune-wav2vec2\train_set\wavs\voice-2189.wav,6.0,16000,1,2,96000,0.473114013671875,0.04141520708799362,11.42367856972595,0.6478541666666666,0.0,0.060458963114199106,../raw_data/wavs/voice-2189.wav,..\notebooks\finetune-wav2vec2\train_set\wavs\voice-2189.wav
..\notebooks\finetune-wav2vec2\train_set\wavs\voice-2190.wav,6.0,16000,1,2,96000,0.336273193359375,0.034573182463645935,9.72641710704445,0.7471458333333333,0.0,0.05729226346107772,../raw_data/wavs/voice-2190.wav,..\notebooks\finetune-wav2vec2\train_set\wavs\voice-2190.wav
..\notebooks\finetune-wav2vec2\train_set\wavs\voice-2191.wav,6.0,16000,1,2,96000,0.36688232421875,0.03764813765883446,9.74503247792545,0.69728125,0.0,0.06635485786310275,../raw_data/wavs/voice-2191.wav,..\notebooks\finetune-wav2vec2\train_set\wavs\voice-2191.wav
..\notebooks\finetune-wav2vec2\train_set\wavs\voice-2192.wav,7.0,16000,1,2,112000,0.515380859375,0.060164932161569595,8.566133806832413,0.5506607142857143,0.0,0.05708979544460219,../raw_data/wavs/voice-2192.wav,..\notebooks\finetune-wav2vec2\train_set\wavs\voice-2192.wav
..\notebooks\finetune-wav2vec2\train_set\wavs\voice-2193.wav,6.0,16000,1,2,96000,0.451019287109375,0.04436478018760681,10.166156243807245,0.6136354166666667,0.0,0.0583443577537266,../raw_data/wavs/voice-2193.wav,..\notebooks\finetune-wav2vec2\train_set\wavs\voice-2193.wav
..\notebooks\finetune-wav2vec2\train_set\wavs\voice-2194.wav,5.0,16000,1,2,80000,0.3160400390625,0.03248058259487152,9.730122239630047,0.6560125,0.0,0.08868860860760759,../raw_data/wavs/voice-2194.wav,..\notebooks\finetune-wav2vec2\train_set\wavs\voice-2194.wav
..\notebooks\finetune-wav2vec2\train_set\wavs\voice-2195.wav,7.0,16000,1,2,112000,0.41937255859375,0.04575527086853981,9.165557336523172,0.5750267857142857,0.0,0.08649184367717569,../raw_data/wavs/voice-2195.wav,..\notebooks\finetune-wav2vec2\train_set\wavs\voice-2195.wav
..\notebooks\finetune-wav2vec2\train_set\wavs\voice-2196.wav,5.0,16000,1,2,80000,0.405029296875,0.037322815507650375,10.852056345855733,0.6849625,0.0,0.05985074813435168,../raw_data/wavs/voice-2196.wav,..\notebooks\finetune-wav2vec2\train_set\wavs\voice-2196.wav
..\notebooks\finetune-wav2vec2\train_set\wavs\voice-2197.wav,6.0,16000,1,2,96000,0.523651123046875,0.05953376367688179,8.79586793620138,0.5478854166666667,0.0,0.0614381399806248,../raw_data/wavs/voice-2197.wav,..\notebooks\finetune-wav2vec2\train_set\wavs\voice-2197.wav
..\notebooks\finetune-wav2vec2\train_set\wavs\voice-2198.wav,6.0,16000,1,2,96000,0.295928955078125,0.03774700686335564,7.839799223005665,0.6506875,0.0,0.05812560547505703,../raw_data/wavs/voice-2198.wav,..\notebooks\finetune-wav2vec2\train_set\wavs\voice-2198.wav
..\notebooks\finetune-wav2vec2\train_set\wavs\voice-2199.wav,6.0,16000,1,2,96000,0.6795654296875,0.053419485688209534,12.721302366216717,0.6180104166666667,0.0,0.08313628266961114,../raw_data/wavs/voice-2199.wav,..\notebooks\finetune-wav2vec2\train_set\wavs\voice-2199.wav
..\notebooks\finetune-wav2vec2\train_set\wavs\voice-2200.wav,6.0,16000,1,2,96000,0.376373291015625,0.04146817326545715,9.076196547320368,0.6761145833333333,0.0,0.062281898769778854,../raw_data/wavs/voice-2200.wav,..\notebooks\finetune-wav2vec2\train_set\wavs\voice-2200.wav
..\notebooks\finetune-wav2vec2\train_set\wavs\voice-2201.wav,7.0,16000,1,2,112000,0.32403564453125,0.027960240840911865,11.589157846491648,0.7736785714285714,0.0,0.07262564844328967,../raw_data/wavs/voice-2201.wav,..\notebooks\finetune-wav2vec2\train_set\wavs\voice-2201.wav
..\notebooks\finetune-wav2vec2\train_set\wavs\voice-2202.wav,6.0,16000,1,2,96000,0.6746826171875,0.044014427810907364,15.328669500965423,0.67446875,0.0,0.06509442806695903,../raw_data/wavs/voice-2202.wav,..\notebooks\finetune-wav2vec2\train_set\wavs\voice-2202.wav
..\notebooks\finetune-wav2vec2\train_set\wavs\voice-2203.wav,5.0,16000,1,2,80000,0.3560791015625,0.046090129762887955,7.725712715376579,0.5878125,0.0,0.0653133164164552,../raw_data/wavs/voice-2203.wav,..\notebooks\finetune-wav2vec2\train_set\wavs\voice-2203.wav
..\notebooks\finetune-wav2vec2\train_set\wavs\voice-2204.wav,6.0,16000,1,2,96000,0.28961181640625,0.036116357892751694,8.018854427853954,0.6863125,0.0,0.05985479015406411,../raw_data/wavs/voice-2204.wav,..\notebooks\finetune-wav2vec2\train_set\wavs\voice-2204.wav
..\notebooks\finetune-wav2vec2\train_set\wavs\voice-2205.wav,6.0,16000,1,2,96000,0.29248046875,0.03791220113635063,7.714679179351751,0.6479895833333333,0.0,0.06167772580964385,../raw_data/wavs/voice-2205.wav,..\notebooks\finetune-wav2vec2\train_set\wavs\voice-2205.wav
..\notebooks\finetune-wav2vec2\train_set\wavs\voice-2206.wav,6.0,16000,1,2,96000,0.65380859375,0.047440055757761,13.781783838713967,0.6804895833333333,0.0,0.06327149241137929,../raw_data/wavs/voice-2206.wav,..\notebooks\finetune-wav2vec2\train_set\wavs\voice-2206.wav
..\notebooks\finetune-wav2vec2\train_set\wavs\voice-2207.wav,6.0,16000,1,2,96000,0.622833251953125,0.053663287311792374,11.606319388045744,0.61028125,0.0,0.06050063021489807,../raw_data/wavs/voice-2207.wav,..\notebooks\finetune-wav2vec2\train_set\wavs\voice-2207.wav
..\notebooks\finetune-wav2vec2\train_set\wavs\voice-2208.wav,7.0,16000,1,2,112000,0.41357421875,0.045565441250801086,9.076488834456946,0.5972946428571428,0.0,0.07153635300315181,../raw_data/wavs/voice-2208.wav,..\notebooks\finetune-wav2vec2\train_set\wavs\voice-2208.wav
..\notebooks\finetune-wav2vec2\train_set\wavs\voice-2209.wav,6.0,16000,1,2,96000,0.3543701171875,0.04511716961860657,7.85444034240472,0.6085625,0.0,0.06933405556307878,../raw_data/wavs/voice-2209.wav,..\notebooks\finetune-wav2vec2\train_set\wavs\voice-2209.wav
..\notebooks\finetune-wav2vec2\train_set\wavs\voice-2210.wav,6.0,16000,1,2,96000,0.30126953125,0.03958403691649437,7.610884455406903,0.6473229166666666,0.0,0.05557349555724539,../raw_data/wavs/voice-2210.wav,..\notebooks\finetune-wav2vec2\train_set\wavs\voice-2210.wav
..\notebooks\finetune-wav2vec2\train_set\wavs\voice-2211.wav,7.0,16000,1,2,112000,0.361541748046875,0.041966572403907776,8.614993489752084,0.6651964285714286,0.0,0.06283091813319762,../raw_data/wavs/voice-2211.wav,..\notebooks\finetune-wav2vec2\train_set\wavs\voice-2211.wav
..\notebooks\finetune-wav2vec2\train_set\wavs\voice-2212.wav,5.0,16000,1,2,80000,0.8616943359375,0.0806591734290123,10.683153562140982,0.48965,0.0,0.06347579344741809,../raw_data/wavs/voice-2212.wav,..\notebooks\finetune-wav2vec2\train_set\wavs\voice-2212.wav
..\notebooks\finetune-wav2vec2\train_set\wavs\voice-2213.wav,5.0,16000,1,2,80000,0.457366943359375,0.04648210108280182,9.839635745910781,0.5885875,0.0,0.08443855548194353,../raw_data/wavs/voice-2213.wav,..\notebooks\finetune-wav2vec2\train_set\wavs\voice-2213.wav
..\notebooks\finetune-wav2vec2\train_set\wavs\voice-2214.wav,6.0,16000,1,2,96000,0.63031005859375,0.06432122737169266,9.799409687122129,0.5063020833333334,0.0,0.06551109907394868,../raw_data/wavs/voice-2214.wav,..\notebooks\finetune-wav2vec2\train_set\wavs\voice-2214.wav
..\notebooks\finetune-wav2vec2\train_set\wavs\voice-2215.wav,7.0,16000,1,2,112000,0.33770751953125,0.03810815140604973,8.861818458022563,0.6660535714285715,0.0,0.060714827810962595,../raw_data/wavs/voice-2215.wav,..\notebooks\finetune-wav2vec2\train_set\wavs\voice-2215.wav
..\notebooks\finetune-wav2vec2\train_set\wavs\voice-2216.wav,6.0,16000,1,2,96000,0.34454345703125,0.03450929746031761,9.984076245754988,0.64903125,0.0,0.07959457911019907,../raw_data/wavs/voice-2216.wav,..\notebooks\finetune-wav2vec2\train_set\wavs\voice-2216.wav
..\notebooks\finetune-wav2vec2\train_set\wavs\voice-2217.wav,5.0,16000,1,2,80000,0.483856201171875,0.045054841786623,10.739272006844207,0.585375,0.0,0.061538269228365354,../raw_data/wavs/voice-2217.wav,..\notebooks\finetune-wav2vec2\train_set\wavs\voice-2217.wav
..\notebooks\finetune-wav2vec2\train_set\wavs\voice-2218.wav,8.0,16000,1,2,128000,0.80035400390625,0.0622321255505085,12.860785274908713,0.5464765625,0.0,0.06436769037258104,../raw_data/wavs/voice-2218.wav,..\notebooks\finetune-wav2vec2\train_set\wavs\voice-2218.wav
..\notebooks\finetune-wav2vec2\train_set\wavs\voice-2219.wav,6.0,16000,1,2,96000,0.531341552734375,0.054239992052316666,9.796121507943338,0.6158333333333333,0.0,0.06260481880019583,../raw_data/wavs/voice-2219.wav,..\notebooks\finetune-wav2vec2\train_set\wavs\voice-2219.wav
..\notebooks\finetune-wav2vec2\train_set\wavs\voice-2220.wav,6.0,16000,1,2,96000,0.338531494140625,0.04265305772423744,7.936863432612845,0.65509375,0.0,0.06320899176033083,../raw_data/wavs/voice-2220.wav,..\notebooks\finetune-wav2vec2\train_set\wavs\voice-2220.wav
..\notebooks\finetune-wav2vec2\train_set\wavs\voice-2221.wav,5.0,16000,1,2,80000,0.88330078125,0.10553023219108582,8.370120702952578,0.3198375,0.0,0.06127576594707434,../raw_data/wavs/voice-2221.wav,..\notebooks\finetune-wav2vec2\train_set\wavs\voice-2221.wav
..\notebooks\finetune-wav2vec2\train_set\wavs\voice-2222.wav,5.0,16000,1,2,80000,0.38494873046875,0.042659446597099304,9.023762874948433,0.598425,0.0,0.061588269853373165,../raw_data/wavs/voice-2222.wav,..\notebooks\finetune-wav2vec2\train_set\wavs\voice-2222.wav
..\notebooks\finetune-wav2vec2\train_set\wavs\voice-2223.wav,6.0,16000,1,2,96000,0.362945556640625,0.04067208990454674,8.923700687435078,0.6179895833333333,0.0,0.0567089240512922,../raw_data/wavs/voice-2223.wav,..\notebooks\finetune-wav2vec2\train_set\wavs\voice-2223.wav
..\notebooks\finetune-wav2vec2\train_set\wavs\voice-2224.wav,6.0,16000,1,2,96000,0.539764404296875,0.05247791111469269,10.285554299545138,0.60715625,0.0,0.057302680236252464,../raw_data/wavs/voice-2224.wav,..\notebooks\finetune-wav2vec2\train_set\wavs\voice-2224.wav
..\notebooks\finetune-wav2vec2\train_set\wavs\voice-2225.wav,6.0,16000,1,2,96000,0.439849853515625,0.056764401495456696,7.748691819657954,0.5669791666666667,0.0,0.0660423546078605,../raw_data/wavs/voice-2225.wav,..\notebooks\finetune-wav2vec2\train_set\wavs\voice-2225.wav
..\notebooks\finetune-wav2vec2\train_set\wavs\voice-2226.wav,5.0,16000,1,2,80000,0.436737060546875,0.045250922441482544,9.651450997748242,0.6023375,0.0,0.06010075125939074,../raw_data/wavs/voice-2226.wav,..\notebooks\finetune-wav2vec2\train_set\wavs\voice-2226.wav
..\notebooks\finetune-wav2vec2\train_set\wavs\voice-2227.wav,7.0,16000,1,2,112000,0.5452880859375,0.05240003764629364,10.40625370573697,0.6033839285714285,0.0,0.06324163608603649,../raw_data/wavs/voice-2227.wav,..\notebooks\finetune-wav2vec2\train_set\wavs\voice-2227.wav
..\notebooks\finetune-wav2vec2\train_set\wavs\voice-2228.wav,6.0,16000,1,2,96000,0.465850830078125,0.03795767202973366,12.272903083023815,0.68871875,0.0,0.06766737153512016,../raw_data/wavs/voice-2228.wav,..\notebooks\finetune-wav2vec2\train_set\wavs\voice-2228.wav
..\notebooks\finetune-wav2vec2\train_set\wavs\voice-2229.wav,6.0,16000,1,2,96000,0.324859619140625,0.03976025432348251,8.17046129779814,0.64503125,0.0,0.059125615891832205,../raw_data/wavs/voice-2229.wav,..\notebooks\finetune-wav2vec2\train_set\wavs\voice-2229.wav
..\notebooks\finetune-wav2vec2\train_set\wavs\voice-2230.wav,5.0,16000,1,2,80000,0.5439453125,0.061183732002973557,8.890358510225626,0.5295,0.0,0.05945074313428918,../raw_data/wavs/voice-2230.wav,..\notebooks\finetune-wav2vec2\train_set\wavs\voice-2230.wav
..\notebooks\finetune-wav2vec2\train_set\wavs\voice-2231.wav,6.0,16000,1,2,96000,0.520263671875,0.05636594444513321,9.230106529687022,0.56565625,0.0,0.0676777883102949,../raw_data/wavs/voice-2231.wav,..\notebooks\finetune-wav2vec2\train_set\wavs\voice-2231.wav
..\notebooks\finetune-wav2vec2\train_set\wavs\voice-2232.wav,5.0,16000,1,2,80000,0.5340576171875,0.07016626745462418,7.6113157584286455,0.571925,0.0,0.06586332329154114,../raw_data/wavs/voice-2232.wav,..\notebooks\finetune-wav2vec2\train_set\wavs\voice-2232.wav
..\notebooks\finetune-wav2vec2\train_set\wavs\voice-2233.wav,6.0,16000,1,2,96000,0.38739013671875,0.046124789863824844,8.398740414047408,0.64159375,0.0,0.06739653538057688,../raw_data/wavs/voice-2233.wav,..\notebooks\finetune-wav2vec2\train_set\wavs\voice-2233.wav
..\notebooks\finetune-wav2vec2\train_set\wavs\voice-2234.wav,7.0,16000,1,2,112000,0.83447265625,0.09515558183193207,8.769560757075523,0.2915357142857143,0.0,0.061313047437923554,../raw_data/wavs/voice-2234.wav,..\notebooks\finetune-wav2vec2\train_set\wavs\voice-2234.wav
..\notebooks\finetune-wav2vec2\train_set\wavs\voice-2235.wav,7.0,16000,1,2,112000,0.45379638671875,0.04083859175443649,11.111949928328562,0.6545625,0.0,0.08813471548853115,../raw_data/wavs/voice-2235.wav,..\notebooks\finetune-wav2vec2\train_set\wavs\voice-2235.wav
..\notebooks\finetune-wav2vec2\train_set\wavs\voice-2236.wav,7.0,16000,1,2,112000,0.271636962890625,0.024130595847964287,11.256952153278094,0.8164732142857143,0.0,0.06545594157090688,../raw_data/wavs/voice-2236.wav,..\notebooks\finetune-wav2vec2\train_set\wavs\voice-2236.wav
..\notebooks\finetune-wav2vec2\train_set\wavs\voice-2237.wav,5.0,16000,1,2,80000,0.697113037109375,0.0561080127954483,12.424482749920658,0.570025,0.0,0.06518831485393567,../raw_data/wavs/voice-2237.wav,..\notebooks\finetune-wav2vec2\train_set\wavs\voice-2237.wav
..\notebooks\finetune-wav2vec2\train_set\wavs\voice-2238.wav,7.0,16000,1,2,112000,0.7073974609375,0.0757865384221077,9.334077999413482,0.5241339285714286,0.0,0.0704024143072706,../raw_data/wavs/voice-2238.wav,..\notebooks\finetune-wav2vec2\train_set\wavs\voice-2238.wav
..\notebooks\finetune-wav2vec2\train_set\wavs\voice-2239.wav,6.0,16000,1,2,96000,0.398040771484375,0.03829973563551903,10.392781174062035,0.6290416666666667,0.0,0.08185501932311795,../raw_data/wavs/voice-2239.wav,..\notebooks\finetune-wav2vec2\train_set\wavs\voice-2239.wav
..\notebooks\finetune-wav2vec2\train_set\wavs\voice-2240.wav,6.0,16000,1,2,96000,0.575531005859375,0.06050454452633858,9.512194668432507,0.5494479166666667,0.0,0.053021385639433746,../raw_data/wavs/voice-2240.wav,..\notebooks\finetune-wav2vec2\train_set\wavs\voice-2240.wav
..\notebooks\finetune-wav2vec2\train_set\wavs\voice-2241.wav,5.0,16000,1,2,80000,0.392303466796875,0.048826370388269424,8.034663721207632,0.595225,0.0,0.06560082001025012,../raw_data/wavs/voice-2241.wav,..\notebooks\finetune-wav2vec2\train_set\wavs\voice-2241.wav
..\notebooks\finetune-wav2vec2\train_set\wavs\voice-2242.wav,6.0,16000,1,2,96000,0.545196533203125,0.0668921247124672,8.15038445178155,0.5301770833333334,0.0,0.06271940332711799,../raw_data/wavs/voice-2242.wav,..\notebooks\finetune-wav2vec2\train_set\wavs\voice-2242.wav
..\notebooks\finetune-wav2vec2\train_set\wavs\voice-2243.wav,6.0,16000,1,2,96000,0.8017578125,0.06755295395851135,11.868582578822704,0.44309375,0.0,0.09937603516703299,../raw_data/wavs/voice-2243.wav,..\notebooks\finetune-wav2vec2\train_set\wavs\voice-2243.wav
..\notebooks\finetune-wav2vec2\train_set\wavs\voice-2244.wav,7.0,16000,1,2,112000,0.323883056640625,0.04248897731304169,7.62275482072409,0.5947678571428572,0.0,0.05352726363628247,../raw_data/wavs/voice-2244.wav,..\notebooks\finetune-wav2vec2\train_set\wavs\voice-2244.wav
..\notebooks\finetune-wav2vec2\train_set\wavs\voice-2245.wav,5.0,16000,1,2,80000,0.581390380859375,0.06720276921987534,8.651286064673474,0.5443375,0.0,0.06685083563544544,../raw_data/wavs/voice-2245.wav,..\notebooks\finetune-wav2vec2\train_set\wavs\voice-2245.wav
..\notebooks\finetune-wav2vec2\train_set\wavs\voice-2246.wav,5.0,16000,1,2,80000,0.26507568359375,0.04044994339346886,6.553178109924123,0.6083125,0.0,0.06283828547856848,../raw_data/wavs/voice-2246.wav,..\notebooks\finetune-wav2vec2\train_set\wavs\voice-2246.wav
..\notebooks\finetune-wav2vec2\train_set\wavs\voice-2247.wav,6.0,16000,1,2,96000,0.376495361328125,0.03593525290489197,10.477047770460288,0.7132395833333334,0.0,0.062313149095303076,../raw_data/wavs/voice-2247.wav,..\notebooks\finetune-wav2vec2\train_set\wavs\voice-2247.wav
..\notebooks\finetune-wav2vec2\train_set\wavs\voice-2248.wav,6.0,16000,1,2,96000,0.685882568359375,0.06963704526424408,9.849392169882158,0.48046875,0.0,0.06713611600120835,../raw_data/wavs/voice-2248.wav,..\notebooks\finetune-wav2vec2\train_set\wavs\voice-2248.wav
..\notebooks\finetune-wav2vec2\train_set\wavs\voice-2249.wav,5.0,16000,1,2,80000,0.391357421875,0.05550985410809517,7.050233299350848,0.546575,0.0,0.06117576469705871,../raw_data/wavs/voice-2249.wav,..\notebooks\finetune-wav2vec2\train_set\wavs\voice-2249.wav
..\notebooks\finetune-wav2vec2\train_set\wavs\voice-2250.wav,6.0,16000,1,2,96000,0.30535888671875,0.031021034345030785,9.8436075123222,0.7174791666666667,0.0,0.057990187397785393,../raw_data/wavs/voice-2250.wav,..\notebooks\finetune-wav2vec2\train_set\wavs\voice-2250.wav
..\notebooks\finetune-wav2vec2\train_set\wavs\voice-2251.wav,5.0,16000,1,2,80000,0.463165283203125,0.05380208417773247,8.608686638849935,0.5975,0.0,0.058963237040463,../raw_data/wavs/voice-2251.wav,..\notebooks\finetune-wav2vec2\train_set\wavs\voice-2251.wav
..\notebooks\finetune-wav2vec2\train_set\wavs\voice-2252.wav,7.0,16000,1,2,112000,0.42047119140625,0.03676517680287361,11.436669913508629,0.7206071428571429,0.0,0.06019696604433968,../raw_data/wavs/voice-2252.wav,..\notebooks\finetune-wav2vec2\train_set\wavs\voice-2252.wav
..\notebooks\finetune-wav2vec2\train_set\wavs\voice-2253.wav,6.0,16000,1,2,96000,0.43475341796875,0.04298253729939461,10.114652258438761,0.6583541666666667,0.0,0.06056313086594652,../raw_data/wavs/voice-2253.wav,..\notebooks\finetune-wav2vec2\train_set\wavs\voice-2253.wav
..\notebooks\finetune-wav2vec2\train_set\wavs\voice-2254.wav,6.0,16000,1,2,96000,0.645050048828125,0.05822719633579254,11.07815744910956,0.6231354166666667,0.0,0.06033396181210221,../raw_data/wavs/voice-2254.wav,..\notebooks\finetune-wav2vec2\train_set\wavs\voice-2254.wav
..\notebooks\finetune-wav2vec2\train_set\wavs\voice-2255.wav,6.0,16000,1,2,96000,0.51556396484375,0.05192393437027931,9.929216094588801,0.6026145833333333,0.0,0.059927707580287294,../raw_data/wavs/voice-2255.wav,..\notebooks\finetune-wav2vec2\train_set\wavs\voice-2255.wav
..\notebooks\finetune-wav2vec2\train_set\wavs\voice-2256.wav,6.0,16000,1,2,96000,0.43206787109375,0.04260405898094177,10.141471996530388,0.6721979166666666,0.0,0.06053188054042229,../raw_data/wavs/voice-2256.wav,..\notebooks\finetune-wav2vec2\train_set\wavs\voice-2256.wav
..\notebooks\finetune-wav2vec2\train_set\wavs\voice-2257.wav,6.0,16000,1,2,96000,0.427215576171875,0.04498383775353432,9.497090455300455,0.6385104166666666,0.0,0.06267773622641902,../raw_data/wavs/voice-2257.wav,..\notebooks\finetune-wav2vec2\train_set\wavs\voice-2257.wav
..\notebooks\finetune-wav2vec2\train_set\wavs\voice-2258.wav,6.0,16000,1,2,96000,0.372650146484375,0.03986877575516701,9.346917215938827,0.6604166666666667,0.0,0.09527182574818488,../raw_data/wavs/voice-2258.wav,..\notebooks\finetune-wav2vec2\train_set\wavs\voice-2258.wav
..\notebooks\finetune-wav2vec2\train_set\wavs\voice-2259.wav,7.0,16000,1,2,112000,0.392974853515625,0.04049444943666458,9.704412801815174,0.6659107142857142,0.0,0.06341128045786124,../raw_data/wavs/voice-2259.wav,..\notebooks\finetune-wav2vec2\train_set\wavs\voice-2259.wav
..\notebooks\finetune-wav2vec2\train_set\wavs\voice-2260.wav,6.0,16000,1,2,96000,0.493011474609375,0.05617346987128258,8.776589299879017,0.5587604166666666,0.0,0.062365232971176784,../raw_data/wavs/voice-2260.wav,..\notebooks\finetune-wav2vec2\train_set\wavs\voice-2260.wav
..\notebooks\finetune-wav2vec2\train_set\wavs\voice-2261.wav,6.0,16000,1,2,96000,0.677459716796875,0.053042057901620865,12.7721235487014,0.5554270833333333,0.0,0.05921936686840488,../raw_data/wavs/voice-2261.wav,..\notebooks\finetune-wav2vec2\train_set\wavs\voice-2261.wav
..\notebooks\finetune-wav2vec2\train_set\wavs\voice-2262.wav,6.0,16000,1,2,96000,0.339599609375,0.036059774458408356,9.417685342616245,0.6520729166666667,0.0,0.09059469369472599,../raw_data/wavs/voice-2262.wav,..\notebooks\finetune-wav2vec2\train_set\wavs\voice-2262.wav
..\notebooks\finetune-wav2vec2\train_set\wavs\voice-2263.wav,7.0,16000,1,2,112000,0.731475830078125,0.1271815001964569,5.751432629338515,0.23254464285714285,0.0,0.06937561942517344,../raw_data/wavs/voice-2263.wav,..\notebooks\finetune-wav2vec2\train_set\wavs\voice-2263.wav
..\notebooks\finetune-wav2vec2\train_set\wavs\voice-2264.wav,6.0,16000,1,2,96000,0.76141357421875,0.08852493762969971,8.601119578346918,0.44929166666666664,0.0,0.06916738716028292,../raw_data/wavs/voice-2264.wav,..\notebooks\finetune-wav2vec2\train_set\wavs\voice-2264.wav
..\notebooks\finetune-wav2vec2\train_set\wavs\voice-2265.wav,5.0,16000,1,2,80000,0.30450439453125,0.0397358238697052,7.663220864118178,0.64855,0.0,0.0648633107913849,../raw_data/wavs/voice-2265.wav,..\notebooks\finetune-wav2vec2\train_set\wavs\voice-2265.wav
..\notebooks\finetune-wav2vec2\train_set\wavs\voice-2266.wav,6.0,16000,1,2,96000,0.33489990234375,0.04725943133234978,7.08641413792269,0.5904583333333333,0.0,0.05879227908624048,../raw_data/wavs/voice-2266.wav,..\notebooks\finetune-wav2vec2\train_set\wavs\voice-2266.wav
..\notebooks\finetune-wav2vec2\train_set\wavs\voice-2267.wav,5.0,16000,1,2,80000,0.53387451171875,0.0607508160173893,8.787939763079626,0.52865,0.0,0.06327579094738685,../raw_data/wavs/voice-2267.wav,..\notebooks\finetune-wav2vec2\train_set\wavs\voice-2267.wav
..\notebooks\finetune-wav2vec2\train_set\wavs\voice-2268.wav,6.0,16000,1,2,96000,0.338592529296875,0.03639127314090729,9.304223240166458,0.67328125,0.0,0.06270898655194325,../raw_data/wavs/voice-2268.wav,..\notebooks\finetune-wav2vec2\train_set\wavs\voice-2268.wav
..\notebooks\finetune-wav2vec2\train_set\wavs\voice-2269.wav,6.0,16000,1,2,96000,0.29473876953125,0.03805014118552208,7.74606244150802,0.6481979166666667,0.0,0.06276107042781695,../raw_data/wavs/voice-2269.wav,..\notebooks\finetune-wav2vec2\train_set\wavs\voice-2269.wav
..\notebooks\finetune-wav2vec2\train_set\wavs\voice-2270.wav,6.0,16000,1,2,96000,0.30322265625,0.0359346829354763,8.438161449607371,0.63734375,0.0,0.07346951530745112,../raw_data/wavs/voice-2270.wav,..\notebooks\finetune-wav2vec2\train_set\wavs\voice-2270.wav
..\notebooks\finetune-wav2vec2\train_set\wavs\voice-2271.wav,7.0,16000,1,2,112000,0.40234375,0.0344928614795208,11.664551235880523,0.7115803571428572,0.0,0.06559879998928562,../raw_data/wavs/voice-2271.wav,..\notebooks\finetune-wav2vec2\train_set\wavs\voice-2271.wav
..\notebooks\finetune-wav2vec2\train_set\wavs\voice-2272.wav,5.0,16000,1,2,80000,0.18597412109375,0.022133903577923775,8.402228754589837,0.8132125,0.0,0.07988849860623258,../raw_data/wavs/voice-2272.wav,..\notebooks\finetune-wav2vec2\train_set\wavs\voice-2272.wav
..\notebooks\finetune-wav2vec2\train_set\wavs\voice-2273.wav,6.0,16000,1,2,96000,0.48931884765625,0.06614155322313309,7.398054986787189,0.488125,0.0,0.06364649631766997,../raw_data/wavs/voice-2273.wav,..\notebooks\finetune-wav2vec2\train_set\wavs\voice-2273.wav
..\notebooks\finetune-wav2vec2\train_set\wavs\voice-2274.wav,7.0,16000,1,2,112000,0.453155517578125,0.04509817063808441,10.048201759994344,0.6516964285714286,0.0,0.09365262189840981,../raw_data/wavs/voice-2274.wav,..\notebooks\finetune-wav2vec2\train_set\wavs\voice-2274.wav
..\notebooks\finetune-wav2vec2\train_set\wavs\voice-2275.wav,6.0,16000,1,2,96000,0.510345458984375,0.0510232150554657,10.0022207230492,0.58940625,0.0,0.057031844081709186,../raw_data/wavs/voice-2275.wav,..\notebooks\finetune-wav2vec2\train_set\wavs\voice-2275.wav
..\notebooks\finetune-wav2vec2\train_set\wavs\voice-2276.wav,5.0,16000,1,2,80000,0.377288818359375,0.047061480581760406,8.016934735062302,0.5986,0.0,0.06313828922861536,../raw_data/wavs/voice-2276.wav,..\notebooks\finetune-wav2vec2\train_set\wavs\voice-2276.wav
..\notebooks\finetune-wav2vec2\train_set\wavs\voice-2277.wav,5.0,16000,1,2,80000,0.646881103515625,0.04798135161399841,13.481927493824484,0.6358875,0.0,0.07268840860510756,../raw_data/wavs/voice-2277.wav,..\notebooks\finetune-wav2vec2\train_set\wavs\voice-2277.wav
..\notebooks\finetune-wav2vec2\train_set\wavs\voice-2278.wav,5.0,16000,1,2,80000,0.780853271484375,0.10084820538759232,7.742857381381285,0.43185,0.0,0.07237590469880874,../raw_data/wavs/voice-2278.wav,..\notebooks\finetune-wav2vec2\train_set\wavs\voice-2278.wav
..\notebooks\finetune-wav2vec2\train_set\wavs\voice-2279.wav,5.0,16000,1,2,80000,0.323974609375,0.04198396950960159,7.71662644478884,0.62435,0.0,0.05445068063350792,../raw_data/wavs/voice-2279.wav,..\notebooks\finetune-wav2vec2\train_set\wavs\voice-2279.wav
..\notebooks\finetune-wav2vec2\train_set\wavs\voice-2280.wav,6.0,16000,1,2,96000,0.5543212890625,0.06215638667345047,8.918171063815606,0.5455520833333334,0.0,0.06364649631766997,../raw_data/wavs/voice-2280.wav,..\notebooks\finetune-wav2vec2\train_set\wavs\voice-2280.wav
..\notebooks\finetune-wav2vec2\train_set\wavs\voice-2281.wav,5.0,16000,1,2,80000,0.3447265625,0.03376396745443344,10.209895000201909,0.70125,0.0,0.062338279228490355,../raw_data/wavs/voice-2281.wav,..\notebooks\finetune-wav2vec2\train_set\wavs\voice-2281.wav
..\notebooks\finetune-wav2vec2\train_set\wavs\voice-2282.wav,7.0,16000,1,2,112000,0.405364990234375,0.045917343348264694,8.82814554752969,0.6146339285714286,0.0,0.06683095384780222,../raw_data/wavs/voice-2282.wav,..\notebooks\finetune-wav2vec2\train_set\wavs\voice-2282.wav
..\notebooks\finetune-wav2vec2\train_set\wavs\voice-2283.wav,6.0,16000,1,2,96000,0.443939208984375,0.04772191494703293,9.30262772307247,0.6305833333333334,0.0,0.06220898134355566,../raw_data/wavs/voice-2283.wav,..\notebooks\finetune-wav2vec2\train_set\wavs\voice-2283.wav
..\notebooks\finetune-wav2vec2\train_set\wavs\voice-2284.wav,7.0,16000,1,2,112000,0.548797607421875,0.03993484005331993,13.742326416961609,0.6655982142857143,0.0,0.06208984008785793,../raw_data/wavs/voice-2284.wav,..\notebooks\finetune-wav2vec2\train_set\wavs\voice-2284.wav
..\notebooks\finetune-wav2vec2\train_set\wavs\voice-2285.wav,7.0,16000,1,2,112000,0.459716796875,0.042225535959005356,10.887174938911748,0.6875803571428571,0.0,0.06407200064286288,../raw_data/wavs/voice-2285.wav,..\notebooks\finetune-wav2vec2\train_set\wavs\voice-2285.wav
..\notebooks\finetune-wav2vec2\train_set\wavs\voice-2286.wav,6.0,16000,1,2,96000,0.655487060546875,0.07541642338037491,8.691569172417793,0.54775,0.0,0.06597985395681205,../raw_data/wavs/voice-2286.wav,..\notebooks\finetune-wav2vec2\train_set\wavs\voice-2286.wav
..\notebooks\finetune-wav2vec2\train_set\wavs\voice-2287.wav,5.0,16000,1,2,80000,0.34735107421875,0.03809693083167076,9.117560565534847,0.65745,0.0,0.05963824547806847,../raw_data/wavs/voice-2287.wav,..\notebooks\finetune-wav2vec2\train_set\wavs\voice-2287.wav
..\notebooks\finetune-wav2vec2\train_set\wavs\voice-2288.wav,5.0,16000,1,2,80000,0.362701416015625,0.03887849301099777,9.329101719889854,0.7074125,0.0,0.0585632320404005,../raw_data/wavs/voice-2288.wav,..\notebooks\finetune-wav2vec2\train_set\wavs\voice-2288.wav
..\notebooks\finetune-wav2vec2\train_set\wavs\voice-2289.wav,6.0,16000,1,2,96000,0.406219482421875,0.03878849744796753,10.472678993735046,0.6502916666666667,0.0,0.0855425577349764,../raw_data/wavs/voice-2289.wav,..\notebooks\finetune-wav2vec2\train_set\wavs\voice-2289.wav
..\notebooks\finetune-wav2vec2\train_set\wavs\voice-2290.wav,6.0,16000,1,2,96000,0.38360595703125,0.04050317034125328,9.471010634457416,0.6726041666666667,0.0,0.061625641933770146,../raw_data/wavs/voice-2290.wav,..\notebooks\finetune-wav2vec2\train_set\wavs\voice-2290.wav
..\notebooks\finetune-wav2vec2\train_set\wavs\voice-2291.wav,6.0,16000,1,2,96000,0.580963134765625,0.06570496410131454,8.84199759807801,0.522375,0.0,0.061844394212439716,../raw_data/wavs/voice-2291.wav,..\notebooks\finetune-wav2vec2\train_set\wavs\voice-2291.wav
..\notebooks\finetune-wav2vec2\train_set\wavs\voice-2292.wav,5.0,16000,1,2,80000,0.293060302734375,0.03445190563797951,8.506359729817316,0.6734875,0.0,0.061338266728334104,../raw_data/wavs/voice-2292.wav,..\notebooks\finetune-wav2vec2\train_set\wavs\voice-2292.wav
..\notebooks\finetune-wav2vec2\train_set\wavs\voice-2293.wav,8.0,16000,1,2,128000,0.47821044921875,0.04135188087821007,11.564418330261198,0.6708828125,0.0,0.08157876233408073,../raw_data/wavs/voice-2293.wav,..\notebooks\finetune-wav2vec2\train_set\wavs\voice-2293.wav
..\notebooks\finetune-wav2vec2\train_set\wavs\voice-2294.wav,6.0,16000,1,2,96000,0.407958984375,0.04181100055575371,9.757216496912074,0.6137604166666667,0.0,0.06646944239002489,../raw_data/wavs/voice-2294.wav,..\notebooks\finetune-wav2vec2\train_set\wavs\voice-2294.wav
..\notebooks\finetune-wav2vec2\train_set\wavs\voice-2295.wav,6.0,16000,1,2,96000,0.59661865234375,0.05151085928082466,11.582385941013532,0.6676458333333334,0.0,0.06407358409983438,../raw_data/wavs/voice-2295.wav,..\notebooks\finetune-wav2vec2\train_set\wavs\voice-2295.wav
..\notebooks\finetune-wav2vec2\train_set\wavs\voice-2296.wav,7.0,16000,1,2,112000,0.661285400390625,0.07610510289669037,8.68910723750408,0.5189553571428571,0.0,0.0630184198073197,../raw_data/wavs/voice-2296.wav,..\notebooks\finetune-wav2vec2\train_set\wavs\voice-2296.wav
..\notebooks\finetune-wav2vec2\train_set\wavs\voice-2297.wav,7.0,16000,1,2,112000,0.5079345703125,0.044442541897296906,11.429017077517651,0.6524107142857143,0.0,0.061696979437316404,../raw_data/wavs/voice-2297.wav,..\notebooks\finetune-wav2vec2\train_set\wavs\voice-2297.wav
..\notebooks\finetune-wav2vec2\train_set\wavs\voice-2298.wav,6.0,16000,1,2,96000,0.516143798828125,0.05815693736076355,8.875016846680602,0.5641041666666666,0.0,0.06527151324492964,../raw_data/wavs/voice-2298.wav,..\notebooks\finetune-wav2vec2\train_set\wavs\voice-2298.wav
..\notebooks\finetune-wav2vec2\train_set\wavs\voice-2299.wav,5.0,16000,1,2,80000,0.57830810546875,0.04879540950059891,11.851690791971977,0.6371375,0.0,0.06935086688583607,../raw_data/wavs/voice-2299.wav,..\notebooks\finetune-wav2vec2\train_set\wavs\voice-2299.wav
..\notebooks\finetune-wav2vec2\train_set\wavs\voice-2300.wav,1.0,16000,1,2,16000,0.324951171875,0.05730012431740761,5.671037816165449,0.5069375,0.0,0.05962872679542471,../raw_data/wavs/voice-2300.wav,..\notebooks\finetune-wav2vec2\train_set\wavs\voice-2300.wav
..\notebooks\finetune-wav2vec2\train_set\wavs\voice-2301.wav,6.0,16000,1,2,96000,0.56304931640625,0.05978997051715851,9.417119820199046,0.57284375,0.0,0.059375618496026,../raw_data/wavs/voice-2301.wav,..\notebooks\finetune-wav2vec2\train_set\wavs\voice-2301.wav
..\notebooks\finetune-wav2vec2\train_set\wavs\voice-2302.wav,5.0,16000,1,2,80000,0.326812744140625,0.03851817920804024,8.484636368076467,0.6817,0.0,0.06001325016562707,../raw_data/wavs/voice-2302.wav,..\notebooks\finetune-wav2vec2\train_set\wavs\voice-2302.wav
..\notebooks\finetune-wav2vec2\train_set\wavs\voice-2303.wav,7.0,16000,1,2,112000,0.32696533203125,0.038987185806035995,8.386482000981697,0.6499107142857142,0.0,0.0849204010750096,../raw_data/wavs/voice-2303.wav,..\notebooks\finetune-wav2vec2\train_set\wavs\voice-2303.wav
..\notebooks\finetune-wav2vec2\train_set\wavs\voice-2304.wav,6.0,16000,1,2,96000,0.619537353515625,0.07078655809164047,8.752189260474712,0.5236666666666666,0.0,0.06316732465963187,../raw_data/wavs/voice-2304.wav,..\notebooks\finetune-wav2vec2\train_set\wavs\voice-2304.wav
..\notebooks\finetune-wav2vec2\train_set\wavs\voice-2305.wav,5.0,16000,1,2,80000,0.277984619140625,0.02801429107785225,9.922957477956535,0.738625,0.0,0.055275690946136824,../raw_data/wavs/voice-2305.wav,..\notebooks\finetune-wav2vec2\train_set\wavs\voice-2305.wav
..\notebooks\finetune-wav2vec2\train_set\wavs\voice-2306.wav,5.0,16000,1,2,80000,0.287841796875,0.033323097974061966,8.637906268470307,0.71695,0.0,0.062088276103451294,../raw_data/wavs/voice-2306.wav,..\notebooks\finetune-wav2vec2\train_set\wavs\voice-2306.wav
..\notebooks\finetune-wav2vec2\train_set\wavs\voice-2307.wav,5.0,16000,1,2,80000,0.468994140625,0.056299448013305664,8.330350601557571,0.4991125,0.0,0.07272590907386342,../raw_data/wavs/voice-2307.wav,..\notebooks\finetune-wav2vec2\train_set\wavs\voice-2307.wav
..\notebooks\finetune-wav2vec2\train_set\wavs\voice-2308.wav,5.0,16000,1,2,80000,0.617095947265625,0.06327991187572479,9.751845869784674,0.5393625,0.0,0.06090076125951575,../raw_data/wavs/voice-2308.wav,..\notebooks\finetune-wav2vec2\train_set\wavs\voice-2308.wav
..\notebooks\finetune-wav2vec2\train_set\wavs\voice-2309.wav,7.0,16000,1,2,112000,0.402923583984375,0.05176972597837448,7.78299626605492,0.5743125,0.0,0.06755417459084456,../raw_data/wavs/voice-2309.wav,..\notebooks\finetune-wav2vec2\train_set\wavs\voice-2309.wav
..\notebooks\finetune-wav2vec2\train_set\wavs\voice-2310.wav,5.0,16000,1,2,80000,0.481719970703125,0.06056372448801994,7.953935706157134,0.5929125,0.0,0.06378829735371692,../raw_data/wavs/voice-2310.wav,..\notebooks\finetune-wav2vec2\train_set\wavs\voice-2310.wav
..\notebooks\finetune-wav2vec2\train_set\wavs\voice-2311.wav,6.0,16000,1,2,96000,0.29937744140625,0.03434291109442711,8.717299491097322,0.6883854166666666,0.0,0.0626985697767685,../raw_data/wavs/voice-2311.wav,..\notebooks\finetune-wav2vec2\train_set\wavs\voice-2311.wav
..\notebooks\finetune-wav2vec2\train_set\wavs\voice-2312.wav,5.0,16000,1,2,80000,0.629119873046875,0.068446084856987,9.191466164374107,0.540275,0.0,0.066700833760422,../raw_data/wavs/voice-2312.wav,..\notebooks\finetune-wav2vec2\train_set\wavs\voice-2312.wav
..\notebooks\finetune-wav2vec2\train_set\wavs\voice-2313.wav,6.0,16000,1,2,96000,0.480438232421875,0.041150595992803574,11.675122093150101,0.6729895833333334,0.0,0.056583922749195305,../raw_data/wavs/voice-2313.wav,..\notebooks\finetune-wav2vec2\train_set\wavs\voice-2313.wav
..\notebooks\finetune-wav2vec2\train_set\wavs\voice-2314.wav,6.0,16000,1,2,96000,0.468719482421875,0.06165425479412079,7.602386631499292,0.52859375,0.0,0.0642819196033292,../raw_data/wavs/voice-2314.wav,..\notebooks\finetune-wav2vec2\train_set\wavs\voice-2314.wav
..\notebooks\finetune-wav2vec2\train_set\wavs\voice-2315.wav,7.0,16000,1,2,112000,0.390869140625,0.03676608204841614,10.63124267933353,0.6803571428571429,0.0,0.06544701291975821,../raw_data/wavs/voice-2315.wav,..\notebooks\finetune-wav2vec2\train_set\wavs\voice-2315.wav
..\notebooks\finetune-wav2vec2\train_set\wavs\voice-2316.wav,6.0,16000,1,2,96000,0.4344482421875,0.038713060319423676,11.222265524937649,0.6522083333333333,0.0,0.067552787008198,../raw_data/wavs/voice-2316.wav,..\notebooks\finetune-wav2vec2\train_set\wavs\voice-2316.wav
..\notebooks\finetune-wav2vec2\train_set\wavs\voice-2317.wav,6.0,16000,1,2,96000,0.34442138671875,0.03980540111660957,8.652629468794212,0.6362291666666666,0.0,0.05879227908624048,../raw_data/wavs/voice-2317.wav,..\notebooks\finetune-wav2vec2\train_set\wavs\voice-2317.wav
..\notebooks\finetune-wav2vec2\train_set\wavs\voice-2318.wav,7.0,16000,1,2,112000,0.595306396484375,0.07260233163833618,8.199549285136671,0.5460803571428572,0.0,0.06317913552799578,../raw_data/wavs/voice-2318.wav,..\notebooks\finetune-wav2vec2\train_set\wavs\voice-2318.wav
..\notebooks\finetune-wav2vec2\train_set\wavs\voice-2319.wav,5.0,16000,1,2,80000,0.647979736328125,0.06232965737581253,10.39600991902096,0.5854125,0.0,0.06225077813472668,../raw_data/wavs/voice-2319.wav,..\notebooks\finetune-wav2vec2\train_set\wavs\voice-2319.wav
..\notebooks\finetune-wav2vec2\train_set\wavs\voice-2320.wav,6.0,16000,1,2,96000,0.8336181640625,0.1198059692978859,6.95806869180107,0.20248958333333333,0.0,0.06069854894321816,../raw_data/wavs/voice-2320.wav,..\notebooks\finetune-wav2vec2\train_set\wavs\voice-2320.wav
..\notebooks\finetune-wav2vec2\train_set\wavs\voice-2321.wav,7.0,16000,1,2,112000,0.47918701171875,0.059663839638233185,8.031447768434973,0.5642321428571428,0.0,0.06391128492218681,../raw_data/wavs/voice-2321.wav,..\notebooks\finetune-wav2vec2\train_set\wavs\voice-2321.wav
..\notebooks\finetune-wav2vec2\train_set\wavs\voice-2322.wav,7.0,16000,1,2,112000,0.57391357421875,0.04393432289361954,13.062988943937905,0.6214732142857143,0.0,0.06267020241252154,../raw_data/wavs/voice-2322.wav,..\notebooks\finetune-wav2vec2\train_set\wavs\voice-2322.wav
..\notebooks\finetune-wav2vec2\train_set\wavs\voice-2323.wav,6.0,16000,1,2,96000,0.52520751953125,0.04617580771446228,11.374084082707984,0.6186770833333334,0.0,0.06743820248127584,../raw_data/wavs/voice-2323.wav,..\notebooks\finetune-wav2vec2\train_set\wavs\voice-2323.wav
..\notebooks\finetune-wav2vec2\train_set\wavs\voice-2324.wav,5.0,16000,1,2,80000,0.36053466796875,0.04152221977710724,8.68293337649367,0.613275,0.0,0.057975724696558706,../raw_data/wavs/voice-2324.wav,..\notebooks\finetune-wav2vec2\train_set\wavs\voice-2324.wav
..\notebooks\finetune-wav2vec2\train_set\wavs\voice-2325.wav,5.0,16000,1,2,80000,0.545013427734375,0.05715327337384224,9.535996725321692,0.64075,0.0,0.06795084938561732,../raw_data/wavs/voice-2325.wav,..\notebooks\finetune-wav2vec2\train_set\wavs\voice-2325.wav
..\notebooks\finetune-wav2vec2\train_set\wavs\voice-2326.wav,8.0,16000,1,2,128000,0.3642578125,0.04437040165066719,8.209477465807947,0.62515625,0.0,0.11402432831506497,../raw_data/wavs/voice-2326.wav,..\notebooks\finetune-wav2vec2\train_set\wavs\voice-2326.wav
..\notebooks\finetune-wav2vec2\train_set\wavs\voice-2327.wav,7.0,16000,1,2,112000,1.0,0.12174665182828903,8.21377824344932,0.2570625,4.464285714285714e-05,0.06462557701408048,../raw_data/wavs/voice-2327.wav,..\notebooks\finetune-wav2vec2\train_set\wavs\voice-2327.wav
..\notebooks\finetune-wav2vec2\train_set\wavs\voice-2328.wav,6.0,16000,1,2,96000,0.415313720703125,0.056775812059640884,7.314976318909421,0.5421770833333334,0.0,0.06656319336659756,../raw_data/wavs/voice-2328.wav,..\notebooks\finetune-wav2vec2\train_set\wavs\voice-2328.wav
..\notebooks\finetune-wav2vec2\train_set\wavs\voice-2329.wav,5.0,16000,1,2,80000,0.418975830078125,0.05278472229838371,7.93744499989449,0.587825,0.0,0.06307578844735559,../raw_data/wavs/voice-2329.wav,..\notebooks\finetune-wav2vec2\train_set\wavs\voice-2329.wav
..\notebooks\finetune-wav2vec2\train_set\wavs\voice-2330.wav,6.0,16000,1,2,96000,0.448089599609375,0.05129634961485863,8.735311634720695,0.58203125,0.0,0.06540693132220127,../raw_data/wavs/voice-2330.wav,..\notebooks\finetune-wav2vec2\train_set\wavs\voice-2330.wav
..\notebooks\finetune-wav2vec2\train_set\wavs\voice-2331.wav,6.0,16000,1,2,96000,0.429534912109375,0.042622148990631104,10.077739444902045,0.6195104166666666,0.0,0.07945916103292743,../raw_data/wavs/voice-2331.wav,..\notebooks\finetune-wav2vec2\train_set\wavs\voice-2331.wav
..\notebooks\finetune-wav2vec2\train_set\wavs\voice-2332.wav,6.0,16000,1,2,96000,0.496429443359375,0.0615554079413414,8.064757589332238,0.5879479166666667,0.0,0.06866738195189533,../raw_data/wavs/voice-2332.wav,..\notebooks\finetune-wav2vec2\train_set\wavs\voice-2332.wav
..\notebooks\finetune-wav2vec2\train_set\wavs\voice-2333.wav,6.0,16000,1,2,96000,0.40924072265625,0.051966942846775055,7.875020161622737,0.5655,0.0,0.06345899436452464,../raw_data/wavs/voice-2333.wav,..\notebooks\finetune-wav2vec2\train_set\wavs\voice-2333.wav
..\notebooks\finetune-wav2vec2\train_set\wavs\voice-2334.wav,6.0,16000,1,2,96000,0.450592041015625,0.051826294511556625,8.694274697087375,0.6270833333333333,0.0,0.060396462463150655,../raw_data/wavs/voice-2334.wav,..\notebooks\finetune-wav2vec2\train_set\wavs\voice-2334.wav
..\notebooks\finetune-wav2vec2\train_set\wavs\voice-2335.wav,5.0,16000,1,2,80000,0.377410888671875,0.034553758800029755,10.922426438641171,0.6783375,0.0,0.05708821360267003,../raw_data/wavs/voice-2335.wav,..\notebooks\finetune-wav2vec2\train_set\wavs\voice-2335.wav
..\notebooks\finetune-wav2vec2\train_set\wavs\voice-2336.wav,5.0,16000,1,2,80000,0.277984619140625,0.035052590072155,7.930501528372074,0.7165,0.0,0.06537581719771497,../raw_data/wavs/voice-2336.wav,..\notebooks\finetune-wav2vec2\train_set\wavs\voice-2336.wav
..\notebooks\finetune-wav2vec2\train_set\wavs\voice-2337.wav,6.0,16000,1,2,96000,0.65838623046875,0.0633033737540245,10.400491971044326,0.5776145833333334,0.0,0.06460483963374619,../raw_data/wavs/voice-2337.wav,..\notebooks\finetune-wav2vec2\train_set\wavs\voice-2337.wav
..\notebooks\finetune-wav2vec2\train_set\wavs\voice-2338.wav,5.0,16000,1,2,80000,0.290191650390625,0.03243222087621689,8.947634252313186,0.7494125,0.0,0.0629382867285841,../raw_data/wavs/voice-2338.wav,..\notebooks\finetune-wav2vec2\train_set\wavs\voice-2338.wav
..\notebooks\finetune-wav2vec2\train_set\wavs\voice-2339.wav,6.0,16000,1,2,96000,0.298065185546875,0.03877146542072296,7.687746189432452,0.6486458333333334,0.0,0.06392774924738799,../raw_data/wavs/voice-2339.wav,..\notebooks\finetune-wav2vec2\train_set\wavs\voice-2339.wav
..\notebooks\finetune-wav2vec2\train_set\wavs\voice-2340.wav,5.0,16000,1,2,80000,0.22314453125,0.02496032789349556,8.93996794441749,0.744425,0.0,0.08808860110751385,../raw_data/wavs/voice-2340.wav,..\notebooks\finetune-wav2vec2\train_set\wavs\voice-2340.wav
..\notebooks\finetune-wav2vec2\train_set\wavs\voice-2341.wav,6.0,16000,1,2,96000,0.376800537109375,0.040880341082811356,9.217157370240374,0.6758229166666667,0.0,0.061344389004052126,../raw_data/wavs/voice-2341.wav,..\notebooks\finetune-wav2vec2\train_set\wavs\voice-2341.wav
..\notebooks\finetune-wav2vec2\train_set\wavs\voice-2342.wav,5.0,16000,1,2,80000,0.42901611328125,0.04542630538344383,9.444222013212858,0.66985,0.0,0.06315078938486732,../raw_data/wavs/voice-2342.wav,..\notebooks\finetune-wav2vec2\train_set\wavs\voice-2342.wav
..\notebooks\finetune-wav2vec2\train_set\wavs\voice-2343.wav,6.0,16000,1,2,96000,0.444732666015625,0.05768217891454697,7.710053163464446,0.5360625,0.0,0.06704236502463568,../raw_data/wavs/voice-2343.wav,..\notebooks\finetune-wav2vec2\train_set\wavs\voice-2343.wav
..\notebooks\finetune-wav2vec2\train_set\wavs\voice-2344.wav,7.0,16000,1,2,112000,0.418060302734375,0.0383942574262619,10.888615401333931,0.67325,0.0,0.06403628603826819,../raw_data/wavs/voice-2344.wav,..\notebooks\finetune-wav2vec2\train_set\wavs\voice-2344.wav
..\notebooks\finetune-wav2vec2\train_set\wavs\voice-2345.wav,6.0,16000,1,2,96000,0.473419189453125,0.052924882620573044,8.945115530007746,0.590125,0.0,0.0646360899592704,../raw_data/wavs/voice-2345.wav,..\notebooks\finetune-wav2vec2\train_set\wavs\voice-2345.wav
..\notebooks\finetune-wav2vec2\train_set\wavs\voice-2346.wav,5.0,16000,1,2,80000,0.49224853515625,0.06314539164304733,7.795478376931555,0.567275,0.0,0.06092576157201965,../raw_data/wavs/voice-2346.wav,..\notebooks\finetune-wav2vec2\train_set\wavs\voice-2346.wav
..\notebooks\finetune-wav2vec2\train_set\wavs\voice-2347.wav,5.0,16000,1,2,80000,0.888641357421875,0.06734488159418106,13.195380797857965,0.54425,0.0,0.08556356954461931,../raw_data/wavs/voice-2347.wav,..\notebooks\finetune-wav2vec2\train_set\wavs\voice-2347.wav
..\notebooks\finetune-wav2vec2\train_set\wavs\voice-2348.wav,7.0,16000,1,2,112000,0.550689697265625,0.0663878545165062,8.295036814734019,0.5216785714285714,0.0,0.060080893579406956,../raw_data/wavs/voice-2348.wav,..\notebooks\finetune-wav2vec2\train_set\wavs\voice-2348.wav
..\notebooks\finetune-wav2vec2\train_set\wavs\voice-2349.wav,5.0,16000,1,2,80000,0.80224609375,0.09735935926437378,8.240051083035032,0.4952125,0.0,0.07071338391729896,../raw_data/wavs/voice-2349.wav,..\notebooks\finetune-wav2vec2\train_set\wavs\voice-2349.wav
..\notebooks\finetune-wav2vec2\train_set\wavs\voice-2350.wav,6.0,16000,1,2,96000,0.40704345703125,0.04298979043960571,9.46837499948007,0.6660833333333334,0.0,0.07661538141022302,../raw_data/wavs/voice-2350.wav,..\notebooks\finetune-wav2vec2\train_set\wavs\voice-2350.wav
..\notebooks\finetune-wav2vec2\train_set\wavs\voice-2351.wav,5.0,16000,1,2,80000,0.568572998046875,0.06469985097646713,8.787856377809563,0.5635375,0.0,0.06992587407342592,../raw_data/wavs/voice-2351.wav,..\notebooks\finetune-wav2vec2\train_set\wavs\voice-2351.wav
..\notebooks\finetune-wav2vec2\train_set\wavs\voice-2352.wav,5.0,16000,1,2,80000,0.58538818359375,0.08484698832035065,6.899339566226465,0.4573375,0.0,0.0631007887598595,../raw_data/wavs/voice-2352.wav,..\notebooks\finetune-wav2vec2\train_set\wavs\voice-2352.wav
..\notebooks\finetune-wav2vec2\train_set\wavs\voice-2353.wav,6.0,16000,1,2,96000,0.289642333984375,0.03127953037619591,9.259804431232645,0.6828020833333334,0.0,0.08879259158949572,../raw_data/wavs/voice-2353.wav,..\notebooks\finetune-wav2vec2\train_set\wavs\voice-2353.wav
..\notebooks\finetune-wav2vec2\train_set\wavs\voice-2354.wav,5.0,16000,1,2,80000,0.749053955078125,0.06926688551902771,10.814026781561571,0.5851125,0.0,0.07077588469855874,../raw_data/wavs/voice-2354.wav,..\notebooks\finetune-wav2vec2\train_set\wavs\voice-2354.wav
..\notebooks\finetune-wav2vec2\train_set\wavs\voice-2355.wav,6.0,16000,1,2,96000,0.512420654296875,0.0726524144411087,7.053043704586554,0.49757291666666664,0.0,0.06293815560578755,../raw_data/wavs/voice-2355.wav,..\notebooks\finetune-wav2vec2\train_set\wavs\voice-2355.wav
..\notebooks\finetune-wav2vec2\train_set\wavs\voice-2356.wav,5.0,16000,1,2,80000,0.5576171875,0.07204216718673706,7.7401500992415615,0.485,0.0,0.06412580157251965,../raw_data/wavs/voice-2356.wav,..\notebooks\finetune-wav2vec2\train_set\wavs\voice-2356.wav
..\notebooks\finetune-wav2vec2\train_set\wavs\voice-2357.wav,7.0,16000,1,2,112000,0.5029296875,0.05575910583138466,9.01968709865717,0.5774017857142857,0.0,0.059946963812176894,../raw_data/wavs/voice-2357.wav,..\notebooks\finetune-wav2vec2\train_set\wavs\voice-2357.wav
..\notebooks\finetune-wav2vec2\train_set\wavs\voice-2358.wav,5.0,16000,1,2,80000,0.2557373046875,0.030776524916291237,8.309492555870987,0.693975,0.0,0.06807585094813685,../raw_data/wavs/voice-2358.wav,..\notebooks\finetune-wav2vec2\train_set\wavs\voice-2358.wav
..\notebooks\finetune-wav2vec2\train_set\wavs\voice-2359.wav,7.0,16000,1,2,112000,0.461761474609375,0.04134191572666168,11.169329395918194,0.6416160714285715,0.0,0.05914338520879651,../raw_data/wavs/voice-2359.wav,..\notebooks\finetune-wav2vec2\train_set\wavs\voice-2359.wav
..\notebooks\finetune-wav2vec2\train_set\wavs\voice-2360.wav,5.0,16000,1,2,80000,0.377044677734375,0.05458758398890495,6.907150860734378,0.5768875,0.0,0.08305103813797672,../raw_data/wavs/voice-2360.wav,..\notebooks\finetune-wav2vec2\train_set\wavs\voice-2360.wav
..\notebooks\finetune-wav2vec2\train_set\wavs\voice-2361.wav,6.0,16000,1,2,96000,0.44525146484375,0.039174020290374756,11.365988518496541,0.6316145833333333,0.0,0.08228210710528235,../raw_data/wavs/voice-2361.wav,..\notebooks\finetune-wav2vec2\train_set\wavs\voice-2361.wav
..\notebooks\finetune-wav2vec2\train_set\wavs\voice-2362.wav,6.0,16000,1,2,96000,0.41656494140625,0.04821128398180008,8.640403386964444,0.5991979166666667,0.0,0.08409462598568736,../raw_data/wavs/voice-2362.wav,..\notebooks\finetune-wav2vec2\train_set\wavs\voice-2362.wav
..\notebooks\finetune-wav2vec2\train_set\wavs\voice-2363.wav,5.0,16000,1,2,80000,0.559417724609375,0.043063681572675705,12.990476061952181,0.62725,0.0,0.05436317953974425,../raw_data/wavs/voice-2363.wav,..\notebooks\finetune-wav2vec2\train_set\wavs\voice-2363.wav
..\notebooks\finetune-wav2vec2\train_set\wavs\voice-2364.wav,5.0,16000,1,2,80000,0.545806884765625,0.06641135364770889,8.218577920591063,0.432675,0.0,0.06467580844760559,../raw_data/wavs/voice-2364.wav,..\notebooks\finetune-wav2vec2\train_set\wavs\voice-2364.wav
..\notebooks\finetune-wav2vec2\train_set\wavs\voice-2365.wav,6.0,16000,1,2,96000,0.3818359375,0.051576822996139526,7.403246561514268,0.573125,0.0,0.0825216929343014,../raw_data/wavs/voice-2365.wav,..\notebooks\finetune-wav2vec2\train_set\wavs\voice-2365.wav
..\notebooks\finetune-wav2vec2\train_set\wavs\voice-2366.wav,6.0,16000,1,2,96000,0.349822998046875,0.03604527562856674,9.705099820893919,0.6860416666666667,0.0,0.06019854373483057,../raw_data/wavs/voice-2366.wav,..\notebooks\finetune-wav2vec2\train_set\wavs\voice-2366.wav
..\notebooks\finetune-wav2vec2\train_set\wavs\voice-2367.wav,5.0,16000,1,2,80000,0.351318359375,0.035254038870334625,9.965336472997011,0.6921625,0.0,0.09770122126526581,../raw_data/wavs/voice-2367.wav,..\notebooks\finetune-wav2vec2\train_set\wavs\voice-2367.wav
..\notebooks\finetune-wav2vec2\train_set\wavs\voice-2368.wav,5.0,16000,1,2,80000,0.625244140625,0.0568079873919487,11.00627164118852,0.600475,0.0,0.07050088126101577,../raw_data/wavs/voice-2368.wav,..\notebooks\finetune-wav2vec2\train_set\wavs\voice-2368.wav
..\notebooks\finetune-wav2vec2\train_set\wavs\voice-2369.wav,7.0,16000,1,2,112000,0.397247314453125,0.042339958250522614,9.382326550787793,0.6225625,0.0,0.06412557254975491,../raw_data/wavs/voice-2369.wav,..\notebooks\finetune-wav2vec2\train_set\wavs\voice-2369.wav
..\notebooks\finetune-wav2vec2\train_set\wavs\voice-2370.wav,6.0,16000,1,2,96000,0.353607177734375,0.027955949306488037,12.64872724791748,0.7565,0.0,0.05966728820091876,../raw_data/wavs/voice-2370.wav,..\notebooks\finetune-wav2vec2\train_set\wavs\voice-2370.wav
..\notebooks\finetune-wav2vec2\train_set\wavs\voice-2371.wav,6.0,16000,1,2,96000,0.3748779296875,0.046976786106824875,7.980067619675605,0.6695833333333333,0.0,0.058136022250231775,../raw_data/wavs/voice-2371.wav,..\notebooks\finetune-wav2vec2\train_set\wavs\voice-2371.wav
..\notebooks\finetune-wav2vec2\train_set\wavs\voice-2372.wav,6.0,16000,1,2,96000,0.38641357421875,0.042757414281368256,9.037346638314645,0.5938854166666667,0.0,0.089667600704174,../raw_data/wavs/voice-2372.wav,..\notebooks\finetune-wav2vec2\train_set\wavs\voice-2372.wav
..\notebooks\finetune-wav2vec2\train_set\wavs\voice-2373.wav,6.0,16000,1,2,96000,0.985321044921875,0.05170536786317825,19.05645556045965,0.6665625,1.0416666666666666e-05,0.05903186491525953,../raw_data/wavs/voice-2373.wav,..\notebooks\finetune-wav2vec2\train_set\wavs\voice-2373.wav
..\notebooks\finetune-wav2vec2\train_set\wavs\voice-2374.wav,6.0,16000,1,2,96000,0.406768798828125,0.0445999801158905,9.120380721497174,0.6293958333333334,0.0,0.06327149241137929,../raw_data/wavs/voice-2374.wav,..\notebooks\finetune-wav2vec2\train_set\wavs\voice-2374.wav
..\notebooks\finetune-wav2vec2\train_set\wavs\voice-2375.wav,7.0,16000,1,2,112000,0.33172607421875,0.039225753396749496,8.456843922499115,0.6308035714285715,0.0,0.08900972330110091,../raw_data/wavs/voice-2375.wav,..\notebooks\finetune-wav2vec2\train_set\wavs\voice-2375.wav
..\notebooks\finetune-wav2vec2\train_set\wavs\voice-2376.wav,5.0,16000,1,2,80000,0.425872802734375,0.046978287398815155,9.065311366482806,0.5640625,0.0,0.06082576032200403,../raw_data/wavs/voice-2376.wav,..\notebooks\finetune-wav2vec2\train_set\wavs\voice-2376.wav
..\notebooks\finetune-wav2vec2\train_set\wavs\voice-2377.wav,7.0,16000,1,2,112000,0.548492431640625,0.056581899523735046,9.693779039894952,0.6020178571428572,0.0,0.09097402655380851,../raw_data/wavs/voice-2377.wav,..\notebooks\finetune-wav2vec2\train_set\wavs\voice-2377.wav
..\notebooks\finetune-wav2vec2\train_set\wavs\voice-2378.wav,6.0,16000,1,2,96000,0.519622802734375,0.05470024421811104,9.499460380148173,0.5853541666666666,0.0,0.06474025771101782,../raw_data/wavs/voice-2378.wav,..\notebooks\finetune-wav2vec2\train_set\wavs\voice-2378.wav
..\notebooks\finetune-wav2vec2\train_set\wavs\voice-2379.wav,6.0,16000,1,2,96000,0.453033447265625,0.03404771164059639,13.305841286715312,0.7726979166666667,0.0,0.061761060011041785,../raw_data/wavs/voice-2379.wav,..\notebooks\finetune-wav2vec2\train_set\wavs\voice-2379.wav
..\notebooks\finetune-wav2vec2\train_set\wavs\voice-2380.wav,6.0,16000,1,2,96000,0.30755615234375,0.03930684179067612,7.824494116866562,0.6314583333333333,0.0,0.07654246398399983,../raw_data/wavs/voice-2380.wav,..\notebooks\finetune-wav2vec2\train_set\wavs\voice-2380.wav
..\notebooks\finetune-wav2vec2\train_set\wavs\voice-2381.wav,9.0,16000,1,2,144000,0.400146484375,0.057077378034591675,7.010596810044283,0.5761041666666666,0.0,0.07106993798568045,../raw_data/wavs/voice-2381.wav,..\notebooks\finetune-wav2vec2\train_set\wavs\voice-2381.wav
..\notebooks\finetune-wav2vec2\train_set\wavs\voice-2382.wav,6.0,16000,1,2,96000,0.42572021484375,0.03773190453648567,11.282765078346118,0.6404895833333333,0.0,0.07714663694413483,../raw_data/wavs/voice-2382.wav,..\notebooks\finetune-wav2vec2\train_set\wavs\voice-2382.wav
..\notebooks\finetune-wav2vec2\train_set\wavs\voice-2383.wav,6.0,16000,1,2,96000,0.64434814453125,0.07389476895332336,8.719807283493386,0.5187604166666666,0.0,0.06107355284950885,../raw_data/wavs/voice-2383.wav,..\notebooks\finetune-wav2vec2\train_set\wavs\voice-2383.wav
..\notebooks\finetune-wav2vec2\train_set\wavs\voice-2384.wav,6.0,16000,1,2,96000,0.657928466796875,0.06760798394680023,9.731520278945007,0.542,0.0,0.06552151584912343,../raw_data/wavs/voice-2384.wav,..\notebooks\finetune-wav2vec2\train_set\wavs\voice-2384.wav
..\notebooks\finetune-wav2vec2\train_set\wavs\voice-2385.wav,5.0,16000,1,2,80000,0.368438720703125,0.0515289343893528,7.150132737448068,0.59375,0.0,0.061988274853435665,../raw_data/wavs/voice-2385.wav,..\notebooks\finetune-wav2vec2\train_set\wavs\voice-2385.wav
..\notebooks\finetune-wav2vec2\train_set\wavs\voice-2386.wav,6.0,16000,1,2,96000,0.537628173828125,0.05145440250635147,10.448633112817912,0.5845520833333333,0.0,0.06099021864811092,../raw_data/wavs/voice-2386.wav,..\notebooks\finetune-wav2vec2\train_set\wavs\voice-2386.wav
..\notebooks\finetune-wav2vec2\train_set\wavs\voice-2387.wav,6.0,16000,1,2,96000,0.519439697265625,0.06707396358251572,7.744282125606011,0.50415625,0.0,0.06609443848373421,../raw_data/wavs/voice-2387.wav,..\notebooks\finetune-wav2vec2\train_set\wavs\voice-2387.wav
..\notebooks\finetune-wav2vec2\train_set\wavs\voice-2388.wav,7.0,16000,1,2,112000,0.636749267578125,0.1250910758972168,5.0902853222025275,0.23274107142857142,0.0,0.05384869507763462,../raw_data/wavs/voice-2388.wav,..\notebooks\finetune-wav2vec2\train_set\wavs\voice-2388.wav
..\notebooks\finetune-wav2vec2\train_set\wavs\voice-2389.wav,7.0,16000,1,2,112000,0.5755615234375,0.05338762328028679,10.780804390107104,0.6180089285714285,0.0,0.07432209216153715,../raw_data/wavs/voice-2389.wav,..\notebooks\finetune-wav2vec2\train_set\wavs\voice-2389.wav
..\notebooks\finetune-wav2vec2\train_set\wavs\voice-2390.wav,6.0,16000,1,2,96000,0.4976806640625,0.05556843429803848,8.956175756063505,0.5644270833333334,0.0,0.06382358149564057,../raw_data/wavs/voice-2390.wav,..\notebooks\finetune-wav2vec2\train_set\wavs\voice-2390.wav
..\notebooks\finetune-wav2vec2\train_set\wavs\voice-2391.wav,7.0,16000,1,2,112000,0.448760986328125,0.04343641549348831,10.331446120258246,0.6711160714285714,0.0,0.05725051116527826,../raw_data/wavs/voice-2391.wav,..\notebooks\finetune-wav2vec2\train_set\wavs\voice-2391.wav
..\notebooks\finetune-wav2vec2\train_set\wavs\voice-2392.wav,6.0,16000,1,2,96000,0.5919189453125,0.04990501329302788,11.860911484722433,0.6044791666666667,0.0,0.057573516390795734,../raw_data/wavs/voice-2392.wav,..\notebooks\finetune-wav2vec2\train_set\wavs\voice-2392.wav
..\notebooks\finetune-wav2vec2\train_set\wavs\voice-2393.wav,5.0,16000,1,2,80000,0.273651123046875,0.04144900292158127,6.6021159438890376,0.56685,0.0,0.072838410480131,../raw_data/wavs/voice-2393.wav,..\notebooks\finetune-wav2vec2\train_set\wavs\voice-2393.wav
..\notebooks\finetune-wav2vec2\train_set\wavs\voice-2394.wav,6.0,16000,1,2,96000,0.41943359375,0.04216579347848892,9.947247736817191,0.6637291666666667,0.0,0.06558401650017187,../raw_data/wavs/voice-2394.wav,..\notebooks\finetune-wav2vec2\train_set\wavs\voice-2394.wav
..\notebooks\finetune-wav2vec2\train_set\wavs\voice-2395.wav,7.0,16000,1,2,112000,0.424560546875,0.051653902977705,8.219331403829251,0.5983482142857143,0.0,0.07847391494566916,../raw_data/wavs/voice-2395.wav,..\notebooks\finetune-wav2vec2\train_set\wavs\voice-2395.wav
..\notebooks\finetune-wav2vec2\train_set\wavs\voice-2396.wav,6.0,16000,1,2,96000,0.522216796875,0.05189011991024017,10.063896513986354,0.5822604166666666,0.0,0.08200085417556432,../raw_data/wavs/voice-2396.wav,..\notebooks\finetune-wav2vec2\train_set\wavs\voice-2396.wav
..\notebooks\finetune-wav2vec2\train_set\wavs\voice-2397.wav,6.0,16000,1,2,96000,0.658416748046875,0.055872246623039246,11.78432563288717,0.5580833333333334,0.0,0.0623443994208273,../raw_data/wavs/voice-2397.wav,..\notebooks\finetune-wav2vec2\train_set\wavs\voice-2397.wav
..\notebooks\finetune-wav2vec2\train_set\wavs\voice-2398.wav,8.0,16000,1,2,128000,0.87042236328125,0.10434994101524353,8.341378584527403,0.2767421875,0.0,0.06482081891264775,../raw_data/wavs/voice-2398.wav,..\notebooks\finetune-wav2vec2\train_set\wavs\voice-2398.wav
..\notebooks\finetune-wav2vec2\train_set\wavs\voice-2399.wav,6.0,16000,1,2,96000,0.600067138671875,0.06706612557172775,8.947395328959304,0.5388333333333334,0.0,0.06004229210720945,../raw_data/wavs/voice-2399.wav,..\notebooks\finetune-wav2vec2\train_set\wavs\voice-2399.wav
..\notebooks\finetune-wav2vec2\train_set\wavs\voice-2400.wav,5.0,16000,1,2,80000,0.3360595703125,0.039393432438373566,8.530852721154117,0.6656,0.0,0.06658833235415443,../raw_data/wavs/voice-2400.wav,..\notebooks\finetune-wav2vec2\train_set\wavs\voice-2400.wav
..\notebooks\finetune-wav2vec2\train_set\wavs\voice-2401.wav,7.0,16000,1,2,112000,0.488189697265625,0.07182662189006805,6.796779305767828,0.37311607142857145,0.0,0.06845596835686032,../raw_data/wavs/voice-2401.wav,..\notebooks\finetune-wav2vec2\train_set\wavs\voice-2401.wav
..\notebooks\finetune-wav2vec2\train_set\wavs\voice-2402.wav,5.0,16000,1,2,80000,0.47882080078125,0.04567442461848259,10.483346090965108,0.6082,0.0,0.06170077125964075,../raw_data/wavs/voice-2402.wav,..\notebooks\finetune-wav2vec2\train_set\wavs\voice-2402.wav
..\notebooks\finetune-wav2vec2\train_set\wavs\voice-2403.wav,6.0,16000,1,2,96000,0.632080078125,0.06190855801105499,10.209898250450763,0.5472708333333334,0.0,0.06331315951207825,../raw_data/wavs/voice-2403.wav,..\notebooks\finetune-wav2vec2\train_set\wavs\voice-2403.wav
..\notebooks\finetune-wav2vec2\train_set\wavs\voice-2404.wav,6.0,16000,1,2,96000,0.464202880859375,0.06094612926244736,7.6166097252938885,0.5698958333333334,0.0,0.06466734028479464,../raw_data/wavs/voice-2404.wav,..\notebooks\finetune-wav2vec2\train_set\wavs\voice-2404.wav
..\notebooks\finetune-wav2vec2\train_set\wavs\voice-2405.wav,7.0,16000,1,2,112000,0.404144287109375,0.03459703549742699,11.681471585605408,0.6800178571428571,0.0,0.06258091590103483,../raw_data/wavs/voice-2405.wav,..\notebooks\finetune-wav2vec2\train_set\wavs\voice-2405.wav
..\notebooks\finetune-wav2vec2\train_set\wavs\voice-2406.wav,6.0,16000,1,2,96000,0.605255126953125,0.05904311314225197,10.251070696338285,0.570375,0.0,0.06112563672538256,../raw_data/wavs/voice-2406.wav,..\notebooks\finetune-wav2vec2\train_set\wavs\voice-2406.wav
..\notebooks\finetune-wav2vec2\train_set\wavs\voice-2407.wav,5.0,16000,1,2,80000,0.47906494140625,0.059032052755355835,8.115335975044262,0.5609375,0.0,0.06530081626020326,../raw_data/wavs/voice-2407.wav,..\notebooks\finetune-wav2vec2\train_set\wavs\voice-2407.wav
..\notebooks\finetune-wav2vec2\train_set\wavs\voice-2408.wav,8.0,16000,1,2,128000,0.474456787109375,0.05124061927199364,9.259388232427098,0.6234375,0.0,0.07070367737247947,../raw_data/wavs/voice-2408.wav,..\notebooks\finetune-wav2vec2\train_set\wavs\voice-2408.wav
..\notebooks\finetune-wav2vec2\train_set\wavs\voice-2409.wav,6.0,16000,1,2,96000,0.49676513671875,0.0648316815495491,7.662382416212448,0.4831770833333333,0.0,0.06241731684705049,../raw_data/wavs/voice-2409.wav,..\notebooks\finetune-wav2vec2\train_set\wavs\voice-2409.wav
..\notebooks\finetune-wav2vec2\train_set\wavs\voice-2410.wav,5.0,16000,1,2,80000,0.4700927734375,0.06091577187180519,7.71709458802872,0.5422125,0.0,0.07591344891811147,../raw_data/wavs/voice-2410.wav,..\notebooks\finetune-wav2vec2\train_set\wavs\voice-2410.wav
..\notebooks\finetune-wav2vec2\train_set\wavs\voice-2411.wav,6.0,16000,1,2,96000,0.660980224609375,0.0508623905479908,12.995461233496535,0.63284375,0.0,0.09936561839185824,../raw_data/wavs/voice-2411.wav,..\notebooks\finetune-wav2vec2\train_set\wavs\voice-2411.wav
..\notebooks\finetune-wav2vec2\train_set\wavs\voice-2412.wav,6.0,16000,1,2,96000,0.613372802734375,0.05585478991270065,10.98156136104098,0.6006145833333333,0.0,0.060656881842519196,../raw_data/wavs/voice-2412.wav,..\notebooks\finetune-wav2vec2\train_set\wavs\voice-2412.wav
..\notebooks\finetune-wav2vec2\train_set\wavs\voice-2413.wav,7.0,16000,1,2,112000,0.6199951171875,0.03581705689430237,17.310051996095925,0.7325089285714286,0.0,0.0641880731077956,../raw_data/wavs/voice-2413.wav,..\notebooks\finetune-wav2vec2\train_set\wavs\voice-2413.wav
..\notebooks\finetune-wav2vec2\train_set\wavs\voice-2414.wav,6.0,16000,1,2,96000,0.302490234375,0.03753415122628212,8.059066862905125,0.65053125,0.0,0.09350097396847884,../raw_data/wavs/voice-2414.wav,..\notebooks\finetune-wav2vec2\train_set\wavs\voice-2414.wav
..\notebooks\finetune-wav2vec2\train_set\wavs\voice-2415.wav,5.0,16000,1,2,80000,0.41510009765625,0.04997984692454338,8.305349519836337,0.5803875,0.0,0.0644633057913224,../raw_data/wavs/voice-2415.wav,..\notebooks\finetune-wav2vec2\train_set\wavs\voice-2415.wav
..\notebooks\finetune-wav2vec2\train_set\wavs\voice-2416.wav,5.0,16000,1,2,80000,0.371734619140625,0.045423947274684906,8.183670540402273,0.593175,0.0,0.06396329954124426,../raw_data/wavs/voice-2416.wav,..\notebooks\finetune-wav2vec2\train_set\wavs\voice-2416.wav
..\notebooks\finetune-wav2vec2\train_set\wavs\voice-2417.wav,6.0,16000,1,2,96000,0.3402099609375,0.03872046247124672,8.786309336830241,0.6713333333333333,0.0,0.05872977843519203,../raw_data/wavs/voice-2417.wav,..\notebooks\finetune-wav2vec2\train_set\wavs\voice-2417.wav
..\notebooks\finetune-wav2vec2\train_set\wavs\voice-2418.wav,6.0,16000,1,2,96000,0.42767333984375,0.0578957162797451,7.386959991604286,0.517625,0.0,0.06696944759841249,../raw_data/wavs/voice-2418.wav,..\notebooks\finetune-wav2vec2\train_set\wavs\voice-2418.wav
..\notebooks\finetune-wav2vec2\train_set\wavs\voice-2419.wav,5.0,16000,1,2,80000,0.538543701171875,0.049320824444293976,10.91919503049143,0.6233,0.0,0.05957574469680871,../raw_data/wavs/voice-2419.wav,..\notebooks\finetune-wav2vec2\train_set\wavs\voice-2419.wav
..\notebooks\finetune-wav2vec2\train_set\wavs\voice-2420.wav,6.0,16000,1,2,96000,0.441925048828125,0.04622340947389603,9.560632888357045,0.6144791666666667,0.0,0.06256315169949687,../raw_data/wavs/voice-2420.wav,..\notebooks\finetune-wav2vec2\train_set\wavs\voice-2420.wav
..\notebooks\finetune-wav2vec2\train_set\wavs\voice-2421.wav,6.0,16000,1,2,96000,0.447052001953125,0.047200825065374374,9.471275159574994,0.563,0.0,0.06784445671309076,../raw_data/wavs/voice-2421.wav,..\notebooks\finetune-wav2vec2\train_set\wavs\voice-2421.wav
..\notebooks\finetune-wav2vec2\train_set\wavs\voice-2422.wav,6.0,16000,1,2,96000,0.375396728515625,0.03689923882484436,10.17356293709965,0.6872395833333333,0.0,0.05581308138626444,../raw_data/wavs/voice-2422.wav,..\notebooks\finetune-wav2vec2\train_set\wavs\voice-2422.wav
..\notebooks\finetune-wav2vec2\train_set\wavs\voice-2423.wav,5.0,16000,1,2,80000,0.3739013671875,0.039912451058626175,9.368038225422131,0.6862875,0.0,0.06090076125951575,../raw_data/wavs/voice-2423.wav,..\notebooks\finetune-wav2vec2\train_set\wavs\voice-2423.wav
..\notebooks\finetune-wav2vec2\train_set\wavs\voice-2424.wav,6.0,16000,1,2,96000,0.425811767578125,0.0468931645154953,9.080465606824646,0.6143125,0.0,0.061281888353003675,../raw_data/wavs/voice-2424.wav,..\notebooks\finetune-wav2vec2\train_set\wavs\voice-2424.wav
..\notebooks\finetune-wav2vec2\train_set\wavs\voice-2425.wav,7.0,16000,1,2,112000,0.65899658203125,0.0537758395075798,12.254510353824662,0.5633571428571429,0.0,0.07603639318208198,../raw_data/wavs/voice-2425.wav,..\notebooks\finetune-wav2vec2\train_set\wavs\voice-2425.wav
..\notebooks\finetune-wav2vec2\train_set\wavs\voice-2426.wav,6.0,16000,1,2,96000,0.703125,0.07422265410423279,9.473185895677934,0.49305208333333334,0.0,0.06364649631766997,../raw_data/wavs/voice-2426.wav,..\notebooks\finetune-wav2vec2\train_set\wavs\voice-2426.wav
..\notebooks\finetune-wav2vec2\train_set\wavs\voice-2427.wav,6.0,16000,1,2,96000,0.632171630859375,0.05122542008757591,12.340975042832305,0.5743854166666666,0.0,0.05850060938134772,../raw_data/wavs/voice-2427.wav,..\notebooks\finetune-wav2vec2\train_set\wavs\voice-2427.wav
..\notebooks\finetune-wav2vec2\train_set\wavs\voice-2428.wav,6.0,16000,1,2,96000,0.337127685546875,0.04171178489923477,8.082312621272168,0.6505729166666666,0.0,0.05781310221981479,../raw_data/wavs/voice-2428.wav,..\notebooks\finetune-wav2vec2\train_set\wavs\voice-2428.wav
..\notebooks\finetune-wav2vec2\train_set\wavs\voice-2429.wav,7.0,16000,1,2,112000,0.418609619140625,0.051518045365810394,8.125494982743124,0.5506607142857143,0.0,0.06034875311386709,../raw_data/wavs/voice-2429.wav,..\notebooks\finetune-wav2vec2\train_set\wavs\voice-2429.wav
..\notebooks\finetune-wav2vec2\train_set\wavs\voice-2430.wav,7.0,16000,1,2,112000,0.399017333984375,0.04348807781934738,9.17532698598273,0.7012589285714286,0.0,0.0889472227430602,../raw_data/wavs/voice-2430.wav,..\notebooks\finetune-wav2vec2\train_set\wavs\voice-2430.wav
..\notebooks\finetune-wav2vec2\train_set\wavs\voice-2431.wav,6.0,16000,1,2,96000,0.383514404296875,0.03958205133676529,9.689098754228851,0.7015104166666667,0.0,0.06595902040646257,../raw_data/wavs/voice-2431.wav,..\notebooks\finetune-wav2vec2\train_set\wavs\voice-2431.wav
..\notebooks\finetune-wav2vec2\train_set\wavs\voice-2432.wav,9.0,16000,1,2,144000,0.49591064453125,0.04480317607522011,11.068649322955698,0.6366458333333334,0.0,0.061896263168494225,../raw_data/wavs/voice-2432.wav,..\notebooks\finetune-wav2vec2\train_set\wavs\voice-2432.wav
..\notebooks\finetune-wav2vec2\train_set\wavs\voice-2433.wav,6.0,16000,1,2,96000,0.74945068359375,0.05667304992675781,13.224110658634268,0.59640625,0.0,0.06680277919561663,../raw_data/wavs/voice-2433.wav,..\notebooks\finetune-wav2vec2\train_set\wavs\voice-2433.wav
..\notebooks\finetune-wav2vec2\train_set\wavs\voice-2434.wav,6.0,16000,1,2,96000,0.31268310546875,0.031216125935316086,10.016717196639663,0.7256458333333333,0.0,0.058167272575756,../raw_data/wavs/voice-2434.wav,..\notebooks\finetune-wav2vec2\train_set\wavs\voice-2434.wav
..\notebooks\finetune-wav2vec2\train_set\wavs\voice-2435.wav,6.0,16000,1,2,96000,0.350067138671875,0.03786582872271538,9.244935354125046,0.6785729166666666,0.0,0.06609443848373421,../raw_data/wavs/voice-2435.wav,..\notebooks\finetune-wav2vec2\train_set\wavs\voice-2435.wav
..\notebooks\finetune-wav2vec2\train_set\wavs\voice-2436.wav,5.0,16000,1,2,80000,0.515899658203125,0.05328633636236191,9.681649995504735,0.5305375,0.0,0.06145076813460168,../raw_data/wavs/voice-2436.wav,..\notebooks\finetune-wav2vec2\train_set\wavs\voice-2436.wav
..\notebooks\finetune-wav2vec2\train_set\wavs\voice-2437.wav,6.0,16000,1,2,96000,0.999969482421875,0.1010962501168251,9.891261854582414,0.25507291666666665,2.0833333333333333e-05,0.06120897092678049,../raw_data/wavs/voice-2437.wav,..\notebooks\finetune-wav2vec2\train_set\wavs\voice-2437.wav
..\notebooks\finetune-wav2vec2\train_set\wavs\voice-2438.wav,2.0,16000,1,2,32000,0.410064697265625,0.047623805701732635,8.610498283859455,0.55015625,0.0,0.08394012312884777,../raw_data/wavs/voice-2438.wav,..\notebooks\finetune-wav2vec2\train_set\wavs\voice-2438.wav
..\notebooks\finetune-wav2vec2\train_set\wavs\voice-2439.wav,6.0,16000,1,2,96000,0.259033203125,0.03862106055021286,6.707045312446044,0.6548541666666666,0.0,0.06482359191241575,../raw_data/wavs/voice-2439.wav,..\notebooks\finetune-wav2vec2\train_set\wavs\voice-2439.wav
..\notebooks\finetune-wav2vec2\train_set\wavs\voice-2440.wav,7.0,16000,1,2,112000,0.540435791015625,0.06560662388801575,8.237518698387793,0.5543392857142857,0.0,0.06633094938347664,../raw_data/wavs/voice-2440.wav,..\notebooks\finetune-wav2vec2\train_set\wavs\voice-2440.wav
..\notebooks\finetune-wav2vec2\train_set\wavs\voice-2441.wav,8.0,16000,1,2,128000,0.541656494140625,0.05177900195121765,10.46092959943364,0.606234375,0.0,0.06110985242072204,../raw_data/wavs/voice-2441.wav,..\notebooks\finetune-wav2vec2\train_set\wavs\voice-2441.wav
..\notebooks\finetune-wav2vec2\train_set\wavs\voice-2442.wav,6.0,16000,1,2,96000,0.655364990234375,0.10163901746273041,6.4479666037177905,0.2930625,0.0,0.05261513140761883,../raw_data/wavs/voice-2442.wav,..\notebooks\finetune-wav2vec2\train_set\wavs\voice-2442.wav
..\notebooks\finetune-wav2vec2\train_set\wavs\voice-2443.wav,6.0,16000,1,2,96000,0.535675048828125,0.05702381953597069,9.393882296681664,0.6118541666666667,0.0,0.0608860508963635,../raw_data/wavs/voice-2443.wav,..\notebooks\finetune-wav2vec2\train_set\wavs\voice-2443.wav
..\notebooks\finetune-wav2vec2\train_set\wavs\voice-2444.wav,7.0,16000,1,2,112000,0.455047607421875,0.05232653394341469,8.696307076519883,0.6163928571428572,0.0,0.06255412994758881,../raw_data/wavs/voice-2444.wav,..\notebooks\finetune-wav2vec2\train_set\wavs\voice-2444.wav
..\notebooks\finetune-wav2vec2\train_set\wavs\voice-2445.wav,5.0,16000,1,2,80000,0.508758544921875,0.03142276778817177,16.190761690743965,0.7334375,0.0,0.06026325329066613,../raw_data/wavs/voice-2445.wav,..\notebooks\finetune-wav2vec2\train_set\wavs\voice-2445.wav
..\notebooks\finetune-wav2vec2\train_set\wavs\voice-2446.wav,5.0,16000,1,2,80000,0.614166259765625,0.07148158550262451,8.591950716357227,0.539225,0.0,0.06512581407267591,../raw_data/wavs/voice-2446.wav,..\notebooks\finetune-wav2vec2\train_set\wavs\voice-2446.wav
..\notebooks\finetune-wav2vec2\train_set\wavs\voice-2447.wav,6.0,16000,1,2,96000,0.3834228515625,0.06669579446315765,5.748831011740934,0.47998958333333336,0.0,0.07262575651829707,../raw_data/wavs/voice-2447.wav,..\notebooks\finetune-wav2vec2\train_set\wavs\voice-2447.wav
..\notebooks\finetune-wav2vec2\train_set\wavs\voice-2448.wav,6.0,16000,1,2,96000,0.51904296875,0.06332751363515854,8.196168441734537,0.49863541666666666,0.0,0.06617777268513214,../raw_data/wavs/voice-2448.wav,..\notebooks\finetune-wav2vec2\train_set\wavs\voice-2448.wav
..\notebooks\finetune-wav2vec2\train_set\wavs\voice-2449.wav,5.0,16000,1,2,80000,0.4547119140625,0.03747351095080376,12.134222348673392,0.6828875,0.0,0.058163227040338,../raw_data/wavs/voice-2449.wav,..\notebooks\finetune-wav2vec2\train_set\wavs\voice-2449.wav
..\notebooks\finetune-wav2vec2\train_set\wavs\voice-2450.wav,6.0,16000,1,2,96000,0.338226318359375,0.035342391580343246,9.56998955745513,0.71053125,0.0,0.05982353982853988,../raw_data/wavs/voice-2450.wav,..\notebooks\finetune-wav2vec2\train_set\wavs\voice-2450.wav
..\notebooks\finetune-wav2vec2\train_set\wavs\voice-2451.wav,5.0,16000,1,2,80000,0.631500244140625,0.06862246245145798,9.20252963214974,0.5091375,0.0,0.05906323829047863,../raw_data/wavs/voice-2451.wav,..\notebooks\finetune-wav2vec2\train_set\wavs\voice-2451.wav
..\notebooks\finetune-wav2vec2\train_set\wavs\voice-2452.wav,5.0,16000,1,2,80000,0.4468994140625,0.055779214948415756,8.011934454003871,0.502925,0.0,0.05977574719683996,../raw_data/wavs/voice-2452.wav,..\notebooks\finetune-wav2vec2\train_set\wavs\voice-2452.wav
..\notebooks\finetune-wav2vec2\train_set\wavs\voice-2453.wav,6.0,16000,1,2,96000,0.3978271484375,0.0470309741795063,8.458832830446722,0.64028125,0.0,0.058458942280648754,../raw_data/wavs/voice-2453.wav,..\notebooks\finetune-wav2vec2\train_set\wavs\voice-2453.wav
..\notebooks\finetune-wav2vec2\train_set\wavs\voice-2454.wav,5.0,16000,1,2,80000,0.44305419921875,0.05598313733935356,7.914065203832429,0.507375,0.0,0.0660883261040763,../raw_data/wavs/voice-2454.wav,..\notebooks\finetune-wav2vec2\train_set\wavs\voice-2454.wav
..\notebooks\finetune-wav2vec2\train_set\wavs\voice-2455.wav,7.0,16000,1,2,112000,0.475433349609375,0.04401840269565582,10.800786046157361,0.6156517857142857,0.0,0.09406333985124868,../raw_data/wavs/voice-2455.wav,..\notebooks\finetune-wav2vec2\train_set\wavs\voice-2455.wav
..\notebooks\finetune-wav2vec2\train_set\wavs\voice-2456.wav,6.0,16000,1,2,96000,0.3876953125,0.052730873227119446,7.352340076564645,0.6056354166666666,0.0,0.062031896165585056,../raw_data/wavs/voice-2456.wav,..\notebooks\finetune-wav2vec2\train_set\wavs\voice-2456.wav
..\notebooks\finetune-wav2vec2\train_set\wavs\voice-2457.wav,5.0,16000,1,2,80000,0.35870361328125,0.03817848116159439,9.395439587106665,0.6383625,0.0,0.0845510568882111,../raw_data/wavs/voice-2457.wav,..\notebooks\finetune-wav2vec2\train_set\wavs\voice-2457.wav
..\notebooks\finetune-wav2vec2\train_set\wavs\voice-2458.wav,6.0,16000,1,2,96000,0.319122314453125,0.03333714231848717,9.572575579645745,0.6815208333333334,0.0,0.05886519651246367,../raw_data/wavs/voice-2458.wav,..\notebooks\finetune-wav2vec2\train_set\wavs\voice-2458.wav
..\notebooks\finetune-wav2vec2\train_set\wavs\voice-2459.wav,6.0,16000,1,2,96000,0.5242919921875,0.07567255944013596,6.9284294870753484,0.49478125,0.0,0.06471942416066834,../raw_data/wavs/voice-2459.wav,..\notebooks\finetune-wav2vec2\train_set\wavs\voice-2459.wav
..\notebooks\finetune-wav2vec2\train_set\wavs\voice-2460.wav,6.0,16000,1,2,96000,0.446502685546875,0.07069531828165054,6.3158734750723635,0.46961458333333334,0.0,0.09095928082584194,../raw_data/wavs/voice-2460.wav,..\notebooks\finetune-wav2vec2\train_set\wavs\voice-2460.wav
..\notebooks\finetune-wav2vec2\train_set\wavs\voice-2461.wav,7.0,16000,1,2,112000,0.483917236328125,0.0515621155500412,9.38513152856348,0.5964107142857142,0.0,0.06416128715434959,../raw_data/wavs/voice-2461.wav,..\notebooks\finetune-wav2vec2\train_set\wavs\voice-2461.wav
..\notebooks\finetune-wav2vec2\train_set\wavs\voice-2462.wav,6.0,16000,1,2,96000,0.634796142578125,0.07983601838350296,7.95125001761482,0.44105208333333334,0.0,0.07820914801195845,../raw_data/wavs/voice-2462.wav,..\notebooks\finetune-wav2vec2\train_set\wavs\voice-2462.wav
..\notebooks\finetune-wav2vec2\train_set\wavs\voice-2463.wav,6.0,16000,1,2,96000,0.563018798828125,0.0605575367808342,9.297253963049473,0.6805833333333333,0.0,0.0692611381368556,../raw_data/wavs/voice-2463.wav,..\notebooks\finetune-wav2vec2\train_set\wavs\voice-2463.wav
..\notebooks\finetune-wav2vec2\train_set\wavs\voice-2464.wav,6.0,16000,1,2,96000,0.3629150390625,0.02543816529214382,14.266557155149103,0.783875,0.0,0.06699028114876196,../raw_data/wavs/voice-2464.wav,..\notebooks\finetune-wav2vec2\train_set\wavs\voice-2464.wav
..\notebooks\finetune-wav2vec2\train_set\wavs\voice-2465.wav,7.0,16000,1,2,112000,0.577880859375,0.050524234771728516,11.437696424021064,0.5854642857142857,0.0,0.0863668425610943,../raw_data/wavs/voice-2465.wav,..\notebooks\finetune-wav2vec2\train_set\wavs\voice-2465.wav
..\notebooks\finetune-wav2vec2\train_set\wavs\voice-2466.wav,6.0,16000,1,2,96000,0.519195556640625,0.057811882346868515,8.980775846831566,0.5852395833333334,0.0,0.0561047510911572,../raw_data/wavs/voice-2466.wav,..\notebooks\finetune-wav2vec2\train_set\wavs\voice-2466.wav
..\notebooks\finetune-wav2vec2\train_set\wavs\voice-2467.wav,5.0,16000,1,2,80000,0.597259521484375,0.051426928490400314,11.613750597527195,0.5787375,0.0,0.06427580344754309,../raw_data/wavs/voice-2467.wav,..\notebooks\finetune-wav2vec2\train_set\wavs\voice-2467.wav
..\notebooks\finetune-wav2vec2\train_set\wavs\voice-2468.wav,6.0,16000,1,2,96000,0.377105712890625,0.04896043241024017,7.7022545416031205,0.6354895833333334,0.0,0.06650069271554912,../raw_data/wavs/voice-2468.wav,..\notebooks\finetune-wav2vec2\train_set\wavs\voice-2468.wav
..\notebooks\finetune-wav2vec2\train_set\wavs\voice-2469.wav,6.0,16000,1,2,96000,0.528350830078125,0.0480155274271965,11.003749378349253,0.6812604166666667,0.0,0.06205272971593454,../raw_data/wavs/voice-2469.wav,..\notebooks\finetune-wav2vec2\train_set\wavs\voice-2469.wav
..\notebooks\finetune-wav2vec2\train_set\wavs\voice-2470.wav,6.0,16000,1,2,96000,0.4683837890625,0.050807587802410126,9.218776354509032,0.59259375,0.0,0.06256315169949687,../raw_data/wavs/voice-2470.wav,..\notebooks\finetune-wav2vec2\train_set\wavs\voice-2470.wav
..\notebooks\finetune-wav2vec2\train_set\wavs\voice-2471.wav,7.0,16000,1,2,112000,0.345733642578125,0.04852812737226486,7.124396948721354,0.6150446428571429,0.0,0.062188055250493306,../raw_data/wavs/voice-2471.wav,..\notebooks\finetune-wav2vec2\train_set\wavs\voice-2471.wav
..\notebooks\finetune-wav2vec2\train_set\wavs\voice-2472.wav,6.0,16000,1,2,96000,0.338165283203125,0.039903558790683746,8.474564511325646,0.6079791666666666,0.0,0.05516724132543047,../raw_data/wavs/voice-2472.wav,..\notebooks\finetune-wav2vec2\train_set\wavs\voice-2472.wav
..\notebooks\finetune-wav2vec2\train_set\wavs\voice-2473.wav,6.0,16000,1,2,96000,0.390472412109375,0.03445769101381302,11.331937823484653,0.7045416666666666,0.0,0.05826102355232867,../raw_data/wavs/voice-2473.wav,..\notebooks\finetune-wav2vec2\train_set\wavs\voice-2473.wav
..\notebooks\finetune-wav2vec2\train_set\wavs\voice-2474.wav,5.0,16000,1,2,80000,0.3272705078125,0.038806866854429245,8.433314367793306,0.65295,0.0,0.07078838485481069,../raw_data/wavs/voice-2474.wav,..\notebooks\finetune-wav2vec2\train_set\wavs\voice-2474.wav
..\notebooks\finetune-wav2vec2\train_set\wavs\voice-2475.wav,7.0,16000,1,2,112000,0.65576171875,0.0719413161277771,9.115231052838709,0.5149375,0.0,0.08287573996196394,../raw_data/wavs/voice-2475.wav,..\notebooks\finetune-wav2vec2\train_set\wavs\voice-2475.wav
..\notebooks\finetune-wav2vec2\train_set\wavs\voice-2476.wav,7.0,16000,1,2,112000,0.4139404296875,0.04265870153903961,9.703540303698123,0.6603392857142857,0.0,0.06102733060116608,../raw_data/wavs/voice-2476.wav,..\notebooks\finetune-wav2vec2\train_set\wavs\voice-2476.wav
..\notebooks\finetune-wav2vec2\train_set\wavs\voice-2477.wav,6.0,16000,1,2,96000,0.4638671875,0.03805243596434593,12.190210054742108,0.6744166666666667,0.0,0.060875634121188765,../raw_data/wavs/voice-2477.wav,..\notebooks\finetune-wav2vec2\train_set\wavs\voice-2477.wav
..\notebooks\finetune-wav2vec2\train_set\wavs\voice-2478.wav,7.0,16000,1,2,112000,0.999969482421875,0.12093774974346161,8.268464433504457,0.2477767857142857,4.464285714285714e-05,0.056607648282573954,../raw_data/wavs/voice-2478.wav,..\notebooks\finetune-wav2vec2\train_set\wavs\voice-2478.wav
..\notebooks\finetune-wav2vec2\train_set\wavs\voice-2479.wav,6.0,16000,1,2,96000,0.30889892578125,0.03554317727684975,8.69080789753831,0.6709479166666666,0.0,0.059688121751268246,../raw_data/wavs/voice-2479.wav,..\notebooks\finetune-wav2vec2\train_set\wavs\voice-2479.wav
..\notebooks\finetune-wav2vec2\train_set\wavs\voice-2480.wav,6.0,16000,1,2,96000,0.909698486328125,0.07165476679801941,12.695575283810284,0.5446770833333333,0.0,0.06515692871800748,../raw_data/wavs/voice-2480.wav,..\notebooks\finetune-wav2vec2\train_set\wavs\voice-2480.wav
..\notebooks\finetune-wav2vec2\train_set\wavs\voice-2481.wav,6.0,16000,1,2,96000,0.55181884765625,0.04194176197052002,13.156787453138278,0.6985,0.0,0.059156866217356434,../raw_data/wavs/voice-2481.wav,..\notebooks\finetune-wav2vec2\train_set\wavs\voice-2481.wav
..\notebooks\finetune-wav2vec2\train_set\wavs\voice-2482.wav,6.0,16000,1,2,96000,0.782989501953125,0.07158185541629791,10.938379529274568,0.505,0.0,0.06814654319315826,../raw_data/wavs/voice-2482.wav,..\notebooks\finetune-wav2vec2\train_set\wavs\voice-2482.wav
..\notebooks\finetune-wav2vec2\train_set\wavs\voice-2483.wav,7.0,16000,1,2,112000,0.39013671875,0.05087811499834061,7.668065508376722,0.5882232142857143,0.0,0.061536263716640324,../raw_data/wavs/voice-2483.wav,..\notebooks\finetune-wav2vec2\train_set\wavs\voice-2483.wav
..\notebooks\finetune-wav2vec2\train_set\wavs\voice-2484.wav,7.0,16000,1,2,112000,0.364532470703125,0.03870565816760063,9.418066710677056,0.6613125,0.0,0.06263448780792685,../raw_data/wavs/voice-2484.wav,..\notebooks\finetune-wav2vec2\train_set\wavs\voice-2484.wav
..\notebooks\finetune-wav2vec2\train_set\wavs\voice-2485.wav,6.0,16000,1,2,96000,0.460540771484375,0.04847700893878937,9.500189503562144,0.59646875,0.0,0.06529234679527912,../raw_data/wavs/voice-2485.wav,..\notebooks\finetune-wav2vec2\train_set\wavs\voice-2485.wav
..\notebooks\finetune-wav2vec2\train_set\wavs\voice-2486.wav,5.0,16000,1,2,80000,0.4237060546875,0.04139910638332367,10.234666680104397,0.6154875,0.0,0.08321354016925211,../raw_data/wavs/voice-2486.wav,..\notebooks\finetune-wav2vec2\train_set\wavs\voice-2486.wav
..\notebooks\finetune-wav2vec2\train_set\wavs\voice-2487.wav,5.0,16000,1,2,80000,0.46380615234375,0.05199707671999931,8.91985053008488,0.5788125,0.0,0.0654758184477306,../raw_data/wavs/voice-2487.wav,..\notebooks\finetune-wav2vec2\train_set\wavs\voice-2487.wav
..\notebooks\finetune-wav2vec2\train_set\wavs\voice-2488.wav,6.0,16000,1,2,96000,0.33587646484375,0.04327739030122757,7.761014758651536,0.6257708333333334,0.0,0.06521942936905593,../raw_data/wavs/voice-2488.wav,..\notebooks\finetune-wav2vec2\train_set\wavs\voice-2488.wav
..\notebooks\finetune-wav2vec2\train_set\wavs\voice-2489.wav,6.0,16000,1,2,96000,0.400146484375,0.043177202343940735,9.26754080052513,0.6209270833333334,0.0,0.06301107303201076,../raw_data/wavs/voice-2489.wav,..\notebooks\finetune-wav2vec2\train_set\wavs\voice-2489.wav
..\notebooks\finetune-wav2vec2\train_set\wavs\voice-2490.wav,6.0,16000,1,2,96000,0.303985595703125,0.03597951680421829,8.448851532866758,0.6866979166666667,0.0,0.060896467671538244,../raw_data/wavs/voice-2490.wav,..\notebooks\finetune-wav2vec2\train_set\wavs\voice-2490.wav
..\notebooks\finetune-wav2vec2\train_set\wavs\voice-2491.wav,6.0,16000,1,2,96000,0.53179931640625,0.06540963053703308,8.130290785011548,0.5725416666666666,0.0,0.08679257075594538,../raw_data/wavs/voice-2491.wav,..\notebooks\finetune-wav2vec2\train_set\wavs\voice-2491.wav
..\notebooks\finetune-wav2vec2\train_set\wavs\voice-2492.wav,6.0,16000,1,2,96000,0.379302978515625,0.04219795763492584,8.988657266239079,0.6223333333333333,0.0,0.06041729601350014,../raw_data/wavs/voice-2492.wav,..\notebooks\finetune-wav2vec2\train_set\wavs\voice-2492.wav
..\notebooks\finetune-wav2vec2\train_set\wavs\voice-2493.wav,6.0,16000,1,2,96000,0.565643310546875,0.0439501591026783,12.87010837037914,0.6243125,0.0,0.06078188314461609,../raw_data/wavs/voice-2493.wav,..\notebooks\finetune-wav2vec2\train_set\wavs\voice-2493.wav
..\notebooks\finetune-wav2vec2\train_set\wavs\voice-2494.wav,7.0,16000,1,2,112000,0.371246337890625,0.03015894815325737,12.309658016058092,0.7240267857142857,0.0,0.05769694372271181,../raw_data/wavs/voice-2494.wav,..\notebooks\finetune-wav2vec2\train_set\wavs\voice-2494.wav
..\notebooks\finetune-wav2vec2\train_set\wavs\voice-2495.wav,6.0,16000,1,2,96000,0.394012451171875,0.04380841180682182,8.993990763904378,0.6489895833333333,0.0,0.05836519130407609,../raw_data/wavs/voice-2495.wav,..\notebooks\finetune-wav2vec2\train_set\wavs\voice-2495.wav
..\notebooks\finetune-wav2vec2\train_set\wavs\voice-2496.wav,5.0,16000,1,2,80000,0.36248779296875,0.045435309410095215,7.9781077244784715,0.61945,0.0,0.05848823110288879,../raw_data/wavs/voice-2496.wav,..\notebooks\finetune-wav2vec2\train_set\wavs\voice-2496.wav
..\notebooks\finetune-wav2vec2\train_set\wavs\voice-2497.wav,6.0,16000,1,2,96000,0.434326171875,0.04306618124246597,10.085086704802306,0.6276666666666667,0.0,0.059792289503015655,../raw_data/wavs/voice-2497.wav,..\notebooks\finetune-wav2vec2\train_set\wavs\voice-2497.wav
..\notebooks\finetune-wav2vec2\train_set\wavs\voice-2498.wav,6.0,16000,1,2,96000,0.302154541015625,0.0527433343231678,5.728772078842614,0.41428125,0.0,0.06665694434317024,../raw_data/wavs/voice-2498.wav,..\notebooks\finetune-wav2vec2\train_set\wavs\voice-2498.wav
..\notebooks\finetune-wav2vec2\train_set\wavs\voice-2499.wav,6.0,16000,1,2,96000,0.45245361328125,0.04573463276028633,9.893019490344265,0.5941354166666667,0.0,0.062115230366982986,../raw_data/wavs/voice-2499.wav,..\notebooks\finetune-wav2vec2\train_set\wavs\voice-2499.wav
..\notebooks\finetune-wav2vec2\train_set\wavs\voice-2500.wav,7.0,16000,1,2,112000,0.395721435546875,0.04290872439742088,9.222400365056311,0.6648035714285714,0.0,0.060518397485691836,../raw_data/wavs/voice-2500.wav,..\notebooks\finetune-wav2vec2\train_set\wavs\voice-2500.wav
..\notebooks\finetune-wav2vec2\train_set\wavs\voice-2501.wav,6.0,16000,1,2,96000,0.590179443359375,0.0698862373828888,8.444859323673887,0.48475,0.0,0.06379233117011636,../raw_data/wavs/voice-2501.wav,..\notebooks\finetune-wav2vec2\train_set\wavs\voice-2501.wav
..\notebooks\finetune-wav2vec2\train_set\wavs\voice-2502.wav,5.0,16000,1,2,80000,0.485198974609375,0.04715612530708313,10.289203607160982,0.635325,0.0,0.08052600657508219,../raw_data/wavs/voice-2502.wav,..\notebooks\finetune-wav2vec2\train_set\wavs\voice-2502.wav
..\notebooks\finetune-wav2vec2\train_set\wavs\voice-2503.wav,7.0,16000,1,2,112000,0.616546630859375,0.06314469128847122,9.76402953722164,0.5587410714285714,0.0,0.06523272529219011,../raw_data/wavs/voice-2503.wav,..\notebooks\finetune-wav2vec2\train_set\wavs\voice-2503.wav
..\notebooks\finetune-wav2vec2\train_set\wavs\voice-2504.wav,5.0,16000,1,2,80000,0.321380615234375,0.03781707212328911,8.49829447892285,0.6718875,0.0,0.06541331766647084,../raw_data/wavs/voice-2504.wav,..\notebooks\finetune-wav2vec2\train_set\wavs\voice-2504.wav
..\notebooks\finetune-wav2vec2\train_set\wavs\voice-2505.wav,6.0,16000,1,2,96000,0.559661865234375,0.06982197612524033,8.015554647586947,0.5238020833333333,0.0,0.07172991385326931,../raw_data/wavs/voice-2505.wav,..\notebooks\finetune-wav2vec2\train_set\wavs\voice-2505.wav
..\notebooks\finetune-wav2vec2\train_set\wavs\voice-2506.wav,6.0,16000,1,2,96000,0.654388427734375,0.11823078989982605,5.534839345054039,0.27408333333333335,0.0,0.05428181543557745,../raw_data/wavs/voice-2506.wav,..\notebooks\finetune-wav2vec2\train_set\wavs\voice-2506.wav
..\notebooks\finetune-wav2vec2\train_set\wavs\voice-2507.wav,6.0,16000,1,2,96000,0.383026123046875,0.03268781676888466,11.717702829620464,0.72753125,0.0,0.062281898769778854,../raw_data/wavs/voice-2507.wav,..\notebooks\finetune-wav2vec2\train_set\wavs\voice-2507.wav
..\notebooks\finetune-wav2vec2\train_set\wavs\voice-2508.wav,7.0,16000,1,2,112000,0.492462158203125,0.05373735725879669,9.164242220387754,0.5664642857142858,0.0,0.06275948892400825,../raw_data/wavs/voice-2508.wav,..\notebooks\finetune-wav2vec2\train_set\wavs\voice-2508.wav
..\notebooks\finetune-wav2vec2\train_set\wavs\voice-2509.wav,6.0,16000,1,2,96000,0.354217529296875,0.04195154458284378,8.443491957665211,0.6347604166666667,0.0,0.061865227762789195,../raw_data/wavs/voice-2509.wav,..\notebooks\finetune-wav2vec2\train_set\wavs\voice-2509.wav
..\notebooks\finetune-wav2vec2\train_set\wavs\voice-2510.wav,6.0,16000,1,2,96000,0.559295654296875,0.04263283684849739,13.118893689491545,0.6635729166666666,0.0,0.06354232856592257,../raw_data/wavs/voice-2510.wav,..\notebooks\finetune-wav2vec2\train_set\wavs\voice-2510.wav
..\notebooks\finetune-wav2vec2\train_set\wavs\voice-2511.wav,6.0,16000,1,2,96000,0.329559326171875,0.03388611972332001,9.725496128288668,0.6670520833333333,0.0,0.05831310742820238,../raw_data/wavs/voice-2511.wav,..\notebooks\finetune-wav2vec2\train_set\wavs\voice-2511.wav
..\notebooks\finetune-wav2vec2\train_set\wavs\voice-2512.wav,6.0,16000,1,2,96000,0.333465576171875,0.03439873084425926,9.694124404811477,0.72890625,0.0,0.05662558984989427,../raw_data/wavs/voice-2512.wav,..\notebooks\finetune-wav2vec2\train_set\wavs\voice-2512.wav
..\notebooks\finetune-wav2vec2\train_set\wavs\voice-2513.wav,5.0,16000,1,2,80000,0.506744384765625,0.053660593926906586,9.443510548092021,0.5589375,0.0,0.06527581594769935,../raw_data/wavs/voice-2513.wav,..\notebooks\finetune-wav2vec2\train_set\wavs\voice-2513.wav
..\notebooks\finetune-wav2vec2\train_set\wavs\voice-2514.wav,7.0,16000,1,2,112000,0.3304443359375,0.036927688866853714,8.948416380157134,0.664375,0.0,0.09038473557799623,../raw_data/wavs/voice-2514.wav,..\notebooks\finetune-wav2vec2\train_set\wavs\voice-2514.wav
..\notebooks\finetune-wav2vec2\train_set\wavs\voice-2515.wav,6.0,16000,1,2,96000,0.39227294921875,0.04357260465621948,9.00274271675328,0.6187083333333333,0.0,0.06207356326628402,../raw_data/wavs/voice-2515.wav,..\notebooks\finetune-wav2vec2\train_set\wavs\voice-2515.wav
..\notebooks\finetune-wav2vec2\train_set\wavs\voice-2516.wav,6.0,16000,1,2,96000,0.499298095703125,0.04577021673321724,10.908799025650337,0.6235625,0.0,0.06569860102709403,../raw_data/wavs/voice-2516.wav,..\notebooks\finetune-wav2vec2\train_set\wavs\voice-2516.wav
..\notebooks\finetune-wav2vec2\train_set\wavs\voice-2517.wav,6.0,16000,1,2,96000,0.60614013671875,0.050443559885025024,12.016204607690513,0.6200625,0.0,0.06120897092678049,../raw_data/wavs/voice-2517.wav,..\notebooks\finetune-wav2vec2\train_set\wavs\voice-2517.wav
..\notebooks\finetune-wav2vec2\train_set\wavs\voice-2518.wav,5.0,16000,1,2,80000,0.738067626953125,0.06434956938028336,11.469659145524417,0.56115,0.0,0.06103826297828723,../raw_data/wavs/voice-2518.wav,..\notebooks\finetune-wav2vec2\train_set\wavs\voice-2518.wav
..\notebooks\finetune-wav2vec2\train_set\wavs\voice-2519.wav,6.0,16000,1,2,96000,0.42828369140625,0.0349394716322422,12.257875445690171,0.68259375,0.0,0.06627152366170481,../raw_data/wavs/voice-2519.wav,..\notebooks\finetune-wav2vec2\train_set\wavs\voice-2519.wav
..\notebooks\finetune-wav2vec2\train_set\wavs\voice-2520.wav,7.0,16000,1,2,112000,0.56329345703125,0.044362179934978485,12.697605434558616,0.6211428571428571,0.0,0.08963472888150788,../raw_data/wavs/voice-2520.wav,..\notebooks\finetune-wav2vec2\train_set\wavs\voice-2520.wav
..\notebooks\finetune-wav2vec2\train_set\wavs\voice-2521.wav,6.0,16000,1,2,96000,0.6942138671875,0.0851401537656784,8.153777465543534,0.460375,0.0,0.06342774403900041,../raw_data/wavs/voice-2521.wav,..\notebooks\finetune-wav2vec2\train_set\wavs\voice-2521.wav
..\notebooks\finetune-wav2vec2\train_set\wavs\voice-2522.wav,5.0,16000,1,2,80000,0.4317626953125,0.04672524333000183,9.24045900121122,0.6206625,0.0,0.06392579907248841,../raw_data/wavs/voice-2522.wav,..\notebooks\finetune-wav2vec2\train_set\wavs\voice-2522.wav
..\notebooks\finetune-wav2vec2\train_set\wavs\voice-2523.wav,6.0,16000,1,2,96000,0.453155517578125,0.059819649904966354,7.575362247991075,0.5363541666666667,0.0,0.06144855675579954,../raw_data/wavs/voice-2523.wav,..\notebooks\finetune-wav2vec2\train_set\wavs\voice-2523.wav
..\notebooks\finetune-wav2vec2\train_set\wavs\voice-2524.wav,6.0,16000,1,2,96000,0.464141845703125,0.04744173586368561,9.783407736950103,0.59659375,0.0,0.05316722049188012,../raw_data/wavs/voice-2524.wav,..\notebooks\finetune-wav2vec2\train_set\wavs\voice-2524.wav
..\notebooks\finetune-wav2vec2\train_set\wavs\voice-2525.wav,6.0,16000,1,2,96000,0.2943115234375,0.025776755064725876,11.41771036340605,0.7664791666666667,0.0,0.061115219950207814,../raw_data/wavs/voice-2525.wav,..\notebooks\finetune-wav2vec2\train_set\wavs\voice-2525.wav
..\notebooks\finetune-wav2vec2\train_set\wavs\voice-2526.wav,6.0,16000,1,2,96000,0.66119384765625,0.05463593825697899,12.101811897991732,0.55696875,0.0,0.05822977322680445,../raw_data/wavs/voice-2526.wav,..\notebooks\finetune-wav2vec2\train_set\wavs\voice-2526.wav
..\notebooks\finetune-wav2vec2\train_set\wavs\voice-2527.wav,6.0,16000,1,2,96000,0.51910400390625,0.06380853056907654,8.135338633825597,0.5698125,0.0,0.0638548318211648,../raw_data/wavs/voice-2527.wav,..\notebooks\finetune-wav2vec2\train_set\wavs\voice-2527.wav
..\notebooks\finetune-wav2vec2\train_set\wavs\voice-2528.wav,6.0,16000,1,2,96000,0.503936767578125,0.07655789703130722,6.582426988192315,0.5550416666666667,0.0,0.06451108865717352,../raw_data/wavs/voice-2528.wav,..\notebooks\finetune-wav2vec2\train_set\wavs\voice-2528.wav
..\notebooks\finetune-wav2vec2\train_set\wavs\voice-2529.wav,7.0,16000,1,2,112000,0.433929443359375,0.05707010626792908,7.603445511774428,0.550875,0.0,0.0645273618514451,../raw_data/wavs/voice-2529.wav,..\notebooks\finetune-wav2vec2\train_set\wavs\voice-2529.wav
..\notebooks\finetune-wav2vec2\train_set\wavs\voice-2530.wav,6.0,16000,1,2,96000,0.380828857421875,0.04183000326156616,9.104203388188221,0.6409791666666667,0.0,0.07432369087177991,../raw_data/wavs/voice-2530.wav,..\notebooks\finetune-wav2vec2\train_set\wavs\voice-2530.wav
..\notebooks\finetune-wav2vec2\train_set\wavs\voice-2531.wav,6.0,16000,1,2,96000,0.618743896484375,0.05358666926622391,11.546601140861988,0.6722708333333334,0.0,0.062281898769778854,../raw_data/wavs/voice-2531.wav,..\notebooks\finetune-wav2vec2\train_set\wavs\voice-2531.wav
..\notebooks\finetune-wav2vec2\train_set\wavs\voice-2532.wav,6.0,16000,1,2,96000,0.55963134765625,0.05008898675441742,11.172742431386782,0.62909375,0.0,0.06624027333618059,../raw_data/wavs/voice-2532.wav,..\notebooks\finetune-wav2vec2\train_set\wavs\voice-2532.wav
..\notebooks\finetune-wav2vec2\train_set\wavs\voice-2533.wav,7.0,16000,1,2,112000,0.678009033203125,0.05721159651875496,11.850902167725065,0.5807946428571429,0.0,0.060929115438530704,../raw_data/wavs/voice-2533.wav,..\notebooks\finetune-wav2vec2\train_set\wavs\voice-2533.wav
..\notebooks\finetune-wav2vec2\train_set\wavs\voice-2534.wav,6.0,16000,1,2,96000,0.948822021484375,0.11860355734825134,7.999945724211148,0.2795625,0.0,0.06316732465963187,../raw_data/wavs/voice-2534.wav,..\notebooks\finetune-wav2vec2\train_set\wavs\voice-2534.wav
..\notebooks\finetune-wav2vec2\train_set\wavs\voice-2535.wav,5.0,16000,1,2,80000,0.34747314453125,0.05011645704507828,6.933314224880425,0.5167125,0.0,0.06075075938449231,../raw_data/wavs/voice-2535.wav,..\notebooks\finetune-wav2vec2\train_set\wavs\voice-2535.wav
..\notebooks\finetune-wav2vec2\train_set\wavs\voice-2536.wav,6.0,16000,1,2,96000,0.82879638671875,0.06617844104766846,12.523661385764079,0.42282291666666666,0.0,0.08386545693184304,../raw_data/wavs/voice-2536.wav,..\notebooks\finetune-wav2vec2\train_set\wavs\voice-2536.wav
..\notebooks\finetune-wav2vec2\train_set\wavs\voice-2537.wav,5.0,16000,1,2,80000,0.3916015625,0.03776606544852257,10.36913848051703,0.6917,0.0,0.06968837110463881,../raw_data/wavs/voice-2537.wav,..\notebooks\finetune-wav2vec2\train_set\wavs\voice-2537.wav
..\notebooks\finetune-wav2vec2\train_set\wavs\voice-2538.wav,5.0,16000,1,2,80000,0.333953857421875,0.03796100243926048,8.797287636337265,0.6559625,0.0,0.05511318891486144,../raw_data/wavs/voice-2538.wav,..\notebooks\finetune-wav2vec2\train_set\wavs\voice-2538.wav
..\notebooks\finetune-wav2vec2\train_set\wavs\voice-2539.wav,9.0,16000,1,2,144000,0.385467529296875,0.07006724923849106,5.501393782205461,0.48935416666666665,0.0,0.07394495795109689,../raw_data/wavs/voice-2539.wav,..\notebooks\finetune-wav2vec2\train_set\wavs\voice-2539.wav
..\notebooks\finetune-wav2vec2\train_set\wavs\voice-2540.wav,5.0,16000,1,2,80000,0.377593994140625,0.045609600841999054,8.27882698313207,0.6328125,0.0,0.09430117876473455,../raw_data/wavs/voice-2540.wav,..\notebooks\finetune-wav2vec2\train_set\wavs\voice-2540.wav
..\notebooks\finetune-wav2vec2\train_set\wavs\voice-2541.wav,6.0,16000,1,2,96000,0.330078125,0.043667349964380264,7.558922748214554,0.63215625,0.0,0.06224023166907989,../raw_data/wavs/voice-2541.wav,..\notebooks\finetune-wav2vec2\train_set\wavs\voice-2541.wav
..\notebooks\finetune-wav2vec2\train_set\wavs\voice-2542.wav,8.0,16000,1,2,128000,0.6396484375,0.0667378380894661,9.584494430918076,0.3576015625,0.0,0.08936788568660693,../raw_data/wavs/voice-2542.wav,..\notebooks\finetune-wav2vec2\train_set\wavs\voice-2542.wav
..\notebooks\finetune-wav2vec2\train_set\wavs\voice-2543.wav,7.0,16000,1,2,112000,0.583709716796875,0.06869601458311081,8.49699535466767,0.5234821428571429,0.0,0.08121501084831115,../raw_data/wavs/voice-2543.wav,..\notebooks\finetune-wav2vec2\train_set\wavs\voice-2543.wav
..\notebooks\finetune-wav2vec2\train_set\wavs\voice-2544.wav,5.0,16000,1,2,80000,0.504119873046875,0.05068338289856911,9.946452746766186,0.5812125,0.0,0.06288828610357629,../raw_data/wavs/voice-2544.wav,..\notebooks\finetune-wav2vec2\train_set\wavs\voice-2544.wav
..\notebooks\finetune-wav2vec2\train_set\wavs\voice-2545.wav,6.0,16000,1,2,96000,0.5224609375,0.053193069994449615,9.821973756252754,0.59965625,0.0,0.06418816862675653,../raw_data/wavs/voice-2545.wav,..\notebooks\finetune-wav2vec2\train_set\wavs\voice-2545.wav
..\notebooks\finetune-wav2vec2\train_set\wavs\voice-2546.wav,7.0,16000,1,2,112000,0.999969482421875,0.11872897297143936,8.422286973394614,0.2383482142857143,1.785714285714286e-05,0.058545165581835555,../raw_data/wavs/voice-2546.wav,..\notebooks\finetune-wav2vec2\train_set\wavs\voice-2546.wav
..\notebooks\finetune-wav2vec2\train_set\wavs\voice-2547.wav,6.0,16000,1,2,96000,0.357208251953125,0.05157214030623436,6.926380209004889,0.5359895833333334,0.0,0.054448483838373314,../raw_data/wavs/voice-2547.wav,..\notebooks\finetune-wav2vec2\train_set\wavs\voice-2547.wav
..\notebooks\finetune-wav2vec2\train_set\wavs\voice-2548.wav,6.0,16000,1,2,96000,0.651641845703125,0.054902758449316025,11.869018317261673,0.6080729166666666,0.0,0.06492775966416317,../raw_data/wavs/voice-2548.wav,..\notebooks\finetune-wav2vec2\train_set\wavs\voice-2548.wav
..\notebooks\finetune-wav2vec2\train_set\wavs\voice-2549.wav,9.0,16000,1,2,144000,0.571441650390625,0.048484429717063904,11.786085836738394,0.6206944444444444,0.0,0.07395190244376697,../raw_data/wavs/voice-2549.wav,..\notebooks\finetune-wav2vec2\train_set\wavs\voice-2549.wav
..\notebooks\finetune-wav2vec2\train_set\wavs\voice-2550.wav,6.0,16000,1,2,96000,0.47454833984375,0.05422976240515709,8.750699224871061,0.57675,0.0,0.06733403472952844,../raw_data/wavs/voice-2550.wav,..\notebooks\finetune-wav2vec2\train_set\wavs\voice-2550.wav
..\notebooks\finetune-wav2vec2\train_set\wavs\voice-2551.wav,6.0,16000,1,2,96000,0.494232177734375,0.03690724819898605,13.391195547002416,0.6666458333333334,0.0,0.09773018468942385,../raw_data/wavs/voice-2551.wav,..\notebooks\finetune-wav2vec2\train_set\wavs\voice-2551.wav
..\notebooks\finetune-wav2vec2\train_set\wavs\voice-2552.wav,6.0,16000,1,2,96000,0.357391357421875,0.04680613428354263,7.6355666386988155,0.5938125,0.0,0.06305274013270971,../raw_data/wavs/voice-2552.wav,..\notebooks\finetune-wav2vec2\train_set\wavs\voice-2552.wav
..\notebooks\finetune-wav2vec2\train_set\wavs\voice-2553.wav,6.0,16000,1,2,96000,0.49200439453125,0.052427493035793304,9.384473032028229,0.5920729166666666,0.0,0.05921936686840488,../raw_data/wavs/voice-2553.wav,..\notebooks\finetune-wav2vec2\train_set\wavs\voice-2553.wav
..\notebooks\finetune-wav2vec2\train_set\wavs\voice-2554.wav,7.0,16000,1,2,112000,0.464813232421875,0.055120546370744705,8.432667363191726,0.5899017857142858,0.0,0.06027732390467772,../raw_data/wavs/voice-2554.wav,..\notebooks\finetune-wav2vec2\train_set\wavs\voice-2554.wav
..\notebooks\finetune-wav2vec2\train_set\wavs\voice-2555.wav,4.0,16000,1,2,64000,0.497955322265625,0.07883235812187195,6.316636139385863,0.47084375,0.0,0.07265738527164486,../raw_data/wavs/voice-2555.wav,..\notebooks\finetune-wav2vec2\train_set\wavs\voice-2555.wav
..\notebooks\finetune-wav2vec2\train_set\wavs\voice-2556.wav,7.0,16000,1,2,112000,0.353912353515625,0.03809275105595589,9.29080582801042,0.6942946428571428,0.0,0.0645273618514451,../raw_data/wavs/voice-2556.wav,..\notebooks\finetune-wav2vec2\train_set\wavs\voice-2556.wav
..\notebooks\finetune-wav2vec2\train_set\wavs\voice-2557.wav,5.0,16000,1,2,80000,0.25408935546875,0.04412096366286278,5.758925788890248,0.5835,0.0,0.05505068813360167,../raw_data/wavs/voice-2557.wav,..\notebooks\finetune-wav2vec2\train_set\wavs\voice-2557.wav
..\notebooks\finetune-wav2vec2\train_set\wavs\voice-2558.wav,6.0,16000,1,2,96000,0.601959228515625,0.04501177370548248,13.373372763631078,0.6442083333333334,0.0,0.0644590047812998,../raw_data/wavs/voice-2558.wav,..\notebooks\finetune-wav2vec2\train_set\wavs\voice-2558.wav
..\notebooks\finetune-wav2vec2\train_set\wavs\voice-2559.wav,6.0,16000,1,2,96000,0.274627685546875,0.036692455410957336,7.484581843080033,0.6584166666666667,0.0,0.06202147939041032,../raw_data/wavs/voice-2559.wav,..\notebooks\finetune-wav2vec2\train_set\wavs\voice-2559.wav
..\notebooks\finetune-wav2vec2\train_set\wavs\voice-2560.wav,5.0,16000,1,2,80000,0.403106689453125,0.04334862902760506,9.29917966255451,0.6221375,0.0,0.061938274228427855,../raw_data/wavs/voice-2560.wav,..\notebooks\finetune-wav2vec2\train_set\wavs\voice-2560.wav
..\notebooks\finetune-wav2vec2\train_set\wavs\voice-2561.wav,5.0,16000,1,2,80000,0.542510986328125,0.06757421046495438,8.028373289089103,0.447325,0.0,0.0984262303278791,../raw_data/wavs/voice-2561.wav,..\notebooks\finetune-wav2vec2\train_set\wavs\voice-2561.wav
..\notebooks\finetune-wav2vec2\train_set\wavs\voice-2562.wav,5.0,16000,1,2,80000,0.6129150390625,0.05655574053525925,10.8373621008531,0.57465,0.0,0.06938836735459193,../raw_data/wavs/voice-2562.wav,..\notebooks\finetune-wav2vec2\train_set\wavs\voice-2562.wav
..\notebooks\finetune-wav2vec2\train_set\wavs\voice-2563.wav,6.0,16000,1,2,96000,0.532958984375,0.0563630685210228,9.455819180182006,0.6006770833333334,0.0,0.06177147678621652,../raw_data/wavs/voice-2563.wav,..\notebooks\finetune-wav2vec2\train_set\wavs\voice-2563.wav
..\notebooks\finetune-wav2vec2\train_set\wavs\voice-2564.wav,5.0,16000,1,2,80000,0.67779541015625,0.06295520812273026,10.766311960003337,0.5734125,0.0,0.060638257978224724,../raw_data/wavs/voice-2564.wav,..\notebooks\finetune-wav2vec2\train_set\wavs\voice-2564.wav
..\notebooks\finetune-wav2vec2\train_set\wavs\voice-2565.wav,6.0,16000,1,2,96000,0.716583251953125,0.060113679617643356,11.920468959993723,0.5332916666666667,0.0,0.05776101834394108,../raw_data/wavs/voice-2565.wav,..\notebooks\finetune-wav2vec2\train_set\wavs\voice-2565.wav
..\notebooks\finetune-wav2vec2\train_set\wavs\voice-2566.wav,6.0,16000,1,2,96000,0.446136474609375,0.052586622536182404,8.483839674289964,0.5773645833333333,0.0,0.06190689486348816,../raw_data/wavs/voice-2566.wav,..\notebooks\finetune-wav2vec2\train_set\wavs\voice-2566.wav
..\notebooks\finetune-wav2vec2\train_set\wavs\voice-2567.wav,6.0,16000,1,2,96000,0.544769287109375,0.06859949976205826,7.941301161071758,0.4725520833333333,0.0,0.060177710184481085,../raw_data/wavs/voice-2567.wav,..\notebooks\finetune-wav2vec2\train_set\wavs\voice-2567.wav
..\notebooks\finetune-wav2vec2\train_set\wavs\voice-2568.wav,5.0,16000,1,2,80000,0.44439697265625,0.054785650223493576,8.111557877717411,0.5684375,0.0,0.08286353579419743,../raw_data/wavs/voice-2568.wav,..\notebooks\finetune-wav2vec2\train_set\wavs\voice-2568.wav
..\notebooks\finetune-wav2vec2\train_set\wavs\voice-2569.wav,6.0,16000,1,2,96000,0.758941650390625,0.06215697154402733,12.210080889366493,0.59625,0.0,0.06736528505505265,../raw_data/wavs/voice-2569.wav,..\notebooks\finetune-wav2vec2\train_set\wavs\voice-2569.wav
..\notebooks\finetune-wav2vec2\train_set\wavs\voice-2570.wav,5.0,16000,1,2,80000,0.60369873046875,0.058291953057050705,10.356467725106178,0.557975,0.0,0.057625720321504016,../raw_data/wavs/voice-2570.wav,..\notebooks\finetune-wav2vec2\train_set\wavs\voice-2570.wav
..\notebooks\finetune-wav2vec2\train_set\wavs\voice-2571.wav,6.0,16000,1,2,96000,0.545135498046875,0.06483470648527145,8.40808152915312,0.5225,0.0,0.05982353982853988,../raw_data/wavs/voice-2571.wav,..\notebooks\finetune-wav2vec2\train_set\wavs\voice-2571.wav
..\notebooks\finetune-wav2vec2\train_set\wavs\voice-2572.wav,7.0,16000,1,2,112000,0.290557861328125,0.027874212712049484,10.423894813808408,0.7535714285714286,0.0,0.05852730827953821,../raw_data/wavs/voice-2572.wav,..\notebooks\finetune-wav2vec2\train_set\wavs\voice-2572.wav
..\notebooks\finetune-wav2vec2\train_set\wavs\voice-2573.wav,7.0,16000,1,2,112000,0.387420654296875,0.0484364815056324,7.998530080097252,0.641,0.0,0.07805426834168162,../raw_data/wavs/voice-2573.wav,..\notebooks\finetune-wav2vec2\train_set\wavs\voice-2573.wav
..\notebooks\finetune-wav2vec2\train_set\wavs\voice-2574.wav,6.0,16000,1,2,96000,0.371307373046875,0.04796942323446274,7.740501094457941,0.5505520833333334,0.0,0.06505276096626006,../raw_data/wavs/voice-2574.wav,..\notebooks\finetune-wav2vec2\train_set\wavs\voice-2574.wav
..\notebooks\finetune-wav2vec2\train_set\wavs\voice-2575.wav,6.0,16000,1,2,96000,0.589691162109375,0.04476768150925636,13.17225154908788,0.7348333333333333,0.0,0.08151126574235149,../raw_data/wavs/voice-2575.wav,..\notebooks\finetune-wav2vec2\train_set\wavs\voice-2575.wav
..\notebooks\finetune-wav2vec2\train_set\wavs\voice-2576.wav,8.0,16000,1,2,128000,0.286163330078125,0.0308846365660429,9.265556014110796,0.7708125,0.0,0.05555512152438691,../raw_data/wavs/voice-2576.wav,..\notebooks\finetune-wav2vec2\train_set\wavs\voice-2576.wav
..\notebooks\finetune-wav2vec2\train_set\wavs\voice-2577.wav,5.0,16000,1,2,80000,0.35699462890625,0.03053991124033928,11.68944552905924,0.6829,0.0,0.09741371767147089,../raw_data/wavs/voice-2577.wav,..\notebooks\finetune-wav2vec2\train_set\wavs\voice-2577.wav
..\notebooks\finetune-wav2vec2\train_set\wavs\voice-2578.wav,7.0,16000,1,2,112000,0.272674560546875,0.03231311962008476,8.438509303737716,0.6593928571428571,0.0,0.05995589246332556,../raw_data/wavs/voice-2578.wav,..\notebooks\finetune-wav2vec2\train_set\wavs\voice-2578.wav
..\notebooks\finetune-wav2vec2\train_set\wavs\voice-2579.wav,6.0,16000,1,2,96000,0.551910400390625,0.06156149134039879,8.965188925311857,0.5543020833333333,0.0,0.0696673923686705,../raw_data/wavs/voice-2579.wav,..\notebooks\finetune-wav2vec2\train_set\wavs\voice-2579.wav
..\notebooks\finetune-wav2vec2\train_set\wavs\voice-2580.wav,6.0,16000,1,2,96000,0.539398193359375,0.05608095973730087,9.618205463780741,0.5340833333333334,0.0,0.06354232856592257,../raw_data/wavs/voice-2580.wav,..\notebooks\finetune-wav2vec2\train_set\wavs\voice-2580.wav
..\notebooks\finetune-wav2vec2\train_set\wavs\voice-2581.wav,6.0,16000,1,2,96000,0.44873046875,0.05378089100122452,8.343678589106734,0.37322916666666667,0.0,0.05450056771424702,../raw_data/wavs/voice-2581.wav,..\notebooks\finetune-wav2vec2\train_set\wavs\voice-2581.wav
..\notebooks\finetune-wav2vec2\train_set\wavs\voice-2582.wav,6.0,16000,1,2,96000,0.427764892578125,0.04062666371464729,10.529166155081084,0.6300416666666667,0.0,0.0602818779362285,../raw_data/wavs/voice-2582.wav,..\notebooks\finetune-wav2vec2\train_set\wavs\voice-2582.wav
..\notebooks\finetune-wav2vec2\train_set\wavs\voice-2583.wav,6.0,16000,1,2,96000,0.4482421875,0.04837878793478012,9.26526286901357,0.6091145833333333,0.0,0.06502151064073584,../raw_data/wavs/voice-2583.wav,..\notebooks\finetune-wav2vec2\train_set\wavs\voice-2583.wav
..\notebooks\finetune-wav2vec2\train_set\wavs\voice-2584.wav,5.0,16000,1,2,80000,0.973388671875,0.12212782353162766,7.970244975526972,0.235525,0.0,0.061538269228365354,../raw_data/wavs/voice-2584.wav,..\notebooks\finetune-wav2vec2\train_set\wavs\voice-2584.wav
..\notebooks\finetune-wav2vec2\train_set\wavs\voice-2585.wav,5.0,16000,1,2,80000,0.573333740234375,0.06261685490608215,9.156220654874915,0.52455,0.0,0.05846323079038488,../raw_data/wavs/voice-2585.wav,..\notebooks\finetune-wav2vec2\train_set\wavs\voice-2585.wav
..\notebooks\finetune-wav2vec2\train_set\wavs\voice-2586.wav,6.0,16000,1,2,96000,0.281829833984375,0.034606289118528366,8.143890638464383,0.678,0.0,0.05496932259711039,../raw_data/wavs/voice-2586.wav,..\notebooks\finetune-wav2vec2\train_set\wavs\voice-2586.wav
..\notebooks\finetune-wav2vec2\train_set\wavs\voice-2587.wav,7.0,16000,1,2,112000,0.32647705078125,0.036905135959386826,8.846385260320671,0.6578928571428572,0.0,0.06093804408967937,../raw_data/wavs/voice-2587.wav,..\notebooks\finetune-wav2vec2\train_set\wavs\voice-2587.wav
..\notebooks\finetune-wav2vec2\train_set\wavs\voice-2588.wav,1.0,16000,1,2,16000,0.4044189453125,0.06021648645401001,6.7160834038593835,0.4905625,0.0,0.07037939871241952,../raw_data/wavs/voice-2588.wav,..\notebooks\finetune-wav2vec2\train_set\wavs\voice-2588.wav
..\notebooks\finetune-wav2vec2\train_set\wavs\voice-2589.wav,6.0,16000,1,2,96000,0.574615478515625,0.054521165788173676,10.539310196486413,0.5609479166666667,0.0,0.06258398524984635,../raw_data/wavs/voice-2589.wav,..\notebooks\finetune-wav2vec2\train_set\wavs\voice-2589.wav
..\notebooks\finetune-wav2vec2\train_set\wavs\voice-2590.wav,5.0,16000,1,2,80000,0.500091552734375,0.0626191720366478,7.986237065569902,0.534625,0.0,0.06316328954111926,../raw_data/wavs/voice-2590.wav,..\notebooks\finetune-wav2vec2\train_set\wavs\voice-2590.wav
..\notebooks\finetune-wav2vec2\train_set\wavs\voice-2591.wav,8.0,16000,1,2,128000,0.332611083984375,0.0359555259346962,9.250624913357573,0.6281796875,0.0,0.08207876624036126,../raw_data/wavs/voice-2591.wav,..\notebooks\finetune-wav2vec2\train_set\wavs\voice-2591.wav
..\notebooks\finetune-wav2vec2\train_set\wavs\voice-2592.wav,5.0,16000,1,2,80000,0.999969482421875,0.12829384207725525,7.794368507724004,0.3007625,1.25e-05,0.05546319328991613,../raw_data/wavs/voice-2592.wav,..\notebooks\finetune-wav2vec2\train_set\wavs\voice-2592.wav
..\notebooks\finetune-wav2vec2\train_set\wavs\voice-2593.wav,5.0,16000,1,2,80000,0.493621826171875,0.06075582280755043,8.124683418994536,0.4966875,0.0,0.05985074813435168,../raw_data/wavs/voice-2593.wav,..\notebooks\finetune-wav2vec2\train_set\wavs\voice-2593.wav
..\notebooks\finetune-wav2vec2\train_set\wavs\voice-2594.wav,6.0,16000,1,2,96000,0.3936767578125,0.04520736634731293,8.708243581101682,0.6280729166666666,0.0,0.061063136074334105,../raw_data/wavs/voice-2594.wav,..\notebooks\finetune-wav2vec2\train_set\wavs\voice-2594.wav
..\notebooks\finetune-wav2vec2\train_set\wavs\voice-2595.wav,6.0,16000,1,2,96000,0.532440185546875,0.08025112003087997,6.634676068595633,0.4255625,0.0,0.06646944239002489,../raw_data/wavs/voice-2595.wav,..\notebooks\finetune-wav2vec2\train_set\wavs\voice-2595.wav
..\notebooks\finetune-wav2vec2\train_set\wavs\voice-2596.wav,5.0,16000,1,2,80000,0.355712890625,0.044141676276922226,8.058436394518411,0.6754625,0.0,0.05991324891561144,../raw_data/wavs/voice-2596.wav,..\notebooks\finetune-wav2vec2\train_set\wavs\voice-2596.wav
..\notebooks\finetune-wav2vec2\train_set\wavs\voice-2597.wav,6.0,16000,1,2,96000,0.516326904296875,0.05133397504687309,10.058190580905073,0.5888854166666667,0.0,0.06153189095719747,../raw_data/wavs/voice-2597.wav,..\notebooks\finetune-wav2vec2\train_set\wavs\voice-2597.wav
..\notebooks\finetune-wav2vec2\train_set\wavs\voice-2598.wav,6.0,16000,1,2,96000,0.479522705078125,0.04836917296051979,9.913808232146625,0.5776666666666667,0.0,0.06322982531068032,../raw_data/wavs/voice-2598.wav,..\notebooks\finetune-wav2vec2\train_set\wavs\voice-2598.wav
..\notebooks\finetune-wav2vec2\train_set\wavs\voice-2599.wav,7.0,16000,1,2,112000,0.60968017578125,0.05492258071899414,11.100719736762139,0.5757767857142857,0.0,0.06518808203644676,../raw_data/wavs/voice-2599.wav,..\notebooks\finetune-wav2vec2\train_set\wavs\voice-2599.wav
..\notebooks\finetune-wav2vec2\train_set\wavs\voice-2600.wav,6.0,16000,1,2,96000,0.42840576171875,0.047390397638082504,9.0399275606518,0.6095625,0.0,0.05867769455931832,../raw_data/wavs/voice-2600.wav,..\notebooks\finetune-wav2vec2\train_set\wavs\voice-2600.wav
..\notebooks\finetune-wav2vec2\train_set\wavs\voice-2601.wav,6.0,16000,1,2,96000,0.457000732421875,0.06440887600183487,7.0953067463691815,0.5164583333333334,0.0,0.08271961166262148,../raw_data/wavs/voice-2601.wav,..\notebooks\finetune-wav2vec2\train_set\wavs\voice-2601.wav
..\notebooks\finetune-wav2vec2\train_set\wavs\voice-2602.wav,6.0,16000,1,2,96000,0.599212646484375,0.050446681678295135,11.878137997373738,0.6118645833333334,0.0,0.06235481619600204,../raw_data/wavs/voice-2602.wav,..\notebooks\finetune-wav2vec2\train_set\wavs\voice-2602.wav
..\notebooks\finetune-wav2vec2\train_set\wavs\voice-2603.wav,3.0,16000,1,2,48000,0.4044189453125,0.06324958801269531,6.394017068242816,0.5435416666666667,0.0,0.06598054126127628,../raw_data/wavs/voice-2603.wav,..\notebooks\finetune-wav2vec2\train_set\wavs\voice-2603.wav
..\notebooks\finetune-wav2vec2\train_set\wavs\voice-2604.wav,6.0,16000,1,2,96000,0.480133056640625,0.04709238559007645,10.195556046364343,0.56721875,0.0,0.059573537224346086,../raw_data/wavs/voice-2604.wav,..\notebooks\finetune-wav2vec2\train_set\wavs\voice-2604.wav
..\notebooks\finetune-wav2vec2\train_set\wavs\voice-2605.wav,5.0,16000,1,2,80000,0.39752197265625,0.04417554661631584,8.998688258662742,0.6412625,0.0,0.07225090313628921,../raw_data/wavs/voice-2605.wav,..\notebooks\finetune-wav2vec2\train_set\wavs\voice-2605.wav
..\notebooks\finetune-wav2vec2\train_set\wavs\voice-2606.wav,7.0,16000,1,2,112000,0.54510498046875,0.06322647631168365,8.621467022479312,0.5592410714285714,0.0,0.06889347226314521,../raw_data/wavs/voice-2606.wav,..\notebooks\finetune-wav2vec2\train_set\wavs\voice-2606.wav
..\notebooks\finetune-wav2vec2\train_set\wavs\voice-2607.wav,5.0,16000,1,2,80000,0.488525390625,0.049871817231178284,9.795620407423,0.580175,0.0,0.06705083813547669,../raw_data/wavs/voice-2607.wav,..\notebooks\finetune-wav2vec2\train_set\wavs\voice-2607.wav
..\notebooks\finetune-wav2vec2\train_set\wavs\voice-2608.wav,5.0,16000,1,2,80000,0.453765869140625,0.04777931794524193,9.49711901833067,0.67675,0.0,0.053988174852185655,../raw_data/wavs/voice-2608.wav,..\notebooks\finetune-wav2vec2\train_set\wavs\voice-2608.wav
..\notebooks\finetune-wav2vec2\train_set\wavs\voice-2609.wav,7.0,16000,1,2,112000,0.35107421875,0.04507024958729744,7.789489118980749,0.5995892857142857,0.0,0.06353628157394263,../raw_data/wavs/voice-2609.wav,..\notebooks\finetune-wav2vec2\train_set\wavs\voice-2609.wav
..\notebooks\finetune-wav2vec2\train_set\wavs\voice-2610.wav,6.0,16000,1,2,96000,0.3643798828125,0.039748404175043106,9.167157534371752,0.6477083333333333,0.0,0.06781320638756654,../raw_data/wavs/voice-2610.wav,..\notebooks\finetune-wav2vec2\train_set\wavs\voice-2610.wav
..\notebooks\finetune-wav2vec2\train_set\wavs\voice-2611.wav,6.0,16000,1,2,96000,0.41259765625,0.055165305733680725,7.479296104002047,0.5514375,0.0,0.059990208231335745,../raw_data/wavs/voice-2611.wav,..\notebooks\finetune-wav2vec2\train_set\wavs\voice-2611.wav
..\notebooks\finetune-wav2vec2\train_set\wavs\voice-2612.wav,5.0,16000,1,2,80000,0.414276123046875,0.057835932821035385,7.162953942988874,0.5723625,0.0,0.0649133114163927,../raw_data/wavs/voice-2612.wav,..\notebooks\finetune-wav2vec2\train_set\wavs\voice-2612.wav
..\notebooks\finetune-wav2vec2\train_set\wavs\voice-2613.wav,6.0,16000,1,2,96000,0.680511474609375,0.10503099113702774,6.479149318143174,0.31105208333333334,0.0,0.05082344607756331,../raw_data/wavs/voice-2613.wav,..\notebooks\finetune-wav2vec2\train_set\wavs\voice-2613.wav
..\notebooks\finetune-wav2vec2\train_set\wavs\voice-2614.wav,7.0,16000,1,2,112000,0.473052978515625,0.059682562947273254,7.926150539706968,0.5599910714285714,0.0,0.07047384351645997,../raw_data/wavs/voice-2614.wav,..\notebooks\finetune-wav2vec2\train_set\wavs\voice-2614.wav
..\notebooks\finetune-wav2vec2\train_set\wavs\voice-2615.wav,7.0,16000,1,2,112000,0.659759521484375,0.130881667137146,5.040885678763838,0.2590892857142857,0.0,0.047500424110929564,../raw_data/wavs/voice-2615.wav,..\notebooks\finetune-wav2vec2\train_set\wavs\voice-2615.wav
..\notebooks\finetune-wav2vec2\train_set\wavs\voice-2616.wav,6.0,16000,1,2,96000,0.329010009765625,0.046134550124406815,7.131531766938528,0.608375,0.0,0.06185481098761445,../raw_data/wavs/voice-2616.wav,..\notebooks\finetune-wav2vec2\train_set\wavs\voice-2616.wav
..\notebooks\finetune-wav2vec2\train_set\wavs\voice-2617.wav,6.0,16000,1,2,96000,0.3065185546875,0.03364071995019913,9.111533734749504,0.7059583333333334,0.0,0.06496942676486213,../raw_data/wavs/voice-2617.wav,..\notebooks\finetune-wav2vec2\train_set\wavs\voice-2617.wav
..\notebooks\finetune-wav2vec2\train_set\wavs\voice-2618.wav,7.0,16000,1,2,112000,0.710174560546875,0.06607761979103088,10.747580841936914,0.5491785714285714,0.0,0.06307199171421174,../raw_data/wavs/voice-2618.wav,..\notebooks\finetune-wav2vec2\train_set\wavs\voice-2618.wav
..\notebooks\finetune-wav2vec2\train_set\wavs\voice-2619.wav,7.0,16000,1,2,112000,0.3701171875,0.043936338275671005,8.423942504670356,0.6358125,0.0,0.06662559487138278,../raw_data/wavs/voice-2619.wav,..\notebooks\finetune-wav2vec2\train_set\wavs\voice-2619.wav
..\notebooks\finetune-wav2vec2\train_set\wavs\voice-2620.wav,6.0,16000,1,2,96000,0.494903564453125,0.04120347648859024,12.011208922872564,0.6039270833333333,0.0,0.05841727517994979,../raw_data/wavs/voice-2620.wav,..\notebooks\finetune-wav2vec2\train_set\wavs\voice-2620.wav
..\notebooks\finetune-wav2vec2\train_set\wavs\voice-2621.wav,9.408,16000,1,2,150528,0.843170166015625,0.13714805245399475,6.147882896831217,0.34841358418367346,0.0,0.09339188318374776,../raw_data/wavs/voice-2621.wav,..\notebooks\finetune-wav2vec2\train_set\wavs\voice-2621.wav
..\notebooks\finetune-wav2vec2\train_set\wavs\voice-2622.wav,8.2346875,16000,1,2,131755,0.84185791015625,0.1391676813364029,6.049234291123024,0.2901673560775682,0.0,0.09069933360656982,../raw_data/wavs/voice-2622.wav,..\notebooks\finetune-wav2vec2\train_set\wavs\voice-2622.wav
..\notebooks\finetune-wav2vec2\train_set\wavs\voice-2623.wav,10.1333125,16000,1,2,162133,0.840576171875,0.13921041786670685,6.038170021728163,0.3490097635891521,0.0,0.07944144277502282,../raw_data/wavs/voice-2623.wav,..\notebooks\finetune-wav2vec2\train_set\wavs\voice-2623.wav
..\notebooks\finetune-wav2vec2\train_set\wavs\voice-2624.wav,12.3093125,16000,1,2,196949,0.843353271484375,0.14736804366111755,5.722768997488498,0.3458611112521516,0.0,0.09764506367162906,../raw_data/wavs/voice-2624.wav,..\notebooks\finetune-wav2vec2\train_set\wavs\voice-2624.wav
..\notebooks\finetune-wav2vec2\train_set\wavs\voice-2625.wav,9.6426875,16000,1,2,154283,0.840911865234375,0.11809885501861572,7.12040658736127,0.4158526862972589,0.0,0.11720096965297312,../raw_data/wavs/voice-2625.wav,..\notebooks\finetune-wav2vec2\train_set\wavs\voice-2625.wav
..\notebooks\finetune-wav2vec2\train_set\wavs\voice-2626.wav,16.064,16000,1,2,257024,0.845550537109375,0.1453016847372055,5.819275520711605,0.373066328436255,0.0,0.11099395773919066,../raw_data/wavs/voice-2626.wav,..\notebooks\finetune-wav2vec2\train_set\wavs\voice-2626.wav
..\notebooks\finetune-wav2vec2\train_set\wavs\voice-2627.wav,5.12,16000,1,2,81920,0.841156005859375,0.12175937741994858,6.908346804026638,0.44256591796875,0.0,0.10891246231033094,../raw_data/wavs/voice-2627.wav,..\notebooks\finetune-wav2vec2\train_set\wavs\voice-2627.wav
..\notebooks\finetune-wav2vec2\train_set\wavs\voice-2628.wav,8.4906875,16000,1,2,135851,0.83941650390625,0.12652024626731873,6.634641716810178,0.34761613826913307,0.0,0.10187707029812293,../raw_data/wavs/voice-2628.wav,..\notebooks\finetune-wav2vec2\train_set\wavs\voice-2628.wav
..\notebooks\finetune-wav2vec2\train_set\wavs\voice-2629.wav,14.9333125,16000,1,2,238933,0.841766357421875,0.150400310754776,5.596839216604773,0.3076762104857847,0.0,0.10486665662196776,../raw_data/wavs/voice-2629.wav,..\notebooks\finetune-wav2vec2\train_set\wavs\voice-2629.wav
..\notebooks\finetune-wav2vec2\train_set\wavs\voice-2630.wav,5.6533125,16000,1,2,90453,0.8411865234375,0.11994482576847076,7.013112220957663,0.501232684377522,0.0,0.08913014637597842,../raw_data/wavs/voice-2630.wav,..\notebooks\finetune-wav2vec2\train_set\wavs\voice-2630.wav
..\notebooks\finetune-wav2vec2\train_set\wavs\voice-2631.wav,9.472,16000,1,2,151552,0.8414306640625,0.13020995259284973,6.4621071377972825,0.35389833192567566,0.0,0.11155320651133942,../raw_data/wavs/voice-2631.wav,..\notebooks\finetune-wav2vec2\train_set\wavs\voice-2631.wav
..\notebooks\finetune-wav2vec2\train_set\wavs\voice-2632.wav,13.12,16000,1,2,209920,0.84356689453125,0.12950164079666138,6.51394754029246,0.36236185213414634,0.0,0.10678404527460592,../raw_data/wavs/voice-2632.wav,..\notebooks\finetune-wav2vec2\train_set\wavs\voice-2632.wav
..\notebooks\finetune-wav2vec2\train_set\wavs\voice-2633.wav,13.952,16000,1,2,223232,0.843170166015625,0.14779391884803772,5.7050396429542936,0.3842459862385321,0.0,0.11004295998315645,../raw_data/wavs/voice-2633.wav,..\notebooks\finetune-wav2vec2\train_set\wavs\voice-2633.wav
..\notebooks\finetune-wav2vec2\train_set\wavs\voice-2634.wav,6.1226875,16000,1,2,97963,0.842803955078125,0.12020658701658249,7.011295936402057,0.47094311117462717,0.0,0.0802454012780466,../raw_data/wavs/voice-2634.wav,..\notebooks\finetune-wav2vec2\train_set\wavs\voice-2634.wav
..\notebooks\finetune-wav2vec2\train_set\wavs\voice-2635.wav,19.84,16000,1,2,317440,0.841766357421875,0.12158205360174179,6.923442502288971,0.3912518901209677,0.0,0.10161007311640977,../raw_data/wavs/voice-2635.wav,..\notebooks\finetune-wav2vec2\train_set\wavs\voice-2635.wav
..\notebooks\finetune-wav2vec2\train_set\wavs\voice-2636.wav,9.8986875,16000,1,2,158379,0.842315673828125,0.13077642023563385,6.4408833971019765,0.40319739359384765,0.0,0.07381075654446956,../raw_data/wavs/voice-2636.wav,..\notebooks\finetune-wav2vec2\train_set\wavs\voice-2636.wav
..\notebooks\finetune-wav2vec2\train_set\wavs\voice-2637.wav,8.32,16000,1,2,133120,0.841033935546875,0.13227638602256775,6.3581562880269935,0.4069636418269231,0.0,0.09726635566673428,../raw_data/wavs/voice-2637.wav,..\notebooks\finetune-wav2vec2\train_set\wavs\voice-2637.wav
..\notebooks\finetune-wav2vec2\train_set\wavs\voice-2638.wav,13.248,16000,1,2,211968,0.8414306640625,0.12196860462427139,6.898747974157423,0.44057121829710144,0.0,0.1102341402199399,../raw_data/wavs/voice-2638.wav,..\notebooks\finetune-wav2vec2\train_set\wavs\voice-2638.wav
..\notebooks\finetune-wav2vec2\train_set\wavs\voice-2639.wav,16.576,16000,1,2,265216,0.841522216796875,0.13973473012447357,6.022283909284827,0.3121455719111969,0.0,0.08299681390569914,../raw_data/wavs/voice-2639.wav,..\notebooks\finetune-wav2vec2\train_set\wavs\voice-2639.wav
..\notebooks\finetune-wav2vec2\train_set\wavs\voice-2640.wav,13.696,16000,1,2,219136,0.84228515625,0.1346956491470337,6.253246942895402,0.3626651942172897,0.0,0.0895521025851644,../raw_data/wavs/voice-2640.wav,..\notebooks\finetune-wav2vec2\train_set\wavs\voice-2640.wav
..\notebooks\finetune-wav2vec2\train_set\wavs\voice-2641.wav,11.456,16000,1,2,183296,0.842376708984375,0.13028289377689362,6.465750679647362,0.36425235684357543,0.0,0.12552442783491094,../raw_data/wavs/voice-2641.wav,..\notebooks\finetune-wav2vec2\train_set\wavs\voice-2641.wav
..\notebooks\finetune-wav2vec2\train_set\wavs\voice-2642.wav,11.4133125,16000,1,2,182613,0.840850830078125,0.13533823192119598,6.212958586364059,0.3988379797714292,0.0,0.1188640396030929,../raw_data/wavs/voice-2642.wav,..\notebooks\finetune-wav2vec2\train_set\wavs\voice-2642.wav
..\notebooks\finetune-wav2vec2\train_set\wavs\voice-2643.wav,21.9733125,16000,1,2,351573,0.8424072265625,0.13541965186595917,6.220716232503167,0.4438822093846797,0.0,0.1318193712809894,../raw_data/wavs/voice-2643.wav,..\notebooks\finetune-wav2vec2\train_set\wavs\voice-2643.wav
..\notebooks\finetune-wav2vec2\train_set\wavs\voice-2644.wav,10.0906875,16000,1,2,161451,0.843048095703125,0.13621428608894348,6.189131257147595,0.357322035787948,0.0,0.09819758439145246,../raw_data/wavs/voice-2644.wav,..\notebooks\finetune-wav2vec2\train_set\wavs\voice-2644.wav
..\notebooks\finetune-wav2vec2\train_set\wavs\voice-2645.wav,11.8826875,16000,1,2,190123,0.84405517578125,0.1363227814435959,6.191592973992255,0.41779795185222196,0.0,0.11360074057710312,../raw_data/wavs/voice-2645.wav,..\notebooks\finetune-wav2vec2\train_set\wavs\voice-2645.wav
..\notebooks\finetune-wav2vec2\train_set\wavs\voice-2646.wav,13.9946875,16000,1,2,223915,0.8411865234375,0.12538006901741028,6.709092840909928,0.4834825715115111,0.0,0.11653581285672178,../raw_data/wavs/voice-2646.wav,..\notebooks\finetune-wav2vec2\train_set\wavs\voice-2646.wav
..\notebooks\finetune-wav2vec2\train_set\wavs\voice-2647.wav,8.2346875,16000,1,2,131755,0.84222412109375,0.13538162410259247,6.221111075277919,0.39342719441387425,0.0,0.10891509935182234,../raw_data/wavs/voice-2647.wav,..\notebooks\finetune-wav2vec2\train_set\wavs\voice-2647.wav
..\notebooks\finetune-wav2vec2\train_set\wavs\voice-2648.wav,11.712,16000,1,2,187392,0.84381103515625,0.1360226571559906,6.203459429472611,0.3245976349043716,0.0,0.0946043299838306,../raw_data/wavs/voice-2648.wav,..\notebooks\finetune-wav2vec2\train_set\wavs\voice-2648.wav
..\notebooks\finetune-wav2vec2\train_set\wavs\voice-2649.wav,10.304,16000,1,2,164864,0.84063720703125,0.12768147885799408,6.583861767188625,0.4531431968167702,0.0,0.10914516901912497,../raw_data/wavs/voice-2649.wav,..\notebooks\finetune-wav2vec2\train_set\wavs\voice-2649.wav
..\notebooks\finetune-wav2vec2\train_set\wavs\voice-2650.wav,6.5493125,16000,1,2,104789,0.841796875,0.1310417503118515,6.423883021988813,0.44561929210127016,0.0,0.09085009733939,../raw_data/wavs/voice-2650.wav,..\notebooks\finetune-wav2vec2\train_set\wavs\voice-2650.wav
..\notebooks\finetune-wav2vec2\train_set\wavs\voice-2651.wav,11.456,16000,1,2,183296,0.8419189453125,0.14597012102603912,5.767748491229331,0.3555233065642458,0.0,0.12244742082435418,../raw_data/wavs/voice-2651.wav,..\notebooks\finetune-wav2vec2\train_set\wavs\voice-2651.wav
..\notebooks\finetune-wav2vec2\train_set\wavs\voice-2652.wav,12.544,16000,1,2,200704,0.842132568359375,0.13063682615756989,6.446364269012645,0.33872767857142855,0.0,0.09931092210878761,../raw_data/wavs/voice-2652.wav,..\notebooks\finetune-wav2vec2\train_set\wavs\voice-2652.wav
..\notebooks\finetune-wav2vec2\train_set\wavs\voice-2653.wav,10.6026875,16000,1,2,169643,0.840911865234375,0.13409708440303802,6.270918334860708,0.37307168583436984,0.0,0.10446115938270004,../raw_data/wavs/voice-2653.wav,..\notebooks\finetune-wav2vec2\train_set\wavs\voice-2653.wav
..\notebooks\finetune-wav2vec2\train_set\wavs\voice-2654.wav,18.0053125,16000,1,2,288085,0.841522216796875,0.1458531767129898,5.769652987763333,0.3542669698179357,0.0,0.1060246317046417,../raw_data/wavs/voice-2654.wav,..\notebooks\finetune-wav2vec2\train_set\wavs\voice-2654.wav
..\notebooks\finetune-wav2vec2\train_set\wavs\voice-2655.wav,14.2293125,16000,1,2,227669,0.843780517578125,0.12949560582637787,6.515900768937516,0.4436089234810185,0.0,0.10928193685542105,../raw_data/wavs/voice-2655.wav,..\notebooks\finetune-wav2vec2\train_set\wavs\voice-2655.wav
..\notebooks\finetune-wav2vec2\train_set\wavs\voice-2656.wav,13.8453125,16000,1,2,221525,0.842987060546875,0.14220015704631805,5.9281725003460695,0.320162509874732,0.0,0.11476860295047038,../raw_data/wavs/voice-2656.wav,..\notebooks\finetune-wav2vec2\train_set\wavs\voice-2656.wav
..\notebooks\finetune-wav2vec2\train_set\wavs\voice-2657.wav,9.7493125,16000,1,2,155989,0.843902587890625,0.1481357216835022,5.696820309780892,0.32358691959048397,0.0,0.10412339410723902,../raw_data/wavs/voice-2657.wav,..\notebooks\finetune-wav2vec2\train_set\wavs\voice-2657.wav
..\notebooks\finetune-wav2vec2\train_set\wavs\voice-2658.wav,9.856,16000,1,2,157696,0.84259033203125,0.12088193744421005,6.970357605495245,0.49525669642857145,0.0,0.09954659310694695,../raw_data/wavs/voice-2658.wav,..\notebooks\finetune-wav2vec2\train_set\wavs\voice-2658.wav
..\notebooks\finetune-wav2vec2\train_set\wavs\voice-2659.wav,10.752,16000,1,2,172032,0.842742919921875,0.13988180458545685,6.024678637935536,0.33808826264880953,0.0,0.08394998575838075,../raw_data/wavs/voice-2659.wav,..\notebooks\finetune-wav2vec2\train_set\wavs\voice-2659.wav
..\notebooks\finetune-wav2vec2\train_set\wavs\voice-2660.wav,11.9893125,16000,1,2,191829,0.842315673828125,0.13941526412963867,6.0417751175716115,0.35524868502676865,0.0,0.09829639051650436,../raw_data/wavs/voice-2660.wav,..\notebooks\finetune-wav2vec2\train_set\wavs\voice-2660.wav
..\notebooks\finetune-wav2vec2\train_set\wavs\voice-2661.wav,20.2666875,16000,1,2,324267,0.84271240234375,0.15197564661502838,5.545048967473298,0.3454776465073535,0.0,0.10921897454558911,../raw_data/wavs/voice-2661.wav,..\notebooks\finetune-wav2vec2\train_set\wavs\voice-2661.wav
..\notebooks\finetune-wav2vec2\train_set\wavs\voice-2662.wav,17.408,16000,1,2,278528,0.841705322265625,0.13946907222270966,6.035067910407815,0.37614889705882354,0.0,0.10141925199352307,../raw_data/wavs/voice-2662.wav,..\notebooks\finetune-wav2vec2\train_set\wavs\voice-2662.wav
..\notebooks\finetune-wav2vec2\train_set\wavs\voice-2663.wav,10.9653125,16000,1,2,175445,0.8419189453125,0.1393548548221588,6.0415472886605635,0.379708740630967,0.0,0.09605344155400014,../raw_data/wavs/voice-2663.wav,..\notebooks\finetune-wav2vec2\train_set\wavs\voice-2663.wav
..\notebooks\finetune-wav2vec2\train_set\wavs\voice-2664.wav,15.744,16000,1,2,251904,0.843048095703125,0.13998934626579285,6.022230392464718,0.43192247840447157,0.0,0.10316669511677114,../raw_data/wavs/voice-2664.wav,..\notebooks\finetune-wav2vec2\train_set\wavs\voice-2664.wav
..\notebooks\finetune-wav2vec2\train_set\wavs\voice-2665.wav,10.2826875,16000,1,2,164523,0.841949462890625,0.1281924694776535,6.567854307833531,0.3589467733994639,0.0,0.1015061815441096,../raw_data/wavs/voice-2665.wav,..\notebooks\finetune-wav2vec2\train_set\wavs\voice-2665.wav
..\notebooks\finetune-wav2vec2\train_set\wavs\voice-2666.wav,10.7306875,16000,1,2,171691,0.84454345703125,0.13045325875282288,6.473916137514464,0.43627214006558296,0.0,0.13490593511561536,../raw_data/wavs/voice-2666.wav,..\notebooks\finetune-wav2vec2\train_set\wavs\voice-2666.wav
..\notebooks\finetune-wav2vec2\train_set\wavs\voice-2667.wav,12.8853125,16000,1,2,206165,0.840972900390625,0.14716817438602448,5.714366600653342,0.3901147139427158,0.0,0.11557788944723618,../raw_data/wavs/voice-2667.wav,..\notebooks\finetune-wav2vec2\train_set\wavs\voice-2667.wav
..\notebooks\finetune-wav2vec2\train_set\wavs\voice-2668.wav,6.7413125,16000,1,2,107861,0.841064453125,0.11452826112508774,7.3437284811858765,0.36223472802959367,0.0,0.07096235861301688,../raw_data/wavs/voice-2668.wav,..\notebooks\finetune-wav2vec2\train_set\wavs\voice-2668.wav
..\notebooks\finetune-wav2vec2\train_set\wavs\voice-2669.wav,8.4906875,16000,1,2,135851,0.84222412109375,0.13746221363544464,6.126950081913874,0.32127845948870454,0.0,0.10467427309532573,../raw_data/wavs/voice-2669.wav,..\notebooks\finetune-wav2vec2\train_set\wavs\voice-2669.wav
..\notebooks\finetune-wav2vec2\train_set\wavs\voice-2670.wav,9.7066875,16000,1,2,155307,0.840484619140625,0.14017517864704132,5.995958965438174,0.364181910667259,0.0,0.08599796530719998,../raw_data/wavs/voice-2670.wav,..\notebooks\finetune-wav2vec2\train_set\wavs\voice-2670.wav
..\notebooks\finetune-wav2vec2\train_set\wavs\voice-2671.wav,7.2533125,16000,1,2,116053,0.8421630859375,0.1374189555644989,6.128434628818167,0.3618432957355691,0.0,0.0905283838279392,../raw_data/wavs/voice-2671.wav,..\notebooks\finetune-wav2vec2\train_set\wavs\voice-2671.wav
..\notebooks\finetune-wav2vec2\train_set\wavs\voice-2672.wav,8.64,16000,1,2,138240,0.8438720703125,0.13287799060344696,6.350728713462418,0.3595992476851852,0.0,0.08346414542929274,../raw_data/wavs/voice-2672.wav,..\notebooks\finetune-wav2vec2\train_set\wavs\voice-2672.wav
..\notebooks\finetune-wav2vec2\train_set\wavs\voice-2673.wav,8.3413125,16000,1,2,133461,0.843017578125,0.12873929738998413,6.548253681789834,0.37780325338488396,0.0,0.09967031320245767,../raw_data/wavs/voice-2673.wav,..\notebooks\finetune-wav2vec2\train_set\wavs\voice-2673.wav
..\notebooks\finetune-wav2vec2\train_set\wavs\voice-2674.wav,22.4426875,16000,1,2,359083,0.84210205078125,0.1442808359861374,5.836548180675636,0.3409880166980893,0.0,0.12202226789424142,../raw_data/wavs/voice-2674.wav,..\notebooks\finetune-wav2vec2\train_set\wavs\voice-2674.wav
..\notebooks\finetune-wav2vec2\train_set\wavs\voice-2675.wav,10.1333125,16000,1,2,162133,0.842926025390625,0.131400465965271,6.414939393087156,0.4448631678930261,0.0,0.11463498877457874,../raw_data/wavs/voice-2675.wav,..\notebooks\finetune-wav2vec2\train_set\wavs\voice-2675.wav
..\notebooks\finetune-wav2vec2\train_set\wavs\voice-2676.wav,13.2906875,16000,1,2,212651,0.8409423828125,0.13543923199176788,6.20900141299984,0.37922699634612583,0.0,0.10967317187867388,../raw_data/wavs/voice-2676.wav,..\notebooks\finetune-wav2vec2\train_set\wavs\voice-2676.wav
..\notebooks\finetune-wav2vec2\train_set\wavs\voice-2677.wav,10.0053125,16000,1,2,160085,0.840576171875,0.13567079603672028,6.1957045763002085,0.3225286566511541,0.0,0.1136778191449489,../raw_data/wavs/voice-2677.wav,..\notebooks\finetune-wav2vec2\train_set\wavs\voice-2677.wav
..\notebooks\finetune-wav2vec2\train_set\wavs\voice-2678.wav,8.8533125,16000,1,2,141653,0.84063720703125,0.12439355254173279,6.757884069186179,0.5498295129647801,0.0,0.10439669048089685,../raw_data/wavs/voice-2678.wav,..\notebooks\finetune-wav2vec2\train_set\wavs\voice-2678.wav
..\notebooks\finetune-wav2vec2\train_set\wavs\voice-2679.wav,11.328,16000,1,2,181248,0.84136962890625,0.1442696452140808,5.831924156032594,0.3581611935028249,0.0,0.09933405794302802,../raw_data/wavs/voice-2679.wav,..\notebooks\finetune-wav2vec2\train_set\wavs\voice-2679.wav
..\notebooks\finetune-wav2vec2\train_set\wavs\voice-2680.wav,7.168,16000,1,2,114688,0.840362548828125,0.12405554205179214,6.774083083505295,0.4974278041294643,0.0,0.08248537323323481,../raw_data/wavs/voice-2680.wav,..\notebooks\finetune-wav2vec2\train_set\wavs\voice-2680.wav
..\notebooks\finetune-wav2vec2\train_set\wavs\voice-2681.wav,12.2666875,16000,1,2,196267,0.84259033203125,0.1437327116727829,5.862202989319948,0.2884998496945487,0.0,0.10260564743766114,../raw_data/wavs/voice-2681.wav,..\notebooks\finetune-wav2vec2\train_set\wavs\voice-2681.wav
..\notebooks\finetune-wav2vec2\train_set\wavs\voice-2682.wav,9.152,16000,1,2,146432,0.842071533203125,0.1211097463965416,6.952962567075206,0.42688073645104896,0.0,0.09455648052666443,../raw_data/wavs/voice-2682.wav,..\notebooks\finetune-wav2vec2\train_set\wavs\voice-2682.wav
..\notebooks\finetune-wav2vec2\train_set\wavs\voice-2683.wav,15.9786875,16000,1,2,255659,0.842071533203125,0.1354072093963623,6.218808710090344,0.3698676753018669,0.0,0.1023789593910615,../raw_data/wavs/voice-2683.wav,..\notebooks\finetune-wav2vec2\train_set\wavs\voice-2683.wav
..\notebooks\finetune-wav2vec2\train_set\wavs\voice-2684.wav,10.7093125,16000,1,2,171349,0.841461181640625,0.11804104596376419,7.128547318183996,0.425149840384245,0.0,0.09293367882904965,../raw_data/wavs/voice-2684.wav,..\notebooks\finetune-wav2vec2\train_set\wavs\voice-2684.wav
..\notebooks\finetune-wav2vec2\train_set\wavs\voice-2685.wav,16.0853125,16000,1,2,257365,0.842529296875,0.14516256749629974,5.804039646078018,0.3859149456996872,0.0,0.13165011423509115,../raw_data/wavs/voice-2685.wav,..\notebooks\finetune-wav2vec2\train_set\wavs\voice-2685.wav
..\notebooks\finetune-wav2vec2\train_set\wavs\voice-2686.wav,13.1626875,16000,1,2,210603,0.841552734375,0.14382046461105347,5.851411596054055,0.3487272261078902,0.0,0.11657534116485124,../raw_data/wavs/voice-2686.wav,..\notebooks\finetune-wav2vec2\train_set\wavs\voice-2686.wav
..\notebooks\finetune-wav2vec2\train_set\wavs\voice-2687.wav,11.84,16000,1,2,189440,0.843475341796875,0.1413346827030182,5.967928930574255,0.29861697635135137,0.0,0.07630952443794572,../raw_data/wavs/voice-2687.wav,..\notebooks\finetune-wav2vec2\train_set\wavs\voice-2687.wav
..\notebooks\finetune-wav2vec2\train_set\wavs\voice-2688.wav,7.5946875,16000,1,2,121515,0.842132568359375,0.13268254697322845,6.346973189543108,0.4798337653787598,0.0,0.1207597478479846,../raw_data/wavs/voice-2688.wav,..\notebooks\finetune-wav2vec2\train_set\wavs\voice-2688.wav
..\notebooks\finetune-wav2vec2\train_set\wavs\voice-2689.wav,13.184,16000,1,2,210944,0.84234619140625,0.1424136608839035,5.914785043640833,0.35900049302184467,0.0,0.09921163537069255,../raw_data/wavs/voice-2689.wav,..\notebooks\finetune-wav2vec2\train_set\wavs\voice-2689.wav
..\notebooks\finetune-wav2vec2\train_set\wavs\voice-2690.wav,7.5093125,16000,1,2,120149,0.842193603515625,0.1298181563615799,6.4874870135259055,0.3759248932575386,0.0,0.11009754635948996,../raw_data/wavs/voice-2690.wav,..\notebooks\finetune-wav2vec2\train_set\wavs\voice-2690.wav
..\notebooks\finetune-wav2vec2\train_set\wavs\voice-2691.wav,12.864,16000,1,2,205824,0.842559814453125,0.1360856592655182,6.1913931196026875,0.42819593439054726,0.0,0.13730243947469428,../raw_data/wavs/voice-2691.wav,..\notebooks\finetune-wav2vec2\train_set\wavs\voice-2691.wav
..\notebooks\finetune-wav2vec2\train_set\wavs\voice-2692.wav,4.5653125,16000,1,2,73045,0.842987060546875,0.15592649579048157,5.406310558531352,0.35576699294955166,0.0,0.08459284814632276,../raw_data/wavs/voice-2692.wav,..\notebooks\finetune-wav2vec2\train_set\wavs\voice-2692.wav
..\notebooks\finetune-wav2vec2\train_set\wavs\voice-2693.wav,20.9493125,16000,1,2,335189,0.847259521484375,0.11984178423881531,7.069817316771539,0.5368553263979426,0.0,0.1746840579018342,../raw_data/wavs/voice-2693.wav,..\notebooks\finetune-wav2vec2\train_set\wavs\voice-2693.wav
..\notebooks\finetune-wav2vec2\train_set\wavs\voice-2694.wav,17.664,16000,1,2,282624,0.84234619140625,0.13641156256198883,6.175035133282538,0.3435872395833333,0.0,0.10445717439840353,../raw_data/wavs/voice-2694.wav,..\notebooks\finetune-wav2vec2\train_set\wavs\voice-2694.wav
..\notebooks\finetune-wav2vec2\train_set\wavs\voice-2695.wav,7.8506875,16000,1,2,125611,0.8428955078125,0.1337900608778,6.300135468077682,0.3927522271138674,0.0,0.09018390255552902,../raw_data/wavs/voice-2695.wav,..\notebooks\finetune-wav2vec2\train_set\wavs\voice-2695.wav
..\notebooks\finetune-wav2vec2\train_set\wavs\voice-2696.wav,15.7866875,16000,1,2,252587,0.841461181640625,0.13534770905971527,6.21703305867832,0.3573105504242103,0.0,0.11497074263815096,../raw_data/wavs/voice-2696.wav,..\notebooks\finetune-wav2vec2\train_set\wavs\voice-2696.wav
..\notebooks\finetune-wav2vec2\train_set\wavs\voice-2697.wav,10.7306875,16000,1,2,171691,0.842742919921875,0.12866748869419098,6.549773594515821,0.44305758601207984,0.0,0.11360009319121672,../raw_data/wavs/voice-2697.wav,..\notebooks\finetune-wav2vec2\train_set\wavs\voice-2697.wav
..\notebooks\finetune-wav2vec2\train_set\wavs\voice-2698.wav,8.4906875,16000,1,2,135851,0.841461181640625,0.13826777040958405,6.085736243146212,0.3806891373637294,0.0,0.09420684578579315,../raw_data/wavs/voice-2698.wav,..\notebooks\finetune-wav2vec2\train_set\wavs\voice-2698.wav
..\notebooks\finetune-wav2vec2\train_set\wavs\voice-2699.wav,7.2106875,16000,1,2,115371,0.841217041015625,0.1292741894721985,6.507231214909577,0.4253841953350495,0.0,0.1215567305191991,../raw_data/wavs/voice-2699.wav,..\notebooks\finetune-wav2vec2\train_set\wavs\voice-2699.wav
..\notebooks\finetune-wav2vec2\train_set\wavs\voice-2700.wav,10.0693125,16000,1,2,161109,0.8419189453125,0.12845827639102936,6.554026482106012,0.43811953398010045,0.0,0.11515256846339102,../raw_data/wavs/voice-2700.wav,..\notebooks\finetune-wav2vec2\train_set\wavs\voice-2700.wav
..\notebooks\finetune-wav2vec2\train_set\wavs\voice-2701.wav,13.696,16000,1,2,219136,0.84375,0.12961441278457642,6.509692725317063,0.38999525408878505,0.0,0.11669518789787117,../raw_data/wavs/voice-2701.wav,..\notebooks\finetune-wav2vec2\train_set\wavs\voice-2701.wav
..\notebooks\finetune-wav2vec2\train_set\wavs\voice-2702.wav,19.3493125,16000,1,2,309589,0.846099853515625,0.12756657600402832,6.632613965345489,0.4449576696846464,0.0,0.13329651020065378,../raw_data/wavs/voice-2702.wav,..\notebooks\finetune-wav2vec2\train_set\wavs\voice-2702.wav
..\notebooks\finetune-wav2vec2\train_set\wavs\voice-2703.wav,17.4506875,16000,1,2,279211,0.84295654296875,0.12245551496744156,6.883777698316609,0.4401581599578813,0.0,0.12205866552057591,../raw_data/wavs/voice-2703.wav,..\notebooks\finetune-wav2vec2\train_set\wavs\voice-2703.wav
..\notebooks\finetune-wav2vec2\train_set\wavs\voice-2704.wav,17.9626875,16000,1,2,287403,0.84136962890625,0.1427525132894516,5.893904138838172,0.4373162423495927,0.0,0.11168328682472634,../raw_data/wavs/voice-2704.wav,..\notebooks\finetune-wav2vec2\train_set\wavs\voice-2704.wav
..\notebooks\finetune-wav2vec2\train_set\wavs\voice-2705.wav,10.2186875,16000,1,2,163499,0.842041015625,0.13692423701286316,6.149685650947944,0.38162924543881005,0.0,0.10201959656998863,../raw_data/wavs/voice-2705.wav,..\notebooks\finetune-wav2vec2\train_set\wavs\voice-2705.wav
..\notebooks\finetune-wav2vec2\train_set\wavs\voice-2706.wav,14.848,16000,1,2,237568,0.842376708984375,0.1306043118238449,6.44983842585953,0.3678694100215517,0.0,0.09197405363539549,../raw_data/wavs/voice-2706.wav,..\notebooks\finetune-wav2vec2\train_set\wavs\voice-2706.wav
..\notebooks\finetune-wav2vec2\train_set\wavs\voice-2707.wav,15.4666875,16000,1,2,247467,0.841583251953125,0.12460378557443619,6.7540745096414225,0.41727179785587576,0.0,0.11244372964366822,../raw_data/wavs/voice-2707.wav,..\notebooks\finetune-wav2vec2\train_set\wavs\voice-2707.wav
..\notebooks\finetune-wav2vec2\train_set\wavs\voice-2708.wav,12.288,16000,1,2,196608,0.842498779296875,0.11187756061553955,7.530542985219984,0.5511067708333334,0.0,0.11761534431632648,../raw_data/wavs/voice-2708.wav,..\notebooks\finetune-wav2vec2\train_set\wavs\voice-2708.wav
..\notebooks\finetune-wav2vec2\train_set\wavs\voice-2709.wav,14.6773125,16000,1,2,234837,0.842559814453125,0.1294250786304474,6.510019722367098,0.3797399898653108,0.0,0.10830537055647345,../raw_data/wavs/voice-2709.wav,..\notebooks\finetune-wav2vec2\train_set\wavs\voice-2709.wav
..\notebooks\finetune-wav2vec2\train_set\wavs\voice-2710.wav,9.024,16000,1,2,144384,0.840728759765625,0.12492413073778152,6.7299148275070495,0.41846742021276595,0.0,0.114140861458759,../raw_data/wavs/voice-2710.wav,..\notebooks\finetune-wav2vec2\train_set\wavs\voice-2710.wav
..\notebooks\finetune-wav2vec2\train_set\wavs\voice-2711.wav,11.456,16000,1,2,183296,0.88677978515625,0.13528834283351898,6.554739060167879,0.38141585195530725,0.0,0.08948416487083663,../raw_data/wavs/voice-2711.wav,..\notebooks\finetune-wav2vec2\train_set\wavs\voice-2711.wav
..\notebooks\finetune-wav2vec2\train_set\wavs\voice-2712.wav,11.5413125,16000,1,2,184661,0.841064453125,0.12927739322185516,6.5058896390464405,0.3916040744932606,0.0,0.09916603487490523,../raw_data/wavs/voice-2712.wav,..\notebooks\finetune-wav2vec2\train_set\wavs\voice-2712.wav
..\notebooks\finetune-wav2vec2\train_set\wavs\voice-2713.wav,11.2,16000,1,2,179200,0.84466552734375,0.12959277629852295,6.517844215313544,0.31942522321428574,0.0,0.08539110151284326,../raw_data/wavs/voice-2713.wav,..\notebooks\finetune-wav2vec2\train_set\wavs\voice-2713.wav
..\notebooks\finetune-wav2vec2\train_set\wavs\voice-2714.wav,10.944,16000,1,2,175104,0.8438720703125,0.12188506871461868,6.923506539495329,0.4079746893274854,0.0,0.0993815068845194,../raw_data/wavs/voice-2714.wav,..\notebooks\finetune-wav2vec2\train_set\wavs\voice-2714.wav
..\notebooks\finetune-wav2vec2\train_set\wavs\voice-2715.wav,12.608,16000,1,2,201728,0.843231201171875,0.1431543380022049,5.890364294506306,0.357421875,0.0,0.12682486727111394,../raw_data/wavs/voice-2715.wav,..\notebooks\finetune-wav2vec2\train_set\wavs\voice-2715.wav
..\notebooks\finetune-wav2vec2\train_set\wavs\voice-2716.wav,14.3573125,16000,1,2,229717,0.84234619140625,0.14360632002353668,5.865662397505846,0.3566214080803772,0.0,0.12858486130700517,../raw_data/wavs/voice-2716.wav,..\notebooks\finetune-wav2vec2\train_set\wavs\voice-2716.wav
..\notebooks\finetune-wav2vec2\train_set\wavs\voice-2717.wav,12.672,16000,1,2,202752,0.8414306640625,0.12037915736436844,6.989836799701331,0.39308613478535354,0.0,0.09313887477743636,../raw_data/wavs/voice-2717.wav,..\notebooks\finetune-wav2vec2\train_set\wavs\voice-2717.wav
..\notebooks\finetune-wav2vec2\train_set\wavs\voice-2718.wav,7.424,16000,1,2,118784,0.84124755859375,0.13410814106464386,6.27290447779934,0.35334725215517243,0.0,0.08174570435163281,../raw_data/wavs/voice-2718.wav,..\notebooks\finetune-wav2vec2\train_set\wavs\voice-2718.wav
..\notebooks\finetune-wav2vec2\train_set\wavs\voice-2719.wav,10.5813125,16000,1,2,169301,0.84088134765625,0.14317330718040466,5.8731712231575575,0.36651880378733737,0.0,0.1016774955699941,../raw_data/wavs/voice-2719.wav,..\notebooks\finetune-wav2vec2\train_set\wavs\voice-2719.wav
..\notebooks\finetune-wav2vec2\train_set\wavs\voice-2720.wav,12.6933125,16000,1,2,203093,0.841552734375,0.12917765974998474,6.514692525037011,0.4283259393479834,0.0,0.10477025190554035,../raw_data/wavs/voice-2720.wav,..\notebooks\finetune-wav2vec2\train_set\wavs\voice-2720.wav
..\notebooks\finetune-wav2vec2\train_set\wavs\voice-2721.wav,21.44,16000,1,2,343040,0.8663330078125,0.13478520512580872,6.427508174980061,0.41825151585820897,0.0,0.15743399438547803,../raw_data/wavs/voice-2721.wav,..\notebooks\finetune-wav2vec2\train_set\wavs\voice-2721.wav
..\notebooks\finetune-wav2vec2\train_set\wavs\voice-2722.wav,10.304,16000,1,2,164864,0.84271240234375,0.13138078153133392,6.414274542450987,0.4229668090062112,0.0,0.11335472483213335,../raw_data/wavs/voice-2722.wav,..\notebooks\finetune-wav2vec2\train_set\wavs\voice-2722.wav
..\notebooks\finetune-wav2vec2\train_set\wavs\voice-2723.wav,6.8906875,16000,1,2,110251,0.8424072265625,0.13321007788181305,6.323900112947179,0.42776936263616655,0.0,0.09703401360544217,../raw_data/wavs/voice-2723.wav,..\notebooks\finetune-wav2vec2\train_set\wavs\voice-2723.wav
..\notebooks\finetune-wav2vec2\train_set\wavs\voice-2724.wav,16.3413125,16000,1,2,261461,0.8587646484375,0.12710756063461304,6.756204305628435,0.46935871889115394,0.0,0.1181442668094546,../raw_data/wavs/voice-2724.wav,..\notebooks\finetune-wav2vec2\train_set\wavs\voice-2724.wav
..\notebooks\finetune-wav2vec2\train_set\wavs\voice-2725.wav,9.1093125,16000,1,2,145749,0.841339111328125,0.1272188425064087,6.613321539108818,0.43608532477066736,0.0,0.10678705711227598,../raw_data/wavs/voice-2725.wav,..\notebooks\finetune-wav2vec2\train_set\wavs\voice-2725.wav
..\notebooks\finetune-wav2vec2\train_set\wavs\voice-2726.wav,13.0773125,16000,1,2,209237,0.847076416015625,0.13264568150043488,6.386008247187813,0.4131009333913218,0.0,0.11844042134240762,../raw_data/wavs/voice-2726.wav,..\notebooks\finetune-wav2vec2\train_set\wavs\voice-2726.wav
..\notebooks\finetune-wav2vec2\train_set\wavs\voice-2727.wav,11.7333125,16000,1,2,187733,0.843597412109375,0.1345992386341095,6.267475363680063,0.4232180809980131,0.0,0.11969190122088935,../raw_data/wavs/voice-2727.wav,..\notebooks\finetune-wav2vec2\train_set\wavs\voice-2727.wav
..\notebooks\finetune-wav2vec2\train_set\wavs\voice-2728.wav,11.5413125,16000,1,2,184661,0.844757080078125,0.12772499024868011,6.613874688370584,0.453679986569985,0.0,0.12249539694573812,../raw_data/wavs/voice-2728.wav,..\notebooks\finetune-wav2vec2\train_set\wavs\voice-2728.wav
..\notebooks\finetune-wav2vec2\train_set\wavs\voice-2729.wav,13.824,16000,1,2,221184,0.8419189453125,0.14582015573978424,5.773680195589028,0.34653501157407407,0.0,0.10902284533621481,../raw_data/wavs/voice-2729.wav,..\notebooks\finetune-wav2vec2\train_set\wavs\voice-2729.wav
..\notebooks\finetune-wav2vec2\train_set\wavs\voice-2730.wav,12.224,16000,1,2,195584,0.8419189453125,0.11780841648578644,7.1465093108528235,0.45190301865183247,0.0,0.10678842230664219,../raw_data/wavs/voice-2730.wav,..\notebooks\finetune-wav2vec2\train_set\wavs\voice-2730.wav
..\notebooks\finetune-wav2vec2\train_set\wavs\voice-2731.wav,19.6693125,16000,1,2,314709,0.8419189453125,0.12330683320760727,6.827836896070402,0.38883857786081744,0.0,0.12435019128843246,../raw_data/wavs/voice-2731.wav,..\notebooks\finetune-wav2vec2\train_set\wavs\voice-2731.wav
..\notebooks\finetune-wav2vec2\train_set\wavs\voice-2732.wav,27.1146875,16000,1,2,433835,0.842926025390625,0.13669705390930176,6.166380337281481,0.3727315684534443,0.0,0.12969015798669536,../raw_data/wavs/voice-2732.wav,..\notebooks\finetune-wav2vec2\train_set\wavs\voice-2732.wav
..\notebooks\finetune-wav2vec2\train_set\wavs\voice-2733.wav,12.032,16000,1,2,192512,0.841522216796875,0.13799706101417542,6.098116949827154,0.3802464261968085,0.0,0.11784261678553433,../raw_data/wavs/voice-2733.wav,..\notebooks\finetune-wav2vec2\train_set\wavs\voice-2733.wav
..\notebooks\finetune-wav2vec2\train_set\wavs\voice-2734.wav,10.6026875,16000,1,2,169643,0.85626220703125,0.13236215710639954,6.469086223360218,0.3888754619996109,0.0,0.09813607479279896,../raw_data/wavs/voice-2734.wav,..\notebooks\finetune-wav2vec2\train_set\wavs\voice-2734.wav
..\notebooks\finetune-wav2vec2\train_set\wavs\voice-2735.wav,16.32,16000,1,2,261120,0.84173583984375,0.1305207461118698,6.4490578311764715,0.3712009803921569,0.0,0.10851757244781116,../raw_data/wavs/voice-2735.wav,..\notebooks\finetune-wav2vec2\train_set\wavs\voice-2735.wav
..\notebooks\finetune-wav2vec2\train_set\wavs\voice-2736.wav,16.6826875,16000,1,2,266923,0.84283447265625,0.13280165195465088,6.346566177836863,0.3678813740292144,0.0,0.10329609399000457,../raw_data/wavs/voice-2736.wav,..\notebooks\finetune-wav2vec2\train_set\wavs\voice-2736.wav
..\notebooks\finetune-wav2vec2\train_set\wavs\voice-2737.wav,8.9173125,16000,1,2,142677,0.8421630859375,0.13186965882778168,6.386329451548388,0.34801684924690035,0.0,0.12251534946311923,../raw_data/wavs/voice-2737.wav,..\notebooks\finetune-wav2vec2\train_set\wavs\voice-2737.wav
..\notebooks\finetune-wav2vec2\train_set\wavs\voice-2738.wav,13.888,16000,1,2,222208,0.841888427734375,0.12750275433063507,6.602903852188349,0.40853614631336405,0.0,0.11117561552966378,../raw_data/wavs/voice-2738.wav,..\notebooks\finetune-wav2vec2\train_set\wavs\voice-2738.wav
..\notebooks\finetune-wav2vec2\train_set\wavs\voice-2739.wav,16.6826875,16000,1,2,266923,0.8427734375,0.13136163353919983,6.415674156857273,0.3668136503785736,0.0,0.10879582799469507,../raw_data/wavs/voice-2739.wav,..\notebooks\finetune-wav2vec2\train_set\wavs\voice-2739.wav
..\notebooks\finetune-wav2vec2\train_set\wavs\voice-2740.wav,18.1973125,16000,1,2,291157,0.84149169921875,0.13612449169158936,6.181780286278511,0.344810531774953,0.0,0.1315514706892525,../raw_data/wavs/voice-2740.wav,..\notebooks\finetune-wav2vec2\train_set\wavs\voice-2740.wav
..\notebooks\finetune-wav2vec2\train_set\wavs\voice-2741.wav,12.608,16000,1,2,201728,0.842987060546875,0.13765877485275269,6.12374373844733,0.43103089308375636,0.0,0.10599473545930886,../raw_data/wavs/voice-2741.wav,..\notebooks\finetune-wav2vec2\train_set\wavs\voice-2741.wav
..\notebooks\finetune-wav2vec2\train_set\wavs\voice-2742.wav,16.1706875,16000,1,2,258731,0.84149169921875,0.13258682191371918,6.346721997502515,0.4076898400269005,0.0,0.10860742859351448,../raw_data/wavs/voice-2742.wav,..\notebooks\finetune-wav2vec2\train_set\wavs\voice-2742.wav
..\notebooks\finetune-wav2vec2\train_set\wavs\voice-2743.wav,13.696,16000,1,2,219136,0.844024658203125,0.14169253408908844,5.956733455500548,0.38482951226635514,0.0,0.1387911561366281,../raw_data/wavs/voice-2743.wav,..\notebooks\finetune-wav2vec2\train_set\wavs\voice-2743.wav
..\notebooks\finetune-wav2vec2\train_set\wavs\voice-2744.wav,9.088,16000,1,2,145408,0.843109130859375,0.1341036707162857,6.286995175867224,0.39668381382042256,0.0,0.08981685888574828,../raw_data/wavs/voice-2744.wav,..\notebooks\finetune-wav2vec2\train_set\wavs\voice-2744.wav
..\notebooks\finetune-wav2vec2\train_set\wavs\voice-2745.wav,11.2426875,16000,1,2,179883,0.8416748046875,0.14413367211818695,5.8395431984647015,0.3436678285329909,0.0,0.12349206702171424,../raw_data/wavs/voice-2745.wav,..\notebooks\finetune-wav2vec2\train_set\wavs\voice-2745.wav
..\notebooks\finetune-wav2vec2\train_set\wavs\voice-2746.wav,11.2853125,16000,1,2,180565,0.84130859375,0.1319996863603592,6.373565096611118,0.3292221637637416,0.0,0.08383730976274341,../raw_data/wavs/voice-2746.wav,..\notebooks\finetune-wav2vec2\train_set\wavs\voice-2746.wav
..\notebooks\finetune-wav2vec2\train_set\wavs\voice-2747.wav,9.152,16000,1,2,146432,0.8447265625,0.12100736051797867,6.980786614005144,0.433279611013986,0.0,0.11014061230203986,../raw_data/wavs/voice-2747.wav,..\notebooks\finetune-wav2vec2\train_set\wavs\voice-2747.wav
..\notebooks\finetune-wav2vec2\train_set\wavs\voice-2748.wav,8.469375,16000,1,2,135510,0.833953857421875,0.14112842082977295,5.909184362147565,0.2143605637960298,0.0,0.15149547262543447,../raw_data/wavs/voice-2748.wav,..\notebooks\finetune-wav2vec2\train_set\wavs\voice-2748.wav
..\notebooks\finetune-wav2vec2\train_set\wavs\voice-2749.wav,14.08,16000,1,2,225280,0.836822509765625,0.1448827087879181,5.775861845533139,0.23692294034090908,0.0,0.15921590561037646,../raw_data/wavs/voice-2749.wav,..\notebooks\finetune-wav2vec2\train_set\wavs\voice-2749.wav
..\notebooks\finetune-wav2vec2\train_set\wavs\voice-2750.wav,11.264,16000,1,2,180224,0.834930419921875,0.15992464125156403,5.220774068259538,0.24006791548295456,0.0,0.12398528489704422,../raw_data/wavs/voice-2750.wav,..\notebooks\finetune-wav2vec2\train_set\wavs\voice-2750.wav
..\notebooks\finetune-wav2vec2\train_set\wavs\voice-2751.wav,15.9146875,16000,1,2,254635,0.8404541015625,0.18037593364715576,4.659458080514017,0.30156498517485814,0.0,0.13700055766315575,../raw_data/wavs/voice-2751.wav,..\notebooks\finetune-wav2vec2\train_set\wavs\voice-2751.wav
..\notebooks\finetune-wav2vec2\train_set\wavs\voice-2752.wav,6.805375,16000,1,2,108886,0.801239013671875,0.15144723653793335,5.290548919796148,0.25558841357015594,0.0,0.16200578592092574,../raw_data/wavs/voice-2752.wav,..\notebooks\finetune-wav2vec2\train_set\wavs\voice-2752.wav
..\notebooks\finetune-wav2vec2\train_set\wavs\voice-2753.wav,9.088,16000,1,2,145408,0.8414306640625,0.1436026394367218,5.859437315100846,0.26694542253521125,0.0,0.1401858232409719,../raw_data/wavs/voice-2753.wav,..\notebooks\finetune-wav2vec2\train_set\wavs\voice-2753.wav
..\notebooks\finetune-wav2vec2\train_set\wavs\voice-2754.wav,11.072,16000,1,2,177152,0.845367431640625,0.14985854923725128,5.641102465914482,0.22876399927745664,0.0,0.14246038690156984,../raw_data/wavs/voice-2754.wav,..\notebooks\finetune-wav2vec2\train_set\wavs\voice-2754.wav
..\notebooks\finetune-wav2vec2\train_set\wavs\voice-2755.wav,10.773375,16000,1,2,172374,0.82440185546875,0.15677805244922638,5.2584009214921075,0.23167647092949054,0.0,0.164022207654331,../raw_data/wavs/voice-2755.wav,..\notebooks\finetune-wav2vec2\train_set\wavs\voice-2755.wav
..\notebooks\finetune-wav2vec2\train_set\wavs\voice-2756.wav,15.2106875,16000,1,2,243371,0.89398193359375,0.1583939492702484,5.644040935354525,0.21003324142975127,0.0,0.14859678678555285,../raw_data/wavs/voice-2756.wav,..\notebooks\finetune-wav2vec2\train_set\wavs\voice-2756.wav
..\notebooks\finetune-wav2vec2\train_set\wavs\voice-2757.wav,8.149375,16000,1,2,130390,0.87054443359375,0.14468780159950256,6.016709245492765,0.2488150931819925,0.0,0.15683838360597904,../raw_data/wavs/voice-2757.wav,..\notebooks\finetune-wav2vec2\train_set\wavs\voice-2757.wav
..\notebooks\finetune-wav2vec2\train_set\wavs\voice-2758.wav,12.5226875,16000,1,2,200363,0.842529296875,0.1514042615890503,5.564766064259399,0.23943043376272066,0.0,0.13960731076751082,../raw_data/wavs/voice-2758.wav,..\notebooks\finetune-wav2vec2\train_set\wavs\voice-2758.wav
..\notebooks\finetune-wav2vec2\train_set\wavs\voice-2759.wav,11.6266875,16000,1,2,186027,0.844573974609375,0.15328526496887207,5.509818408056927,0.22780026555284985,0.0,0.16730994592153786,../raw_data/wavs/voice-2759.wav,..\notebooks\finetune-wav2vec2\train_set\wavs\voice-2759.wav
..\notebooks\finetune-wav2vec2\train_set\wavs\voice-2760.wav,12.0106875,16000,1,2,192171,0.83770751953125,0.1613210141658783,5.19279849474463,0.2410717538026029,0.0,0.15850548993079044,../raw_data/wavs/voice-2760.wav,..\notebooks\finetune-wav2vec2\train_set\wavs\voice-2760.wav
..\notebooks\finetune-wav2vec2\train_set\wavs\voice-2761.wav,16.384,16000,1,2,262144,0.846099853515625,0.16322915256023407,5.183509442061222,0.2958641052246094,0.0,0.13960700838855128,../raw_data/wavs/voice-2761.wav,..\notebooks\finetune-wav2vec2\train_set\wavs\voice-2761.wav
..\notebooks\finetune-wav2vec2\train_set\wavs\voice-2762.wav,8.9386875,16000,1,2,143019,0.828277587890625,0.1381760984659195,5.994362245615988,0.28688495934106656,0.0,0.15781230334643193,../raw_data/wavs/voice-2762.wav,..\notebooks\finetune-wav2vec2\train_set\wavs\voice-2762.wav
..\notebooks\finetune-wav2vec2\train_set\wavs\voice-2763.wav,7.9146875,16000,1,2,126635,0.83966064453125,0.1514812856912613,5.54299919425419,0.2535791842697516,0.0,0.16341582829255966,../raw_data/wavs/voice-2763.wav,..\notebooks\finetune-wav2vec2\train_set\wavs\voice-2763.wav
..\notebooks\finetune-wav2vec2\train_set\wavs\voice-2764.wav,12.736,16000,1,2,203776,0.8453369140625,0.1464308351278305,5.77294333754596,0.26793636149497485,0.0,0.13952153110047846,../raw_data/wavs/voice-2764.wav,..\notebooks\finetune-wav2vec2\train_set\wavs\voice-2764.wav
..\notebooks\finetune-wav2vec2\train_set\wavs\voice-2765.wav,11.008,16000,1,2,176128,0.84344482421875,0.1565801501274109,5.386665062796467,0.24646847747093023,0.0,0.14251647958575347,../raw_data/wavs/voice-2765.wav,..\notebooks\finetune-wav2vec2\train_set\wavs\voice-2765.wav
..\notebooks\finetune-wav2vec2\train_set\wavs\voice-2766.wav,8.384,16000,1,2,134144,0.841461181640625,0.1564217507839203,5.379438456759204,0.2516027552480916,0.0,0.12294342604533967,../raw_data/wavs/voice-2766.wav,..\notebooks\finetune-wav2vec2\train_set\wavs\voice-2766.wav
..\notebooks\finetune-wav2vec2\train_set\wavs\voice-2767.wav,15.8506875,16000,1,2,253611,0.8416748046875,0.17724356055259705,4.748690457714727,0.25029671425923955,0.0,0.13969480698710618,../raw_data/wavs/voice-2767.wav,..\notebooks\finetune-wav2vec2\train_set\wavs\voice-2767.wav
..\notebooks\finetune-wav2vec2\train_set\wavs\voice-2768.wav,7.381375,16000,1,2,118102,0.82843017578125,0.16278454661369324,5.089120515519275,0.19798987316048838,0.0,0.12660350039373078,../raw_data/wavs/voice-2768.wav,..\notebooks\finetune-wav2vec2\train_set\wavs\voice-2768.wav
..\notebooks\finetune-wav2vec2\train_set\wavs\voice-2769.wav,7.168,16000,1,2,114688,0.84381103515625,0.1767006516456604,4.775370250746742,0.19082205636160715,0.0,0.1409662821418295,../raw_data/wavs/voice-2769.wav,..\notebooks\finetune-wav2vec2\train_set\wavs\voice-2769.wav
..\notebooks\finetune-wav2vec2\train_set\wavs\voice-2770.wav,13.333375,16000,1,2,213334,0.83489990234375,0.14913223683834076,5.598386506123293,0.22353211396214387,0.0,0.14969554639929125,../raw_data/wavs/voice-2770.wav,..\notebooks\finetune-wav2vec2\train_set\wavs\voice-2770.wav
..\notebooks\finetune-wav2vec2\train_set\wavs\voice-2771.wav,15.1466875,16000,1,2,242347,0.841033935546875,0.17271067202091217,4.86961185261928,0.20112483340004209,0.0,0.13339192724451818,../raw_data/wavs/voice-2771.wav,..\notebooks\finetune-wav2vec2\train_set\wavs\voice-2771.wav
..\notebooks\finetune-wav2vec2\train_set\wavs\voice-2772.wav,17.173375,16000,1,2,274774,0.844146728515625,0.1726539134979248,4.889241786724812,0.23516053192805725,0.0,0.12853519086664264,../raw_data/wavs/voice-2772.wav,..\notebooks\finetune-wav2vec2\train_set\wavs\voice-2772.wav
..\notebooks\finetune-wav2vec2\train_set\wavs\voice-2773.wav,9.3226875,16000,1,2,149163,0.8402099609375,0.14403146505355835,5.83351672931374,0.25190563343456485,0.0,0.12630562743862378,../raw_data/wavs/voice-2773.wav,..\notebooks\finetune-wav2vec2\train_set\wavs\voice-2773.wav
..\notebooks\finetune-wav2vec2\train_set\wavs\voice-2774.wav,12.736,16000,1,2,203776,0.839202880859375,0.16125953197479248,5.204051323865657,0.20683004868090452,0.0,0.11732548153600786,../raw_data/wavs/voice-2774.wav,..\notebooks\finetune-wav2vec2\train_set\wavs\voice-2774.wav
..\notebooks\finetune-wav2vec2\train_set\wavs\voice-2775.wav,17.813375,16000,1,2,285014,0.854156494140625,0.17524944245815277,4.873946998973113,0.23464110534921093,0.0,0.16326272836677624,../raw_data/wavs/voice-2775.wav,..\notebooks\finetune-wav2vec2\train_set\wavs\voice-2775.wav
..\notebooks\finetune-wav2vec2\train_set\wavs\voice-2776.wav,11.413375,16000,1,2,182614,0.842742919921875,0.13660095632076263,6.169377891784074,0.2238108797792064,0.0,0.14411350780064947,../raw_data/wavs/voice-2776.wav,..\notebooks\finetune-wav2vec2\train_set\wavs\voice-2776.wav
..\notebooks\finetune-wav2vec2\train_set\wavs\voice-2777.wav,12.373375,16000,1,2,197974,0.83782958984375,0.15515974164009094,5.399787219207817,0.16579449826744927,0.0,0.13027028938289564,../raw_data/wavs/voice-2777.wav,..\notebooks\finetune-wav2vec2\train_set\wavs\voice-2777.wav
..\notebooks\finetune-wav2vec2\train_set\wavs\voice-2778.wav,14.677375,16000,1,2,234838,0.84283447265625,0.1726311594247818,4.882284724638525,0.21717524421090284,0.0,0.15835664737669106,../raw_data/wavs/voice-2778.wav,..\notebooks\finetune-wav2vec2\train_set\wavs\voice-2778.wav
..\notebooks\finetune-wav2vec2\train_set\wavs\voice-2779.wav,16.341375,16000,1,2,261462,0.845367431640625,0.16886018216609955,5.006315999405225,0.2423487925587657,0.0,0.17700154133886126,../raw_data/wavs/voice-2779.wav,..\notebooks\finetune-wav2vec2\train_set\wavs\voice-2779.wav
..\notebooks\finetune-wav2vec2\train_set\wavs\voice-2780.wav,10.197375,16000,1,2,163158,0.83758544921875,0.16374801099300385,5.115087775048064,0.20154083771558856,0.0,0.15489988170902871,../raw_data/wavs/voice-2780.wav,..\notebooks\finetune-wav2vec2\train_set\wavs\voice-2780.wav
..\notebooks\finetune-wav2vec2\train_set\wavs\voice-2781.wav,16.597375,16000,1,2,265558,0.84490966796875,0.174331933259964,4.846557094670772,0.3150950074936549,0.0,0.17169571880989767,../raw_data/wavs/voice-2781.wav,..\notebooks\finetune-wav2vec2\train_set\wavs\voice-2781.wav
..\notebooks\finetune-wav2vec2\train_set\wavs\voice-2782.wav,12.565375,16000,1,2,201046,0.83648681640625,0.15476328134536743,5.404943660631997,0.20621151378291536,0.0,0.14672337038971375,../raw_data/wavs/voice-2782.wav,..\notebooks\finetune-wav2vec2\train_set\wavs\voice-2782.wav
..\notebooks\finetune-wav2vec2\train_set\wavs\voice-2783.wav,19.861375,16000,1,2,317782,0.84564208984375,0.1590050458908081,5.318334931486823,0.3429929951979659,0.0,0.15758651398290016,../raw_data/wavs/voice-2783.wav,..\notebooks\finetune-wav2vec2\train_set\wavs\voice-2783.wav
..\notebooks\finetune-wav2vec2\train_set\wavs\voice-2784.wav,23.5306875,16000,1,2,376491,0.84381103515625,0.16653060913085938,5.067002634291605,0.27182057472821397,0.0,0.1556269754840766,../raw_data/wavs/voice-2784.wav,..\notebooks\finetune-wav2vec2\train_set\wavs\voice-2784.wav
..\notebooks\finetune-wav2vec2\train_set\wavs\voice-2785.wav,13.525375,16000,1,2,216406,0.837677001953125,0.1480640470981598,5.657531442442492,0.25329242257608386,0.0,0.13848108869942932,../raw_data/wavs/voice-2785.wav,..\notebooks\finetune-wav2vec2\train_set\wavs\voice-2785.wav
..\notebooks\finetune-wav2vec2\train_set\wavs\voice-2786.wav,9.365375,16000,1,2,149846,0.843109130859375,0.1582895815372467,5.326371594841731,0.25068403560989283,0.0,0.14154626447328905,../raw_data/wavs/voice-2786.wav,..\notebooks\finetune-wav2vec2\train_set\wavs\voice-2786.wav
..\notebooks\finetune-wav2vec2\train_set\wavs\voice-2787.wav,11.797375,16000,1,2,188758,0.84307861328125,0.16225382685661316,5.196047634835108,0.2248434503438265,0.0,0.14522905110803838,../raw_data/wavs/voice-2787.wav,..\notebooks\finetune-wav2vec2\train_set\wavs\voice-2787.wav
..\notebooks\finetune-wav2vec2\train_set\wavs\voice-2788.wav,8.96,16000,1,2,143360,0.84246826171875,0.16304928064346313,5.166954790563964,0.22858537946428573,0.0,0.17161810559504462,../raw_data/wavs/voice-2788.wav,..\notebooks\finetune-wav2vec2\train_set\wavs\voice-2788.wav
..\notebooks\finetune-wav2vec2\train_set\wavs\voice-2789.wav,14.912,16000,1,2,238592,0.842010498046875,0.16317017376422882,5.160321145845748,0.2648999128218884,0.0,0.15235277106009867,../raw_data/wavs/voice-2789.wav,..\notebooks\finetune-wav2vec2\train_set\wavs\voice-2789.wav
..\notebooks\finetune-wav2vec2\train_set\wavs\voice-2790.wav,22.1866875,16000,1,2,354987,0.8468017578125,0.16405721008777618,5.161624761017405,0.2834695355041171,0.0,0.13667581256725617,../raw_data/wavs/voice-2790.wav,..\notebooks\finetune-wav2vec2\train_set\wavs\voice-2790.wav
..\notebooks\finetune-wav2vec2\train_set\wavs\voice-2791.wav,7.573375,16000,1,2,121174,0.8409423828125,0.16414083540439606,5.123297811544937,0.19585884760757258,0.0,0.12412831241283125,../raw_data/wavs/voice-2791.wav,..\notebooks\finetune-wav2vec2\train_set\wavs\voice-2791.wav
..\notebooks\finetune-wav2vec2\train_set\wavs\voice-2792.wav,9.173375,16000,1,2,146774,0.844207763671875,0.1439751386642456,5.863566248340924,0.26736342949023667,0.0,0.14144290843683785,../raw_data/wavs/voice-2792.wav,..\notebooks\finetune-wav2vec2\train_set\wavs\voice-2792.wav
..\notebooks\finetune-wav2vec2\train_set\wavs\voice-2793.wav,7.4666875,16000,1,2,119467,0.846405029296875,0.16236542165279388,5.212963577348678,0.2299714565528556,0.0,0.13359449550499725,../raw_data/wavs/voice-2793.wav,..\notebooks\finetune-wav2vec2\train_set\wavs\voice-2793.wav
..\notebooks\finetune-wav2vec2\train_set\wavs\voice-2794.wav,12.885375,16000,1,2,206166,0.842864990234375,0.16151989996433258,5.218335266555387,0.22424648099104605,0.0,0.13777314287100137,../raw_data/wavs/voice-2794.wav,..\notebooks\finetune-wav2vec2\train_set\wavs\voice-2794.wav
..\notebooks\finetune-wav2vec2\train_set\wavs\voice-2795.wav,16.4906875,16000,1,2,263851,0.843048095703125,0.17283262312412262,4.877829662387731,0.21424212908042797,0.0,0.13241614553723707,../raw_data/wavs/voice-2795.wav,..\notebooks\finetune-wav2vec2\train_set\wavs\voice-2795.wav
..\notebooks\finetune-wav2vec2\train_set\wavs\voice-2796.wav,13.2266875,16000,1,2,211627,0.840179443359375,0.1622309386730194,5.178910078630428,0.22230150217127304,0.0,0.14853562416716282,../raw_data/wavs/voice-2796.wav,..\notebooks\finetune-wav2vec2\train_set\wavs\voice-2796.wav
..\notebooks\finetune-wav2vec2\train_set\wavs\voice-2797.wav,11.733375,16000,1,2,187734,0.84735107421875,0.16117191314697266,5.257436346530494,0.22923924275837088,0.0,0.13710961844747593,../raw_data/wavs/voice-2797.wav,..\notebooks\finetune-wav2vec2\train_set\wavs\voice-2797.wav
..\notebooks\finetune-wav2vec2\train_set\wavs\voice-2798.wav,6.592,16000,1,2,105472,0.837554931640625,0.15397244691848755,5.4396416268166705,0.30042096480582525,0.0,0.14807861876724407,../raw_data/wavs/voice-2798.wav,..\notebooks\finetune-wav2vec2\train_set\wavs\voice-2798.wav
..\notebooks\finetune-wav2vec2\train_set\wavs\voice-2799.wav,8.533375,16000,1,2,136534,0.784454345703125,0.15406717360019684,5.091638454657305,0.25195189476613883,0.0,0.13060578761178615,../raw_data/wavs/voice-2799.wav,..\notebooks\finetune-wav2vec2\train_set\wavs\voice-2799.wav
..\notebooks\finetune-wav2vec2\train_set\wavs\voice-2800.wav,9.28,16000,1,2,148480,0.840423583984375,0.15732556581497192,5.341939052504561,0.2517308728448276,0.0,0.13150681241118273,../raw_data/wavs/voice-2800.wav,..\notebooks\finetune-wav2vec2\train_set\wavs\voice-2800.wav
..\notebooks\finetune-wav2vec2\train_set\wavs\voice-2801.wav,15.68,16000,1,2,250880,0.845184326171875,0.17182166874408722,4.91896238902615,0.27987882653061225,0.0,0.151100729833904,../raw_data/wavs/voice-2801.wav,..\notebooks\finetune-wav2vec2\train_set\wavs\voice-2801.wav
..\notebooks\finetune-wav2vec2\train_set\wavs\voice-2802.wav,22.08,16000,1,2,353280,0.842376708984375,0.18281146883964539,4.6078985871683615,0.25617640398550723,0.0,0.11984861823091664,../raw_data/wavs/voice-2802.wav,..\notebooks\finetune-wav2vec2\train_set\wavs\voice-2802.wav
..\notebooks\finetune-wav2vec2\train_set\wavs\voice-2803.wav,19.52,16000,1,2,312320,0.846282958984375,0.17288434505462646,4.895081499235654,0.28564613217213114,0.0,0.1454922691222756,../raw_data/wavs/voice-2803.wav,..\notebooks\finetune-wav2vec2\train_set\wavs\voice-2803.wav
..\notebooks\finetune-wav2vec2\train_set\wavs\voice-2804.wav,11.605375,16000,1,2,185686,0.834503173828125,0.15300413966178894,5.454121539931986,0.21625216763784022,0.0,0.13649998653633844,../raw_data/wavs/voice-2804.wav,..\notebooks\finetune-wav2vec2\train_set\wavs\voice-2804.wav
..\notebooks\finetune-wav2vec2\train_set\wavs\voice-2805.wav,8.085375,16000,1,2,129366,0.840118408203125,0.15598498284816742,5.385892878039926,0.22281743271029483,0.0,0.15648745796776561,../raw_data/wavs/voice-2805.wav,..\notebooks\finetune-wav2vec2\train_set\wavs\voice-2805.wav
..\notebooks\finetune-wav2vec2\train_set\wavs\voice-2806.wav,9.92,16000,1,2,158720,0.842315673828125,0.13230766355991364,6.366340778489331,0.2877646169354839,0.0,0.154260044481127,../raw_data/wavs/voice-2806.wav,..\notebooks\finetune-wav2vec2\train_set\wavs\voice-2806.wav
..\notebooks\finetune-wav2vec2\train_set\wavs\voice-2807.wav,14.997375,16000,1,2,239958,0.8416748046875,0.16894128918647766,4.9820550603142255,0.20071429166770852,0.0,0.169855432431644,../raw_data/wavs/voice-2807.wav,..\notebooks\finetune-wav2vec2\train_set\wavs\voice-2807.wav
..\notebooks\finetune-wav2vec2\train_set\wavs\voice-2808.wav,13.141375,16000,1,2,210262,0.84332275390625,0.16232948005199432,5.195130013575678,0.19604112963826084,0.0,0.14459172171729423,../raw_data/wavs/voice-2808.wav,..\notebooks\finetune-wav2vec2\train_set\wavs\voice-2808.wav
..\notebooks\finetune-wav2vec2\train_set\wavs\voice-2809.wav,17.0666875,16000,1,2,273067,0.845611572265625,0.17067204415798187,4.954599193075159,0.2308261342454416,0.0,0.13496370840749122,../raw_data/wavs/voice-2809.wav,..\notebooks\finetune-wav2vec2\train_set\wavs\voice-2809.wav
..\notebooks\finetune-wav2vec2\train_set\wavs\voice-2810.wav,6.037375,16000,1,2,96598,0.811492919921875,0.16035132110118866,5.060718641724115,0.25512950578686927,0.0,0.15025311345072828,../raw_data/wavs/voice-2810.wav,..\notebooks\finetune-wav2vec2\train_set\wavs\voice-2810.wav
..\notebooks\finetune-wav2vec2\train_set\wavs\voice-2811.wav,13.7386875,16000,1,2,219819,0.841400146484375,0.15780365467071533,5.331943345926317,0.22792843202816862,0.0,0.13074452501614972,../raw_data/wavs/voice-2811.wav,..\notebooks\finetune-wav2vec2\train_set\wavs\voice-2811.wav
..\notebooks\finetune-wav2vec2\train_set\wavs\voice-2812.wav,14.3146875,16000,1,2,229035,0.840850830078125,0.1488059163093567,5.650654563559538,0.22462942345056433,0.0,0.12846127649169992,../raw_data/wavs/voice-2812.wav,..\notebooks\finetune-wav2vec2\train_set\wavs\voice-2812.wav
..\notebooks\finetune-wav2vec2\train_set\wavs\voice-2813.wav,6.741375,16000,1,2,107862,0.841033935546875,0.1527198851108551,5.507036198569636,0.2352450353229126,0.0,0.1331621253279684,../raw_data/wavs/voice-2813.wav,..\notebooks\finetune-wav2vec2\train_set\wavs\voice-2813.wav
..\notebooks\finetune-wav2vec2\train_set\wavs\voice-2814.wav,8.896,16000,1,2,142336,0.845001220703125,0.118296779692173,7.143061906688858,0.3037039118705036,0.0,0.16121122703481225,../raw_data/wavs/voice-2814.wav,..\notebooks\finetune-wav2vec2\train_set\wavs\voice-2814.wav
..\notebooks\finetune-wav2vec2\train_set\wavs\voice-2815.wav,10.3466875,16000,1,2,165547,0.8448486328125,0.13314349949359894,6.345399032065529,0.24791750983104496,0.0,0.1561741147475626,../raw_data/wavs/voice-2815.wav,..\notebooks\finetune-wav2vec2\train_set\wavs\voice-2815.wav
..\notebooks\finetune-wav2vec2\train_set\wavs\voice-2816.wav,17.088,16000,1,2,273408,0.845245361328125,0.17603106796741486,4.801682856827231,0.24603888693820225,0.0,0.1319132282640898,../raw_data/wavs/voice-2816.wav,..\notebooks\finetune-wav2vec2\train_set\wavs\voice-2816.wav
..\notebooks\finetune-wav2vec2\train_set\wavs\voice-2817.wav,20.7146875,16000,1,2,331435,0.852294921875,0.16972500085830688,5.021622728324682,0.23545491574516875,0.0,0.1299715780517388,../raw_data/wavs/voice-2817.wav,..\notebooks\finetune-wav2vec2\train_set\wavs\voice-2817.wav
..\notebooks\finetune-wav2vec2\train_set\wavs\voice-2818.wav,4.48,16000,1,2,71680,0.832000732421875,0.14960640668869019,5.561264058384552,0.2777064732142857,0.0,0.12131865678929672,../raw_data/wavs/voice-2818.wav,..\notebooks\finetune-wav2vec2\train_set\wavs\voice-2818.wav
..\notebooks\finetune-wav2vec2\train_set\wavs\voice-2819.wav,10.0906875,16000,1,2,161451,0.841583251953125,0.15101779997348785,5.572742101267998,0.2102743247177162,0.0,0.1285351502013007,../raw_data/wavs/voice-2819.wav,..\notebooks\finetune-wav2vec2\train_set\wavs\voice-2819.wav
..\notebooks\finetune-wav2vec2\train_set\wavs\voice-2820.wav,9.728,16000,1,2,155648,0.840667724609375,0.14899680018424988,5.6421864333314735,0.22967850534539475,0.0,0.13790179059024588,../raw_data/wavs/voice-2820.wav,..\notebooks\finetune-wav2vec2\train_set\wavs\voice-2820.wav
..\notebooks\finetune-wav2vec2\train_set\wavs\voice-2821.wav,12.3946875,16000,1,2,198315,0.838134765625,0.13682276010513306,6.125696959928208,0.26459420618712653,0.0,0.13764535030305475,../raw_data/wavs/voice-2821.wav,..\notebooks\finetune-wav2vec2\train_set\wavs\voice-2821.wav
..\notebooks\finetune-wav2vec2\train_set\wavs\voice-2822.wav,20.373375,16000,1,2,325974,0.847625732421875,0.1689777672290802,5.016196783289033,0.25320731101253474,0.0,0.13521365266448448,../raw_data/wavs/voice-2822.wav,..\notebooks\finetune-wav2vec2\train_set\wavs\voice-2822.wav
..\notebooks\finetune-wav2vec2\train_set\wavs\voice-2823.wav,12.245375,16000,1,2,195926,0.824676513671875,0.14182977378368378,5.814551427894518,0.25162050978430633,0.0,0.1372821232614521,../raw_data/wavs/voice-2823.wav,..\notebooks\finetune-wav2vec2\train_set\wavs\voice-2823.wav
..\notebooks\finetune-wav2vec2\train_set\wavs\voice-2824.wav,13.781375,16000,1,2,220502,0.839263916015625,0.14814575016498566,5.665123130977169,0.26834677236487653,0.0,0.14517847991619084,../raw_data/wavs/voice-2824.wav,..\notebooks\finetune-wav2vec2\train_set\wavs\voice-2824.wav
..\notebooks\finetune-wav2vec2\train_set\wavs\voice-2825.wav,12.48,16000,1,2,199680,0.8394775390625,0.14376148581504822,5.839377176043542,0.2975310496794872,0.0,0.1393736947801221,../raw_data/wavs/voice-2825.wav,..\notebooks\finetune-wav2vec2\train_set\wavs\voice-2825.wav
..\notebooks\finetune-wav2vec2\train_set\wavs\voice-2826.wav,16.469375,16000,1,2,263510,0.848876953125,0.1626807153224945,5.218055203668154,0.25295434708360215,0.0,0.15465126428319337,../raw_data/wavs/voice-2826.wav,..\notebooks\finetune-wav2vec2\train_set\wavs\voice-2826.wav
..\notebooks\finetune-wav2vec2\train_set\wavs\voice-2827.wav,8.3626875,16000,1,2,133803,0.842926025390625,0.15541525185108185,5.4237020842607695,0.20943476603663594,0.0,0.12473655102315362,../raw_data/wavs/voice-2827.wav,..\notebooks\finetune-wav2vec2\train_set\wavs\voice-2827.wav
..\notebooks\finetune-wav2vec2\train_set\wavs\voice-2828.wav,11.4986875,16000,1,2,183979,0.841796875,0.15280623733997345,5.508916976517879,0.21351893422618887,0.0,0.12113404863624999,../raw_data/wavs/voice-2828.wav,..\notebooks\finetune-wav2vec2\train_set\wavs\voice-2828.wav
..\notebooks\finetune-wav2vec2\train_set\wavs\voice-2829.wav,9.109375,16000,1,2,145750,0.8416748046875,0.15079516172409058,5.581576988706771,0.24408919382504288,0.0,0.1344091554659037,../raw_data/wavs/voice-2829.wav,..\notebooks\finetune-wav2vec2\train_set\wavs\voice-2829.wav
..\notebooks\finetune-wav2vec2\train_set\wavs\voice-2830.wav,11.989375,16000,1,2,191830,0.844146728515625,0.15639062225818634,5.397681244096704,0.2897565552833238,0.0,0.1626917723597579,../raw_data/wavs/voice-2830.wav,..\notebooks\finetune-wav2vec2\train_set\wavs\voice-2830.wav
..\notebooks\finetune-wav2vec2\train_set\wavs\voice-2831.wav,6.8906875,16000,1,2,110251,0.834808349609375,0.1690184772014618,4.939154366030195,0.2435805570924527,0.0,0.12787301587301586,../raw_data/wavs/voice-2831.wav,..\notebooks\finetune-wav2vec2\train_set\wavs\voice-2831.wav
..\notebooks\finetune-wav2vec2\train_set\wavs\voice-2832.wav,4.928,16000,1,2,78848,0.842864990234375,0.14981089532375336,5.626192864096274,0.27350091314935066,0.0,0.14034776212157724,../raw_data/wavs/voice-2832.wav,..\notebooks\finetune-wav2vec2\train_set\wavs\voice-2832.wav
..\notebooks\finetune-wav2vec2\train_set\wavs\voice-2833.wav,17.088,16000,1,2,273408,0.843475341796875,0.17335312068462372,4.865648443280032,0.27407756905430714,0.0,0.13610478151620112,../raw_data/wavs/voice-2833.wav,..\notebooks\finetune-wav2vec2\train_set\wavs\voice-2833.wav
..\notebooks\finetune-wav2vec2\train_set\wavs\voice-2834.wav,7.381375,16000,1,2,118102,0.84039306640625,0.14159491658210754,5.935192355008917,0.2704526595654604,0.0,0.13998187991634278,../raw_data/wavs/voice-2834.wav,..\notebooks\finetune-wav2vec2\train_set\wavs\voice-2834.wav
..\notebooks\finetune-wav2vec2\train_set\wavs\voice-2835.wav,11.797375,16000,1,2,188758,0.84442138671875,0.15585863590240479,5.417867170655259,0.2304220218480806,0.0,0.14122919944690793,../raw_data/wavs/voice-2835.wav,..\notebooks\finetune-wav2vec2\train_set\wavs\voice-2835.wav
..\notebooks\finetune-wav2vec2\train_set\wavs\voice-2836.wav,9.8986875,16000,1,2,158379,0.834747314453125,0.13630400598049164,6.124158335981683,0.24847991210955997,0.0,0.11853919104926189,../raw_data/wavs/voice-2836.wav,..\notebooks\finetune-wav2vec2\train_set\wavs\voice-2836.wav
..\notebooks\finetune-wav2vec2\train_set\wavs\voice-2837.wav,25.109375,16000,1,2,401750,0.848236083984375,0.1731143593788147,4.899859763384712,0.23935034225264468,0.0,0.11692375089919328,../raw_data/wavs/voice-2837.wav,..\notebooks\finetune-wav2vec2\train_set\wavs\voice-2837.wav
..\notebooks\finetune-wav2vec2\train_set\wavs\voice-2838.wav,13.269375,16000,1,2,212310,0.841278076171875,0.14476314187049866,5.811410731361858,0.27143799161603316,0.0,0.14814727590446,../raw_data/wavs/voice-2838.wav,..\notebooks\finetune-wav2vec2\train_set\wavs\voice-2838.wav
..\notebooks\finetune-wav2vec2\train_set\wavs\voice-2839.wav,21.909375,16000,1,2,350550,0.84320068359375,0.17192193865776062,4.904555463815948,0.2874939380972757,0.0,0.13441772762153079,../raw_data/wavs/voice-2839.wav,..\notebooks\finetune-wav2vec2\train_set\wavs\voice-2839.wav
..\notebooks\finetune-wav2vec2\train_set\wavs\voice-2840.wav,11.285375,16000,1,2,180566,0.84454345703125,0.16440719366073608,5.136900875359597,0.23356556605340983,0.0,0.12200592584387894,../raw_data/wavs/voice-2840.wav,..\notebooks\finetune-wav2vec2\train_set\wavs\voice-2840.wav
..\notebooks\finetune-wav2vec2\train_set\wavs\voice-2841.wav,13.2906875,16000,1,2,212651,0.840789794921875,0.1438421756029129,5.845224402354273,0.23490601972245603,0.0,0.10767458264754291,../raw_data/wavs/voice-2841.wav,..\notebooks\finetune-wav2vec2\train_set\wavs\voice-2841.wav
..\notebooks\finetune-wav2vec2\train_set\wavs\voice-2842.wav,15.061375,16000,1,2,240982,0.841522216796875,0.16369809210300446,5.140696546831837,0.20063324231685353,0.0,0.10021121997169902,../raw_data/wavs/voice-2842.wav,..\notebooks\finetune-wav2vec2\train_set\wavs\voice-2842.wav
..\notebooks\finetune-wav2vec2\train_set\wavs\voice-2843.wav,13.44,16000,1,2,215040,0.844207763671875,0.14946196973323822,5.648311508128982,0.26458333333333334,0.0,0.13967698882528284,../raw_data/wavs/voice-2843.wav,..\notebooks\finetune-wav2vec2\train_set\wavs\voice-2843.wav
..\notebooks\finetune-wav2vec2\train_set\wavs\voice-2844.wav,10.453375,16000,1,2,167254,0.84124755859375,0.13897280395030975,6.053325072828934,0.32983964509070035,0.0,0.16413457456667443,../raw_data/wavs/voice-2844.wav,..\notebooks\finetune-wav2vec2\train_set\wavs\voice-2844.wav
..\notebooks\finetune-wav2vec2\train_set\wavs\voice-2845.wav,9.8346875,16000,1,2,157355,0.842254638671875,0.15048179030418396,5.597053550262401,0.3623208668297798,0.0,0.13644394168562604,../raw_data/wavs/voice-2845.wav,..\notebooks\finetune-wav2vec2\train_set\wavs\voice-2845.wav
..\notebooks\finetune-wav2vec2\train_set\wavs\voice-2846.wav,16.064,16000,1,2,257024,0.84259033203125,0.1721576601266861,4.894294749424516,0.27009929033864544,0.0,0.10869844332997436,../raw_data/wavs/voice-2846.wav,..\notebooks\finetune-wav2vec2\train_set\wavs\voice-2846.wav
..\notebooks\finetune-wav2vec2\train_set\wavs\voice-2847.wav,9.3866875,16000,1,2,150187,0.839599609375,0.1392890214920044,6.027751508206234,0.34308561992715747,0.0,0.12693593277669024,../raw_data/wavs/voice-2847.wav,..\notebooks\finetune-wav2vec2\train_set\wavs\voice-2847.wav
..\notebooks\finetune-wav2vec2\train_set\wavs\voice-2848.wav,8.553375,16000,1,2,136854,0.4814453125,0.10605401545763016,4.539623609936232,0.38626565536995633,0.0,0.05891723235880836,../raw_data/wavs/voice-2848.wav,..\notebooks\finetune-wav2vec2\train_set\wavs\voice-2848.wav
..\notebooks\finetune-wav2vec2\train_set\wavs\voice-2849.wav,11.881375,16000,1,2,190102,0.600555419921875,0.10982900857925415,5.468094701851977,0.34327361100882686,0.0,0.05346105491291472,../raw_data/wavs/voice-2849.wav,..\notebooks\finetune-wav2vec2\train_set\wavs\voice-2849.wav
..\notebooks\finetune-wav2vec2\train_set\wavs\voice-2850.wav,8.297375,16000,1,2,132758,0.542236328125,0.1087406650185585,4.98650921467565,0.2892481055755585,0.0,0.05250947219355665,../raw_data/wavs/voice-2850.wav,..\notebooks\finetune-wav2vec2\train_set\wavs\voice-2850.wav
..\notebooks\finetune-wav2vec2\train_set\wavs\voice-2851.wav,12.9906875,16000,1,2,207851,0.5225830078125,0.10023541003465652,5.213556842156043,0.39751552795031053,0.0,0.05552080827519846,../raw_data/wavs/voice-2851.wav,..\notebooks\finetune-wav2vec2\train_set\wavs\voice-2851.wav
..\notebooks\finetune-wav2vec2\train_set\wavs\voice-2852.wav,6.505375,16000,1,2,104086,0.563751220703125,0.10714327543973923,5.261657517836446,0.32009107853121455,0.0,0.05525291828793774,../raw_data/wavs/voice-2852.wav,..\notebooks\finetune-wav2vec2\train_set\wavs\voice-2852.wav
..\notebooks\finetune-wav2vec2\train_set\wavs\voice-2853.wav,8.212,16000,1,2,131392,0.551422119140625,0.11182261258363724,4.931221927301968,0.2828482708231856,0.0,0.058443881239963164,../raw_data/wavs/voice-2853.wav,..\notebooks\finetune-wav2vec2\train_set\wavs\voice-2853.wav
..\notebooks\finetune-wav2vec2\train_set\wavs\voice-2854.wav,10.516,16000,1,2,168256,0.6436767578125,0.11530489474534988,5.582388841636393,0.3235308101939901,0.0,0.052670054381742,../raw_data/wavs/voice-2854.wav,..\notebooks\finetune-wav2vec2\train_set\wavs\voice-2854.wav
..\notebooks\finetune-wav2vec2\train_set\wavs\voice-2855.wav,10.26,16000,1,2,164160,0.492095947265625,0.1047968715429306,4.69571219083611,0.3205348440545809,0.0,0.05063992836213671,../raw_data/wavs/voice-2855.wav,..\notebooks\finetune-wav2vec2\train_set\wavs\voice-2855.wav
..\notebooks\finetune-wav2vec2\train_set\wavs\voice-2856.wav,18.537375,16000,1,2,296598,0.75543212890625,0.1156466156244278,6.532245883957209,0.3350427177526484,0.0,0.05868231978071255,../raw_data/wavs/voice-2856.wav,..\notebooks\finetune-wav2vec2\train_set\wavs\voice-2856.wav
..\notebooks\finetune-wav2vec2\train_set\wavs\voice-2857.wav,11.1986875,16000,1,2,179179,0.578338623046875,0.1066591665148735,5.42230585466113,0.31647123825894774,0.0,0.058266081773432,../raw_data/wavs/voice-2857.wav,..\notebooks\finetune-wav2vec2\train_set\wavs\voice-2857.wav
..\notebooks\finetune-wav2vec2\train_set\wavs\voice-2858.wav,22.121375,16000,1,2,353942,0.794921875,0.11567336320877075,6.872125552062502,0.40677286109023514,0.0,0.07712302332874688,../raw_data/wavs/voice-2858.wav,..\notebooks\finetune-wav2vec2\train_set\wavs\voice-2858.wav
..\notebooks\finetune-wav2vec2\train_set\wavs\voice-2859.wav,16.8306875,16000,1,2,269291,0.65283203125,0.11190824955701828,5.833636339002658,0.3797490447137112,0.0,0.05871365442459802,../raw_data/wavs/voice-2859.wav,..\notebooks\finetune-wav2vec2\train_set\wavs\voice-2859.wav
..\notebooks\finetune-wav2vec2\train_set\wavs\voice-2860.wav,8.297375,16000,1,2,132758,0.519317626953125,0.09572897106409073,5.424874217079393,0.5251660916856234,0.0,0.06331116249990584,../raw_data/wavs/voice-2860.wav,..\notebooks\finetune-wav2vec2\train_set\wavs\voice-2860.wav
..\notebooks\finetune-wav2vec2\train_set\wavs\voice-2861.wav,26.217375,16000,1,2,419478,0.7105712890625,0.11017201095819473,6.449653436317228,0.4532442702597037,0.0,0.0911229936325472,../raw_data/wavs/voice-2861.wav,..\notebooks\finetune-wav2vec2\train_set\wavs\voice-2861.wav
..\notebooks\finetune-wav2vec2\train_set\wavs\voice-2862.wav,12.82,16000,1,2,205120,0.58038330078125,0.0987691879272461,5.876157463284637,0.4560111154446178,0.0,0.07820338437687391,../raw_data/wavs/voice-2862.wav,..\notebooks\finetune-wav2vec2\train_set\wavs\voice-2862.wav
..\notebooks\finetune-wav2vec2\train_set\wavs\voice-2863.wav,7.444,16000,1,2,119104,0.637237548828125,0.1063125878572464,5.993999033151088,0.3989286673831274,0.0,0.08885586425195,../raw_data/wavs/voice-2863.wav,..\notebooks\finetune-wav2vec2\train_set\wavs\voice-2863.wav
..\notebooks\finetune-wav2vec2\train_set\wavs\voice-2864.wav,15.0386875,16000,1,2,240619,0.639129638671875,0.09512089937925339,6.719129474623893,0.45885403895785454,0.0,0.09200891038908145,../raw_data/wavs/voice-2864.wav,..\notebooks\finetune-wav2vec2\train_set\wavs\voice-2864.wav
..\notebooks\finetune-wav2vec2\train_set\wavs\voice-2865.wav,17.94,16000,1,2,287040,0.7125244140625,0.11053921282291412,6.445897305275526,0.43692865105908585,0.0,0.09935235281616783,../raw_data/wavs/voice-2865.wav,..\notebooks\finetune-wav2vec2\train_set\wavs\voice-2865.wav
..\notebooks\finetune-wav2vec2\train_set\wavs\voice-2866.wav,14.441375,16000,1,2,231062,0.631683349609375,0.09932548552751541,6.359730800755909,0.40197868970233097,0.0,0.07028014247319972,../raw_data/wavs/voice-2866.wav,..\notebooks\finetune-wav2vec2\train_set\wavs\voice-2866.wav
..\notebooks\finetune-wav2vec2\train_set\wavs\voice-2867.wav,11.4546875,16000,1,2,183275,0.7156982421875,0.10829699784517288,6.608661887476328,0.36753512481244033,0.0,0.07481148444405644,../raw_data/wavs/voice-2867.wav,..\notebooks\finetune-wav2vec2\train_set\wavs\voice-2867.wav
..\notebooks\finetune-wav2vec2\train_set\wavs\voice-2868.wav,7.1026875,16000,1,2,113643,0.512451171875,0.09934446960687637,5.158326114205047,0.4019781244775305,0.0,0.06503757413632284,../raw_data/wavs/voice-2868.wav,..\notebooks\finetune-wav2vec2\train_set\wavs\voice-2868.wav
..\notebooks\finetune-wav2vec2\train_set\wavs\voice-2869.wav,12.308,16000,1,2,196928,0.5726318359375,0.10761942714452744,5.320896525201574,0.35276852453688656,0.0,0.06698421242389312,../raw_data/wavs/voice-2869.wav,..\notebooks\finetune-wav2vec2\train_set\wavs\voice-2869.wav
..\notebooks\finetune-wav2vec2\train_set\wavs\voice-2870.wav,16.148,16000,1,2,258368,0.654296875,0.11711259186267853,5.5869045727141105,0.29893020807530346,0.0,0.061582942093998075,../raw_data/wavs/voice-2870.wav,..\notebooks\finetune-wav2vec2\train_set\wavs\voice-2870.wav
..\notebooks\finetune-wav2vec2\train_set\wavs\voice-2871.wav,5.8226875,16000,1,2,93163,0.592071533203125,0.10919850319623947,5.4219748061850215,0.2503891029700632,0.0,0.0710482814881604,../raw_data/wavs/voice-2871.wav,..\notebooks\finetune-wav2vec2\train_set\wavs\voice-2871.wav
..\notebooks\finetune-wav2vec2\train_set\wavs\voice-2872.wav,19.305375,16000,1,2,308886,0.789794921875,0.11286617070436478,6.997623087113887,0.28213321419552845,0.0,0.06538031953639704,../raw_data/wavs/voice-2872.wav,..\notebooks\finetune-wav2vec2\train_set\wavs\voice-2872.wav
..\notebooks\finetune-wav2vec2\train_set\wavs\voice-2873.wav,17.8546875,16000,1,2,285675,0.78497314453125,0.11518055945634842,6.815153079966956,0.40653539861730986,0.0,0.06656538571938643,../raw_data/wavs/voice-2873.wav,..\notebooks\finetune-wav2vec2\train_set\wavs\voice-2873.wav
..\notebooks\finetune-wav2vec2\train_set\wavs\voice-2874.wav,8.98,16000,1,2,143680,0.6116943359375,0.10780254751443863,5.674210397074078,0.37668429844097995,0.0,0.06417082524238059,../raw_data/wavs/voice-2874.wav,..\notebooks\finetune-wav2vec2\train_set\wavs\voice-2874.wav
..\notebooks\finetune-wav2vec2\train_set\wavs\voice-2875.wav,8.98,16000,1,2,143680,0.697174072265625,0.10678458958864212,6.528789172213836,0.4096185968819599,0.0,0.07431844598027547,../raw_data/wavs/voice-2875.wav,..\notebooks\finetune-wav2vec2\train_set\wavs\voice-2875.wav
..\notebooks\finetune-wav2vec2\train_set\wavs\voice-2876.wav,6.5906875,16000,1,2,105451,0.75927734375,0.11391688138246536,6.665187235953175,0.34656854842533497,0.0,0.06705547652916075,../raw_data/wavs/voice-2876.wav,..\notebooks\finetune-wav2vec2\train_set\wavs\voice-2876.wav
..\notebooks\finetune-wav2vec2\train_set\wavs\voice-2877.wav,17.5986875,16000,1,2,281579,0.754425048828125,0.1117233857512474,6.752615343289502,0.4385909460577671,0.0,0.078408114270291,../raw_data/wavs/voice-2877.wav,..\notebooks\finetune-wav2vec2\train_set\wavs\voice-2877.wav
..\notebooks\finetune-wav2vec2\train_set\wavs\voice-2878.wav,10.857375,16000,1,2,173718,0.68701171875,0.11055640131235123,6.214128812035128,0.3539126630516124,0.0,0.08329639586223571,../raw_data/wavs/voice-2878.wav,..\notebooks\finetune-wav2vec2\train_set\wavs\voice-2878.wav
..\notebooks\finetune-wav2vec2\train_set\wavs\voice-2879.wav,9.577375,16000,1,2,153238,0.70782470703125,0.10499502718448639,6.741506964777805,0.42842506427909527,0.0,0.12543967840665113,../raw_data/wavs/voice-2879.wav,..\notebooks\finetune-wav2vec2\train_set\wavs\voice-2879.wav
..\notebooks\finetune-wav2vec2\train_set\wavs\voice-2880.wav,17.001375,16000,1,2,272022,0.822967529296875,0.12307733297348022,6.686588906457714,0.3292123431193065,0.0,0.08114814665044243,../raw_data/wavs/voice-2880.wav,..\notebooks\finetune-wav2vec2\train_set\wavs\voice-2880.wav
..\notebooks\finetune-wav2vec2\train_set\wavs\voice-2881.wav,10.857375,16000,1,2,173718,0.707489013671875,0.10740489512681961,6.5871207530764675,0.3791604784766115,0.0,0.08157520565056961,../raw_data/wavs/voice-2881.wav,..\notebooks\finetune-wav2vec2\train_set\wavs\voice-2881.wav
..\notebooks\finetune-wav2vec2\train_set\wavs\voice-2882.wav,16.3186875,16000,1,2,261099,0.795257568359375,0.10327349603176117,7.700500117811429,0.3700512066304352,0.0,0.07622808294203709,../raw_data/wavs/voice-2882.wav,..\notebooks\finetune-wav2vec2\train_set\wavs\voice-2882.wav
..\notebooks\finetune-wav2vec2\train_set\wavs\voice-2883.wav,9.236,16000,1,2,147776,0.65533447265625,0.10825234651565552,6.053766904364287,0.3446297098310957,0.0,0.07511419387582473,../raw_data/wavs/voice-2883.wav,..\notebooks\finetune-wav2vec2\train_set\wavs\voice-2883.wav
..\notebooks\finetune-wav2vec2\train_set\wavs\voice-2884.wav,6.42,16000,1,2,102720,0.5576171875,0.10882225632667542,5.124109776092855,0.2807048286604361,0.0,0.08687779281340356,../raw_data/wavs/voice-2884.wav,..\notebooks\finetune-wav2vec2\train_set\wavs\voice-2884.wav
..\notebooks\finetune-wav2vec2\train_set\wavs\voice-2885.wav,11.284,16000,1,2,180544,0.723236083984375,0.11331401020288467,6.382583077674568,0.327665278270117,0.0,0.07192192441689792,../raw_data/wavs/voice-2885.wav,..\notebooks\finetune-wav2vec2\train_set\wavs\voice-2885.wav
..\notebooks\finetune-wav2vec2\train_set\wavs\voice-2886.wav,15.2946875,16000,1,2,244715,0.752777099609375,0.10784481465816498,6.98018817126672,0.38300471977606604,0.0,0.09592830814747011,../raw_data/wavs/voice-2886.wav,..\notebooks\finetune-wav2vec2\train_set\wavs\voice-2886.wav
..\notebooks\finetune-wav2vec2\train_set\wavs\voice-2887.wav,14.1,16000,1,2,225600,0.75860595703125,0.10929836332798004,6.940689082002468,0.391072695035461,0.0,0.07849325573251655,../raw_data/wavs/voice-2887.wav,..\notebooks\finetune-wav2vec2\train_set\wavs\voice-2887.wav
..\notebooks\finetune-wav2vec2\train_set\wavs\voice-2888.wav,11.4546875,16000,1,2,183275,0.693450927734375,0.10704776644706726,6.477957931773112,0.35541672350293274,0.0,0.0698189595905584,../raw_data/wavs/voice-2888.wav,..\notebooks\finetune-wav2vec2\train_set\wavs\voice-2888.wav
..\notebooks\finetune-wav2vec2\train_set\wavs\voice-2889.wav,15.721375,16000,1,2,251542,0.706878662109375,0.10375051945447922,6.813254196953873,0.3794197390495424,0.0,0.07978421012876628,../raw_data/wavs/voice-2889.wav,..\notebooks\finetune-wav2vec2\train_set\wavs\voice-2889.wav
..\notebooks\finetune-wav2vec2\train_set\wavs\voice-2890.wav,8.98,16000,1,2,143680,0.760223388671875,0.10194703191518784,7.457042881879317,0.44766146993318484,0.0,0.05858893784060301,../raw_data/wavs/voice-2890.wav,..\notebooks\finetune-wav2vec2\train_set\wavs\voice-2890.wav
..\notebooks\finetune-wav2vec2\train_set\wavs\voice-2891.wav,11.1986875,16000,1,2,179179,0.8284912109375,0.12133558839559555,6.8280973611496,0.29990679711350104,0.0,0.06764223286340958,../raw_data/wavs/voice-2891.wav,..\notebooks\finetune-wav2vec2\train_set\wavs\voice-2891.wav
..\notebooks\finetune-wav2vec2\train_set\wavs\voice-2892.wav,7.8706875,16000,1,2,125931,0.629669189453125,0.10686207562685013,5.8923540999882515,0.32833853459434137,0.0,0.06064480266814897,../raw_data/wavs/voice-2892.wav,..\notebooks\finetune-wav2vec2\train_set\wavs\voice-2892.wav
..\notebooks\finetune-wav2vec2\train_set\wavs\voice-2893.wav,7.8706875,16000,1,2,125931,0.730712890625,0.10222946107387543,7.1477721094211315,0.4598232365342926,0.0,0.06189946795838958,../raw_data/wavs/voice-2893.wav,..\notebooks\finetune-wav2vec2\train_set\wavs\voice-2893.wav
..\notebooks\finetune-wav2vec2\train_set\wavs\voice-2894.wav,8.8946875,16000,1,2,142315,0.6722412109375,0.10733410716056824,6.263071718031339,0.3788778414081439,0.0,0.0813061258906362,../raw_data/wavs/voice-2894.wav,..\notebooks\finetune-wav2vec2\train_set\wavs\voice-2894.wav
..\notebooks\finetune-wav2vec2\train_set\wavs\voice-2895.wav,11.028,16000,1,2,176448,0.631683349609375,0.10301708430051804,6.131830986078476,0.38686751904243744,0.0,0.07267338067521692,../raw_data/wavs/voice-2895.wav,..\notebooks\finetune-wav2vec2\train_set\wavs\voice-2895.wav
..\notebooks\finetune-wav2vec2\train_set\wavs\voice-2896.wav,10.857375,16000,1,2,173718,0.73406982421875,0.11036720871925354,6.651158733986281,0.3476323697026215,0.0,0.060823062797538525,../raw_data/wavs/voice-2896.wav,..\notebooks\finetune-wav2vec2\train_set\wavs\voice-2896.wav
..\notebooks\finetune-wav2vec2\train_set\wavs\voice-2897.wav,14.697375,16000,1,2,235158,0.722015380859375,0.10577798634767532,6.825762200522762,0.3711291982411825,0.0,0.08169860986489877,../raw_data/wavs/voice-2897.wav,..\notebooks\finetune-wav2vec2\train_set\wavs\voice-2897.wav
..\notebooks\finetune-wav2vec2\train_set\wavs\voice-2898.wav,10.1746875,16000,1,2,162795,0.72003173828125,0.08404864370822906,8.566845418479405,0.42730427838692836,0.0,0.07444991830165731,../raw_data/wavs/voice-2898.wav,..\notebooks\finetune-wav2vec2\train_set\wavs\voice-2898.wav
..\notebooks\finetune-wav2vec2\train_set\wavs\voice-2899.wav,10.345375,16000,1,2,165526,0.665191650390625,0.11448322981595993,5.81038507963104,0.29825525899254496,0.0,0.051400090620752154,../raw_data/wavs/voice-2899.wav,..\notebooks\finetune-wav2vec2\train_set\wavs\voice-2899.wav
..\notebooks\finetune-wav2vec2\train_set\wavs\voice-2900.wav,8.041375,16000,1,2,128662,0.672454833984375,0.10811376571655273,6.219881710044061,0.37910960501158075,0.0,0.04973535103877632,../raw_data/wavs/voice-2900.wav,..\notebooks\finetune-wav2vec2\train_set\wavs\voice-2900.wav
..\notebooks\finetune-wav2vec2\train_set\wavs\voice-2901.wav,10.6866875,16000,1,2,170987,0.701507568359375,0.11242909729480743,6.23955528629664,0.3454473147081357,0.0,0.050612330834103374,../raw_data/wavs/voice-2901.wav,..\notebooks\finetune-wav2vec2\train_set\wavs\voice-2901.wav
..\notebooks\finetune-wav2vec2\train_set\wavs\voice-2902.wav,15.124,16000,1,2,241984,0.747283935546875,0.10551965236663818,7.0819408402746165,0.404353180375562,0.0,0.05521048999309869,../raw_data/wavs/voice-2902.wav,..\notebooks\finetune-wav2vec2\train_set\wavs\voice-2902.wav
..\notebooks\finetune-wav2vec2\train_set\wavs\voice-2903.wav,7.3586875,16000,1,2,117739,0.669036865234375,0.10935156792402267,6.118219225710791,0.39693729350512574,0.0,0.05038305389933581,../raw_data/wavs/voice-2903.wav,..\notebooks\finetune-wav2vec2\train_set\wavs\voice-2903.wav
..\notebooks\finetune-wav2vec2\train_set\wavs\voice-2904.wav,7.1026875,16000,1,2,113643,0.62030029296875,0.10246914625167847,6.053532362270358,0.33705551595786803,0.0,0.051838228823850335,../raw_data/wavs/voice-2904.wav,..\notebooks\finetune-wav2vec2\train_set\wavs\voice-2904.wav
..\notebooks\finetune-wav2vec2\train_set\wavs\voice-2905.wav,19.049375,16000,1,2,304790,0.816070556640625,0.11636558175086975,7.012989101775581,0.37196758423832804,0.0,0.05586815797158034,../raw_data/wavs/voice-2905.wav,..\notebooks\finetune-wav2vec2\train_set\wavs\voice-2905.wav
..\notebooks\finetune-wav2vec2\train_set\wavs\voice-2906.wav,13.844,16000,1,2,221504,0.750152587890625,0.11051313579082489,6.787904284161167,0.34395767119329673,0.0,0.07394933702929532,../raw_data/wavs/voice-2906.wav,..\notebooks\finetune-wav2vec2\train_set\wavs\voice-2906.wav
..\notebooks\finetune-wav2vec2\train_set\wavs\voice-2907.wav,7.444,16000,1,2,119104,0.633941650390625,0.10568554699420929,5.9983760165934505,0.37688070929607737,0.0,0.07294526586232085,../raw_data/wavs/voice-2907.wav,..\notebooks\finetune-wav2vec2\train_set\wavs\voice-2907.wav
..\notebooks\finetune-wav2vec2\train_set\wavs\voice-2908.wav,7.529375,16000,1,2,120470,0.68341064453125,0.11023631691932678,6.199505422803486,0.37030796048808834,0.0,0.06561854086943529,../raw_data/wavs/voice-2908.wav,..\notebooks\finetune-wav2vec2\train_set\wavs\voice-2908.wav
..\notebooks\finetune-wav2vec2\train_set\wavs\voice-2909.wav,11.284,16000,1,2,180544,0.7711181640625,0.11864439398050308,6.4994066570833375,0.4254087646224743,0.0,0.06349179973745867,../raw_data/wavs/voice-2909.wav,..\notebooks\finetune-wav2vec2\train_set\wavs\voice-2909.wav
..\notebooks\finetune-wav2vec2\train_set\wavs\voice-2910.wav,9.236,16000,1,2,147776,0.7493896484375,0.10212904959917068,7.337673770378308,0.49346984625378953,0.0,0.06890881407545255,../raw_data/wavs/voice-2910.wav,..\notebooks\finetune-wav2vec2\train_set\wavs\voice-2910.wav
..\notebooks\finetune-wav2vec2\train_set\wavs\voice-2911.wav,9.577375,16000,1,2,153238,0.609710693359375,0.10049092769622803,6.067320775487883,0.37806549289340763,0.0,0.06277204591580363,../raw_data/wavs/voice-2911.wav,..\notebooks\finetune-wav2vec2\train_set\wavs\voice-2911.wav
..\notebooks\finetune-wav2vec2\train_set\wavs\voice-2912.wav,7.273375,16000,1,2,116374,0.716278076171875,0.10716928541660309,6.683613438192305,0.35469262893773523,0.0,0.07295506689696063,../raw_data/wavs/voice-2912.wav,..\notebooks\finetune-wav2vec2\train_set\wavs\voice-2912.wav
..\notebooks\finetune-wav2vec2\train_set\wavs\voice-2913.wav,12.308,16000,1,2,196928,0.77056884765625,0.11468496918678284,6.7190047058499465,0.3690536642833929,0.0,0.07128529861319169,../raw_data/wavs/voice-2913.wav,..\notebooks\finetune-wav2vec2\train_set\wavs\voice-2913.wav
..\notebooks\finetune-wav2vec2\train_set\wavs\voice-2914.wav,8.468,16000,1,2,135488,0.63226318359375,0.10913745313882828,5.79327412734728,0.33372697213037317,0.0,0.07033147091602884,../raw_data/wavs/voice-2914.wav,..\notebooks\finetune-wav2vec2\train_set\wavs\voice-2914.wav
..\notebooks\finetune-wav2vec2\train_set\wavs\voice-2915.wav,10.089375,16000,1,2,161430,0.527008056640625,0.09971924126148224,5.284918436740936,0.3305333581118751,0.0,0.06341487588971002,../raw_data/wavs/voice-2915.wav,..\notebooks\finetune-wav2vec2\train_set\wavs\voice-2915.wav
..\notebooks\finetune-wav2vec2\train_set\wavs\voice-2916.wav,18.8786875,16000,1,2,302059,0.7584228515625,0.12959513068199158,5.852248055704841,0.3291343744102973,0.0,0.0633288970992326,../raw_data/wavs/voice-2916.wav,..\notebooks\finetune-wav2vec2\train_set\wavs\voice-2916.wav
..\notebooks\finetune-wav2vec2\train_set\wavs\voice-2917.wav,14.697375,16000,1,2,235158,0.649505615234375,0.11678888648748398,5.561364910384527,0.29360259910358144,0.0,0.05852260404750868,../raw_data/wavs/voice-2917.wav,..\notebooks\finetune-wav2vec2\train_set\wavs\voice-2917.wav
..\notebooks\finetune-wav2vec2\train_set\wavs\voice-2918.wav,12.7346875,16000,1,2,203755,0.620208740234375,0.11656831949949265,5.320560019200366,0.2776275428823832,0.0,0.0550860351207829,../raw_data/wavs/voice-2918.wav,..\notebooks\finetune-wav2vec2\train_set\wavs\voice-2918.wav
..\notebooks\finetune-wav2vec2\train_set\wavs\voice-2919.wav,11.7106875,16000,1,2,187371,0.718505859375,0.1180487647652626,6.086517387994133,0.283021385379808,0.0,0.05944388109088968,../raw_data/wavs/voice-2919.wav,..\notebooks\finetune-wav2vec2\train_set\wavs\voice-2919.wav
..\notebooks\finetune-wav2vec2\train_set\wavs\voice-2920.wav,13.5026875,16000,1,2,216043,0.724761962890625,0.11210062354803085,6.465280387848084,0.3257684812745611,0.0,0.0664037548254506,../raw_data/wavs/voice-2920.wav,..\notebooks\finetune-wav2vec2\train_set\wavs\voice-2920.wav
..\notebooks\finetune-wav2vec2\train_set\wavs\voice-2921.wav,13.588,16000,1,2,217408,0.74017333984375,0.1001112088561058,7.393511159251242,0.3915955254636444,0.0,0.0637789951565497,../raw_data/wavs/voice-2921.wav,..\notebooks\finetune-wav2vec2\train_set\wavs\voice-2921.wav
..\notebooks\finetune-wav2vec2\train_set\wavs\voice-2922.wav,12.7346875,16000,1,2,203755,0.709136962890625,0.11430354416370392,6.203980533403313,0.3248705553237957,0.0,0.06329691687034365,../raw_data/wavs/voice-2922.wav,..\notebooks\finetune-wav2vec2\train_set\wavs\voice-2922.wav
..\notebooks\finetune-wav2vec2\train_set\wavs\voice-2923.wav,15.0386875,16000,1,2,240619,0.60931396484375,0.10831215977668762,5.625536099547842,0.3194843299988779,0.0,0.07415488450573107,../raw_data/wavs/voice-2923.wav,..\notebooks\finetune-wav2vec2\train_set\wavs\voice-2923.wav
..\notebooks\finetune-wav2vec2\train_set\wavs\voice-2924.wav,13.161375,16000,1,2,210582,0.677703857421875,0.11038688570261002,6.139351183868494,0.31811835769438984,0.0,0.06155826024190217,../raw_data/wavs/voice-2924.wav,..\notebooks\finetune-wav2vec2\train_set\wavs\voice-2924.wav
..\notebooks\finetune-wav2vec2\train_set\wavs\voice-2925.wav,8.724,16000,1,2,139584,0.67352294921875,0.10422638058662415,6.46211588110339,0.3299232003668042,0.0,0.05362400865434903,../raw_data/wavs/voice-2925.wav,..\notebooks\finetune-wav2vec2\train_set\wavs\voice-2925.wav
..\notebooks\finetune-wav2vec2\train_set\wavs\voice-2926.wav,11.1986875,16000,1,2,179179,0.735137939453125,0.09299666434526443,7.904992556763243,0.4558011820581653,0.0,0.06761432765183226,../raw_data/wavs/voice-2926.wav,..\notebooks\finetune-wav2vec2\train_set\wavs\voice-2926.wav
..\notebooks\finetune-wav2vec2\train_set\wavs\voice-2927.wav,6.0786875,16000,1,2,97259,0.61956787109375,0.09796436131000519,6.324421073222196,0.4077668904677202,0.0,0.10054699870447675,../raw_data/wavs/voice-2927.wav,..\notebooks\finetune-wav2vec2\train_set\wavs\voice-2927.wav
..\notebooks\finetune-wav2vec2\train_set\wavs\voice-2928.wav,17.3426875,16000,1,2,277483,0.759918212890625,0.13011229038238525,5.84047987055882,0.32907961929199264,0.0,0.07130912996158309,../raw_data/wavs/voice-2928.wav,..\notebooks\finetune-wav2vec2\train_set\wavs\voice-2928.wav
..\notebooks\finetune-wav2vec2\train_set\wavs\voice-2929.wav,15.209375,16000,1,2,243350,0.650909423828125,0.11069528758525848,5.880190909904713,0.31452229299363055,0.0,0.06636969948510164,../raw_data/wavs/voice-2929.wav,..\notebooks\finetune-wav2vec2\train_set\wavs\voice-2929.wav
..\notebooks\finetune-wav2vec2\train_set\wavs\voice-2930.wav,12.905375,16000,1,2,206486,0.764129638671875,0.118306003510952,6.458925295377228,0.37556057069244403,0.0,0.0837784826985011,../raw_data/wavs/voice-2930.wav,..\notebooks\finetune-wav2vec2\train_set\wavs\voice-2930.wav
..\notebooks\finetune-wav2vec2\train_set\wavs\voice-2931.wav,16.745375,16000,1,2,267926,0.7930908203125,0.11869293451309204,6.681870522166765,0.40888528922165074,0.0,0.10586544741998694,../raw_data/wavs/voice-2931.wav,..\notebooks\finetune-wav2vec2\train_set\wavs\voice-2931.wav
..\notebooks\finetune-wav2vec2\train_set\wavs\voice-2932.wav,15.721375,16000,1,2,251542,0.763641357421875,0.11271321773529053,6.775082574745612,0.3202169021475539,0.0,0.09369844279858949,../raw_data/wavs/voice-2932.wav,..\notebooks\finetune-wav2vec2\train_set\wavs\voice-2932.wav
..\notebooks\finetune-wav2vec2\train_set\wavs\voice-2933.wav,11.4546875,16000,1,2,183275,0.814239501953125,0.11045897006988525,7.3714203693730935,0.3667657891147183,0.0,0.10184205070004475,../raw_data/wavs/voice-2933.wav,..\notebooks\finetune-wav2vec2\train_set\wavs\voice-2933.wav
..\notebooks\finetune-wav2vec2\train_set\wavs\voice-2934.wav,8.8946875,16000,1,2,142315,0.7122802734375,0.1055319532752037,6.749427555652576,0.3236763517549099,0.0,0.09930154447208286,../raw_data/wavs/voice-2934.wav,..\notebooks\finetune-wav2vec2\train_set\wavs\voice-2934.wav
..\notebooks\finetune-wav2vec2\train_set\wavs\voice-2935.wav,8.8946875,16000,1,2,142315,0.62103271484375,0.11255858093500137,5.517417772016641,0.29290658047289464,0.0,0.09550711806287505,../raw_data/wavs/voice-2935.wav,..\notebooks\finetune-wav2vec2\train_set\wavs\voice-2935.wav
..\notebooks\finetune-wav2vec2\train_set\wavs\voice-2936.wav,11.1986875,16000,1,2,179179,0.72216796875,0.10911720991134644,6.61827744071475,0.31134787000708786,0.0,0.09769614573217694,../raw_data/wavs/voice-2936.wav,..\notebooks\finetune-wav2vec2\train_set\wavs\voice-2936.wav
..\notebooks\finetune-wav2vec2\train_set\wavs\voice-2937.wav,10.601375,16000,1,2,169622,0.64898681640625,0.1144087016582489,5.672530209676213,0.34378795203452384,0.0,0.06400740474351643,../raw_data/wavs/voice-2937.wav,..\notebooks\finetune-wav2vec2\train_set\wavs\voice-2937.wav
..\notebooks\finetune-wav2vec2\train_set\wavs\voice-2938.wav,11.113375,16000,1,2,177814,0.625244140625,0.11150679737329483,5.607228934500292,0.3641558032550868,0.0,0.06414041717984624,../raw_data/wavs/voice-2938.wav,..\notebooks\finetune-wav2vec2\train_set\wavs\voice-2938.wav
..\notebooks\finetune-wav2vec2\train_set\wavs\voice-2939.wav,13.332,16000,1,2,213312,0.59619140625,0.1087913066148758,5.480138301496221,0.3843665616561656,0.0,0.0907641893760753,../raw_data/wavs/voice-2939.wav,..\notebooks\finetune-wav2vec2\train_set\wavs\voice-2939.wav
..\notebooks\finetune-wav2vec2\train_set\wavs\voice-2940.wav,19.22,16000,1,2,307520,0.834991455078125,0.13337509334087372,6.260475131920572,0.3709124609781478,0.0,0.07428809276825171,../raw_data/wavs/voice-2940.wav,..\notebooks\finetune-wav2vec2\train_set\wavs\voice-2940.wav
..\notebooks\finetune-wav2vec2\train_set\wavs\voice-2941.wav,15.209375,16000,1,2,243350,0.790283203125,0.11566522717475891,6.832504655275167,0.3601684816108486,0.0,0.07880862465019375,../raw_data/wavs/voice-2941.wav,..\notebooks\finetune-wav2vec2\train_set\wavs\voice-2941.wav
..\notebooks\finetune-wav2vec2\train_set\wavs\voice-2942.wav,14.7826875,16000,1,2,236523,0.771759033203125,0.11704567819833755,6.5936568105945375,0.3560372564190375,0.0,0.06508908262233534,../raw_data/wavs/voice-2942.wav,..\notebooks\finetune-wav2vec2\train_set\wavs\voice-2942.wav
..\notebooks\finetune-wav2vec2\train_set\wavs\voice-2943.wav,10.9426875,16000,1,2,175083,0.7708740234375,0.10230065882205963,7.535376920478565,0.3854857410485313,0.0,0.06608903256759689,../raw_data/wavs/voice-2943.wav,..\notebooks\finetune-wav2vec2\train_set\wavs\voice-2943.wav
..\notebooks\finetune-wav2vec2\train_set\wavs\voice-2944.wav,21.268,16000,1,2,340288,0.809356689453125,0.13240104913711548,6.112917493689566,0.33659429659582474,0.0,0.07295900225397974,../raw_data/wavs/voice-2944.wav,..\notebooks\finetune-wav2vec2\train_set\wavs\voice-2944.wav
..\notebooks\finetune-wav2vec2\train_set\wavs\voice-2945.wav,16.745375,16000,1,2,267926,0.810882568359375,0.12637203931808472,6.41662960204625,0.3243656830617409,0.0,0.06488756181767286,../raw_data/wavs/voice-2945.wav,..\notebooks\finetune-wav2vec2\train_set\wavs\voice-2945.wav
..\notebooks\finetune-wav2vec2\train_set\wavs\voice-2946.wav,18.025375,16000,1,2,288406,0.777313232421875,0.12947629392147064,6.003517778268564,0.36151813762543084,0.0,0.06760978485116416,../raw_data/wavs/voice-2946.wav,..\notebooks\finetune-wav2vec2\train_set\wavs\voice-2946.wav
..\notebooks\finetune-wav2vec2\train_set\wavs\voice-2947.wav,8.041375,16000,1,2,128662,0.628448486328125,0.10825221985578537,5.805409691970751,0.398042934199686,0.0,0.07302135068124763,../raw_data/wavs/voice-2947.wav,..\notebooks\finetune-wav2vec2\train_set\wavs\voice-2947.wav
..\notebooks\finetune-wav2vec2\train_set\wavs\voice-2948.wav,13.952,16000,1,2,223232,0.843017578125,0.17205874621868134,4.899591544469066,0.15557357368119265,0.0,0.06670668500342694,../raw_data/wavs/voice-2948.wav,..\notebooks\finetune-wav2vec2\train_set\wavs\voice-2948.wav
..\notebooks\finetune-wav2vec2\train_set\wavs\voice-2949.wav,12.608,16000,1,2,201728,0.84808349609375,0.14984622597694397,5.659692064745361,0.2506246034263959,0.0,0.11658826037169046,../raw_data/wavs/voice-2949.wav,..\notebooks\finetune-wav2vec2\train_set\wavs\voice-2949.wav
..\notebooks\finetune-wav2vec2\train_set\wavs\voice-2950.wav,16.6186875,16000,1,2,265899,0.840362548828125,0.15882906317710876,5.290987253957701,0.23573612537091151,0.0,0.10004588225560178,../raw_data/wavs/voice-2950.wav,..\notebooks\finetune-wav2vec2\train_set\wavs\voice-2950.wav
..\notebooks\finetune-wav2vec2\train_set\wavs\voice-2951.wav,10.752,16000,1,2,172032,0.846099853515625,0.1545950174331665,5.4730085585158355,0.24327450706845238,0.0,0.10033656724660091,../raw_data/wavs/voice-2951.wav,..\notebooks\finetune-wav2vec2\train_set\wavs\voice-2951.wav
..\notebooks\finetune-wav2vec2\train_set\wavs\voice-2952.wav,14.933375,16000,1,2,238934,0.85357666015625,0.15612362325191498,5.467312648637113,0.22461851389923576,0.0,0.09710253502027764,../raw_data/wavs/voice-2952.wav,..\notebooks\finetune-wav2vec2\train_set\wavs\voice-2952.wav
..\notebooks\finetune-wav2vec2\train_set\wavs\voice-2953.wav,11.797375,16000,1,2,188758,0.8463134765625,0.1410229206085205,6.0012476901670855,0.2653238538234141,0.0,0.10511928034457,../raw_data/wavs/voice-2953.wav,..\notebooks\finetune-wav2vec2\train_set\wavs\voice-2953.wav
..\notebooks\finetune-wav2vec2\train_set\wavs\voice-2954.wav,13.248,16000,1,2,211968,0.850433349609375,0.15093418955802917,5.634464610699829,0.24367357336956522,0.0,0.0980718696778272,../raw_data/wavs/voice-2954.wav,..\notebooks\finetune-wav2vec2\train_set\wavs\voice-2954.wav
..\notebooks\finetune-wav2vec2\train_set\wavs\voice-2955.wav,10.9866875,16000,1,2,175787,0.85150146484375,0.1477806568145752,5.761927732613574,0.2611342135652807,0.0,0.11340493554663056,../raw_data/wavs/voice-2955.wav,..\notebooks\finetune-wav2vec2\train_set\wavs\voice-2955.wav
..\notebooks\finetune-wav2vec2\train_set\wavs\voice-2956.wav,26.048,16000,1,2,416768,0.863128662109375,0.1482752561569214,5.821124066687945,0.2887697711916462,0.0,0.10967519021419642,../raw_data/wavs/voice-2956.wav,..\notebooks\finetune-wav2vec2\train_set\wavs\voice-2956.wav
..\notebooks\finetune-wav2vec2\train_set\wavs\voice-2957.wav,9.856,16000,1,2,157696,0.862579345703125,0.14455939829349518,5.966954455301845,0.265625,0.0,0.12189987000221947,../raw_data/wavs/voice-2957.wav,..\notebooks\finetune-wav2vec2\train_set\wavs\voice-2957.wav
..\notebooks\finetune-wav2vec2\train_set\wavs\voice-2958.wav,14.549375,16000,1,2,232790,0.860198974609375,0.14993785321712494,5.737036753245501,0.25140684737316893,0.0,0.10713994217939851,../raw_data/wavs/voice-2958.wav,..\notebooks\finetune-wav2vec2\train_set\wavs\voice-2958.wav
..\notebooks\finetune-wav2vec2\train_set\wavs\voice-2959.wav,6.656,16000,1,2,106496,0.845611572265625,0.14498932659626007,5.832233255488733,0.26317420372596156,0.0,0.10645570214564064,../raw_data/wavs/voice-2959.wav,..\notebooks\finetune-wav2vec2\train_set\wavs\voice-2959.wav
..\notebooks\finetune-wav2vec2\train_set\wavs\voice-2960.wav,12.736,16000,1,2,203776,0.851593017578125,0.15759360790252686,5.403728164563904,0.2507410097361809,0.0,0.11006747638326586,../raw_data/wavs/voice-2960.wav,..\notebooks\finetune-wav2vec2\train_set\wavs\voice-2960.wav
..\notebooks\finetune-wav2vec2\train_set\wavs\voice-2961.wav,26.048,16000,1,2,416768,0.87933349609375,0.15663059055805206,5.614059762916122,0.30114596130221133,0.0,0.11901374149104896,../raw_data/wavs/voice-2961.wav,..\notebooks\finetune-wav2vec2\train_set\wavs\voice-2961.wav
..\notebooks\finetune-wav2vec2\train_set\wavs\voice-2962.wav,10.56,16000,1,2,168960,0.851837158203125,0.1505582481622696,5.65785779657204,0.26075994318181817,0.0,0.09520652939470522,../raw_data/wavs/voice-2962.wav,..\notebooks\finetune-wav2vec2\train_set\wavs\voice-2962.wav
..\notebooks\finetune-wav2vec2\train_set\wavs\voice-2963.wav,4.928,16000,1,2,78848,0.840606689453125,0.13231851160526276,6.352903152061236,0.31270292207792205,0.0,0.12534402069831446,../raw_data/wavs/voice-2963.wav,..\notebooks\finetune-wav2vec2\train_set\wavs\voice-2963.wav
..\notebooks\finetune-wav2vec2\train_set\wavs\voice-2964.wav,15.552,16000,1,2,248832,0.85107421875,0.14801453053951263,5.749936953134509,0.2885199652777778,0.0,0.1144391173125535,../raw_data/wavs/voice-2964.wav,..\notebooks\finetune-wav2vec2\train_set\wavs\voice-2964.wav
..\notebooks\finetune-wav2vec2\train_set\wavs\voice-2965.wav,12.416,16000,1,2,198656,0.847412109375,0.14304225146770477,5.9242084117106035,0.2974186533505155,0.0,0.11528025974679722,../raw_data/wavs/voice-2965.wav,..\notebooks\finetune-wav2vec2\train_set\wavs\voice-2965.wav
..\notebooks\finetune-wav2vec2\train_set\wavs\voice-2966.wav,11.648,16000,1,2,186368,0.844512939453125,0.1426703929901123,5.919328612991579,0.27002489697802196,0.0,0.10595759978966234,../raw_data/wavs/voice-2966.wav,..\notebooks\finetune-wav2vec2\train_set\wavs\voice-2966.wav
..\notebooks\finetune-wav2vec2\train_set\wavs\voice-2967.wav,24.448,16000,1,2,391168,0.857879638671875,0.14438258111476898,5.941711472729184,0.2966832665248691,0.0,0.10541022120986689,../raw_data/wavs/voice-2967.wav,..\notebooks\finetune-wav2vec2\train_set\wavs\voice-2967.wav
..\notebooks\finetune-wav2vec2\train_set\wavs\voice-2968.wav,10.6026875,16000,1,2,169643,0.84423828125,0.14554229378700256,5.800638833448105,0.26054714901292714,0.0,0.08363494889237336,../raw_data/wavs/voice-2968.wav,..\notebooks\finetune-wav2vec2\train_set\wavs\voice-2968.wav
..\notebooks\finetune-wav2vec2\train_set\wavs\voice-2969.wav,11.008,16000,1,2,176128,0.84869384765625,0.15735338628292084,5.393553120809878,0.25217455486918605,0.0,0.08077693936761542,../raw_data/wavs/voice-2969.wav,..\notebooks\finetune-wav2vec2\train_set\wavs\voice-2969.wav
..\notebooks\finetune-wav2vec2\train_set\wavs\voice-2970.wav,14.6346875,16000,1,2,234155,0.846710205078125,0.13738667964935303,6.162971601316462,0.27357946659264165,0.0,0.12312836850961333,../raw_data/wavs/voice-2970.wav,..\notebooks\finetune-wav2vec2\train_set\wavs\voice-2970.wav
..\notebooks\finetune-wav2vec2\train_set\wavs\voice-2971.wav,11.9466875,16000,1,2,191147,0.849151611328125,0.13801822066307068,6.152460213213944,0.3450851962102466,0.0,0.10696535632448495,../raw_data/wavs/voice-2971.wav,..\notebooks\finetune-wav2vec2\train_set\wavs\voice-2971.wav
..\notebooks\finetune-wav2vec2\train_set\wavs\voice-2972.wav,11.712,16000,1,2,187392,0.854766845703125,0.15304633975028992,5.585019851489168,0.27053983094262296,0.0,0.08318435784002433,../raw_data/wavs/voice-2972.wav,..\notebooks\finetune-wav2vec2\train_set\wavs\voice-2972.wav
..\notebooks\finetune-wav2vec2\train_set\wavs\voice-2973.wav,11.4986875,16000,1,2,183979,0.862518310546875,0.15089038014411926,5.716191514151278,0.2651389560765087,0.0,0.1186228788224679,../raw_data/wavs/voice-2973.wav,..\notebooks\finetune-wav2vec2\train_set\wavs\voice-2973.wav
..\notebooks\finetune-wav2vec2\train_set\wavs\voice-2974.wav,13.248,16000,1,2,211968,0.857330322265625,0.13035598397254944,6.576839022949364,0.3086031853864734,0.0,0.1058466648110319,../raw_data/wavs/voice-2974.wav,..\notebooks\finetune-wav2vec2\train_set\wavs\voice-2974.wav
..\notebooks\finetune-wav2vec2\train_set\wavs\voice-2975.wav,12.16,16000,1,2,194560,0.848052978515625,0.14614470303058624,5.802830762454239,0.2970857319078947,0.0,0.11033671020101872,../raw_data/wavs/voice-2975.wav,..\notebooks\finetune-wav2vec2\train_set\wavs\voice-2975.wav
..\notebooks\finetune-wav2vec2\train_set\wavs\voice-2976.wav,9.7066875,16000,1,2,155307,0.846954345703125,0.1258850395679474,6.727998407197346,0.31235552808308703,0.0,0.11294476710494121,../raw_data/wavs/voice-2976.wav,..\notebooks\finetune-wav2vec2\train_set\wavs\voice-2976.wav
..\notebooks\finetune-wav2vec2\train_set\wavs\voice-2977.wav,11.605375,16000,1,2,185686,0.84869384765625,0.13931961357593536,6.091704002564393,0.29979104509763793,0.0,0.0988663596951827,../raw_data/wavs/voice-2977.wav,..\notebooks\finetune-wav2vec2\train_set\wavs\voice-2977.wav
..\notebooks\finetune-wav2vec2\train_set\wavs\voice-2978.wav,9.685375,16000,1,2,154966,0.8529052734375,0.14394815266132355,5.925086620904315,0.27123368997070324,0.0,0.08719388248959442,../raw_data/wavs/voice-2978.wav,..\notebooks\finetune-wav2vec2\train_set\wavs\voice-2978.wav
..\notebooks\finetune-wav2vec2\train_set\wavs\voice-2979.wav,7.5306875,16000,1,2,120491,0.85516357421875,0.12829355895519257,6.665678161733918,0.3285058635084778,0.0,0.12822640883060835,../raw_data/wavs/voice-2979.wav,..\notebooks\finetune-wav2vec2\train_set\wavs\voice-2979.wav
..\notebooks\finetune-wav2vec2\train_set\wavs\voice-2980.wav,16.512,16000,1,2,264192,0.8538818359375,0.1498180478811264,5.699459097311261,0.2586376574612403,0.0,0.10825501247203728,../raw_data/wavs/voice-2980.wav,..\notebooks\finetune-wav2vec2\train_set\wavs\voice-2980.wav
..\notebooks\finetune-wav2vec2\train_set\wavs\voice-2981.wav,27.52,16000,1,2,440320,0.876739501953125,0.14729070663452148,5.952442771074586,0.2987531795058139,0.0,0.10545309196287238,../raw_data/wavs/voice-2981.wav,..\notebooks\finetune-wav2vec2\train_set\wavs\voice-2981.wav
..\notebooks\finetune-wav2vec2\train_set\wavs\voice-2982.wav,19.2,16000,1,2,307200,0.851959228515625,0.15354202687740326,5.548703803395002,0.24408854166666666,0.0,0.08998076165612519,../raw_data/wavs/voice-2982.wav,..\notebooks\finetune-wav2vec2\train_set\wavs\voice-2982.wav
..\notebooks\finetune-wav2vec2\train_set\wavs\voice-2983.wav,7.9786875,16000,1,2,127659,0.8521728515625,0.13812397420406342,6.169623025062294,0.3087835561926695,0.0,0.09753403625311378,../raw_data/wavs/voice-2983.wav,..\notebooks\finetune-wav2vec2\train_set\wavs\voice-2983.wav
..\notebooks\finetune-wav2vec2\train_set\wavs\voice-2984.wav,14.421375,16000,1,2,230742,0.84539794921875,0.1298525482416153,6.510445583599382,0.3130899446134644,0.0,0.11253309988255229,../raw_data/wavs/voice-2984.wav,..\notebooks\finetune-wav2vec2\train_set\wavs\voice-2984.wav
..\notebooks\finetune-wav2vec2\train_set\wavs\voice-2985.wav,13.504,16000,1,2,216064,0.84259033203125,0.1462847739458084,5.759931873315741,0.26129757849526064,0.0,0.09482882307475135,../raw_data/wavs/voice-2985.wav,..\notebooks\finetune-wav2vec2\train_set\wavs\voice-2985.wav
..\notebooks\finetune-wav2vec2\train_set\wavs\voice-2986.wav,16.661375,16000,1,2,266582,0.864593505859375,0.14115262031555176,6.125238794196984,0.3299134975354675,0.0,0.11658370251443276,../raw_data/wavs/voice-2986.wav,..\notebooks\finetune-wav2vec2\train_set\wavs\voice-2986.wav
..\notebooks\finetune-wav2vec2\train_set\wavs\voice-2987.wav,14.7626875,16000,1,2,236203,0.845123291015625,0.13094711303710938,6.453928394558219,0.34499138452940903,0.0,0.1276026451935208,../raw_data/wavs/voice-2987.wav,..\notebooks\finetune-wav2vec2\train_set\wavs\voice-2987.wav
..\notebooks\finetune-wav2vec2\train_set\wavs\voice-2988.wav,15.744,16000,1,2,251904,0.84417724609375,0.13606396317481995,6.204267657624527,0.31838319359756095,0.0,0.08629512153487652,../raw_data/wavs/voice-2988.wav,..\notebooks\finetune-wav2vec2\train_set\wavs\voice-2988.wav
..\notebooks\finetune-wav2vec2\train_set\wavs\voice-2989.wav,26.261375,16000,1,2,420182,0.85699462890625,0.1311970353126526,6.532118861252971,0.3271844105649457,0.0,0.13376854260425863,../raw_data/wavs/voice-2989.wav,..\notebooks\finetune-wav2vec2\train_set\wavs\voice-2989.wav
..\notebooks\finetune-wav2vec2\train_set\wavs\voice-2990.wav,18.496,16000,1,2,295936,0.8458251953125,0.1360740214586258,6.215919734316655,0.26549321474913495,0.0,0.10771960058796695,../raw_data/wavs/voice-2990.wav,..\notebooks\finetune-wav2vec2\train_set\wavs\voice-2990.wav
..\notebooks\finetune-wav2vec2\train_set\wavs\voice-2991.wav,15.296,16000,1,2,244736,0.842681884765625,0.1574651598930359,5.351544972475487,0.22420077144351463,0.0,0.10583283960201852,../raw_data/wavs/voice-2991.wav,..\notebooks\finetune-wav2vec2\train_set\wavs\voice-2991.wav
..\notebooks\finetune-wav2vec2\train_set\wavs\voice-2992.wav,8.853375,16000,1,2,141654,0.84100341796875,0.15353916585445404,5.4774520448155295,0.26777923673175485,0.0,0.12194588183801261,../raw_data/wavs/voice-2992.wav,..\notebooks\finetune-wav2vec2\train_set\wavs\voice-2992.wav
..\notebooks\finetune-wav2vec2\train_set\wavs\voice-2993.wav,12.7146875,16000,1,2,203435,0.8428955078125,0.1418016254901886,5.9441879096852865,0.2894929584388134,0.0,0.10725345812401074,../raw_data/wavs/voice-2993.wav,..\notebooks\finetune-wav2vec2\train_set\wavs\voice-2993.wav
..\notebooks\finetune-wav2vec2\train_set\wavs\voice-2994.wav,25.152,16000,1,2,402432,0.84375,0.14187730848789215,5.947039797925162,0.2884760655216285,0.0,0.12961725115609882,../raw_data/wavs/voice-2994.wav,..\notebooks\finetune-wav2vec2\train_set\wavs\voice-2994.wav
..\notebooks\finetune-wav2vec2\train_set\wavs\voice-2995.wav,20.48,16000,1,2,327680,0.844879150390625,0.14295008778572083,5.910308720181278,0.2890960693359375,0.0,0.10217316337024954,../raw_data/wavs/voice-2995.wav,..\notebooks\finetune-wav2vec2\train_set\wavs\voice-2995.wav
..\notebooks\finetune-wav2vec2\train_set\wavs\voice-2996.wav,22.976,16000,1,2,367616,0.85205078125,0.1471138596534729,5.791777764902695,0.27094032903899723,0.0,0.10050460400146893,../raw_data/wavs/voice-2996.wav,..\notebooks\finetune-wav2vec2\train_set\wavs\voice-2996.wav
..\notebooks\finetune-wav2vec2\train_set\wavs\voice-2997.wav,8.341375,16000,1,2,133462,0.851593017578125,0.1572931855916977,5.414049021733807,0.22395887968110773,0.0,0.10891571320460659,../raw_data/wavs/voice-2997.wav,..\notebooks\finetune-wav2vec2\train_set\wavs\voice-2997.wav
..\notebooks\finetune-wav2vec2\train_set\wavs\voice-2998.wav,13.704,16000,1,2,219264,0.840087890625,0.1173488050699234,7.158895994930887,0.31087638645650906,0.0,0.08765272754637125,../raw_data/wavs/voice-2998.wav,..\notebooks\finetune-wav2vec2\train_set\wavs\voice-2998.wav
..\notebooks\finetune-wav2vec2\train_set\wavs\voice-2999.wav,16.152,16000,1,2,258432,0.6856689453125,0.10830079764127731,6.331153234749279,0.3347611750866766,0.0,0.07567590575434062,../raw_data/wavs/voice-2999.wav,..\notebooks\finetune-wav2vec2\train_set\wavs\voice-2999.wav
..\notebooks\finetune-wav2vec2\train_set\wavs\voice-3000.wav,9.984,16000,1,2,159744,0.7618408203125,0.10504455864429474,7.252549110061663,0.3246882512019231,0.0,0.06444100836969383,../raw_data/wavs/voice-3000.wav,..\notebooks\finetune-wav2vec2\train_set\wavs\voice-3000.wav
..\notebooks\finetune-wav2vec2\train_set\wavs\voice-3001.wav,19.944,16000,1,2,319104,0.83978271484375,0.12799841165542603,6.560883873344146,0.2720805756117128,0.0,0.059460425003838885,../raw_data/wavs/voice-3001.wav,..\notebooks\finetune-wav2vec2\train_set\wavs\voice-3001.wav
..\notebooks\finetune-wav2vec2\train_set\wavs\voice-3002.wav,17.304,16000,1,2,276864,0.773284912109375,0.12064021080732346,6.40984384008083,0.3512591019417476,0.0,0.08709361669851154,../raw_data/wavs/voice-3002.wav,..\notebooks\finetune-wav2vec2\train_set\wavs\voice-3002.wav
..\notebooks\finetune-wav2vec2\train_set\wavs\voice-3003.wav,6.096,16000,1,2,97536,0.68731689453125,0.11656031012535095,5.896663227749632,0.21628937007874016,0.0,0.054513764289742146,../raw_data/wavs/voice-3003.wav,..\notebooks\finetune-wav2vec2\train_set\wavs\voice-3003.wav
..\notebooks\finetune-wav2vec2\train_set\wavs\voice-3004.wav,9.936,16000,1,2,158976,0.800537109375,0.13123798370361328,6.099888818643588,0.20670415660225444,0.0,0.06908633432929706,../raw_data/wavs/voice-3004.wav,..\notebooks\finetune-wav2vec2\train_set\wavs\voice-3004.wav
..\notebooks\finetune-wav2vec2\train_set\wavs\voice-3005.wav,13.656,16000,1,2,218496,0.76104736328125,0.11891460418701172,6.399948673119953,0.20306092560046865,0.0,0.05193253850202522,../raw_data/wavs/voice-3005.wav,..\notebooks\finetune-wav2vec2\train_set\wavs\voice-3005.wav
..\notebooks\finetune-wav2vec2\train_set\wavs\voice-3006.wav,11.352,16000,1,2,181632,0.5882568359375,0.11052802205085754,5.322241591067502,0.27420828928823116,0.0,0.05689006832534094,../raw_data/wavs/voice-3006.wav,..\notebooks\finetune-wav2vec2\train_set\wavs\voice-3006.wav
..\notebooks\finetune-wav2vec2\train_set\wavs\voice-3007.wav,15.624,16000,1,2,249984,0.841217041015625,0.12054264545440674,6.978584532009474,0.29169466845878134,0.0,0.07518111231563747,../raw_data/wavs/voice-3007.wav,..\notebooks\finetune-wav2vec2\train_set\wavs\voice-3007.wav
..\notebooks\finetune-wav2vec2\train_set\wavs\voice-3008.wav,10.584,16000,1,2,169344,0.761322021484375,0.12538065016269684,6.072085449361332,0.20348521352985638,0.0,0.06029183373390102,../raw_data/wavs/voice-3008.wav,..\notebooks\finetune-wav2vec2\train_set\wavs\voice-3008.wav
..\notebooks\finetune-wav2vec2\train_set\wavs\voice-3009.wav,7.992,16000,1,2,127872,0.67266845703125,0.12862004339694977,5.2298882760849885,0.22750093843843844,0.0,0.09081809010643539,../raw_data/wavs/voice-3009.wav,..\notebooks\finetune-wav2vec2\train_set\wavs\voice-3009.wav
..\notebooks\finetune-wav2vec2\train_set\wavs\voice-3010.wav,16.392,16000,1,2,262272,0.641265869140625,0.1170874610543251,5.476810782011036,0.2804073633479746,0.0,0.08366155617662646,../raw_data/wavs/voice-3010.wav,..\notebooks\finetune-wav2vec2\train_set\wavs\voice-3010.wav
..\notebooks\finetune-wav2vec2\train_set\wavs\voice-3011.wav,11.496,16000,1,2,183936,0.757965087890625,0.10310326516628265,7.351513908586656,0.33090857689631176,0.0,0.06942669964933265,../raw_data/wavs/voice-3011.wav,..\notebooks\finetune-wav2vec2\train_set\wavs\voice-3011.wav
..\notebooks\finetune-wav2vec2\train_set\wavs\voice-3012.wav,11.736,16000,1,2,187776,0.698394775390625,0.11124716699123383,6.277865713611007,0.32447171097477845,0.0,0.07654373585408068,../raw_data/wavs/voice-3012.wav,..\notebooks\finetune-wav2vec2\train_set\wavs\voice-3012.wav
..\notebooks\finetune-wav2vec2\train_set\wavs\voice-3013.wav,15.816,16000,1,2,253056,0.8216552734375,0.1140185296535492,7.206331075607967,0.24376817779463833,0.0,0.05781351880026081,../raw_data/wavs/voice-3013.wav,..\notebooks\finetune-wav2vec2\train_set\wavs\voice-3013.wav
..\notebooks\finetune-wav2vec2\train_set\wavs\voice-3014.wav,11.616,16000,1,2,185856,0.584869384765625,0.1145787164568901,5.104520305790651,0.22894606577134985,0.0,0.06409297570686825,../raw_data/wavs/voice-3014.wav,..\notebooks\finetune-wav2vec2\train_set\wavs\voice-3014.wav
..\notebooks\finetune-wav2vec2\train_set\wavs\voice-3015.wav,9.552,16000,1,2,152832,0.668182373046875,0.11724811047315598,5.698875404903482,0.26287034128978226,0.0,0.06325941726482193,../raw_data/wavs/voice-3015.wav,..\notebooks\finetune-wav2vec2\train_set\wavs\voice-3015.wav
..\notebooks\finetune-wav2vec2\train_set\wavs\voice-3016.wav,27.336,16000,1,2,437376,0.8350830078125,0.1277894377708435,6.534835917425352,0.24863732806555458,0.0,0.06946213203772507,../raw_data/wavs/voice-3016.wav,..\notebooks\finetune-wav2vec2\train_set\wavs\voice-3016.wav
..\notebooks\finetune-wav2vec2\train_set\wavs\voice-3017.wav,12.432,16000,1,2,198912,0.827850341796875,0.11565367877483368,7.158011319368561,0.23826616795366795,0.0,0.06224894550829265,../raw_data/wavs/voice-3017.wav,..\notebooks\finetune-wav2vec2\train_set\wavs\voice-3017.wav
..\notebooks\finetune-wav2vec2\train_set\wavs\voice-3018.wav,11.592,16000,1,2,185472,0.629608154296875,0.1144091933965683,5.5031255409214355,0.2536824965493444,0.0,0.0768637684597592,../raw_data/wavs/voice-3018.wav,..\notebooks\finetune-wav2vec2\train_set\wavs\voice-3018.wav
..\notebooks\finetune-wav2vec2\train_set\wavs\voice-3019.wav,10.296,16000,1,2,164736,0.654266357421875,0.10538527369499207,6.208328113427539,0.3426087801087801,0.0,0.07954593741463563,../raw_data/wavs/voice-3019.wav,..\notebooks\finetune-wav2vec2\train_set\wavs\voice-3019.wav
..\notebooks\finetune-wav2vec2\train_set\wavs\voice-3020.wav,7.176,16000,1,2,114816,0.834381103515625,0.11453914642333984,7.284680649109514,0.3023707497212932,0.0,0.07878761485868571,../raw_data/wavs/voice-3020.wav,..\notebooks\finetune-wav2vec2\train_set\wavs\voice-3020.wav
..\notebooks\finetune-wav2vec2\train_set\wavs\voice-3021.wav,8.736,16000,1,2,139776,0.64227294921875,0.11186322569847107,5.74159153026756,0.27519745879120877,0.0,0.059402611339653015,../raw_data/wavs/voice-3021.wav,..\notebooks\finetune-wav2vec2\train_set\wavs\voice-3021.wav
..\notebooks\finetune-wav2vec2\train_set\wavs\voice-3022.wav,12.672,16000,1,2,202752,0.558349609375,0.10628819465637207,5.253166743307052,0.3098465119949495,0.0,0.0762462330642019,../raw_data/wavs/voice-3022.wav,..\notebooks\finetune-wav2vec2\train_set\wavs\voice-3022.wav
..\notebooks\finetune-wav2vec2\train_set\wavs\voice-3023.wav,5.832,16000,1,2,93312,0.579742431640625,0.10833974927663803,5.3511516826598235,0.22465492112482854,0.0,0.07180289569289794,../raw_data/wavs/voice-3023.wav,..\notebooks\finetune-wav2vec2\train_set\wavs\voice-3023.wav
..\notebooks\finetune-wav2vec2\train_set\wavs\voice-3024.wav,8.184,16000,1,2,130944,0.745147705078125,0.10447270423173904,7.132463073084189,0.2880391617790811,0.0,0.09431584735342859,../raw_data/wavs/voice-3024.wav,..\notebooks\finetune-wav2vec2\train_set\wavs\voice-3024.wav
..\notebooks\finetune-wav2vec2\train_set\wavs\voice-3025.wav,9.864,16000,1,2,157824,0.628082275390625,0.10999470949172974,5.710113498121009,0.22984463706407138,0.0,0.07436178503766878,../raw_data/wavs/voice-3025.wav,..\notebooks\finetune-wav2vec2\train_set\wavs\voice-3025.wav
..\notebooks\finetune-wav2vec2\train_set\wavs\voice-3026.wav,11.136,16000,1,2,178176,0.552276611328125,0.10277614742517471,5.373587404900589,0.26518161817528735,0.0,0.0840465834151817,../raw_data/wavs/voice-3026.wav,..\notebooks\finetune-wav2vec2\train_set\wavs\voice-3026.wav
..\notebooks\finetune-wav2vec2\train_set\wavs\voice-3027.wav,11.304,16000,1,2,180864,0.6807861328125,0.10597030818462372,6.424310209860105,0.2781095187544232,0.0,0.08938257133852695,../raw_data/wavs/voice-3027.wav,..\notebooks\finetune-wav2vec2\train_set\wavs\voice-3027.wav
..\notebooks\finetune-wav2vec2\train_set\wavs\voice-3028.wav,11.832,16000,1,2,189312,0.650421142578125,0.10324861854314804,6.299562664911698,0.2656197177146721,0.0,0.05327741124393194,../raw_data/wavs/voice-3028.wav,..\notebooks\finetune-wav2vec2\train_set\wavs\voice-3028.wav
..\notebooks\finetune-wav2vec2\train_set\wavs\voice-3029.wav,8.856,16000,1,2,141696,0.63458251953125,0.10891667753458023,5.826311763226296,0.30682588075880757,0.0,0.06103955679452345,../raw_data/wavs/voice-3029.wav,..\notebooks\finetune-wav2vec2\train_set\wavs\voice-3029.wav
..\notebooks\finetune-wav2vec2\train_set\wavs\voice-3030.wav,13.632,16000,1,2,218112,0.6583251953125,0.10709428042173386,6.147155503730325,0.2963752567488263,0.0,0.06761694733415555,../raw_data/wavs/voice-3030.wav,..\notebooks\finetune-wav2vec2\train_set\wavs\voice-3030.wav
..\notebooks\finetune-wav2vec2\train_set\wavs\voice-3031.wav,5.592,16000,1,2,89472,0.738189697265625,0.09992529451847076,7.387415777185163,0.3901444027181688,0.0,0.06145007879648154,../raw_data/wavs/voice-3031.wav,..\notebooks\finetune-wav2vec2\train_set\wavs\voice-3031.wav
..\notebooks\finetune-wav2vec2\train_set\wavs\voice-3032.wav,13.224,16000,1,2,211584,0.672027587890625,0.10745515674352646,6.25402826869089,0.3941602389594676,0.0,0.0716503688859691,../raw_data/wavs/voice-3032.wav,..\notebooks\finetune-wav2vec2\train_set\wavs\voice-3032.wav
..\notebooks\finetune-wav2vec2\train_set\wavs\voice-3033.wav,16.224,16000,1,2,259584,0.64239501953125,0.11805941164493561,5.441285964250414,0.34027906188362916,0.0,0.07798276466486634,../raw_data/wavs/voice-3033.wav,..\notebooks\finetune-wav2vec2\train_set\wavs\voice-3033.wav
..\notebooks\finetune-wav2vec2\train_set\wavs\voice-3034.wav,11.616,16000,1,2,185856,0.557403564453125,0.10742196440696716,5.188916135823085,0.3206891356749311,0.0,0.09483199268246752,../raw_data/wavs/voice-3034.wav,..\notebooks\finetune-wav2vec2\train_set\wavs\voice-3034.wav
..\notebooks\finetune-wav2vec2\train_set\wavs\voice-3035.wav,11.712,16000,1,2,187392,0.62139892578125,0.10962499678134918,5.66840541870803,0.25115266393442626,0.0,0.06438943172297495,../raw_data/wavs/voice-3035.wav,..\notebooks\finetune-wav2vec2\train_set\wavs\voice-3035.wav
..\notebooks\finetune-wav2vec2\train_set\wavs\voice-3036.wav,13.656,16000,1,2,218496,0.526031494140625,0.11019881814718246,4.773476730377026,0.27503935998828355,0.0,0.06974072633241035,../raw_data/wavs/voice-3036.wav,..\notebooks\finetune-wav2vec2\train_set\wavs\voice-3036.wav
..\notebooks\finetune-wav2vec2\train_set\wavs\voice-3037.wav,5.112,16000,1,2,81792,0.5286865234375,0.11829560250043869,4.469198450851454,0.30996919014084506,0.0,0.07165825090780159,../raw_data/wavs/voice-3037.wav,..\notebooks\finetune-wav2vec2\train_set\wavs\voice-3037.wav
..\notebooks\finetune-wav2vec2\train_set\wavs\voice-3038.wav,14.592,16000,1,2,233472,0.839111328125,0.11011302471160889,7.620454803804286,0.27921121162280704,0.0,0.0705655092067109,../raw_data/wavs/voice-3038.wav,..\notebooks\finetune-wav2vec2\train_set\wavs\voice-3038.wav
..\notebooks\finetune-wav2vec2\train_set\wavs\voice-3039.wav,11.232,16000,1,2,179712,0.598541259765625,0.10261180996894836,5.833064049320942,0.3509003294159544,0.0,0.052812571295023675,../raw_data/wavs/voice-3039.wav,..\notebooks\finetune-wav2vec2\train_set\wavs\voice-3039.wav
..\notebooks\finetune-wav2vec2\train_set\wavs\voice-3040.wav,10.464,16000,1,2,167424,0.678924560546875,0.10678001493215561,6.358161318653501,0.2606077981651376,0.0,0.06272734331603184,../raw_data/wavs/voice-3040.wav,..\notebooks\finetune-wav2vec2\train_set\wavs\voice-3040.wav
..\notebooks\finetune-wav2vec2\train_set\wavs\voice-3041.wav,14.376,16000,1,2,230016,0.66070556640625,0.10448320209980011,6.32355778850612,0.30330498747913187,0.0,0.07611242745038367,../raw_data/wavs/voice-3041.wav,..\notebooks\finetune-wav2vec2\train_set\wavs\voice-3041.wav
..\notebooks\finetune-wav2vec2\train_set\wavs\voice-3042.wav,7.944,16000,1,2,127104,0.57794189453125,0.10705898702144623,5.3983501115649055,0.2785514224572004,0.0,0.059660275524574556,../raw_data/wavs/voice-3042.wav,..\notebooks\finetune-wav2vec2\train_set\wavs\voice-3042.wav
..\notebooks\finetune-wav2vec2\train_set\wavs\voice-3043.wav,15.744,16000,1,2,251904,0.73681640625,0.12617219984531403,5.839768246518094,0.29921319232723576,0.0,0.08642612434151241,../raw_data/wavs/voice-3043.wav,..\notebooks\finetune-wav2vec2\train_set\wavs\voice-3043.wav
..\notebooks\finetune-wav2vec2\train_set\wavs\voice-3044.wav,14.664,16000,1,2,234624,0.663055419921875,0.11625482141971588,5.703465988116224,0.33693057828696127,0.0,0.06809221602315203,../raw_data/wavs/voice-3044.wav,..\notebooks\finetune-wav2vec2\train_set\wavs\voice-3044.wav
..\notebooks\finetune-wav2vec2\train_set\wavs\voice-3045.wav,18.792,16000,1,2,300672,0.6951904296875,0.12775038182735443,5.441787490130562,0.3170198754789272,0.0,0.10908601095549621,../raw_data/wavs/voice-3045.wav,..\notebooks\finetune-wav2vec2\train_set\wavs\voice-3045.wav
..\notebooks\finetune-wav2vec2\train_set\wavs\voice-3046.wav,14.112,16000,1,2,225792,0.639190673828125,0.10798703134059906,5.91914293682239,0.32449333900226757,0.0,0.059652510507504725,../raw_data/wavs/voice-3046.wav,..\notebooks\finetune-wav2vec2\train_set\wavs\voice-3046.wav
..\notebooks\finetune-wav2vec2\train_set\wavs\voice-3047.wav,9.744,16000,1,2,155904,0.68035888671875,0.10734985768795013,6.337771668933654,0.26241789819376027,0.0,0.05967171895345182,../raw_data/wavs/voice-3047.wav,..\notebooks\finetune-wav2vec2\train_set\wavs\voice-3047.wav
